#FORMAT=WebAnno TSV 3.3
#T_SP=webanno.custom.Argument|Accuracy|Adequacy|Clarity|KriteriumJahresertragEnergiedichte|KriteriumLebensdauerVerfgbarkeit|KriteriumLokaleEmissionenGeruschemissionen|KriteriumPreisBetrieb|KriteriumSonstiges|KriteriumTreibhausgasemissionen|KriteriumWirkungsgrad|OptionA|OptionB|OptionC
#T_SP=webanno.custom.DecisionMakingStrategies|Decision|Gesamtthese
#T_SP=webanno.custom.Struktur|Struktur
#T_SP=webanno.custom.StrukturTAP|TAPArgumente


1-1	0-6	Meiner	1. Richtig[1]	1. Angemessen[1]	1. Verständlich[1]	*[1]	*[1]	*[1]	*[1]	*[1]	*[1]	Wirkungsgrad vorhanden[1]	Pro A[1]	Contra B[1]	Contra C[1]	2. Cut-off[6]	Gesamtthese[6]	Hauptteil[7]	1. Claim[8]	
1-2	7-14	Meinung	1. Richtig[1]	1. Angemessen[1]	1. Verständlich[1]	*[1]	*[1]	*[1]	*[1]	*[1]	*[1]	Wirkungsgrad vorhanden[1]	Pro A[1]	Contra B[1]	Contra C[1]	2. Cut-off[6]	Gesamtthese[6]	Hauptteil[7]	1. Claim[8]	
1-3	15-19	nach	1. Richtig[1]	1. Angemessen[1]	1. Verständlich[1]	*[1]	*[1]	*[1]	*[1]	*[1]	*[1]	Wirkungsgrad vorhanden[1]	Pro A[1]	Contra B[1]	Contra C[1]	2. Cut-off[6]	Gesamtthese[6]	Hauptteil[7]	1. Claim[8]	
1-4	20-24	sind	1. Richtig[1]	1. Angemessen[1]	1. Verständlich[1]	*[1]	*[1]	*[1]	*[1]	*[1]	*[1]	Wirkungsgrad vorhanden[1]	Pro A[1]	Contra B[1]	Contra C[1]	2. Cut-off[6]	Gesamtthese[6]	Hauptteil[7]	1. Claim[8]	
1-5	25-28	die	1. Richtig[1]	1. Angemessen[1]	1. Verständlich[1]	*[1]	*[1]	*[1]	*[1]	*[1]	*[1]	Wirkungsgrad vorhanden[1]	Pro A[1]	Contra B[1]	Contra C[1]	2. Cut-off[6]	Gesamtthese[6]	Hauptteil[7]	1. Claim[8]	
1-6	29-47	Wasserkraftanlagen	1. Richtig[1]	1. Angemessen[1]	1. Verständlich[1]	*[1]	*[1]	*[1]	*[1]	*[1]	*[1]	Wirkungsgrad vorhanden[1]	Pro A[1]	Contra B[1]	Contra C[1]	2. Cut-off[6]	Gesamtthese[6]	Hauptteil[7]	1. Claim[8]	
1-7	48-54	besser	1. Richtig[1]	1. Angemessen[1]	1. Verständlich[1]	*[1]	*[1]	*[1]	*[1]	*[1]	*[1]	Wirkungsgrad vorhanden[1]	Pro A[1]	Contra B[1]	Contra C[1]	2. Cut-off[6]	Gesamtthese[6]	Hauptteil[7]	1. Claim[8]	
1-8	54-55	,	1. Richtig[1]	1. Angemessen[1]	1. Verständlich[1]	*[1]	*[1]	*[1]	*[1]	*[1]	*[1]	Wirkungsgrad vorhanden[1]	Pro A[1]	Contra B[1]	Contra C[1]	2. Cut-off[6]	Gesamtthese[6]	Hauptteil[7]	1. Claim[8]	
1-9	56-58	da	1. Richtig[1]	1. Angemessen[1]	1. Verständlich[1]	*[1]	*[1]	*[1]	*[1]	*[1]	*[1]	Wirkungsgrad vorhanden[1]	Pro A[1]	Contra B[1]	Contra C[1]	2. Cut-off[6]	Gesamtthese[6]	Hauptteil[7]	2. Data[9]	
1-10	59-64	diese	1. Richtig[1]	1. Angemessen[1]	1. Verständlich[1]	*[1]	*[1]	*[1]	*[1]	*[1]	*[1]	Wirkungsgrad vorhanden[1]	Pro A[1]	Contra B[1]	Contra C[1]	2. Cut-off[6]	Gesamtthese[6]	Hauptteil[7]	2. Data[9]	
1-11	65-70	zumal	1. Richtig[1]	1. Angemessen[1]	1. Verständlich[1]	*[1]	*[1]	*[1]	*[1]	*[1]	*[1]	Wirkungsgrad vorhanden[1]	Pro A[1]	Contra B[1]	Contra C[1]	2. Cut-off[6]	Gesamtthese[6]	Hauptteil[7]	2. Data[9]	
1-12	71-76	einen	1. Richtig[1]	1. Angemessen[1]	1. Verständlich[1]	*[1]	*[1]	*[1]	*[1]	*[1]	*[1]	Wirkungsgrad vorhanden[1]	Pro A[1]	Contra B[1]	Contra C[1]	2. Cut-off[6]	Gesamtthese[6]	Hauptteil[7]	2. Data[9]	
1-13	77-89	Wirkungsgrad	1. Richtig[1]	1. Angemessen[1]	1. Verständlich[1]	*[1]	*[1]	*[1]	*[1]	*[1]	*[1]	Wirkungsgrad vorhanden[1]	Pro A[1]	Contra B[1]	Contra C[1]	2. Cut-off[6]	Gesamtthese[6]	Hauptteil[7]	2. Data[9]	
1-14	90-92	on	1. Richtig[1]	1. Angemessen[1]	1. Verständlich[1]	*[1]	*[1]	*[1]	*[1]	*[1]	*[1]	Wirkungsgrad vorhanden[1]	Pro A[1]	Contra B[1]	Contra C[1]	2. Cut-off[6]	Gesamtthese[6]	Hauptteil[7]	2. Data[9]	
1-15	93-95	70	1. Richtig[1]	1. Angemessen[1]	1. Verständlich[1]	*[1]	*[1]	*[1]	*[1]	*[1]	*[1]	Wirkungsgrad vorhanden[1]	Pro A[1]	Contra B[1]	Contra C[1]	2. Cut-off[6]	Gesamtthese[6]	Hauptteil[7]	2. Data[9]	
1-16	96-99	bis	1. Richtig[1]	1. Angemessen[1]	1. Verständlich[1]	*[1]	*[1]	*[1]	*[1]	*[1]	*[1]	Wirkungsgrad vorhanden[1]	Pro A[1]	Contra B[1]	Contra C[1]	2. Cut-off[6]	Gesamtthese[6]	Hauptteil[7]	2. Data[9]	
1-17	100-103	90%	1. Richtig[1]	1. Angemessen[1]	1. Verständlich[1]	*[1]	*[1]	*[1]	*[1]	*[1]	*[1]	Wirkungsgrad vorhanden[1]	Pro A[1]	Contra B[1]	Contra C[1]	2. Cut-off[6]	Gesamtthese[6]	Hauptteil[7]	2. Data[9]	
1-18	104-116	Wirkungsgrad	1. Richtig[1]	1. Angemessen[1]	1. Verständlich[1]	*[1]	*[1]	*[1]	*[1]	*[1]	*[1]	Wirkungsgrad vorhanden[1]	Pro A[1]	Contra B[1]	Contra C[1]	2. Cut-off[6]	Gesamtthese[6]	Hauptteil[7]	2. Data[9]	
1-19	117-122	haben	1. Richtig[1]	1. Angemessen[1]	1. Verständlich[1]	*[1]	*[1]	*[1]	*[1]	*[1]	*[1]	Wirkungsgrad vorhanden[1]	Pro A[1]	Contra B[1]	Contra C[1]	2. Cut-off[6]	Gesamtthese[6]	Hauptteil[7]	2. Data[9]	
1-20	122-123	,	1. Richtig[1]	1. Angemessen[1]	1. Verständlich[1]	*[1]	*[1]	*[1]	*[1]	*[1]	*[1]	Wirkungsgrad vorhanden[1]	Pro A[1]	Contra B[1]	Contra C[1]	2. Cut-off[6]	Gesamtthese[6]	Hauptteil[7]	2. Data[9]	
1-21	124-131	während	1. Richtig[1]	1. Angemessen[1]	1. Verständlich[1]	*[1]	*[1]	*[1]	*[1]	*[1]	*[1]	Wirkungsgrad vorhanden[1]	Pro A[1]	Contra B[1]	Contra C[1]	2. Cut-off[6]	Gesamtthese[6]	Hauptteil[7]	3. Warrant[10]	
1-22	132-135	das	1. Richtig[1]	1. Angemessen[1]	1. Verständlich[1]	*[1]	*[1]	*[1]	*[1]	*[1]	*[1]	Wirkungsgrad vorhanden[1]	Pro A[1]	Contra B[1]	Contra C[1]	2. Cut-off[6]	Gesamtthese[6]	Hauptteil[7]	3. Warrant[10]	
1-23	136-143	Windrad	1. Richtig[1]	1. Angemessen[1]	1. Verständlich[1]	*[1]	*[1]	*[1]	*[1]	*[1]	*[1]	Wirkungsgrad vorhanden[1]	Pro A[1]	Contra B[1]	Contra C[1]	2. Cut-off[6]	Gesamtthese[6]	Hauptteil[7]	3. Warrant[10]	
1-24	144-147	45%	1. Richtig[1]	1. Angemessen[1]	1. Verständlich[1]	*[1]	*[1]	*[1]	*[1]	*[1]	*[1]	Wirkungsgrad vorhanden[1]	Pro A[1]	Contra B[1]	Contra C[1]	2. Cut-off[6]	Gesamtthese[6]	Hauptteil[7]	3. Warrant[10]	
1-25	148-151	und	1. Richtig[1]	1. Angemessen[1]	1. Verständlich[1]	*[1]	*[1]	*[1]	*[1]	*[1]	*[1]	Wirkungsgrad vorhanden[1]	Pro A[1]	Contra B[1]	Contra C[1]	2. Cut-off[6]	Gesamtthese[6]	Hauptteil[7]	3. Warrant[10]	
1-26	152-155	der	1. Richtig[1]	1. Angemessen[1]	1. Verständlich[1]	*[1]	*[1]	*[1]	*[1]	*[1]	*[1]	Wirkungsgrad vorhanden[1]	Pro A[1]	Contra B[1]	Contra C[1]	2. Cut-off[6]	Gesamtthese[6]	Hauptteil[7]	3. Warrant[10]	
1-27	156-165	Solarpark	1. Richtig[1]	1. Angemessen[1]	1. Verständlich[1]	*[1]	*[1]	*[1]	*[1]	*[1]	*[1]	Wirkungsgrad vorhanden[1]	Pro A[1]	Contra B[1]	Contra C[1]	2. Cut-off[6]	Gesamtthese[6]	Hauptteil[7]	3. Warrant[10]	
1-28	166-169	nur	1. Richtig[1]	1. Angemessen[1]	1. Verständlich[1]	*[1]	*[1]	*[1]	*[1]	*[1]	*[1]	Wirkungsgrad vorhanden[1]	Pro A[1]	Contra B[1]	Contra C[1]	2. Cut-off[6]	Gesamtthese[6]	Hauptteil[7]	3. Warrant[10]	
1-29	170-173	21%	1. Richtig[1]	1. Angemessen[1]	1. Verständlich[1]	*[1]	*[1]	*[1]	*[1]	*[1]	*[1]	Wirkungsgrad vorhanden[1]	Pro A[1]	Contra B[1]	Contra C[1]	2. Cut-off[6]	Gesamtthese[6]	Hauptteil[7]	3. Warrant[10]	
1-30	173-174	.	1. Richtig[1]	1. Angemessen[1]	1. Verständlich[1]	*[1]	*[1]	*[1]	*[1]	*[1]	*[1]	Wirkungsgrad vorhanden[1]	Pro A[1]	Contra B[1]	Contra C[1]	2. Cut-off[6]	Gesamtthese[6]	Hauptteil[7]	3. Warrant[10]	

2-1	176-184	Außerdem	1. Richtig[2]	1. Angemessen[2]	1. Verständlich[2]	*[2]	Lebensdauer/Verfügbarkeit vorhanden[2]	*[2]	*[2]	*[2]	*[2]	*[2]	Pro A[2]	*[2]	Contra C[2]	_	_	Hauptteil[7]	2. Data[11]	
2-2	185-189	kann	1. Richtig[2]	1. Angemessen[2]	1. Verständlich[2]	*[2]	Lebensdauer/Verfügbarkeit vorhanden[2]	*[2]	*[2]	*[2]	*[2]	*[2]	Pro A[2]	*[2]	Contra C[2]	_	_	Hauptteil[7]	2. Data[11]	
2-3	190-193	man	1. Richtig[2]	1. Angemessen[2]	1. Verständlich[2]	*[2]	Lebensdauer/Verfügbarkeit vorhanden[2]	*[2]	*[2]	*[2]	*[2]	*[2]	Pro A[2]	*[2]	Contra C[2]	_	_	Hauptteil[7]	2. Data[11]	
2-4	194-197	die	1. Richtig[2]	1. Angemessen[2]	1. Verständlich[2]	*[2]	Lebensdauer/Verfügbarkeit vorhanden[2]	*[2]	*[2]	*[2]	*[2]	*[2]	Pro A[2]	*[2]	Contra C[2]	_	_	Hauptteil[7]	2. Data[11]	
2-5	198-216	Wasserkraftanlagen	1. Richtig[2]	1. Angemessen[2]	1. Verständlich[2]	*[2]	Lebensdauer/Verfügbarkeit vorhanden[2]	*[2]	*[2]	*[2]	*[2]	*[2]	Pro A[2]	*[2]	Contra C[2]	_	_	Hauptteil[7]	2. Data[11]	
2-6	217-220	für	1. Richtig[2]	1. Angemessen[2]	1. Verständlich[2]	*[2]	Lebensdauer/Verfügbarkeit vorhanden[2]	*[2]	*[2]	*[2]	*[2]	*[2]	Pro A[2]	*[2]	Contra C[2]	_	_	Hauptteil[7]	2. Data[11]	
2-7	221-223	80	1. Richtig[2]	1. Angemessen[2]	1. Verständlich[2]	*[2]	Lebensdauer/Verfügbarkeit vorhanden[2]	*[2]	*[2]	*[2]	*[2]	*[2]	Pro A[2]	*[2]	Contra C[2]	_	_	Hauptteil[7]	2. Data[11]	
2-8	224-229	Jahre	1. Richtig[2]	1. Angemessen[2]	1. Verständlich[2]	*[2]	Lebensdauer/Verfügbarkeit vorhanden[2]	*[2]	*[2]	*[2]	*[2]	*[2]	Pro A[2]	*[2]	Contra C[2]	_	_	Hauptteil[7]	2. Data[11]	
2-9	230-238	benutzen	1. Richtig[2]	1. Angemessen[2]	1. Verständlich[2]	*[2]	Lebensdauer/Verfügbarkeit vorhanden[2]	*[2]	*[2]	*[2]	*[2]	*[2]	Pro A[2]	*[2]	Contra C[2]	_	_	Hauptteil[7]	2. Data[11]	
2-10	238-239	.	1. Richtig[2]	1. Angemessen[2]	1. Verständlich[2]	*[2]	Lebensdauer/Verfügbarkeit vorhanden[2]	*[2]	*[2]	*[2]	*[2]	*[2]	Pro A[2]	*[2]	Contra C[2]	_	_	Hauptteil[7]	2. Data[11]	

3-1	240-245	Somit	1. Richtig[2]	1. Angemessen[2]	1. Verständlich[2]	*[2]	Lebensdauer/Verfügbarkeit vorhanden[2]	*[2]	*[2]	*[2]	*[2]	*[2]	Pro A[2]	*[2]	Contra C[2]	_	_	Hauptteil[7]	3. Warrant[12]	
3-2	246-250	muss	1. Richtig[2]	1. Angemessen[2]	1. Verständlich[2]	*[2]	Lebensdauer/Verfügbarkeit vorhanden[2]	*[2]	*[2]	*[2]	*[2]	*[2]	Pro A[2]	*[2]	Contra C[2]	_	_	Hauptteil[7]	3. Warrant[12]	
3-3	251-254	man	1. Richtig[2]	1. Angemessen[2]	1. Verständlich[2]	*[2]	Lebensdauer/Verfügbarkeit vorhanden[2]	*[2]	*[2]	*[2]	*[2]	*[2]	Pro A[2]	*[2]	Contra C[2]	_	_	Hauptteil[7]	3. Warrant[12]	
3-4	255-260	diese	1. Richtig[2]	1. Angemessen[2]	1. Verständlich[2]	*[2]	Lebensdauer/Verfügbarkeit vorhanden[2]	*[2]	*[2]	*[2]	*[2]	*[2]	Pro A[2]	*[2]	Contra C[2]	_	_	Hauptteil[7]	3. Warrant[12]	
3-5	261-266	nicht	1. Richtig[2]	1. Angemessen[2]	1. Verständlich[2]	*[2]	Lebensdauer/Verfügbarkeit vorhanden[2]	*[2]	*[2]	*[2]	*[2]	*[2]	Pro A[2]	*[2]	Contra C[2]	_	_	Hauptteil[7]	3. Warrant[12]	
3-6	267-271	alle	1. Richtig[2]	1. Angemessen[2]	1. Verständlich[2]	*[2]	Lebensdauer/Verfügbarkeit vorhanden[2]	*[2]	*[2]	*[2]	*[2]	*[2]	Pro A[2]	*[2]	Contra C[2]	_	_	Hauptteil[7]	3. Warrant[12]	
3-7	272-274	20	1. Richtig[2]	1. Angemessen[2]	1. Verständlich[2]	*[2]	Lebensdauer/Verfügbarkeit vorhanden[2]	*[2]	*[2]	*[2]	*[2]	*[2]	Pro A[2]	*[2]	Contra C[2]	_	_	Hauptteil[7]	3. Warrant[12]	
3-8	275-280	Jahre	1. Richtig[2]	1. Angemessen[2]	1. Verständlich[2]	*[2]	Lebensdauer/Verfügbarkeit vorhanden[2]	*[2]	*[2]	*[2]	*[2]	*[2]	Pro A[2]	*[2]	Contra C[2]	_	_	Hauptteil[7]	3. Warrant[12]	
3-9	281-284	wie	1. Richtig[2]	1. Angemessen[2]	1. Verständlich[2]	*[2]	Lebensdauer/Verfügbarkeit vorhanden[2]	*[2]	*[2]	*[2]	*[2]	*[2]	Pro A[2]	*[2]	Contra C[2]	_	_	Hauptteil[7]	3. Warrant[12]	
3-10	285-289	beim	1. Richtig[2]	1. Angemessen[2]	1. Verständlich[2]	*[2]	Lebensdauer/Verfügbarkeit vorhanden[2]	*[2]	*[2]	*[2]	*[2]	*[2]	Pro A[2]	*[2]	Contra C[2]	_	_	Hauptteil[7]	3. Warrant[12]	
3-11	290-298	Windpark	1. Richtig[2]	1. Angemessen[2]	1. Verständlich[2]	*[2]	Lebensdauer/Verfügbarkeit vorhanden[2]	*[2]	*[2]	*[2]	*[2]	*[2]	Pro A[2]	*[2]	Contra C[2]	_	_	Hauptteil[7]	3. Warrant[12]	
3-12	299-305	erneut	1. Richtig[2]	1. Angemessen[2]	1. Verständlich[2]	*[2]	Lebensdauer/Verfügbarkeit vorhanden[2]	*[2]	*[2]	*[2]	*[2]	*[2]	Pro A[2]	*[2]	Contra C[2]	_	_	Hauptteil[7]	3. Warrant[12]	
3-13	306-313	erbauen	1. Richtig[2]	1. Angemessen[2]	1. Verständlich[2]	*[2]	Lebensdauer/Verfügbarkeit vorhanden[2]	*[2]	*[2]	*[2]	*[2]	*[2]	Pro A[2]	*[2]	Contra C[2]	_	_	Hauptteil[7]	3. Warrant[12]	
3-14	313-314	.	1. Richtig[2]	1. Angemessen[2]	1. Verständlich[2]	*[2]	Lebensdauer/Verfügbarkeit vorhanden[2]	*[2]	*[2]	*[2]	*[2]	*[2]	Pro A[2]	*[2]	Contra C[2]	_	_	Hauptteil[7]	3. Warrant[12]	

4-1	316-320	Auch	1. Richtig[3]	1. Angemessen[3]	1. Verständlich[3]	Jahresertrag/Energiedichte Vorhanden[3]	*[3]	*[3]	*[3]	*[3]	*[3]	*[3]	Pro A[3]	*[3]	*[3]	_	_	Hauptteil[7]	2. Data[13]	
4-2	321-328	bringen	1. Richtig[3]	1. Angemessen[3]	1. Verständlich[3]	Jahresertrag/Energiedichte Vorhanden[3]	*[3]	*[3]	*[3]	*[3]	*[3]	*[3]	Pro A[3]	*[3]	*[3]	_	_	Hauptteil[7]	2. Data[13]	
4-3	329-332	die	1. Richtig[3]	1. Angemessen[3]	1. Verständlich[3]	Jahresertrag/Energiedichte Vorhanden[3]	*[3]	*[3]	*[3]	*[3]	*[3]	*[3]	Pro A[3]	*[3]	*[3]	_	_	Hauptteil[7]	2. Data[13]	
4-4	333-351	Wasserkraftanlagen	1. Richtig[3]	1. Angemessen[3]	1. Verständlich[3]	Jahresertrag/Energiedichte Vorhanden[3]	*[3]	*[3]	*[3]	*[3]	*[3]	*[3]	Pro A[3]	*[3]	*[3]	_	_	Hauptteil[7]	2. Data[13]	
4-5	352-357	einen	1. Richtig[3]	1. Angemessen[3]	1. Verständlich[3]	Jahresertrag/Energiedichte Vorhanden[3]	*[3]	*[3]	*[3]	*[3]	*[3]	*[3]	Pro A[3]	*[3]	*[3]	_	_	Hauptteil[7]	2. Data[13]	
4-6	358-370	Jahresertrag	1. Richtig[3]	1. Angemessen[3]	1. Verständlich[3]	Jahresertrag/Energiedichte Vorhanden[3]	*[3]	*[3]	*[3]	*[3]	*[3]	*[3]	Pro A[3]	*[3]	*[3]	_	_	Hauptteil[7]	2. Data[13]	
4-7	371-374	von	1. Richtig[3]	1. Angemessen[3]	1. Verständlich[3]	Jahresertrag/Energiedichte Vorhanden[3]	*[3]	*[3]	*[3]	*[3]	*[3]	*[3]	Pro A[3]	*[3]	*[3]	_	_	Hauptteil[7]	2. Data[13]	
4-8	375-377	39	1. Richtig[3]	1. Angemessen[3]	1. Verständlich[3]	Jahresertrag/Energiedichte Vorhanden[3]	*[3]	*[3]	*[3]	*[3]	*[3]	*[3]	Pro A[3]	*[3]	*[3]	_	_	Hauptteil[7]	2. Data[13]	
4-9	378-381	GWh	1. Richtig[3]	1. Angemessen[3]	1. Verständlich[3]	Jahresertrag/Energiedichte Vorhanden[3]	*[3]	*[3]	*[3]	*[3]	*[3]	*[3]	Pro A[3]	*[3]	*[3]	_	_	Hauptteil[7]	2. Data[13]	
4-10	382-385	pro	1. Richtig[3]	1. Angemessen[3]	1. Verständlich[3]	Jahresertrag/Energiedichte Vorhanden[3]	*[3]	*[3]	*[3]	*[3]	*[3]	*[3]	Pro A[3]	*[3]	*[3]	_	_	Hauptteil[7]	2. Data[13]	
4-11	386-390	Jahr	1. Richtig[3]	1. Angemessen[3]	1. Verständlich[3]	Jahresertrag/Energiedichte Vorhanden[3]	*[3]	*[3]	*[3]	*[3]	*[3]	*[3]	Pro A[3]	*[3]	*[3]	_	_	Hauptteil[7]	2. Data[13]	
4-12	391-394	mit	1. Richtig[3]	1. Angemessen[3]	1. Verständlich[3]	Jahresertrag/Energiedichte Vorhanden[3]	*[3]	*[3]	*[3]	*[3]	*[3]	*[3]	Pro A[3]	*[3]	*[3]	_	_	Hauptteil[7]	2. Data[13]	
4-13	395-399	3900	1. Richtig[3]	1. Angemessen[3]	1. Verständlich[3]	Jahresertrag/Energiedichte Vorhanden[3]	*[3]	*[3]	*[3]	*[3]	*[3]	*[3]	Pro A[3]	*[3]	*[3]	_	_	Hauptteil[7]	2. Data[13]	
4-14	400-415	Volllaststunden	1. Richtig[3]	1. Angemessen[3]	1. Verständlich[3]	Jahresertrag/Energiedichte Vorhanden[3]	*[3]	*[3]	*[3]	*[3]	*[3]	*[3]	Pro A[3]	*[3]	*[3]	_	_	Hauptteil[7]	2. Data[13]	
4-15	415-416	.	1. Richtig[3]	1. Angemessen[3]	1. Verständlich[3]	Jahresertrag/Energiedichte Vorhanden[3]	*[3]	*[3]	*[3]	*[3]	*[3]	*[3]	Pro A[3]	*[3]	*[3]	_	_	Hauptteil[7]	2. Data[13]	

5-1	420-424	Zwar	1. Richtig[4]	1. Angemessen[4]	1. Verständlich[4]	*[4]	Lebensdauer/Verfügbarkeit vorhanden[4]	*[4]	Preis/Betrieb vorhanden[4]	*[4]	*[4]	*[4]	Pro A[4]	*[4]	*[4]	_	_	Hauptteil[7]	2. Data[14]	
5-2	425-429	sind	1. Richtig[4]	1. Angemessen[4]	1. Verständlich[4]	*[4]	Lebensdauer/Verfügbarkeit vorhanden[4]	*[4]	Preis/Betrieb vorhanden[4]	*[4]	*[4]	*[4]	Pro A[4]	*[4]	*[4]	_	_	Hauptteil[7]	2. Data[14]	
5-3	430-433	die	1. Richtig[4]	1. Angemessen[4]	1. Verständlich[4]	*[4]	Lebensdauer/Verfügbarkeit vorhanden[4]	*[4]	Preis/Betrieb vorhanden[4]	*[4]	*[4]	*[4]	Pro A[4]	*[4]	*[4]	_	_	Hauptteil[7]	2. Data[14]	
5-4	434-452	Wasserkraftanlagen	1. Richtig[4]	1. Angemessen[4]	1. Verständlich[4]	*[4]	Lebensdauer/Verfügbarkeit vorhanden[4]	*[4]	Preis/Betrieb vorhanden[4]	*[4]	*[4]	*[4]	Pro A[4]	*[4]	*[4]	_	_	Hauptteil[7]	2. Data[14]	
5-5	453-457	sehr	1. Richtig[4]	1. Angemessen[4]	1. Verständlich[4]	*[4]	Lebensdauer/Verfügbarkeit vorhanden[4]	*[4]	Preis/Betrieb vorhanden[4]	*[4]	*[4]	*[4]	Pro A[4]	*[4]	*[4]	_	_	Hauptteil[7]	2. Data[14]	
5-6	458-463	teuer	1. Richtig[4]	1. Angemessen[4]	1. Verständlich[4]	*[4]	Lebensdauer/Verfügbarkeit vorhanden[4]	*[4]	Preis/Betrieb vorhanden[4]	*[4]	*[4]	*[4]	Pro A[4]	*[4]	*[4]	_	_	Hauptteil[7]	2. Data[14]	
5-7	464-467	mit	1. Richtig[4]	1. Angemessen[4]	1. Verständlich[4]	*[4]	Lebensdauer/Verfügbarkeit vorhanden[4]	*[4]	Preis/Betrieb vorhanden[4]	*[4]	*[4]	*[4]	Pro A[4]	*[4]	*[4]	_	_	Hauptteil[7]	2. Data[14]	
5-8	468-470	59	1. Richtig[4]	1. Angemessen[4]	1. Verständlich[4]	*[4]	Lebensdauer/Verfügbarkeit vorhanden[4]	*[4]	Preis/Betrieb vorhanden[4]	*[4]	*[4]	*[4]	Pro A[4]	*[4]	*[4]	_	_	Hauptteil[7]	2. Data[14]	
5-9	471-474	Mio	1. Richtig[4]	1. Angemessen[4]	1. Verständlich[4]	*[4]	Lebensdauer/Verfügbarkeit vorhanden[4]	*[4]	Preis/Betrieb vorhanden[4]	*[4]	*[4]	*[4]	Pro A[4]	*[4]	*[4]	_	_	Hauptteil[7]	2. Data[14]	
5-10	474-475	.	1. Richtig[4]	1. Angemessen[4]	1. Verständlich[4]	*[4]	Lebensdauer/Verfügbarkeit vorhanden[4]	*[4]	Preis/Betrieb vorhanden[4]	*[4]	*[4]	*[4]	Pro A[4]	*[4]	*[4]	_	_	Hauptteil[7]	2. Data[14]	
5-11	476-477	€	1. Richtig[4]	1. Angemessen[4]	1. Verständlich[4]	*[4]	Lebensdauer/Verfügbarkeit vorhanden[4]	*[4]	Preis/Betrieb vorhanden[4]	*[4]	*[4]	*[4]	Pro A[4]	*[4]	*[4]	_	_	Hauptteil[7]	2. Data[14]	
5-12	477-478	,	1. Richtig[4]	1. Angemessen[4]	1. Verständlich[4]	*[4]	Lebensdauer/Verfügbarkeit vorhanden[4]	*[4]	Preis/Betrieb vorhanden[4]	*[4]	*[4]	*[4]	Pro A[4]	*[4]	*[4]	_	_	Hauptteil[7]	2. Data[14]	
5-13	479-483	aber	1. Richtig[4]	1. Angemessen[4]	1. Verständlich[4]	*[4]	Lebensdauer/Verfügbarkeit vorhanden[4]	*[4]	Preis/Betrieb vorhanden[4]	*[4]	*[4]	*[4]	Pro A[4]	*[4]	*[4]	_	_	Hauptteil[7]	4. Rebuttal[15]	
5-14	484-489	dafür	1. Richtig[4]	1. Angemessen[4]	1. Verständlich[4]	*[4]	Lebensdauer/Verfügbarkeit vorhanden[4]	*[4]	Preis/Betrieb vorhanden[4]	*[4]	*[4]	*[4]	Pro A[4]	*[4]	*[4]	_	_	Hauptteil[7]	4. Rebuttal[15]	
5-15	490-496	stehen	1. Richtig[4]	1. Angemessen[4]	1. Verständlich[4]	*[4]	Lebensdauer/Verfügbarkeit vorhanden[4]	*[4]	Preis/Betrieb vorhanden[4]	*[4]	*[4]	*[4]	Pro A[4]	*[4]	*[4]	_	_	Hauptteil[7]	4. Rebuttal[15]	
5-16	497-500	sie	1. Richtig[4]	1. Angemessen[4]	1. Verständlich[4]	*[4]	Lebensdauer/Verfügbarkeit vorhanden[4]	*[4]	Preis/Betrieb vorhanden[4]	*[4]	*[4]	*[4]	Pro A[4]	*[4]	*[4]	_	_	Hauptteil[7]	4. Rebuttal[15]	
5-17	501-504	für	1. Richtig[4]	1. Angemessen[4]	1. Verständlich[4]	*[4]	Lebensdauer/Verfügbarkeit vorhanden[4]	*[4]	Preis/Betrieb vorhanden[4]	*[4]	*[4]	*[4]	Pro A[4]	*[4]	*[4]	_	_	Hauptteil[7]	4. Rebuttal[15]	
5-18	505-510	viele	1. Richtig[4]	1. Angemessen[4]	1. Verständlich[4]	*[4]	Lebensdauer/Verfügbarkeit vorhanden[4]	*[4]	Preis/Betrieb vorhanden[4]	*[4]	*[4]	*[4]	Pro A[4]	*[4]	*[4]	_	_	Hauptteil[7]	4. Rebuttal[15]	
5-19	511-518	mehrere	1. Richtig[4]	1. Angemessen[4]	1. Verständlich[4]	*[4]	Lebensdauer/Verfügbarkeit vorhanden[4]	*[4]	Preis/Betrieb vorhanden[4]	*[4]	*[4]	*[4]	Pro A[4]	*[4]	*[4]	_	_	Hauptteil[7]	4. Rebuttal[15]	
5-20	519-524	Jahre	1. Richtig[4]	1. Angemessen[4]	1. Verständlich[4]	*[4]	Lebensdauer/Verfügbarkeit vorhanden[4]	*[4]	Preis/Betrieb vorhanden[4]	*[4]	*[4]	*[4]	Pro A[4]	*[4]	*[4]	_	_	Hauptteil[7]	4. Rebuttal[15]	
5-21	524-525	.	1. Richtig[4]	1. Angemessen[4]	1. Verständlich[4]	*[4]	Lebensdauer/Verfügbarkeit vorhanden[4]	*[4]	Preis/Betrieb vorhanden[4]	*[4]	*[4]	*[4]	Pro A[4]	*[4]	*[4]	_	_	Hauptteil[7]	4. Rebuttal[15]	

6-1	529-532	Ein	1. Richtig[5]	1. Angemessen[5]	1. Verständlich[5]	*[5]	*[5]	Emissionen vorhanden[5]	*[5]	*[5]	*[5]	*[5]	Contra A[5]	*[5]	*[5]	_	_	Hauptteil[7]	1. Claim[16]	
6-2	533-539	großes	1. Richtig[5]	1. Angemessen[5]	1. Verständlich[5]	*[5]	*[5]	Emissionen vorhanden[5]	*[5]	*[5]	*[5]	*[5]	Contra A[5]	*[5]	*[5]	_	_	Hauptteil[7]	1. Claim[16]	
6-3	540-547	Problem	1. Richtig[5]	1. Angemessen[5]	1. Verständlich[5]	*[5]	*[5]	Emissionen vorhanden[5]	*[5]	*[5]	*[5]	*[5]	Contra A[5]	*[5]	*[5]	_	_	Hauptteil[7]	1. Claim[16]	
6-4	548-551	ist	1. Richtig[5]	1. Angemessen[5]	1. Verständlich[5]	*[5]	*[5]	Emissionen vorhanden[5]	*[5]	*[5]	*[5]	*[5]	Contra A[5]	*[5]	*[5]	_	_	Hauptteil[7]	1. Claim[16]	
6-5	552-555	bei	1. Richtig[5]	1. Angemessen[5]	1. Verständlich[5]	*[5]	*[5]	Emissionen vorhanden[5]	*[5]	*[5]	*[5]	*[5]	Contra A[5]	*[5]	*[5]	_	_	Hauptteil[7]	1. Claim[16]	
6-6	556-559	den	1. Richtig[5]	1. Angemessen[5]	1. Verständlich[5]	*[5]	*[5]	Emissionen vorhanden[5]	*[5]	*[5]	*[5]	*[5]	Contra A[5]	*[5]	*[5]	_	_	Hauptteil[7]	1. Claim[16]	
6-7	560-578	Wasserkraftanlagen	1. Richtig[5]	1. Angemessen[5]	1. Verständlich[5]	*[5]	*[5]	Emissionen vorhanden[5]	*[5]	*[5]	*[5]	*[5]	Contra A[5]	*[5]	*[5]	_	_	Hauptteil[7]	1. Claim[16]	
6-8	578-579	,	1. Richtig[5]	1. Angemessen[5]	1. Verständlich[5]	*[5]	*[5]	Emissionen vorhanden[5]	*[5]	*[5]	*[5]	*[5]	Contra A[5]	*[5]	*[5]	_	_	Hauptteil[7]	1. Claim[16]	
6-9	580-584	dass	1. Richtig[5]	1. Angemessen[5]	1. Verständlich[5]	*[5]	*[5]	Emissionen vorhanden[5]	*[5]	*[5]	*[5]	*[5]	Contra A[5]	*[5]	*[5]	_	_	Hauptteil[7]	2. Data[17]	
6-10	585-587	es	1. Richtig[5]	1. Angemessen[5]	1. Verständlich[5]	*[5]	*[5]	Emissionen vorhanden[5]	*[5]	*[5]	*[5]	*[5]	Contra A[5]	*[5]	*[5]	_	_	Hauptteil[7]	2. Data[17]	
6-11	588-591	Hör	1. Richtig[5]	1. Angemessen[5]	1. Verständlich[5]	*[5]	*[5]	Emissionen vorhanden[5]	*[5]	*[5]	*[5]	*[5]	Contra A[5]	*[5]	*[5]	_	_	Hauptteil[7]	2. Data[17]	
6-12	591-592	-	1. Richtig[5]	1. Angemessen[5]	1. Verständlich[5]	*[5]	*[5]	Emissionen vorhanden[5]	*[5]	*[5]	*[5]	*[5]	Contra A[5]	*[5]	*[5]	_	_	Hauptteil[7]	2. Data[17]	
6-13	593-596	und	1. Richtig[5]	1. Angemessen[5]	1. Verständlich[5]	*[5]	*[5]	Emissionen vorhanden[5]	*[5]	*[5]	*[5]	*[5]	Contra A[5]	*[5]	*[5]	_	_	Hauptteil[7]	2. Data[17]	
6-14	597-608	Infraschall	1. Richtig[5]	1. Angemessen[5]	1. Verständlich[5]	*[5]	*[5]	Emissionen vorhanden[5]	*[5]	*[5]	*[5]	*[5]	Contra A[5]	*[5]	*[5]	_	_	Hauptteil[7]	2. Data[17]	
6-15	609-617	emittern	1. Richtig[5]	1. Angemessen[5]	1. Verständlich[5]	*[5]	*[5]	Emissionen vorhanden[5]	*[5]	*[5]	*[5]	*[5]	Contra A[5]	*[5]	*[5]	_	_	Hauptteil[7]	2. Data[17]	
6-16	617-618	,	1. Richtig[5]	1. Angemessen[5]	1. Verständlich[5]	*[5]	*[5]	Emissionen vorhanden[5]	*[5]	*[5]	*[5]	*[5]	Contra A[5]	*[5]	*[5]	_	_	Hauptteil[7]	_	
6-17	619-625	welche	1. Richtig[5]	1. Angemessen[5]	1. Verständlich[5]	*[5]	*[5]	Emissionen vorhanden[5]	*[5]	*[5]	*[5]	*[5]	Contra A[5]	*[5]	*[5]	_	_	Hauptteil[7]	3. Warrant[18]	
6-18	626-629	als	1. Richtig[5]	1. Angemessen[5]	1. Verständlich[5]	*[5]	*[5]	Emissionen vorhanden[5]	*[5]	*[5]	*[5]	*[5]	Contra A[5]	*[5]	*[5]	_	_	Hauptteil[7]	3. Warrant[18]	
6-19	630-637	störend	1. Richtig[5]	1. Angemessen[5]	1. Verständlich[5]	*[5]	*[5]	Emissionen vorhanden[5]	*[5]	*[5]	*[5]	*[5]	Contra A[5]	*[5]	*[5]	_	_	Hauptteil[7]	3. Warrant[18]	
6-20	638-647	empfunden	1. Richtig[5]	1. Angemessen[5]	1. Verständlich[5]	*[5]	*[5]	Emissionen vorhanden[5]	*[5]	*[5]	*[5]	*[5]	Contra A[5]	*[5]	*[5]	_	_	Hauptteil[7]	3. Warrant[18]	
6-21	648-654	werden	1. Richtig[5]	1. Angemessen[5]	1. Verständlich[5]	*[5]	*[5]	Emissionen vorhanden[5]	*[5]	*[5]	*[5]	*[5]	Contra A[5]	*[5]	*[5]	_	_	Hauptteil[7]	3. Warrant[18]	
6-22	655-661	können	1. Richtig[5]	1. Angemessen[5]	1. Verständlich[5]	*[5]	*[5]	Emissionen vorhanden[5]	*[5]	*[5]	*[5]	*[5]	Contra A[5]	*[5]	*[5]	_	_	Hauptteil[7]	3. Warrant[18]	
6-23	661-662	.	1. Richtig[5]	1. Angemessen[5]	1. Verständlich[5]	*[5]	*[5]	Emissionen vorhanden[5]	*[5]	*[5]	*[5]	*[5]	Contra A[5]	*[5]	*[5]	_	_	Hauptteil[7]	3. Warrant[18]	
