#FORMAT=WebAnno TSV 3.3
#T_SP=webanno.custom.Argument|Accuracy|Adequacy|Clarity|KriteriumJahresertragEnergiedichte|KriteriumLebensdauerVerfgbarkeit|KriteriumLokaleEmissionenGeruschemissionen|KriteriumPreisBetrieb|KriteriumSonstiges|KriteriumTreibhausgasemissionen|KriteriumWirkungsgrad|OptionA|OptionB|OptionC
#T_SP=webanno.custom.DecisionMakingStrategies|Decision|Gesamtthese
#T_SP=webanno.custom.Struktur|Struktur
#T_SP=webanno.custom.StrukturTAP|TAPArgumente


1-1	0-2	Es	_	_	_	_	_	_	_	_	_	_	_	_	_	_	_	Einleitung[11]	_	
1-2	3-10	sollten	_	_	_	_	_	_	_	_	_	_	_	_	_	_	_	Einleitung[11]	_	
1-3	11-15	alle	_	_	_	_	_	_	_	_	_	_	_	_	_	_	_	Einleitung[11]	_	
1-4	16-27	gleichmaßen	_	_	_	_	_	_	_	_	_	_	_	_	_	_	_	Einleitung[11]	_	
1-5	28-37	gefördert	_	_	_	_	_	_	_	_	_	_	_	_	_	_	_	Einleitung[11]	_	
1-6	38-44	werden	_	_	_	_	_	_	_	_	_	_	_	_	_	_	_	Einleitung[11]	_	
1-7	44-45	.	_	_	_	_	_	_	_	_	_	_	_	_	_	_	_	Einleitung[11]	_	

2-1	46-49	Wir	_	_	_	_	_	_	_	_	_	_	_	_	_	_	_	Einleitung[11]	_	
2-2	50-56	können	_	_	_	_	_	_	_	_	_	_	_	_	_	_	_	Einleitung[11]	_	
2-3	57-60	uns	_	_	_	_	_	_	_	_	_	_	_	_	_	_	_	Einleitung[11]	_	
2-4	61-66	nicht	_	_	_	_	_	_	_	_	_	_	_	_	_	_	_	Einleitung[11]	_	
2-5	67-70	nur	_	_	_	_	_	_	_	_	_	_	_	_	_	_	_	Einleitung[11]	_	
2-6	71-74	auf	_	_	_	_	_	_	_	_	_	_	_	_	_	_	_	Einleitung[11]	_	
2-7	75-79	eine	_	_	_	_	_	_	_	_	_	_	_	_	_	_	_	Einleitung[11]	_	
2-8	80-87	Technik	_	_	_	_	_	_	_	_	_	_	_	_	_	_	_	Einleitung[11]	_	
2-9	88-97	Verlassen	_	_	_	_	_	_	_	_	_	_	_	_	_	_	_	Einleitung[11]	_	
2-10	97-98	.	_	_	_	_	_	_	_	_	_	_	_	_	_	_	_	Einleitung[11]	_	

3-1	99-103	Jede	_	_	_	_	_	_	_	_	_	_	_	_	_	_	_	Einleitung[11]	_	
3-2	104-107	der	_	_	_	_	_	_	_	_	_	_	_	_	_	_	_	Einleitung[11]	_	
3-3	108-120	Technologien	_	_	_	_	_	_	_	_	_	_	_	_	_	_	_	Einleitung[11]	_	
3-4	121-124	hat	_	_	_	_	_	_	_	_	_	_	_	_	_	_	_	Einleitung[11]	_	
3-5	125-130	seine	_	_	_	_	_	_	_	_	_	_	_	_	_	_	_	Einleitung[11]	_	
3-6	131-139	Vorteile	_	_	_	_	_	_	_	_	_	_	_	_	_	_	_	Einleitung[11]	_	
3-7	140-143	und	_	_	_	_	_	_	_	_	_	_	_	_	_	_	_	Einleitung[11]	_	
3-8	144-153	nachteile	_	_	_	_	_	_	_	_	_	_	_	_	_	_	_	Einleitung[11]	_	
3-9	153-154	.	_	_	_	_	_	_	_	_	_	_	_	_	_	_	_	Einleitung[11]	_	

4-1	155-158	Die	_	_	_	_	_	_	_	_	_	_	_	_	_	3. Unbegründet[9]	Gesamtthese[9]	Einleitung[11]	_	
4-2	159-176	Wasserkraftanlage	_	_	_	_	_	_	_	_	_	_	_	_	_	3. Unbegründet[9]	Gesamtthese[9]	Einleitung[11]	_	
4-3	177-180	ist	_	_	_	_	_	_	_	_	_	_	_	_	_	3. Unbegründet[9]	Gesamtthese[9]	Einleitung[11]	_	
4-4	181-186	aller	_	_	_	_	_	_	_	_	_	_	_	_	_	3. Unbegründet[9]	Gesamtthese[9]	Einleitung[11]	_	
4-5	187-192	Dings	_	_	_	_	_	_	_	_	_	_	_	_	_	3. Unbegründet[9]	Gesamtthese[9]	Einleitung[11]	_	
4-6	193-195	am	_	_	_	_	_	_	_	_	_	_	_	_	_	3. Unbegründet[9]	Gesamtthese[9]	Einleitung[11]	_	
4-7	196-202	Besten	_	_	_	_	_	_	_	_	_	_	_	_	_	3. Unbegründet[9]	Gesamtthese[9]	Einleitung[11]	_	
4-8	202-203	.	_	_	_	_	_	_	_	_	_	_	_	_	_	3. Unbegründet[9]	Gesamtthese[9]	Einleitung[11]	_	

5-1	204-211	Deshalb	_	_	_	_	_	_	_	_	_	_	_	_	_	_	_	Einleitung[11]	_	
5-2	212-218	sollte	_	_	_	_	_	_	_	_	_	_	_	_	_	_	_	Einleitung[11]	_	
5-3	219-224	diese	_	_	_	_	_	_	_	_	_	_	_	_	_	_	_	Einleitung[11]	_	
5-4	225-234	eindeutig	_	_	_	_	_	_	_	_	_	_	_	_	_	_	_	Einleitung[11]	_	
5-5	235-239	sehr	_	_	_	_	_	_	_	_	_	_	_	_	_	_	_	Einleitung[11]	_	
5-6	240-245	stark	_	_	_	_	_	_	_	_	_	_	_	_	_	_	_	Einleitung[11]	_	
5-7	246-255	gefördert	_	_	_	_	_	_	_	_	_	_	_	_	_	_	_	Einleitung[11]	_	
5-8	256-259	und	_	_	_	_	_	_	_	_	_	_	_	_	_	_	_	Einleitung[11]	_	
5-9	260-274	subventioniert	_	_	_	_	_	_	_	_	_	_	_	_	_	_	_	Einleitung[11]	_	
5-10	275-281	werden	_	_	_	_	_	_	_	_	_	_	_	_	_	_	_	Einleitung[11]	_	
5-11	281-282	.	_	_	_	_	_	_	_	_	_	_	_	_	_	_	_	Einleitung[11]	_	

6-1	283-286	Wir	3. Nicht zutreffend[1]	3. Nicht zutreffend[1]	1. Verständlich[1]	*[1]	*[1]	*[1]	*[1]	Sonstiges vorhanden[1]	*[1]	*[1]	Pro A[1]	*[1]	*[1]	_	_	Hauptteil[12]	1. Claim[13]	
6-2	287-292	leben	3. Nicht zutreffend[1]	3. Nicht zutreffend[1]	1. Verständlich[1]	*[1]	*[1]	*[1]	*[1]	Sonstiges vorhanden[1]	*[1]	*[1]	Pro A[1]	*[1]	*[1]	_	_	Hauptteil[12]	1. Claim[13]	
6-3	293-295	in	3. Nicht zutreffend[1]	3. Nicht zutreffend[1]	1. Verständlich[1]	*[1]	*[1]	*[1]	*[1]	Sonstiges vorhanden[1]	*[1]	*[1]	Pro A[1]	*[1]	*[1]	_	_	Hauptteil[12]	1. Claim[13]	
6-4	296-311	Norddeutschland	3. Nicht zutreffend[1]	3. Nicht zutreffend[1]	1. Verständlich[1]	*[1]	*[1]	*[1]	*[1]	Sonstiges vorhanden[1]	*[1]	*[1]	Pro A[1]	*[1]	*[1]	_	_	Hauptteil[12]	1. Claim[13]	
6-5	312-320	komplett	3. Nicht zutreffend[1]	3. Nicht zutreffend[1]	1. Verständlich[1]	*[1]	*[1]	*[1]	*[1]	Sonstiges vorhanden[1]	*[1]	*[1]	Pro A[1]	*[1]	*[1]	_	_	Hauptteil[12]	1. Claim[13]	
6-6	321-324	vom	3. Nicht zutreffend[1]	3. Nicht zutreffend[1]	1. Verständlich[1]	*[1]	*[1]	*[1]	*[1]	Sonstiges vorhanden[1]	*[1]	*[1]	Pro A[1]	*[1]	*[1]	_	_	Hauptteil[12]	1. Claim[13]	
6-7	325-331	Wasser	3. Nicht zutreffend[1]	3. Nicht zutreffend[1]	1. Verständlich[1]	*[1]	*[1]	*[1]	*[1]	Sonstiges vorhanden[1]	*[1]	*[1]	Pro A[1]	*[1]	*[1]	_	_	Hauptteil[12]	1. Claim[13]	
6-8	332-339	umgeben	3. Nicht zutreffend[1]	3. Nicht zutreffend[1]	1. Verständlich[1]	*[1]	*[1]	*[1]	*[1]	Sonstiges vorhanden[1]	*[1]	*[1]	Pro A[1]	*[1]	*[1]	_	_	Hauptteil[12]	1. Claim[13]	
6-9	339-340	.	3. Nicht zutreffend[1]	3. Nicht zutreffend[1]	1. Verständlich[1]	*[1]	*[1]	*[1]	*[1]	Sonstiges vorhanden[1]	*[1]	*[1]	Pro A[1]	*[1]	*[1]	_	_	Hauptteil[12]	1. Claim[13]	

7-1	341-344	Wir	3. Nicht zutreffend[1]	3. Nicht zutreffend[1]	1. Verständlich[1]	*[1]	*[1]	*[1]	*[1]	Sonstiges vorhanden[1]	*[1]	*[1]	Pro A[1]	*[1]	*[1]	_	_	Hauptteil[12]	1. Claim[14]	
7-2	345-350	haben	3. Nicht zutreffend[1]	3. Nicht zutreffend[1]	1. Verständlich[1]	*[1]	*[1]	*[1]	*[1]	Sonstiges vorhanden[1]	*[1]	*[1]	Pro A[1]	*[1]	*[1]	_	_	Hauptteil[12]	1. Claim[14]	
7-3	351-355	sehr	3. Nicht zutreffend[1]	3. Nicht zutreffend[1]	1. Verständlich[1]	*[1]	*[1]	*[1]	*[1]	Sonstiges vorhanden[1]	*[1]	*[1]	Pro A[1]	*[1]	*[1]	_	_	Hauptteil[12]	1. Claim[14]	
7-4	356-361	viele	3. Nicht zutreffend[1]	3. Nicht zutreffend[1]	1. Verständlich[1]	*[1]	*[1]	*[1]	*[1]	Sonstiges vorhanden[1]	*[1]	*[1]	Pro A[1]	*[1]	*[1]	_	_	Hauptteil[12]	1. Claim[14]	
7-5	362-375	Möglichkeiten	3. Nicht zutreffend[1]	3. Nicht zutreffend[1]	1. Verständlich[1]	*[1]	*[1]	*[1]	*[1]	Sonstiges vorhanden[1]	*[1]	*[1]	Pro A[1]	*[1]	*[1]	_	_	Hauptteil[12]	1. Claim[14]	
7-6	376-381	Diese	3. Nicht zutreffend[1]	3. Nicht zutreffend[1]	1. Verständlich[1]	*[1]	*[1]	*[1]	*[1]	Sonstiges vorhanden[1]	*[1]	*[1]	Pro A[1]	*[1]	*[1]	_	_	Hauptteil[12]	1. Claim[14]	
7-7	382-384	zu	3. Nicht zutreffend[1]	3. Nicht zutreffend[1]	1. Verständlich[1]	*[1]	*[1]	*[1]	*[1]	Sonstiges vorhanden[1]	*[1]	*[1]	Pro A[1]	*[1]	*[1]	_	_	Hauptteil[12]	1. Claim[14]	
7-8	385-390	Bauen	3. Nicht zutreffend[1]	3. Nicht zutreffend[1]	1. Verständlich[1]	*[1]	*[1]	*[1]	*[1]	Sonstiges vorhanden[1]	*[1]	*[1]	Pro A[1]	*[1]	*[1]	_	_	Hauptteil[12]	1. Claim[14]	
7-9	390-391	.	3. Nicht zutreffend[1]	3. Nicht zutreffend[1]	1. Verständlich[1]	*[1]	*[1]	*[1]	*[1]	Sonstiges vorhanden[1]	*[1]	*[1]	Pro A[1]	*[1]	*[1]	_	_	Hauptteil[12]	1. Claim[14]	

8-1	392-395	Wir	3. Nicht zutreffend[1]	3. Nicht zutreffend[1]	1. Verständlich[1]	*[1]	*[1]	*[1]	*[1]	Sonstiges vorhanden[1]	*[1]	*[1]	Pro A[1]	*[1]	*[1]	_	_	Hauptteil[12]	1. Claim[15]	
8-2	396-402	werden	3. Nicht zutreffend[1]	3. Nicht zutreffend[1]	1. Verständlich[1]	*[1]	*[1]	*[1]	*[1]	Sonstiges vorhanden[1]	*[1]	*[1]	Pro A[1]	*[1]	*[1]	_	_	Hauptteil[12]	1. Claim[15]	
8-3	403-407	eine	3. Nicht zutreffend[1]	3. Nicht zutreffend[1]	1. Verständlich[1]	*[1]	*[1]	*[1]	*[1]	Sonstiges vorhanden[1]	*[1]	*[1]	Pro A[1]	*[1]	*[1]	_	_	Hauptteil[12]	1. Claim[15]	
8-4	408-412	sehr	3. Nicht zutreffend[1]	3. Nicht zutreffend[1]	1. Verständlich[1]	*[1]	*[1]	*[1]	*[1]	Sonstiges vorhanden[1]	*[1]	*[1]	Pro A[1]	*[1]	*[1]	_	_	Hauptteil[12]	1. Claim[15]	
8-5	413-418	große	3. Nicht zutreffend[1]	3. Nicht zutreffend[1]	1. Verständlich[1]	*[1]	*[1]	*[1]	*[1]	Sonstiges vorhanden[1]	*[1]	*[1]	Pro A[1]	*[1]	*[1]	_	_	Hauptteil[12]	1. Claim[15]	
8-6	419-422	auf	3. Nicht zutreffend[1]	3. Nicht zutreffend[1]	1. Verständlich[1]	*[1]	*[1]	*[1]	*[1]	Sonstiges vorhanden[1]	*[1]	*[1]	Pro A[1]	*[1]	*[1]	_	_	Hauptteil[12]	1. Claim[15]	
8-7	423-426	der	3. Nicht zutreffend[1]	3. Nicht zutreffend[1]	1. Verständlich[1]	*[1]	*[1]	*[1]	*[1]	Sonstiges vorhanden[1]	*[1]	*[1]	Pro A[1]	*[1]	*[1]	_	_	Hauptteil[12]	1. Claim[15]	
8-8	427-431	Elbe	3. Nicht zutreffend[1]	3. Nicht zutreffend[1]	1. Verständlich[1]	*[1]	*[1]	*[1]	*[1]	Sonstiges vorhanden[1]	*[1]	*[1]	Pro A[1]	*[1]	*[1]	_	_	Hauptteil[12]	1. Claim[15]	
8-9	432-437	Bauen	3. Nicht zutreffend[1]	3. Nicht zutreffend[1]	1. Verständlich[1]	*[1]	*[1]	*[1]	*[1]	Sonstiges vorhanden[1]	*[1]	*[1]	Pro A[1]	*[1]	*[1]	_	_	Hauptteil[12]	1. Claim[15]	
8-10	438-440	so	3. Nicht zutreffend[1]	3. Nicht zutreffend[1]	1. Verständlich[1]	*[1]	*[1]	*[1]	*[1]	Sonstiges vorhanden[1]	*[1]	*[1]	Pro A[1]	*[1]	*[1]	_	_	Hauptteil[12]	1. Claim[15]	
8-11	441-445	dass	3. Nicht zutreffend[1]	3. Nicht zutreffend[1]	1. Verständlich[1]	*[1]	*[1]	*[1]	*[1]	Sonstiges vorhanden[1]	*[1]	*[1]	Pro A[1]	*[1]	*[1]	_	_	Hauptteil[12]	1. Claim[15]	
8-12	446-449	die	3. Nicht zutreffend[1]	3. Nicht zutreffend[1]	1. Verständlich[1]	*[1]	*[1]	*[1]	*[1]	Sonstiges vorhanden[1]	*[1]	*[1]	Pro A[1]	*[1]	*[1]	_	_	Hauptteil[12]	1. Claim[15]	
8-13	450-459	Komplette	3. Nicht zutreffend[1]	3. Nicht zutreffend[1]	1. Verständlich[1]	*[1]	*[1]	*[1]	*[1]	Sonstiges vorhanden[1]	*[1]	*[1]	Pro A[1]	*[1]	*[1]	_	_	Hauptteil[12]	1. Claim[15]	
8-14	460-471	Elbströmung	3. Nicht zutreffend[1]	3. Nicht zutreffend[1]	1. Verständlich[1]	*[1]	*[1]	*[1]	*[1]	Sonstiges vorhanden[1]	*[1]	*[1]	Pro A[1]	*[1]	*[1]	_	_	Hauptteil[12]	1. Claim[15]	
8-15	472-475	für	3. Nicht zutreffend[1]	3. Nicht zutreffend[1]	1. Verständlich[1]	*[1]	*[1]	*[1]	*[1]	Sonstiges vorhanden[1]	*[1]	*[1]	Pro A[1]	*[1]	*[1]	_	_	Hauptteil[12]	1. Claim[15]	
8-16	476-483	Energie	3. Nicht zutreffend[1]	3. Nicht zutreffend[1]	1. Verständlich[1]	*[1]	*[1]	*[1]	*[1]	Sonstiges vorhanden[1]	*[1]	*[1]	Pro A[1]	*[1]	*[1]	_	_	Hauptteil[12]	1. Claim[15]	
8-17	484-493	Erzeugung	3. Nicht zutreffend[1]	3. Nicht zutreffend[1]	1. Verständlich[1]	*[1]	*[1]	*[1]	*[1]	Sonstiges vorhanden[1]	*[1]	*[1]	Pro A[1]	*[1]	*[1]	_	_	Hauptteil[12]	1. Claim[15]	
8-18	494-503	Verwendet	3. Nicht zutreffend[1]	3. Nicht zutreffend[1]	1. Verständlich[1]	*[1]	*[1]	*[1]	*[1]	Sonstiges vorhanden[1]	*[1]	*[1]	Pro A[1]	*[1]	*[1]	_	_	Hauptteil[12]	1. Claim[15]	
8-19	504-510	werden	3. Nicht zutreffend[1]	3. Nicht zutreffend[1]	1. Verständlich[1]	*[1]	*[1]	*[1]	*[1]	Sonstiges vorhanden[1]	*[1]	*[1]	Pro A[1]	*[1]	*[1]	_	_	Hauptteil[12]	1. Claim[15]	
8-20	511-515	kann	3. Nicht zutreffend[1]	3. Nicht zutreffend[1]	1. Verständlich[1]	*[1]	*[1]	*[1]	*[1]	Sonstiges vorhanden[1]	*[1]	*[1]	Pro A[1]	*[1]	*[1]	_	_	Hauptteil[12]	1. Claim[15]	
8-21	515-516	.	3. Nicht zutreffend[1]	3. Nicht zutreffend[1]	1. Verständlich[1]	*[1]	*[1]	*[1]	*[1]	Sonstiges vorhanden[1]	*[1]	*[1]	Pro A[1]	*[1]	*[1]	_	_	Hauptteil[12]	1. Claim[15]	

9-1	517-522	Dabei	3. Nicht zutreffend[1]	3. Nicht zutreffend[1]	1. Verständlich[1]	*[1]	*[1]	*[1]	*[1]	Sonstiges vorhanden[1]	*[1]	*[1]	Pro A[1]	*[1]	*[1]	_	_	Hauptteil[12]	1. Claim[16]	
9-2	523-527	wird	3. Nicht zutreffend[1]	3. Nicht zutreffend[1]	1. Verständlich[1]	*[1]	*[1]	*[1]	*[1]	Sonstiges vorhanden[1]	*[1]	*[1]	Pro A[1]	*[1]	*[1]	_	_	Hauptteil[12]	1. Claim[16]	
9-3	528-531	ein	3. Nicht zutreffend[1]	3. Nicht zutreffend[1]	1. Verständlich[1]	*[1]	*[1]	*[1]	*[1]	Sonstiges vorhanden[1]	*[1]	*[1]	Pro A[1]	*[1]	*[1]	_	_	Hauptteil[12]	1. Claim[16]	
9-4	532-538	großer	3. Nicht zutreffend[1]	3. Nicht zutreffend[1]	1. Verständlich[1]	*[1]	*[1]	*[1]	*[1]	Sonstiges vorhanden[1]	*[1]	*[1]	Pro A[1]	*[1]	*[1]	_	_	Hauptteil[12]	1. Claim[16]	
9-5	539-543	Damm	3. Nicht zutreffend[1]	3. Nicht zutreffend[1]	1. Verständlich[1]	*[1]	*[1]	*[1]	*[1]	Sonstiges vorhanden[1]	*[1]	*[1]	Pro A[1]	*[1]	*[1]	_	_	Hauptteil[12]	1. Claim[16]	
9-6	544-548	über	3. Nicht zutreffend[1]	3. Nicht zutreffend[1]	1. Verständlich[1]	*[1]	*[1]	*[1]	*[1]	Sonstiges vorhanden[1]	*[1]	*[1]	Pro A[1]	*[1]	*[1]	_	_	Hauptteil[12]	1. Claim[16]	
9-7	549-552	die	3. Nicht zutreffend[1]	3. Nicht zutreffend[1]	1. Verständlich[1]	*[1]	*[1]	*[1]	*[1]	Sonstiges vorhanden[1]	*[1]	*[1]	Pro A[1]	*[1]	*[1]	_	_	Hauptteil[12]	1. Claim[16]	
9-8	553-557	Elbe	3. Nicht zutreffend[1]	3. Nicht zutreffend[1]	1. Verständlich[1]	*[1]	*[1]	*[1]	*[1]	Sonstiges vorhanden[1]	*[1]	*[1]	Pro A[1]	*[1]	*[1]	_	_	Hauptteil[12]	1. Claim[16]	
9-9	558-564	gebaut	3. Nicht zutreffend[1]	3. Nicht zutreffend[1]	1. Verständlich[1]	*[1]	*[1]	*[1]	*[1]	Sonstiges vorhanden[1]	*[1]	*[1]	Pro A[1]	*[1]	*[1]	_	_	Hauptteil[12]	1. Claim[16]	
9-10	565-571	sodass	3. Nicht zutreffend[1]	3. Nicht zutreffend[1]	1. Verständlich[1]	*[1]	*[1]	*[1]	*[1]	Sonstiges vorhanden[1]	*[1]	*[1]	Pro A[1]	*[1]	*[1]	_	_	Hauptteil[12]	1. Claim[16]	
9-11	572-575	all	3. Nicht zutreffend[1]	3. Nicht zutreffend[1]	1. Verständlich[1]	*[1]	*[1]	*[1]	*[1]	Sonstiges vorhanden[1]	*[1]	*[1]	Pro A[1]	*[1]	*[1]	_	_	Hauptteil[12]	1. Claim[16]	
9-12	576-579	das	3. Nicht zutreffend[1]	3. Nicht zutreffend[1]	1. Verständlich[1]	*[1]	*[1]	*[1]	*[1]	Sonstiges vorhanden[1]	*[1]	*[1]	Pro A[1]	*[1]	*[1]	_	_	Hauptteil[12]	1. Claim[16]	
9-13	580-590	Stauwasser	3. Nicht zutreffend[1]	3. Nicht zutreffend[1]	1. Verständlich[1]	*[1]	*[1]	*[1]	*[1]	Sonstiges vorhanden[1]	*[1]	*[1]	Pro A[1]	*[1]	*[1]	_	_	Hauptteil[12]	1. Claim[16]	
9-14	591-600	Verwendet	3. Nicht zutreffend[1]	3. Nicht zutreffend[1]	1. Verständlich[1]	*[1]	*[1]	*[1]	*[1]	Sonstiges vorhanden[1]	*[1]	*[1]	Pro A[1]	*[1]	*[1]	_	_	Hauptteil[12]	1. Claim[16]	
9-15	601-607	werden	3. Nicht zutreffend[1]	3. Nicht zutreffend[1]	1. Verständlich[1]	*[1]	*[1]	*[1]	*[1]	Sonstiges vorhanden[1]	*[1]	*[1]	Pro A[1]	*[1]	*[1]	_	_	Hauptteil[12]	1. Claim[16]	
9-16	608-612	kann	3. Nicht zutreffend[1]	3. Nicht zutreffend[1]	1. Verständlich[1]	*[1]	*[1]	*[1]	*[1]	Sonstiges vorhanden[1]	*[1]	*[1]	Pro A[1]	*[1]	*[1]	_	_	Hauptteil[12]	1. Claim[16]	
9-17	612-613	.	3. Nicht zutreffend[1]	3. Nicht zutreffend[1]	1. Verständlich[1]	*[1]	*[1]	*[1]	*[1]	Sonstiges vorhanden[1]	*[1]	*[1]	Pro A[1]	*[1]	*[1]	_	_	Hauptteil[12]	1. Claim[16]	

10-1	614-622	Außerdem	3. Nicht zutreffend[1]	3. Nicht zutreffend[1]	1. Verständlich[1]	*[1]	*[1]	*[1]	*[1]	Sonstiges vorhanden[1]	*[1]	*[1]	Pro A[1]	*[1]	*[1]	_	_	Hauptteil[12]	1. Claim[17]	
10-2	623-629	können	3. Nicht zutreffend[1]	3. Nicht zutreffend[1]	1. Verständlich[1]	*[1]	*[1]	*[1]	*[1]	Sonstiges vorhanden[1]	*[1]	*[1]	Pro A[1]	*[1]	*[1]	_	_	Hauptteil[12]	1. Claim[17]	
10-3	630-634	gibt	3. Nicht zutreffend[1]	3. Nicht zutreffend[1]	1. Verständlich[1]	*[1]	*[1]	*[1]	*[1]	Sonstiges vorhanden[1]	*[1]	*[1]	Pro A[1]	*[1]	*[1]	_	_	Hauptteil[12]	1. Claim[17]	
10-4	635-637	es	3. Nicht zutreffend[1]	3. Nicht zutreffend[1]	1. Verständlich[1]	*[1]	*[1]	*[1]	*[1]	Sonstiges vorhanden[1]	*[1]	*[1]	Pro A[1]	*[1]	*[1]	_	_	Hauptteil[12]	1. Claim[17]	
10-5	638-642	noch	3. Nicht zutreffend[1]	3. Nicht zutreffend[1]	1. Verständlich[1]	*[1]	*[1]	*[1]	*[1]	Sonstiges vorhanden[1]	*[1]	*[1]	Pro A[1]	*[1]	*[1]	_	_	Hauptteil[12]	1. Claim[17]	
10-6	643-646	den	3. Nicht zutreffend[1]	3. Nicht zutreffend[1]	1. Verständlich[1]	*[1]	*[1]	*[1]	*[1]	Sonstiges vorhanden[1]	*[1]	*[1]	Pro A[1]	*[1]	*[1]	_	_	Hauptteil[12]	1. Claim[17]	
10-7	647-651	Nord	3. Nicht zutreffend[1]	3. Nicht zutreffend[1]	1. Verständlich[1]	*[1]	*[1]	*[1]	*[1]	Sonstiges vorhanden[1]	*[1]	*[1]	Pro A[1]	*[1]	*[1]	_	_	Hauptteil[12]	1. Claim[17]	
10-8	652-655	Ost	3. Nicht zutreffend[1]	3. Nicht zutreffend[1]	1. Verständlich[1]	*[1]	*[1]	*[1]	*[1]	Sonstiges vorhanden[1]	*[1]	*[1]	Pro A[1]	*[1]	*[1]	_	_	Hauptteil[12]	1. Claim[17]	
10-9	656-659	See	3. Nicht zutreffend[1]	3. Nicht zutreffend[1]	1. Verständlich[1]	*[1]	*[1]	*[1]	*[1]	Sonstiges vorhanden[1]	*[1]	*[1]	Pro A[1]	*[1]	*[1]	_	_	Hauptteil[12]	1. Claim[17]	
10-10	660-665	Kanal	3. Nicht zutreffend[1]	3. Nicht zutreffend[1]	1. Verständlich[1]	*[1]	*[1]	*[1]	*[1]	Sonstiges vorhanden[1]	*[1]	*[1]	Pro A[1]	*[1]	*[1]	_	_	Hauptteil[12]	1. Claim[17]	
10-11	665-666	,	3. Nicht zutreffend[1]	3. Nicht zutreffend[1]	1. Verständlich[1]	*[1]	*[1]	*[1]	*[1]	Sonstiges vorhanden[1]	*[1]	*[1]	Pro A[1]	*[1]	*[1]	_	_	Hauptteil[12]	1. Claim[17]	
10-12	667-674	welcher	3. Nicht zutreffend[1]	3. Nicht zutreffend[1]	1. Verständlich[1]	*[1]	*[1]	*[1]	*[1]	Sonstiges vorhanden[1]	*[1]	*[1]	Pro A[1]	*[1]	*[1]	_	_	Hauptteil[12]	1. Claim[17]	
10-13	675-677	zu	3. Nicht zutreffend[1]	3. Nicht zutreffend[1]	1. Verständlich[1]	*[1]	*[1]	*[1]	*[1]	Sonstiges vorhanden[1]	*[1]	*[1]	Pro A[1]	*[1]	*[1]	_	_	Hauptteil[12]	1. Claim[17]	
10-14	678-684	gebaut	3. Nicht zutreffend[1]	3. Nicht zutreffend[1]	1. Verständlich[1]	*[1]	*[1]	*[1]	*[1]	Sonstiges vorhanden[1]	*[1]	*[1]	Pro A[1]	*[1]	*[1]	_	_	Hauptteil[12]	1. Claim[17]	
10-15	685-691	werden	3. Nicht zutreffend[1]	3. Nicht zutreffend[1]	1. Verständlich[1]	*[1]	*[1]	*[1]	*[1]	Sonstiges vorhanden[1]	*[1]	*[1]	Pro A[1]	*[1]	*[1]	_	_	Hauptteil[12]	1. Claim[17]	
10-16	692-696	kann	3. Nicht zutreffend[1]	3. Nicht zutreffend[1]	1. Verständlich[1]	*[1]	*[1]	*[1]	*[1]	Sonstiges vorhanden[1]	*[1]	*[1]	Pro A[1]	*[1]	*[1]	_	_	Hauptteil[12]	1. Claim[17]	
10-17	696-697	.	3. Nicht zutreffend[1]	3. Nicht zutreffend[1]	1. Verständlich[1]	*[1]	*[1]	*[1]	*[1]	Sonstiges vorhanden[1]	*[1]	*[1]	Pro A[1]	*[1]	*[1]	_	_	Hauptteil[12]	1. Claim[17]	

11-1	698-701	Und	3. Nicht zutreffend[1]	3. Nicht zutreffend[1]	1. Verständlich[1]	*[1]	*[1]	*[1]	*[1]	Sonstiges vorhanden[1]	*[1]	*[1]	Pro A[1]	*[1]	*[1]	_	_	Hauptteil[12]	1. Claim[18]	
11-2	702-705	die	3. Nicht zutreffend[1]	3. Nicht zutreffend[1]	1. Verständlich[1]	*[1]	*[1]	*[1]	*[1]	Sonstiges vorhanden[1]	*[1]	*[1]	Pro A[1]	*[1]	*[1]	_	_	Hauptteil[12]	1. Claim[18]	
11-3	706-710	Nord	3. Nicht zutreffend[1]	3. Nicht zutreffend[1]	1. Verständlich[1]	*[1]	*[1]	*[1]	*[1]	Sonstiges vorhanden[1]	*[1]	*[1]	Pro A[1]	*[1]	*[1]	_	_	Hauptteil[12]	1. Claim[18]	
11-4	711-714	und	3. Nicht zutreffend[1]	3. Nicht zutreffend[1]	1. Verständlich[1]	*[1]	*[1]	*[1]	*[1]	Sonstiges vorhanden[1]	*[1]	*[1]	Pro A[1]	*[1]	*[1]	_	_	Hauptteil[12]	1. Claim[18]	
11-5	715-721	Ostsee	3. Nicht zutreffend[1]	3. Nicht zutreffend[1]	1. Verständlich[1]	*[1]	*[1]	*[1]	*[1]	Sonstiges vorhanden[1]	*[1]	*[1]	Pro A[1]	*[1]	*[1]	_	_	Hauptteil[12]	1. Claim[18]	
11-6	722-727	haben	3. Nicht zutreffend[1]	3. Nicht zutreffend[1]	1. Verständlich[1]	*[1]	*[1]	*[1]	*[1]	Sonstiges vorhanden[1]	*[1]	*[1]	Pro A[1]	*[1]	*[1]	_	_	Hauptteil[12]	1. Claim[18]	
11-7	728-733	viele	3. Nicht zutreffend[1]	3. Nicht zutreffend[1]	1. Verständlich[1]	*[1]	*[1]	*[1]	*[1]	Sonstiges vorhanden[1]	*[1]	*[1]	Pro A[1]	*[1]	*[1]	_	_	Hauptteil[12]	1. Claim[18]	
11-8	734-740	Fjörde	3. Nicht zutreffend[1]	3. Nicht zutreffend[1]	1. Verständlich[1]	*[1]	*[1]	*[1]	*[1]	Sonstiges vorhanden[1]	*[1]	*[1]	Pro A[1]	*[1]	*[1]	_	_	Hauptteil[12]	1. Claim[18]	
11-9	740-741	.	3. Nicht zutreffend[1]	3. Nicht zutreffend[1]	1. Verständlich[1]	*[1]	*[1]	*[1]	*[1]	Sonstiges vorhanden[1]	*[1]	*[1]	Pro A[1]	*[1]	*[1]	_	_	Hauptteil[12]	1. Claim[18]	

12-1	742-744	In	3. Nicht zutreffend[1]	3. Nicht zutreffend[1]	1. Verständlich[1]	*[1]	*[1]	*[1]	*[1]	Sonstiges vorhanden[1]	*[1]	*[1]	Pro A[1]	*[1]	*[1]	_	_	Hauptteil[12]	1. Claim[19]	
12-2	745-750	jeden	3. Nicht zutreffend[1]	3. Nicht zutreffend[1]	1. Verständlich[1]	*[1]	*[1]	*[1]	*[1]	Sonstiges vorhanden[1]	*[1]	*[1]	Pro A[1]	*[1]	*[1]	_	_	Hauptteil[12]	1. Claim[19]	
12-3	751-756	Fjörd	3. Nicht zutreffend[1]	3. Nicht zutreffend[1]	1. Verständlich[1]	*[1]	*[1]	*[1]	*[1]	Sonstiges vorhanden[1]	*[1]	*[1]	Pro A[1]	*[1]	*[1]	_	_	Hauptteil[12]	1. Claim[19]	
12-4	757-762	kommt	3. Nicht zutreffend[1]	3. Nicht zutreffend[1]	1. Verständlich[1]	*[1]	*[1]	*[1]	*[1]	Sonstiges vorhanden[1]	*[1]	*[1]	Pro A[1]	*[1]	*[1]	_	_	Hauptteil[12]	1. Claim[19]	
12-5	763-767	eine	3. Nicht zutreffend[1]	3. Nicht zutreffend[1]	1. Verständlich[1]	*[1]	*[1]	*[1]	*[1]	Sonstiges vorhanden[1]	*[1]	*[1]	Pro A[1]	*[1]	*[1]	_	_	Hauptteil[12]	1. Claim[19]	
12-6	768-785	Wasserkraftanlage	3. Nicht zutreffend[1]	3. Nicht zutreffend[1]	1. Verständlich[1]	*[1]	*[1]	*[1]	*[1]	Sonstiges vorhanden[1]	*[1]	*[1]	Pro A[1]	*[1]	*[1]	_	_	Hauptteil[12]	1. Claim[19]	
12-7	785-786	.	3. Nicht zutreffend[1]	3. Nicht zutreffend[1]	1. Verständlich[1]	*[1]	*[1]	*[1]	*[1]	Sonstiges vorhanden[1]	*[1]	*[1]	Pro A[1]	*[1]	*[1]	_	_	Hauptteil[12]	1. Claim[19]	

13-1	787-792	Somit	1. Richtig[2]	1. Angemessen[2]	1. Verständlich[2]	*[2]	*[2]	*[2]	*[2]	*[2]	*[2]	Wirkungsgrad vorhanden[2]	Pro A[2]	Contra B[2]	Contra C[2]	_	_	Hauptteil[12]	2. Data[20]	
13-2	793-799	können	1. Richtig[2]	1. Angemessen[2]	1. Verständlich[2]	*[2]	*[2]	*[2]	*[2]	*[2]	*[2]	Wirkungsgrad vorhanden[2]	Pro A[2]	Contra B[2]	Contra C[2]	_	_	Hauptteil[12]	2. Data[20]	
13-3	800-803	wir	1. Richtig[2]	1. Angemessen[2]	1. Verständlich[2]	*[2]	*[2]	*[2]	*[2]	*[2]	*[2]	Wirkungsgrad vorhanden[2]	Pro A[2]	Contra B[2]	Contra C[2]	_	_	Hauptteil[12]	2. Data[20]	
13-4	804-810	diesen	1. Richtig[2]	1. Angemessen[2]	1. Verständlich[2]	*[2]	*[2]	*[2]	*[2]	*[2]	*[2]	Wirkungsgrad vorhanden[2]	Pro A[2]	Contra B[2]	Contra C[2]	_	_	Hauptteil[12]	2. Data[20]	
13-5	811-823	überragenden	1. Richtig[2]	1. Angemessen[2]	1. Verständlich[2]	*[2]	*[2]	*[2]	*[2]	*[2]	*[2]	Wirkungsgrad vorhanden[2]	Pro A[2]	Contra B[2]	Contra C[2]	_	_	Hauptteil[12]	2. Data[20]	
13-6	824-836	Wirkungsgrad	1. Richtig[2]	1. Angemessen[2]	1. Verständlich[2]	*[2]	*[2]	*[2]	*[2]	*[2]	*[2]	Wirkungsgrad vorhanden[2]	Pro A[2]	Contra B[2]	Contra C[2]	_	_	Hauptteil[12]	2. Data[20]	
13-7	837-840	von	1. Richtig[2]	1. Angemessen[2]	1. Verständlich[2]	*[2]	*[2]	*[2]	*[2]	*[2]	*[2]	Wirkungsgrad vorhanden[2]	Pro A[2]	Contra B[2]	Contra C[2]	_	_	Hauptteil[12]	2. Data[20]	
13-8	841-843	70	1. Richtig[2]	1. Angemessen[2]	1. Verständlich[2]	*[2]	*[2]	*[2]	*[2]	*[2]	*[2]	Wirkungsgrad vorhanden[2]	Pro A[2]	Contra B[2]	Contra C[2]	_	_	Hauptteil[12]	2. Data[20]	
13-9	843-844	-	1. Richtig[2]	1. Angemessen[2]	1. Verständlich[2]	*[2]	*[2]	*[2]	*[2]	*[2]	*[2]	Wirkungsgrad vorhanden[2]	Pro A[2]	Contra B[2]	Contra C[2]	_	_	Hauptteil[12]	2. Data[20]	
13-10	844-847	90%	1. Richtig[2]	1. Angemessen[2]	1. Verständlich[2]	*[2]	*[2]	*[2]	*[2]	*[2]	*[2]	Wirkungsgrad vorhanden[2]	Pro A[2]	Contra B[2]	Contra C[2]	_	_	Hauptteil[12]	2. Data[20]	
13-11	848-850	am	1. Richtig[2]	1. Angemessen[2]	1. Verständlich[2]	*[2]	*[2]	*[2]	*[2]	*[2]	*[2]	Wirkungsgrad vorhanden[2]	Pro A[2]	Contra B[2]	Contra C[2]	_	_	Hauptteil[12]	2. Data[20]	
13-12	851-857	Besten	1. Richtig[2]	1. Angemessen[2]	1. Verständlich[2]	*[2]	*[2]	*[2]	*[2]	*[2]	*[2]	Wirkungsgrad vorhanden[2]	Pro A[2]	Contra B[2]	Contra C[2]	_	_	Hauptteil[12]	2. Data[20]	
13-13	858-868	aussnutzen	1. Richtig[2]	1. Angemessen[2]	1. Verständlich[2]	*[2]	*[2]	*[2]	*[2]	*[2]	*[2]	Wirkungsgrad vorhanden[2]	Pro A[2]	Contra B[2]	Contra C[2]	_	_	Hauptteil[12]	2. Data[20]	
13-14	868-869	.	1. Richtig[2]	1. Angemessen[2]	1. Verständlich[2]	*[2]	*[2]	*[2]	*[2]	*[2]	*[2]	Wirkungsgrad vorhanden[2]	Pro A[2]	Contra B[2]	Contra C[2]	_	_	Hauptteil[12]	2. Data[20]	

14-1	870-873	Der	1. Richtig[2]	1. Angemessen[2]	1. Verständlich[2]	*[2]	*[2]	*[2]	*[2]	*[2]	*[2]	Wirkungsgrad vorhanden[2]	Pro A[2]	Contra B[2]	Contra C[2]	_	_	Hauptteil[12]	2. Data[21]	
14-2	874-882	Windpark	1. Richtig[2]	1. Angemessen[2]	1. Verständlich[2]	*[2]	*[2]	*[2]	*[2]	*[2]	*[2]	Wirkungsgrad vorhanden[2]	Pro A[2]	Contra B[2]	Contra C[2]	_	_	Hauptteil[12]	2. Data[21]	
14-3	883-886	hat	1. Richtig[2]	1. Angemessen[2]	1. Verständlich[2]	*[2]	*[2]	*[2]	*[2]	*[2]	*[2]	Wirkungsgrad vorhanden[2]	Pro A[2]	Contra B[2]	Contra C[2]	_	_	Hauptteil[12]	2. Data[21]	
14-4	887-892	grade	1. Richtig[2]	1. Angemessen[2]	1. Verständlich[2]	*[2]	*[2]	*[2]	*[2]	*[2]	*[2]	Wirkungsgrad vorhanden[2]	Pro A[2]	Contra B[2]	Contra C[2]	_	_	Hauptteil[12]	2. Data[21]	
14-5	893-896	mal	1. Richtig[2]	1. Angemessen[2]	1. Verständlich[2]	*[2]	*[2]	*[2]	*[2]	*[2]	*[2]	Wirkungsgrad vorhanden[2]	Pro A[2]	Contra B[2]	Contra C[2]	_	_	Hauptteil[12]	2. Data[21]	
14-6	897-900	die	1. Richtig[2]	1. Angemessen[2]	1. Verständlich[2]	*[2]	*[2]	*[2]	*[2]	*[2]	*[2]	Wirkungsgrad vorhanden[2]	Pro A[2]	Contra B[2]	Contra C[2]	_	_	Hauptteil[12]	2. Data[21]	
14-7	901-907	hälfte	1. Richtig[2]	1. Angemessen[2]	1. Verständlich[2]	*[2]	*[2]	*[2]	*[2]	*[2]	*[2]	Wirkungsgrad vorhanden[2]	Pro A[2]	Contra B[2]	Contra C[2]	_	_	Hauptteil[12]	2. Data[21]	
14-8	908-911	und	1. Richtig[2]	1. Angemessen[2]	1. Verständlich[2]	*[2]	*[2]	*[2]	*[2]	*[2]	*[2]	Wirkungsgrad vorhanden[2]	Pro A[2]	Contra B[2]	Contra C[2]	_	_	Hauptteil[12]	2. Data[21]	
14-9	912-915	der	1. Richtig[2]	1. Angemessen[2]	1. Verständlich[2]	*[2]	*[2]	*[2]	*[2]	*[2]	*[2]	Wirkungsgrad vorhanden[2]	Pro A[2]	Contra B[2]	Contra C[2]	_	_	Hauptteil[12]	2. Data[21]	
14-10	916-925	Solarpark	1. Richtig[2]	1. Angemessen[2]	1. Verständlich[2]	*[2]	*[2]	*[2]	*[2]	*[2]	*[2]	Wirkungsgrad vorhanden[2]	Pro A[2]	Contra B[2]	Contra C[2]	_	_	Hauptteil[12]	2. Data[21]	
14-11	926-931	grade	1. Richtig[2]	1. Angemessen[2]	1. Verständlich[2]	*[2]	*[2]	*[2]	*[2]	*[2]	*[2]	Wirkungsgrad vorhanden[2]	Pro A[2]	Contra B[2]	Contra C[2]	_	_	Hauptteil[12]	2. Data[21]	
14-12	932-935	mal	1. Richtig[2]	1. Angemessen[2]	1. Verständlich[2]	*[2]	*[2]	*[2]	*[2]	*[2]	*[2]	Wirkungsgrad vorhanden[2]	Pro A[2]	Contra B[2]	Contra C[2]	_	_	Hauptteil[12]	2. Data[21]	
14-13	936-943	migrige	1. Richtig[2]	1. Angemessen[2]	1. Verständlich[2]	*[2]	*[2]	*[2]	*[2]	*[2]	*[2]	Wirkungsgrad vorhanden[2]	Pro A[2]	Contra B[2]	Contra C[2]	_	_	Hauptteil[12]	2. Data[21]	
14-14	944-947	21%	1. Richtig[2]	1. Angemessen[2]	1. Verständlich[2]	*[2]	*[2]	*[2]	*[2]	*[2]	*[2]	Wirkungsgrad vorhanden[2]	Pro A[2]	Contra B[2]	Contra C[2]	_	_	Hauptteil[12]	2. Data[21]	
14-15	947-948	.	1. Richtig[2]	1. Angemessen[2]	1. Verständlich[2]	*[2]	*[2]	*[2]	*[2]	*[2]	*[2]	Wirkungsgrad vorhanden[2]	Pro A[2]	Contra B[2]	Contra C[2]	_	_	Hauptteil[12]	2. Data[21]	

15-1	949-952	Der	1. Richtig[3]	1. Angemessen[3]	1. Verständlich[3]	Jahresertrag/Energiedichte Vorhanden[3]	*[3]	*[3]	*[3]	*[3]	*[3]	*[3]	Pro A[3]	*[3]	*[3]	_	_	Hauptteil[12]	2. Data[22]	
15-2	953-959	Jahres	1. Richtig[3]	1. Angemessen[3]	1. Verständlich[3]	Jahresertrag/Energiedichte Vorhanden[3]	*[3]	*[3]	*[3]	*[3]	*[3]	*[3]	Pro A[3]	*[3]	*[3]	_	_	Hauptteil[12]	2. Data[22]	
15-3	960-966	Ertrag	1. Richtig[3]	1. Angemessen[3]	1. Verständlich[3]	Jahresertrag/Energiedichte Vorhanden[3]	*[3]	*[3]	*[3]	*[3]	*[3]	*[3]	Pro A[3]	*[3]	*[3]	_	_	Hauptteil[12]	2. Data[22]	
15-4	967-970	ist	1. Richtig[3]	1. Angemessen[3]	1. Verständlich[3]	Jahresertrag/Energiedichte Vorhanden[3]	*[3]	*[3]	*[3]	*[3]	*[3]	*[3]	Pro A[3]	*[3]	*[3]	_	_	Hauptteil[12]	2. Data[22]	
15-5	971-974	bei	1. Richtig[3]	1. Angemessen[3]	1. Verständlich[3]	Jahresertrag/Energiedichte Vorhanden[3]	*[3]	*[3]	*[3]	*[3]	*[3]	*[3]	Pro A[3]	*[3]	*[3]	_	_	Hauptteil[12]	2. Data[22]	
15-6	975-978	der	1. Richtig[3]	1. Angemessen[3]	1. Verständlich[3]	Jahresertrag/Energiedichte Vorhanden[3]	*[3]	*[3]	*[3]	*[3]	*[3]	*[3]	Pro A[3]	*[3]	*[3]	_	_	Hauptteil[12]	2. Data[22]	
15-7	979-996	Wasserkraftanlage	1. Richtig[3]	1. Angemessen[3]	1. Verständlich[3]	Jahresertrag/Energiedichte Vorhanden[3]	*[3]	*[3]	*[3]	*[3]	*[3]	*[3]	Pro A[3]	*[3]	*[3]	_	_	Hauptteil[12]	2. Data[22]	
15-8	997-1005	außerdem	1. Richtig[3]	1. Angemessen[3]	1. Verständlich[3]	Jahresertrag/Energiedichte Vorhanden[3]	*[3]	*[3]	*[3]	*[3]	*[3]	*[3]	Pro A[3]	*[3]	*[3]	_	_	Hauptteil[12]	2. Data[22]	
15-9	1006-1010	sehr	1. Richtig[3]	1. Angemessen[3]	1. Verständlich[3]	Jahresertrag/Energiedichte Vorhanden[3]	*[3]	*[3]	*[3]	*[3]	*[3]	*[3]	Pro A[3]	*[3]	*[3]	_	_	Hauptteil[12]	2. Data[22]	
15-10	1011-1015	hoch	1. Richtig[3]	1. Angemessen[3]	1. Verständlich[3]	Jahresertrag/Energiedichte Vorhanden[3]	*[3]	*[3]	*[3]	*[3]	*[3]	*[3]	Pro A[3]	*[3]	*[3]	_	_	Hauptteil[12]	2. Data[22]	
15-11	1015-1016	.	1. Richtig[3]	1. Angemessen[3]	1. Verständlich[3]	Jahresertrag/Energiedichte Vorhanden[3]	*[3]	*[3]	*[3]	*[3]	*[3]	*[3]	Pro A[3]	*[3]	*[3]	_	_	Hauptteil[12]	2. Data[22]	

16-1	1017-1022	Durch	1. Richtig[3]	1. Angemessen[3]	1. Verständlich[3]	Jahresertrag/Energiedichte Vorhanden[3]	*[3]	*[3]	*[3]	*[3]	*[3]	*[3]	Pro A[3]	*[3]	*[3]	_	_	Hauptteil[12]	1. Claim[23]	
16-2	1023-1033	zukünftige	1. Richtig[3]	1. Angemessen[3]	1. Verständlich[3]	Jahresertrag/Energiedichte Vorhanden[3]	*[3]	*[3]	*[3]	*[3]	*[3]	*[3]	Pro A[3]	*[3]	*[3]	_	_	Hauptteil[12]	1. Claim[23]	
16-3	1034-1045	Sturmfluten	1. Richtig[3]	1. Angemessen[3]	1. Verständlich[3]	Jahresertrag/Energiedichte Vorhanden[3]	*[3]	*[3]	*[3]	*[3]	*[3]	*[3]	Pro A[3]	*[3]	*[3]	_	_	Hauptteil[12]	1. Claim[23]	
16-4	1046-1049	und	1. Richtig[3]	1. Angemessen[3]	1. Verständlich[3]	Jahresertrag/Energiedichte Vorhanden[3]	*[3]	*[3]	*[3]	*[3]	*[3]	*[3]	Pro A[3]	*[3]	*[3]	_	_	Hauptteil[12]	1. Claim[23]	
16-5	1050-1066	überschwemmungen	1. Richtig[3]	1. Angemessen[3]	1. Verständlich[3]	Jahresertrag/Energiedichte Vorhanden[3]	*[3]	*[3]	*[3]	*[3]	*[3]	*[3]	Pro A[3]	*[3]	*[3]	_	_	Hauptteil[12]	1. Claim[23]	
16-6	1067-1071	kann	1. Richtig[3]	1. Angemessen[3]	1. Verständlich[3]	Jahresertrag/Energiedichte Vorhanden[3]	*[3]	*[3]	*[3]	*[3]	*[3]	*[3]	Pro A[3]	*[3]	*[3]	_	_	Hauptteil[12]	1. Claim[23]	
16-7	1072-1075	der	1. Richtig[3]	1. Angemessen[3]	1. Verständlich[3]	Jahresertrag/Energiedichte Vorhanden[3]	*[3]	*[3]	*[3]	*[3]	*[3]	*[3]	Pro A[3]	*[3]	*[3]	_	_	Hauptteil[12]	1. Claim[23]	
16-8	1076-1088	Jahresertrag	1. Richtig[3]	1. Angemessen[3]	1. Verständlich[3]	Jahresertrag/Energiedichte Vorhanden[3]	*[3]	*[3]	*[3]	*[3]	*[3]	*[3]	Pro A[3]	*[3]	*[3]	_	_	Hauptteil[12]	1. Claim[23]	
16-9	1089-1093	noch	1. Richtig[3]	1. Angemessen[3]	1. Verständlich[3]	Jahresertrag/Energiedichte Vorhanden[3]	*[3]	*[3]	*[3]	*[3]	*[3]	*[3]	Pro A[3]	*[3]	*[3]	_	_	Hauptteil[12]	1. Claim[23]	
16-10	1094-1100	weiter	1. Richtig[3]	1. Angemessen[3]	1. Verständlich[3]	Jahresertrag/Energiedichte Vorhanden[3]	*[3]	*[3]	*[3]	*[3]	*[3]	*[3]	Pro A[3]	*[3]	*[3]	_	_	Hauptteil[12]	1. Claim[23]	
16-11	1101-1108	steigen	1. Richtig[3]	1. Angemessen[3]	1. Verständlich[3]	Jahresertrag/Energiedichte Vorhanden[3]	*[3]	*[3]	*[3]	*[3]	*[3]	*[3]	Pro A[3]	*[3]	*[3]	_	_	Hauptteil[12]	1. Claim[23]	
16-12	1108-1109	.	1. Richtig[3]	1. Angemessen[3]	1. Verständlich[3]	Jahresertrag/Energiedichte Vorhanden[3]	*[3]	*[3]	*[3]	*[3]	*[3]	*[3]	Pro A[3]	*[3]	*[3]	_	_	Hauptteil[12]	1. Claim[23]	

17-1	1110-1113	Die	1. Richtig[4]	1. Angemessen[4]	1. Verständlich[4]	*[4]	Lebensdauer/Verfügbarkeit vorhanden[4]	*[4]	*[4]	*[4]	*[4]	*[4]	Pro A[4]	Contra B[4]	Contra C[4]	_	_	Hauptteil[12]	2. Data[24]	
17-2	1114-1120	Lebens	1. Richtig[4]	1. Angemessen[4]	1. Verständlich[4]	*[4]	Lebensdauer/Verfügbarkeit vorhanden[4]	*[4]	*[4]	*[4]	*[4]	*[4]	Pro A[4]	Contra B[4]	Contra C[4]	_	_	Hauptteil[12]	2. Data[24]	
17-3	1121-1126	Dauer	1. Richtig[4]	1. Angemessen[4]	1. Verständlich[4]	*[4]	Lebensdauer/Verfügbarkeit vorhanden[4]	*[4]	*[4]	*[4]	*[4]	*[4]	Pro A[4]	Contra B[4]	Contra C[4]	_	_	Hauptteil[12]	2. Data[24]	
17-4	1127-1130	ist	1. Richtig[4]	1. Angemessen[4]	1. Verständlich[4]	*[4]	Lebensdauer/Verfügbarkeit vorhanden[4]	*[4]	*[4]	*[4]	*[4]	*[4]	Pro A[4]	Contra B[4]	Contra C[4]	_	_	Hauptteil[12]	2. Data[24]	
17-5	1131-1134	mit	1. Richtig[4]	1. Angemessen[4]	1. Verständlich[4]	*[4]	Lebensdauer/Verfügbarkeit vorhanden[4]	*[4]	*[4]	*[4]	*[4]	*[4]	Pro A[4]	Contra B[4]	Contra C[4]	_	_	Hauptteil[12]	2. Data[24]	
17-6	1135-1137	80	1. Richtig[4]	1. Angemessen[4]	1. Verständlich[4]	*[4]	Lebensdauer/Verfügbarkeit vorhanden[4]	*[4]	*[4]	*[4]	*[4]	*[4]	Pro A[4]	Contra B[4]	Contra C[4]	_	_	Hauptteil[12]	2. Data[24]	
17-7	1138-1144	Jahren	1. Richtig[4]	1. Angemessen[4]	1. Verständlich[4]	*[4]	Lebensdauer/Verfügbarkeit vorhanden[4]	*[4]	*[4]	*[4]	*[4]	*[4]	Pro A[4]	Contra B[4]	Contra C[4]	_	_	Hauptteil[12]	2. Data[24]	
17-8	1145-1148	bei	1. Richtig[4]	1. Angemessen[4]	1. Verständlich[4]	*[4]	Lebensdauer/Verfügbarkeit vorhanden[4]	*[4]	*[4]	*[4]	*[4]	*[4]	Pro A[4]	Contra B[4]	Contra C[4]	_	_	Hauptteil[12]	2. Data[24]	
17-9	1149-1152	den	1. Richtig[4]	1. Angemessen[4]	1. Verständlich[4]	*[4]	Lebensdauer/Verfügbarkeit vorhanden[4]	*[4]	*[4]	*[4]	*[4]	*[4]	Pro A[4]	Contra B[4]	Contra C[4]	_	_	Hauptteil[12]	2. Data[24]	
17-10	1153-1171	Wasserkraftanlagen	1. Richtig[4]	1. Angemessen[4]	1. Verständlich[4]	*[4]	Lebensdauer/Verfügbarkeit vorhanden[4]	*[4]	*[4]	*[4]	*[4]	*[4]	Pro A[4]	Contra B[4]	Contra C[4]	_	_	Hauptteil[12]	2. Data[24]	
17-11	1172-1176	auch	1. Richtig[4]	1. Angemessen[4]	1. Verständlich[4]	*[4]	Lebensdauer/Verfügbarkeit vorhanden[4]	*[4]	*[4]	*[4]	*[4]	*[4]	Pro A[4]	Contra B[4]	Contra C[4]	_	_	Hauptteil[12]	2. Data[24]	
17-12	1177-1185	deutlich	1. Richtig[4]	1. Angemessen[4]	1. Verständlich[4]	*[4]	Lebensdauer/Verfügbarkeit vorhanden[4]	*[4]	*[4]	*[4]	*[4]	*[4]	Pro A[4]	Contra B[4]	Contra C[4]	_	_	Hauptteil[12]	2. Data[24]	
17-13	1186-1191	höher	1. Richtig[4]	1. Angemessen[4]	1. Verständlich[4]	*[4]	Lebensdauer/Verfügbarkeit vorhanden[4]	*[4]	*[4]	*[4]	*[4]	*[4]	Pro A[4]	Contra B[4]	Contra C[4]	_	_	Hauptteil[12]	2. Data[24]	
17-14	1192-1195	als	1. Richtig[4]	1. Angemessen[4]	1. Verständlich[4]	*[4]	Lebensdauer/Verfügbarkeit vorhanden[4]	*[4]	*[4]	*[4]	*[4]	*[4]	Pro A[4]	Contra B[4]	Contra C[4]	_	_	Hauptteil[12]	2. Data[24]	
17-15	1196-1199	bei	1. Richtig[4]	1. Angemessen[4]	1. Verständlich[4]	*[4]	Lebensdauer/Verfügbarkeit vorhanden[4]	*[4]	*[4]	*[4]	*[4]	*[4]	Pro A[4]	Contra B[4]	Contra C[4]	_	_	Hauptteil[12]	2. Data[24]	
17-16	1200-1203	den	1. Richtig[4]	1. Angemessen[4]	1. Verständlich[4]	*[4]	Lebensdauer/Verfügbarkeit vorhanden[4]	*[4]	*[4]	*[4]	*[4]	*[4]	Pro A[4]	Contra B[4]	Contra C[4]	_	_	Hauptteil[12]	2. Data[24]	
17-17	1204-1211	anderen	1. Richtig[4]	1. Angemessen[4]	1. Verständlich[4]	*[4]	Lebensdauer/Verfügbarkeit vorhanden[4]	*[4]	*[4]	*[4]	*[4]	*[4]	Pro A[4]	Contra B[4]	Contra C[4]	_	_	Hauptteil[12]	2. Data[24]	
17-18	1212-1224	konkurrenten	1. Richtig[4]	1. Angemessen[4]	1. Verständlich[4]	*[4]	Lebensdauer/Verfügbarkeit vorhanden[4]	*[4]	*[4]	*[4]	*[4]	*[4]	Pro A[4]	Contra B[4]	Contra C[4]	_	_	Hauptteil[12]	2. Data[24]	
17-19	1224-1225	.	1. Richtig[4]	1. Angemessen[4]	1. Verständlich[4]	*[4]	Lebensdauer/Verfügbarkeit vorhanden[4]	*[4]	*[4]	*[4]	*[4]	*[4]	Pro A[4]	Contra B[4]	Contra C[4]	_	_	Hauptteil[12]	2. Data[24]	

18-1	1226-1228	So	1. Richtig[4]	1. Angemessen[4]	1. Verständlich[4]	*[4]	Lebensdauer/Verfügbarkeit vorhanden[4]	*[4]	*[4]	*[4]	*[4]	*[4]	Pro A[4]	Contra B[4]	Contra C[4]	_	_	Hauptteil[12]	1. Claim[25]	
18-2	1229-1235	können	1. Richtig[4]	1. Angemessen[4]	1. Verständlich[4]	*[4]	Lebensdauer/Verfügbarkeit vorhanden[4]	*[4]	*[4]	*[4]	*[4]	*[4]	Pro A[4]	Contra B[4]	Contra C[4]	_	_	Hauptteil[12]	1. Claim[25]	
18-3	1236-1239	wir	1. Richtig[4]	1. Angemessen[4]	1. Verständlich[4]	*[4]	Lebensdauer/Verfügbarkeit vorhanden[4]	*[4]	*[4]	*[4]	*[4]	*[4]	Pro A[4]	Contra B[4]	Contra C[4]	_	_	Hauptteil[12]	1. Claim[25]	
18-4	1240-1243	die	1. Richtig[4]	1. Angemessen[4]	1. Verständlich[4]	*[4]	Lebensdauer/Verfügbarkeit vorhanden[4]	*[4]	*[4]	*[4]	*[4]	*[4]	Pro A[4]	Contra B[4]	Contra C[4]	_	_	Hauptteil[12]	1. Claim[25]	
18-5	1244-1259	Stromversorgung	1. Richtig[4]	1. Angemessen[4]	1. Verständlich[4]	*[4]	Lebensdauer/Verfügbarkeit vorhanden[4]	*[4]	*[4]	*[4]	*[4]	*[4]	Pro A[4]	Contra B[4]	Contra C[4]	_	_	Hauptteil[12]	1. Claim[25]	
18-6	1260-1263	für	1. Richtig[4]	1. Angemessen[4]	1. Verständlich[4]	*[4]	Lebensdauer/Verfügbarkeit vorhanden[4]	*[4]	*[4]	*[4]	*[4]	*[4]	Pro A[4]	Contra B[4]	Contra C[4]	_	_	Hauptteil[12]	1. Claim[25]	
18-7	1264-1270	unsere	1. Richtig[4]	1. Angemessen[4]	1. Verständlich[4]	*[4]	Lebensdauer/Verfügbarkeit vorhanden[4]	*[4]	*[4]	*[4]	*[4]	*[4]	Pro A[4]	Contra B[4]	Contra C[4]	_	_	Hauptteil[12]	1. Claim[25]	
18-8	1271-1279	nächsten	1. Richtig[4]	1. Angemessen[4]	1. Verständlich[4]	*[4]	Lebensdauer/Verfügbarkeit vorhanden[4]	*[4]	*[4]	*[4]	*[4]	*[4]	Pro A[4]	Contra B[4]	Contra C[4]	_	_	Hauptteil[12]	1. Claim[25]	
18-9	1280-1292	Generationen	1. Richtig[4]	1. Angemessen[4]	1. Verständlich[4]	*[4]	Lebensdauer/Verfügbarkeit vorhanden[4]	*[4]	*[4]	*[4]	*[4]	*[4]	Pro A[4]	Contra B[4]	Contra C[4]	_	_	Hauptteil[12]	1. Claim[25]	
18-10	1293-1300	Sichern	1. Richtig[4]	1. Angemessen[4]	1. Verständlich[4]	*[4]	Lebensdauer/Verfügbarkeit vorhanden[4]	*[4]	*[4]	*[4]	*[4]	*[4]	Pro A[4]	Contra B[4]	Contra C[4]	_	_	Hauptteil[12]	1. Claim[25]	
18-11	1300-1301	.	1. Richtig[4]	1. Angemessen[4]	1. Verständlich[4]	*[4]	Lebensdauer/Verfügbarkeit vorhanden[4]	*[4]	*[4]	*[4]	*[4]	*[4]	Pro A[4]	Contra B[4]	Contra C[4]	_	_	Hauptteil[12]	1. Claim[25]	

19-1	1302-1310	Außerdem	3. Nicht zutreffend[5]	3. Nicht zutreffend[5]	1. Verständlich[5]	*[5]	*[5]	*[5]	*[5]	Sonstiges vorhanden[5]	*[5]	*[5]	Pro A[5]	*[5]	*[5]	_	_	Hauptteil[12]	1. Claim[26]	
19-2	1311-1317	können	3. Nicht zutreffend[5]	3. Nicht zutreffend[5]	1. Verständlich[5]	*[5]	*[5]	*[5]	*[5]	Sonstiges vorhanden[5]	*[5]	*[5]	Pro A[5]	*[5]	*[5]	_	_	Hauptteil[12]	1. Claim[26]	
19-3	1318-1321	wir	3. Nicht zutreffend[5]	3. Nicht zutreffend[5]	1. Verständlich[5]	*[5]	*[5]	*[5]	*[5]	Sonstiges vorhanden[5]	*[5]	*[5]	Pro A[5]	*[5]	*[5]	_	_	Hauptteil[12]	1. Claim[26]	
19-4	1322-1324	so	3. Nicht zutreffend[5]	3. Nicht zutreffend[5]	1. Verständlich[5]	*[5]	*[5]	*[5]	*[5]	Sonstiges vorhanden[5]	*[5]	*[5]	Pro A[5]	*[5]	*[5]	_	_	Hauptteil[12]	1. Claim[26]	
19-5	1325-1334	Wunderbar	3. Nicht zutreffend[5]	3. Nicht zutreffend[5]	1. Verständlich[5]	*[5]	*[5]	*[5]	*[5]	Sonstiges vorhanden[5]	*[5]	*[5]	Pro A[5]	*[5]	*[5]	_	_	Hauptteil[12]	1. Claim[26]	
19-6	1335-1339	alle	3. Nicht zutreffend[5]	3. Nicht zutreffend[5]	1. Verständlich[5]	*[5]	*[5]	*[5]	*[5]	Sonstiges vorhanden[5]	*[5]	*[5]	Pro A[5]	*[5]	*[5]	_	_	Hauptteil[12]	1. Claim[26]	
19-7	1340-1343	von	3. Nicht zutreffend[5]	3. Nicht zutreffend[5]	1. Verständlich[5]	*[5]	*[5]	*[5]	*[5]	Sonstiges vorhanden[5]	*[5]	*[5]	Pro A[5]	*[5]	*[5]	_	_	Hauptteil[12]	1. Claim[26]	
19-8	1344-1347	uns	3. Nicht zutreffend[5]	3. Nicht zutreffend[5]	1. Verständlich[5]	*[5]	*[5]	*[5]	*[5]	Sonstiges vorhanden[5]	*[5]	*[5]	Pro A[5]	*[5]	*[5]	_	_	Hauptteil[12]	1. Claim[26]	
19-9	1348-1362	Abhängigmachen	3. Nicht zutreffend[5]	3. Nicht zutreffend[5]	1. Verständlich[5]	*[5]	*[5]	*[5]	*[5]	Sonstiges vorhanden[5]	*[5]	*[5]	Pro A[5]	*[5]	*[5]	_	_	Hauptteil[12]	1. Claim[26]	
19-10	1362-1363	.	3. Nicht zutreffend[5]	3. Nicht zutreffend[5]	1. Verständlich[5]	*[5]	*[5]	*[5]	*[5]	Sonstiges vorhanden[5]	*[5]	*[5]	Pro A[5]	*[5]	*[5]	_	_	Hauptteil[12]	1. Claim[26]	

20-1	1364-1367	Wir	3. Nicht zutreffend[5]	3. Nicht zutreffend[5]	1. Verständlich[5]	*[5]	*[5]	*[5]	*[5]	Sonstiges vorhanden[5]	*[5]	*[5]	Pro A[5]	*[5]	*[5]	_	_	Hauptteil[12]	1. Claim[27]	
20-2	1368-1374	müssen	3. Nicht zutreffend[5]	3. Nicht zutreffend[5]	1. Verständlich[5]	*[5]	*[5]	*[5]	*[5]	Sonstiges vorhanden[5]	*[5]	*[5]	Pro A[5]	*[5]	*[5]	_	_	Hauptteil[12]	1. Claim[27]	
20-3	1375-1378	nur	3. Nicht zutreffend[5]	3. Nicht zutreffend[5]	1. Verständlich[5]	*[5]	*[5]	*[5]	*[5]	Sonstiges vorhanden[5]	*[5]	*[5]	Pro A[5]	*[5]	*[5]	_	_	Hauptteil[12]	1. Claim[27]	
20-4	1379-1388	Kontrolle	3. Nicht zutreffend[5]	3. Nicht zutreffend[5]	1. Verständlich[5]	*[5]	*[5]	*[5]	*[5]	Sonstiges vorhanden[5]	*[5]	*[5]	Pro A[5]	*[5]	*[5]	_	_	Hauptteil[12]	1. Claim[27]	
20-5	1389-1393	über	3. Nicht zutreffend[5]	3. Nicht zutreffend[5]	1. Verständlich[5]	*[5]	*[5]	*[5]	*[5]	Sonstiges vorhanden[5]	*[5]	*[5]	Pro A[5]	*[5]	*[5]	_	_	Hauptteil[12]	1. Claim[27]	
20-6	1394-1397	die	3. Nicht zutreffend[5]	3. Nicht zutreffend[5]	1. Verständlich[5]	*[5]	*[5]	*[5]	*[5]	Sonstiges vorhanden[5]	*[5]	*[5]	Pro A[5]	*[5]	*[5]	_	_	Hauptteil[12]	1. Claim[27]	
20-7	1398-1415	Wasserkraftanlage	3. Nicht zutreffend[5]	3. Nicht zutreffend[5]	1. Verständlich[5]	*[5]	*[5]	*[5]	*[5]	Sonstiges vorhanden[5]	*[5]	*[5]	Pro A[5]	*[5]	*[5]	_	_	Hauptteil[12]	1. Claim[27]	
20-8	1416-1418	in	3. Nicht zutreffend[5]	3. Nicht zutreffend[5]	1. Verständlich[5]	*[5]	*[5]	*[5]	*[5]	Sonstiges vorhanden[5]	*[5]	*[5]	Pro A[5]	*[5]	*[5]	_	_	Hauptteil[12]	1. Claim[27]	
20-9	1419-1422	der	3. Nicht zutreffend[5]	3. Nicht zutreffend[5]	1. Verständlich[5]	*[5]	*[5]	*[5]	*[5]	Sonstiges vorhanden[5]	*[5]	*[5]	Pro A[5]	*[5]	*[5]	_	_	Hauptteil[12]	1. Claim[27]	
20-10	1423-1427	Elbe	3. Nicht zutreffend[5]	3. Nicht zutreffend[5]	1. Verständlich[5]	*[5]	*[5]	*[5]	*[5]	Sonstiges vorhanden[5]	*[5]	*[5]	Pro A[5]	*[5]	*[5]	_	_	Hauptteil[12]	1. Claim[27]	
20-11	1428-1433	haben	3. Nicht zutreffend[5]	3. Nicht zutreffend[5]	1. Verständlich[5]	*[5]	*[5]	*[5]	*[5]	Sonstiges vorhanden[5]	*[5]	*[5]	Pro A[5]	*[5]	*[5]	_	_	Hauptteil[12]	1. Claim[27]	
20-12	1434-1437	und	3. Nicht zutreffend[5]	3. Nicht zutreffend[5]	1. Verständlich[5]	*[5]	*[5]	*[5]	*[5]	Sonstiges vorhanden[5]	*[5]	*[5]	Pro A[5]	*[5]	*[5]	_	_	Hauptteil[12]	1. Claim[28]	
20-13	1438-1443	somit	3. Nicht zutreffend[5]	3. Nicht zutreffend[5]	1. Verständlich[5]	*[5]	*[5]	*[5]	*[5]	Sonstiges vorhanden[5]	*[5]	*[5]	Pro A[5]	*[5]	*[5]	_	_	Hauptteil[12]	1. Claim[28]	
20-14	1444-1448	kann	3. Nicht zutreffend[5]	3. Nicht zutreffend[5]	1. Verständlich[5]	*[5]	*[5]	*[5]	*[5]	Sonstiges vorhanden[5]	*[5]	*[5]	Pro A[5]	*[5]	*[5]	_	_	Hauptteil[12]	1. Claim[28]	
20-15	1449-1452	man	3. Nicht zutreffend[5]	3. Nicht zutreffend[5]	1. Verständlich[5]	*[5]	*[5]	*[5]	*[5]	Sonstiges vorhanden[5]	*[5]	*[5]	Pro A[5]	*[5]	*[5]	_	_	Hauptteil[12]	1. Claim[28]	
20-16	1453-1457	alle	3. Nicht zutreffend[5]	3. Nicht zutreffend[5]	1. Verständlich[5]	*[5]	*[5]	*[5]	*[5]	Sonstiges vorhanden[5]	*[5]	*[5]	Pro A[5]	*[5]	*[5]	_	_	Hauptteil[12]	1. Claim[28]	
20-17	1458-1464	Länder	3. Nicht zutreffend[5]	3. Nicht zutreffend[5]	1. Verständlich[5]	*[5]	*[5]	*[5]	*[5]	Sonstiges vorhanden[5]	*[5]	*[5]	Pro A[5]	*[5]	*[5]	_	_	Hauptteil[12]	1. Claim[28]	
20-18	1465-1472	Entlang	3. Nicht zutreffend[5]	3. Nicht zutreffend[5]	1. Verständlich[5]	*[5]	*[5]	*[5]	*[5]	Sonstiges vorhanden[5]	*[5]	*[5]	Pro A[5]	*[5]	*[5]	_	_	Hauptteil[12]	1. Claim[28]	
20-19	1473-1476	der	3. Nicht zutreffend[5]	3. Nicht zutreffend[5]	1. Verständlich[5]	*[5]	*[5]	*[5]	*[5]	Sonstiges vorhanden[5]	*[5]	*[5]	Pro A[5]	*[5]	*[5]	_	_	Hauptteil[12]	1. Claim[28]	
20-20	1477-1481	Elbe	3. Nicht zutreffend[5]	3. Nicht zutreffend[5]	1. Verständlich[5]	*[5]	*[5]	*[5]	*[5]	Sonstiges vorhanden[5]	*[5]	*[5]	Pro A[5]	*[5]	*[5]	_	_	Hauptteil[12]	1. Claim[28]	
20-21	1482-1485	für	3. Nicht zutreffend[5]	3. Nicht zutreffend[5]	1. Verständlich[5]	*[5]	*[5]	*[5]	*[5]	Sonstiges vorhanden[5]	*[5]	*[5]	Pro A[5]	*[5]	*[5]	_	_	Hauptteil[12]	1. Claim[28]	
20-22	1486-1489	die	3. Nicht zutreffend[5]	3. Nicht zutreffend[5]	1. Verständlich[5]	*[5]	*[5]	*[5]	*[5]	Sonstiges vorhanden[5]	*[5]	*[5]	Pro A[5]	*[5]	*[5]	_	_	Hauptteil[12]	1. Claim[28]	
20-23	1490-1499	Baukosten	3. Nicht zutreffend[5]	3. Nicht zutreffend[5]	1. Verständlich[5]	*[5]	*[5]	*[5]	*[5]	Sonstiges vorhanden[5]	*[5]	*[5]	Pro A[5]	*[5]	*[5]	_	_	Hauptteil[12]	1. Claim[28]	
20-24	1500-1509	Erpressen	3. Nicht zutreffend[5]	3. Nicht zutreffend[5]	1. Verständlich[5]	*[5]	*[5]	*[5]	*[5]	Sonstiges vorhanden[5]	*[5]	*[5]	Pro A[5]	*[5]	*[5]	_	_	Hauptteil[12]	1. Claim[28]	
20-25	1509-1510	.	3. Nicht zutreffend[5]	3. Nicht zutreffend[5]	1. Verständlich[5]	*[5]	*[5]	*[5]	*[5]	Sonstiges vorhanden[5]	*[5]	*[5]	Pro A[5]	*[5]	*[5]	_	_	Hauptteil[12]	1. Claim[28]	

21-1	1511-1516	Sonst	3. Nicht zutreffend[5]	3. Nicht zutreffend[5]	1. Verständlich[5]	*[5]	*[5]	*[5]	*[5]	Sonstiges vorhanden[5]	*[5]	*[5]	Pro A[5]	*[5]	*[5]	_	_	Hauptteil[12]	1. Claim[29]	
21-2	1517-1523	werden	3. Nicht zutreffend[5]	3. Nicht zutreffend[5]	1. Verständlich[5]	*[5]	*[5]	*[5]	*[5]	Sonstiges vorhanden[5]	*[5]	*[5]	Pro A[5]	*[5]	*[5]	_	_	Hauptteil[12]	1. Claim[29]	
21-3	1524-1529	diese	3. Nicht zutreffend[5]	3. Nicht zutreffend[5]	1. Verständlich[5]	*[5]	*[5]	*[5]	*[5]	Sonstiges vorhanden[5]	*[5]	*[5]	Pro A[5]	*[5]	*[5]	_	_	Hauptteil[12]	1. Claim[29]	
21-4	1530-1540	Überflutet	3. Nicht zutreffend[5]	3. Nicht zutreffend[5]	1. Verständlich[5]	*[5]	*[5]	*[5]	*[5]	Sonstiges vorhanden[5]	*[5]	*[5]	Pro A[5]	*[5]	*[5]	_	_	Hauptteil[12]	1. Claim[29]	
21-5	1540-1541	.	3. Nicht zutreffend[5]	3. Nicht zutreffend[5]	1. Verständlich[5]	*[5]	*[5]	*[5]	*[5]	Sonstiges vorhanden[5]	*[5]	*[5]	Pro A[5]	*[5]	*[5]	_	_	Hauptteil[12]	1. Claim[29]	

22-1	1542-1545	Die	1. Richtig[6]	1. Angemessen[6]	1. Verständlich[6]	*[6]	*[6]	*[6]	Preis/Betrieb vorhanden[6]	*[6]	*[6]	*[6]	Contra A[6]	*[6]	*[6]	_	_	Hauptteil[12]	2. Data[30]	
22-2	1546-1555	Baukosten	1. Richtig[6]	1. Angemessen[6]	1. Verständlich[6]	*[6]	*[6]	*[6]	Preis/Betrieb vorhanden[6]	*[6]	*[6]	*[6]	Contra A[6]	*[6]	*[6]	_	_	Hauptteil[12]	2. Data[30]	
22-3	1556-1561	mögen	1. Richtig[6]	1. Angemessen[6]	1. Verständlich[6]	*[6]	*[6]	*[6]	Preis/Betrieb vorhanden[6]	*[6]	*[6]	*[6]	Contra A[6]	*[6]	*[6]	_	_	Hauptteil[12]	2. Data[30]	
22-4	1562-1566	zwar	1. Richtig[6]	1. Angemessen[6]	1. Verständlich[6]	*[6]	*[6]	*[6]	Preis/Betrieb vorhanden[6]	*[6]	*[6]	*[6]	Contra A[6]	*[6]	*[6]	_	_	Hauptteil[12]	2. Data[30]	
22-5	1567-1571	hoch	1. Richtig[6]	1. Angemessen[6]	1. Verständlich[6]	*[6]	*[6]	*[6]	Preis/Betrieb vorhanden[6]	*[6]	*[6]	*[6]	Contra A[6]	*[6]	*[6]	_	_	Hauptteil[12]	2. Data[30]	
22-6	1572-1576	sein	1. Richtig[6]	1. Angemessen[6]	1. Verständlich[6]	*[6]	*[6]	*[6]	Preis/Betrieb vorhanden[6]	*[6]	*[6]	*[6]	Contra A[6]	*[6]	*[6]	_	_	Hauptteil[12]	2. Data[30]	
22-7	1576-1577	,	1. Richtig[6]	1. Angemessen[6]	1. Verständlich[6]	*[6]	*[6]	*[6]	Preis/Betrieb vorhanden[6]	*[6]	*[6]	*[6]	Contra A[6]	*[6]	*[6]	_	_	Hauptteil[12]	2. Data[30]	
22-8	1578-1582	sind	1. Richtig[6]	1. Angemessen[6]	1. Verständlich[6]	*[6]	*[6]	*[6]	Preis/Betrieb vorhanden[6]	*[6]	*[6]	*[6]	Contra A[6]	*[6]	*[6]	_	_	Hauptteil[12]	4. Rebuttal[31]	
22-9	1583-1593	allerdings	1. Richtig[6]	1. Angemessen[6]	1. Verständlich[6]	*[6]	*[6]	*[6]	Preis/Betrieb vorhanden[6]	*[6]	*[6]	*[6]	Contra A[6]	*[6]	*[6]	_	_	Hauptteil[12]	4. Rebuttal[31]	
22-10	1594-1598	kein	1. Richtig[6]	1. Angemessen[6]	1. Verständlich[6]	*[6]	*[6]	*[6]	Preis/Betrieb vorhanden[6]	*[6]	*[6]	*[6]	Contra A[6]	*[6]	*[6]	_	_	Hauptteil[12]	4. Rebuttal[31]	
22-11	1599-1606	Problem	1. Richtig[6]	1. Angemessen[6]	1. Verständlich[6]	*[6]	*[6]	*[6]	Preis/Betrieb vorhanden[6]	*[6]	*[6]	*[6]	Contra A[6]	*[6]	*[6]	_	_	Hauptteil[12]	4. Rebuttal[31]	
22-12	1607-1610	für	1. Richtig[6]	1. Angemessen[6]	1. Verständlich[6]	*[6]	*[6]	*[6]	Preis/Betrieb vorhanden[6]	*[6]	*[6]	*[6]	Contra A[6]	*[6]	*[6]	_	_	Hauptteil[12]	4. Rebuttal[31]	
22-13	1611-1614	ein	1. Richtig[6]	1. Angemessen[6]	1. Verständlich[6]	*[6]	*[6]	*[6]	Preis/Betrieb vorhanden[6]	*[6]	*[6]	*[6]	Contra A[6]	*[6]	*[6]	_	_	Hauptteil[12]	4. Rebuttal[31]	
22-14	1615-1624	gewilltes	1. Richtig[6]	1. Angemessen[6]	1. Verständlich[6]	*[6]	*[6]	*[6]	Preis/Betrieb vorhanden[6]	*[6]	*[6]	*[6]	Contra A[6]	*[6]	*[6]	_	_	Hauptteil[12]	4. Rebuttal[31]	
22-15	1625-1640	Norddeutschland	1. Richtig[6]	1. Angemessen[6]	1. Verständlich[6]	*[6]	*[6]	*[6]	Preis/Betrieb vorhanden[6]	*[6]	*[6]	*[6]	Contra A[6]	*[6]	*[6]	_	_	Hauptteil[12]	4. Rebuttal[31]	
22-16	1640-1641	.	1. Richtig[6]	1. Angemessen[6]	1. Verständlich[6]	*[6]	*[6]	*[6]	Preis/Betrieb vorhanden[6]	*[6]	*[6]	*[6]	Contra A[6]	*[6]	*[6]	_	_	Hauptteil[12]	4. Rebuttal[31]	

23-1	1642-1645	Die	1. Richtig[7]	1. Angemessen[7]	1. Verständlich[7]	*[7]	*[7]	*[7]	*[7]	*[7]	Treibhausgasemissionen vorhanden[7]	*[7]	Pro A[7]	*[7]	*[7]	_	_	Hauptteil[12]	1. Claim[32]	
23-2	1646-1654	geringen	1. Richtig[7]	1. Angemessen[7]	1. Verständlich[7]	*[7]	*[7]	*[7]	*[7]	*[7]	Treibhausgasemissionen vorhanden[7]	*[7]	Pro A[7]	*[7]	*[7]	_	_	Hauptteil[12]	1. Claim[32]	
23-3	1655-1674	Treibhausemissionen	1. Richtig[7]	1. Angemessen[7]	1. Verständlich[7]	*[7]	*[7]	*[7]	*[7]	*[7]	Treibhausgasemissionen vorhanden[7]	*[7]	Pro A[7]	*[7]	*[7]	_	_	Hauptteil[12]	1. Claim[32]	
23-4	1675-1681	machen	1. Richtig[7]	1. Angemessen[7]	1. Verständlich[7]	*[7]	*[7]	*[7]	*[7]	*[7]	Treibhausgasemissionen vorhanden[7]	*[7]	Pro A[7]	*[7]	*[7]	_	_	Hauptteil[12]	1. Claim[32]	
23-5	1682-1687	diese	1. Richtig[7]	1. Angemessen[7]	1. Verständlich[7]	*[7]	*[7]	*[7]	*[7]	*[7]	Treibhausgasemissionen vorhanden[7]	*[7]	Pro A[7]	*[7]	*[7]	_	_	Hauptteil[12]	1. Claim[32]	
23-6	1688-1699	Technologie	1. Richtig[7]	1. Angemessen[7]	1. Verständlich[7]	*[7]	*[7]	*[7]	*[7]	*[7]	Treibhausgasemissionen vorhanden[7]	*[7]	Pro A[7]	*[7]	*[7]	_	_	Hauptteil[12]	1. Claim[32]	
23-7	1700-1702	zu	1. Richtig[7]	1. Angemessen[7]	1. Verständlich[7]	*[7]	*[7]	*[7]	*[7]	*[7]	Treibhausgasemissionen vorhanden[7]	*[7]	Pro A[7]	*[7]	*[7]	_	_	Hauptteil[12]	1. Claim[32]	
23-8	1703-1708	einem	1. Richtig[7]	1. Angemessen[7]	1. Verständlich[7]	*[7]	*[7]	*[7]	*[7]	*[7]	Treibhausgasemissionen vorhanden[7]	*[7]	Pro A[7]	*[7]	*[7]	_	_	Hauptteil[12]	1. Claim[32]	
23-9	1709-1713	sehr	1. Richtig[7]	1. Angemessen[7]	1. Verständlich[7]	*[7]	*[7]	*[7]	*[7]	*[7]	Treibhausgasemissionen vorhanden[7]	*[7]	Pro A[7]	*[7]	*[7]	_	_	Hauptteil[12]	1. Claim[32]	
23-10	1714-1730	Umweltschonendem	1. Richtig[7]	1. Angemessen[7]	1. Verständlich[7]	*[7]	*[7]	*[7]	*[7]	*[7]	Treibhausgasemissionen vorhanden[7]	*[7]	Pro A[7]	*[7]	*[7]	_	_	Hauptteil[12]	1. Claim[32]	
23-11	1731-1746	Machtinstrument	1. Richtig[7]	1. Angemessen[7]	1. Verständlich[7]	*[7]	*[7]	*[7]	*[7]	*[7]	Treibhausgasemissionen vorhanden[7]	*[7]	Pro A[7]	*[7]	*[7]	_	_	Hauptteil[12]	1. Claim[32]	
23-12	1746-1747	.	1. Richtig[7]	1. Angemessen[7]	1. Verständlich[7]	*[7]	*[7]	*[7]	*[7]	*[7]	Treibhausgasemissionen vorhanden[7]	*[7]	Pro A[7]	*[7]	*[7]	_	_	Hauptteil[12]	1. Claim[32]	

24-1	1749-1755	Sobald	3. Nicht zutreffend[8]	3. Nicht zutreffend[8]	1. Verständlich[8]	*[8]	*[8]	*[8]	*[8]	Sonstiges vorhanden[8]	*[8]	*[8]	Pro A[8]	*[8]	*[8]	_	_	Hauptteil[12]	1. Claim[33]	
24-2	1756-1771	Norddeutschland	3. Nicht zutreffend[8]	3. Nicht zutreffend[8]	1. Verständlich[8]	*[8]	*[8]	*[8]	*[8]	Sonstiges vorhanden[8]	*[8]	*[8]	Pro A[8]	*[8]	*[8]	_	_	Hauptteil[12]	1. Claim[33]	
24-3	1772-1780	Dänemark	3. Nicht zutreffend[8]	3. Nicht zutreffend[8]	1. Verständlich[8]	*[8]	*[8]	*[8]	*[8]	Sonstiges vorhanden[8]	*[8]	*[8]	Pro A[8]	*[8]	*[8]	_	_	Hauptteil[12]	1. Claim[33]	
24-4	1781-1784	und	3. Nicht zutreffend[8]	3. Nicht zutreffend[8]	1. Verständlich[8]	*[8]	*[8]	*[8]	*[8]	Sonstiges vorhanden[8]	*[8]	*[8]	Pro A[8]	*[8]	*[8]	_	_	Hauptteil[12]	1. Claim[33]	
24-5	1785-1788	die	3. Nicht zutreffend[8]	3. Nicht zutreffend[8]	1. Verständlich[8]	*[8]	*[8]	*[8]	*[8]	Sonstiges vorhanden[8]	*[8]	*[8]	Pro A[8]	*[8]	*[8]	_	_	Hauptteil[12]	1. Claim[33]	
24-6	1789-1797	Dänische	3. Nicht zutreffend[8]	3. Nicht zutreffend[8]	1. Verständlich[8]	*[8]	*[8]	*[8]	*[8]	Sonstiges vorhanden[8]	*[8]	*[8]	Pro A[8]	*[8]	*[8]	_	_	Hauptteil[12]	1. Claim[33]	
24-7	1798-1804	Südsee	3. Nicht zutreffend[8]	3. Nicht zutreffend[8]	1. Verständlich[8]	*[8]	*[8]	*[8]	*[8]	Sonstiges vorhanden[8]	*[8]	*[8]	Pro A[8]	*[8]	*[8]	_	_	Hauptteil[12]	1. Claim[33]	
24-8	1805-1807	an	3. Nicht zutreffend[8]	3. Nicht zutreffend[8]	1. Verständlich[8]	*[8]	*[8]	*[8]	*[8]	Sonstiges vorhanden[8]	*[8]	*[8]	Pro A[8]	*[8]	*[8]	_	_	Hauptteil[12]	1. Claim[33]	
24-9	1808-1823	Norddeutschland	3. Nicht zutreffend[8]	3. Nicht zutreffend[8]	1. Verständlich[8]	*[8]	*[8]	*[8]	*[8]	Sonstiges vorhanden[8]	*[8]	*[8]	Pro A[8]	*[8]	*[8]	_	_	Hauptteil[12]	1. Claim[33]	
24-10	1824-1830	zwangs	3. Nicht zutreffend[8]	3. Nicht zutreffend[8]	1. Verständlich[8]	*[8]	*[8]	*[8]	*[8]	Sonstiges vorhanden[8]	*[8]	*[8]	Pro A[8]	*[8]	*[8]	_	_	Hauptteil[12]	1. Claim[33]	
24-11	1831-1843	Angegliedert	3. Nicht zutreffend[8]	3. Nicht zutreffend[8]	1. Verständlich[8]	*[8]	*[8]	*[8]	*[8]	Sonstiges vorhanden[8]	*[8]	*[8]	Pro A[8]	*[8]	*[8]	_	_	Hauptteil[12]	1. Claim[33]	
24-12	1844-1847	hat	3. Nicht zutreffend[8]	3. Nicht zutreffend[8]	1. Verständlich[8]	*[8]	*[8]	*[8]	*[8]	Sonstiges vorhanden[8]	*[8]	*[8]	Pro A[8]	*[8]	*[8]	_	_	Hauptteil[12]	1. Claim[33]	
24-13	1847-1848	,	3. Nicht zutreffend[8]	3. Nicht zutreffend[8]	1. Verständlich[8]	*[8]	*[8]	*[8]	*[8]	Sonstiges vorhanden[8]	*[8]	*[8]	Pro A[8]	*[8]	*[8]	_	_	Hauptteil[12]	1. Claim[33]	
24-14	1849-1853	kann	3. Nicht zutreffend[8]	3. Nicht zutreffend[8]	1. Verständlich[8]	*[8]	*[8]	*[8]	*[8]	Sonstiges vorhanden[8]	*[8]	*[8]	Pro A[8]	*[8]	*[8]	_	_	Hauptteil[12]	1. Claim[34]	
24-15	1854-1857	die	3. Nicht zutreffend[8]	3. Nicht zutreffend[8]	1. Verständlich[8]	*[8]	*[8]	*[8]	*[8]	Sonstiges vorhanden[8]	*[8]	*[8]	Pro A[8]	*[8]	*[8]	_	_	Hauptteil[12]	1. Claim[34]	
24-16	1858-1863	ganze	3. Nicht zutreffend[8]	3. Nicht zutreffend[8]	1. Verständlich[8]	*[8]	*[8]	*[8]	*[8]	Sonstiges vorhanden[8]	*[8]	*[8]	Pro A[8]	*[8]	*[8]	_	_	Hauptteil[12]	1. Claim[34]	
24-17	1864-1870	Ostsee	3. Nicht zutreffend[8]	3. Nicht zutreffend[8]	1. Verständlich[8]	*[8]	*[8]	*[8]	*[8]	Sonstiges vorhanden[8]	*[8]	*[8]	Pro A[8]	*[8]	*[8]	_	_	Hauptteil[12]	1. Claim[34]	
24-18	1871-1873	zu	3. Nicht zutreffend[8]	3. Nicht zutreffend[8]	1. Verständlich[8]	*[8]	*[8]	*[8]	*[8]	Sonstiges vorhanden[8]	*[8]	*[8]	Pro A[8]	*[8]	*[8]	_	_	Hauptteil[12]	1. Claim[34]	
24-19	1874-1879	einem	3. Nicht zutreffend[8]	3. Nicht zutreffend[8]	1. Verständlich[8]	*[8]	*[8]	*[8]	*[8]	Sonstiges vorhanden[8]	*[8]	*[8]	Pro A[8]	*[8]	*[8]	_	_	Hauptteil[12]	1. Claim[34]	
24-20	1880-1886	riesen	3. Nicht zutreffend[8]	3. Nicht zutreffend[8]	1. Verständlich[8]	*[8]	*[8]	*[8]	*[8]	Sonstiges vorhanden[8]	*[8]	*[8]	Pro A[8]	*[8]	*[8]	_	_	Hauptteil[12]	1. Claim[34]	
24-21	1887-1902	Wasserkraftwerk	3. Nicht zutreffend[8]	3. Nicht zutreffend[8]	1. Verständlich[8]	*[8]	*[8]	*[8]	*[8]	Sonstiges vorhanden[8]	*[8]	*[8]	Pro A[8]	*[8]	*[8]	_	_	Hauptteil[12]	1. Claim[34]	
24-22	1903-1911	umgebaut	3. Nicht zutreffend[8]	3. Nicht zutreffend[8]	1. Verständlich[8]	*[8]	*[8]	*[8]	*[8]	Sonstiges vorhanden[8]	*[8]	*[8]	Pro A[8]	*[8]	*[8]	_	_	Hauptteil[12]	1. Claim[34]	
24-23	1912-1918	werden	3. Nicht zutreffend[8]	3. Nicht zutreffend[8]	1. Verständlich[8]	*[8]	*[8]	*[8]	*[8]	Sonstiges vorhanden[8]	*[8]	*[8]	Pro A[8]	*[8]	*[8]	_	_	Hauptteil[12]	1. Claim[34]	
24-24	1918-1919	.	3. Nicht zutreffend[8]	3. Nicht zutreffend[8]	1. Verständlich[8]	*[8]	*[8]	*[8]	*[8]	Sonstiges vorhanden[8]	*[8]	*[8]	Pro A[8]	*[8]	*[8]	_	_	Hauptteil[12]	1. Claim[34]	

25-1	1920-1923	Die	3. Nicht zutreffend[8]	3. Nicht zutreffend[8]	1. Verständlich[8]	*[8]	*[8]	*[8]	*[8]	Sonstiges vorhanden[8]	*[8]	*[8]	Pro A[8]	*[8]	*[8]	_	_	Hauptteil[12]	1. Claim[35]	
25-2	1924-1932	dänische	3. Nicht zutreffend[8]	3. Nicht zutreffend[8]	1. Verständlich[8]	*[8]	*[8]	*[8]	*[8]	Sonstiges vorhanden[8]	*[8]	*[8]	Pro A[8]	*[8]	*[8]	_	_	Hauptteil[12]	1. Claim[35]	
25-3	1933-1939	Südsee	3. Nicht zutreffend[8]	3. Nicht zutreffend[8]	1. Verständlich[8]	*[8]	*[8]	*[8]	*[8]	Sonstiges vorhanden[8]	*[8]	*[8]	Pro A[8]	*[8]	*[8]	_	_	Hauptteil[12]	1. Claim[35]	
25-4	1940-1945	Dient	3. Nicht zutreffend[8]	3. Nicht zutreffend[8]	1. Verständlich[8]	*[8]	*[8]	*[8]	*[8]	Sonstiges vorhanden[8]	*[8]	*[8]	Pro A[8]	*[8]	*[8]	_	_	Hauptteil[12]	1. Claim[35]	
25-5	1946-1951	dabei	3. Nicht zutreffend[8]	3. Nicht zutreffend[8]	1. Verständlich[8]	*[8]	*[8]	*[8]	*[8]	Sonstiges vorhanden[8]	*[8]	*[8]	Pro A[8]	*[8]	*[8]	_	_	Hauptteil[12]	1. Claim[35]	
25-6	1952-1955	als	3. Nicht zutreffend[8]	3. Nicht zutreffend[8]	1. Verständlich[8]	*[8]	*[8]	*[8]	*[8]	Sonstiges vorhanden[8]	*[8]	*[8]	Pro A[8]	*[8]	*[8]	_	_	Hauptteil[12]	1. Claim[35]	
25-7	1956-1963	einfach	3. Nicht zutreffend[8]	3. Nicht zutreffend[8]	1. Verständlich[8]	*[8]	*[8]	*[8]	*[8]	Sonstiges vorhanden[8]	*[8]	*[8]	Pro A[8]	*[8]	*[8]	_	_	Hauptteil[12]	1. Claim[35]	
25-8	1964-1966	zu	3. Nicht zutreffend[8]	3. Nicht zutreffend[8]	1. Verständlich[8]	*[8]	*[8]	*[8]	*[8]	Sonstiges vorhanden[8]	*[8]	*[8]	Pro A[8]	*[8]	*[8]	_	_	Hauptteil[12]	1. Claim[35]	
25-9	1967-1976	bebauende	3. Nicht zutreffend[8]	3. Nicht zutreffend[8]	1. Verständlich[8]	*[8]	*[8]	*[8]	*[8]	Sonstiges vorhanden[8]	*[8]	*[8]	Pro A[8]	*[8]	*[8]	_	_	Hauptteil[12]	1. Claim[35]	
25-10	1977-1986	Schlüssel	3. Nicht zutreffend[8]	3. Nicht zutreffend[8]	1. Verständlich[8]	*[8]	*[8]	*[8]	*[8]	Sonstiges vorhanden[8]	*[8]	*[8]	Pro A[8]	*[8]	*[8]	_	_	Hauptteil[12]	1. Claim[35]	
25-11	1987-1993	Region	3. Nicht zutreffend[8]	3. Nicht zutreffend[8]	1. Verständlich[8]	*[8]	*[8]	*[8]	*[8]	Sonstiges vorhanden[8]	*[8]	*[8]	Pro A[8]	*[8]	*[8]	_	_	Hauptteil[12]	1. Claim[35]	
25-12	1993-1994	,	3. Nicht zutreffend[8]	3. Nicht zutreffend[8]	1. Verständlich[8]	*[8]	*[8]	*[8]	*[8]	Sonstiges vorhanden[8]	*[8]	*[8]	Pro A[8]	*[8]	*[8]	_	_	Hauptteil[12]	1. Claim[35]	
25-13	1995-1998	von	3. Nicht zutreffend[8]	3. Nicht zutreffend[8]	1. Verständlich[8]	*[8]	*[8]	*[8]	*[8]	Sonstiges vorhanden[8]	*[8]	*[8]	Pro A[8]	*[8]	*[8]	_	_	Hauptteil[12]	1. Claim[35]	
25-14	1999-2002	der	3. Nicht zutreffend[8]	3. Nicht zutreffend[8]	1. Verständlich[8]	*[8]	*[8]	*[8]	*[8]	Sonstiges vorhanden[8]	*[8]	*[8]	Pro A[8]	*[8]	*[8]	_	_	Hauptteil[12]	1. Claim[35]	
25-15	2003-2008	alles	3. Nicht zutreffend[8]	3. Nicht zutreffend[8]	1. Verständlich[8]	*[8]	*[8]	*[8]	*[8]	Sonstiges vorhanden[8]	*[8]	*[8]	Pro A[8]	*[8]	*[8]	_	_	Hauptteil[12]	1. Claim[35]	
25-16	2009-2016	abhängt	3. Nicht zutreffend[8]	3. Nicht zutreffend[8]	1. Verständlich[8]	*[8]	*[8]	*[8]	*[8]	Sonstiges vorhanden[8]	*[8]	*[8]	Pro A[8]	*[8]	*[8]	_	_	Hauptteil[12]	1. Claim[35]	
25-17	2016-2017	.	3. Nicht zutreffend[8]	3. Nicht zutreffend[8]	1. Verständlich[8]	*[8]	*[8]	*[8]	*[8]	Sonstiges vorhanden[8]	*[8]	*[8]	Pro A[8]	*[8]	*[8]	_	_	Hauptteil[12]	1. Claim[35]	

26-1	2018-2025	Deshalb	3. Nicht zutreffend[8]	3. Nicht zutreffend[8]	1. Verständlich[8]	*[8]	*[8]	*[8]	*[8]	Sonstiges vorhanden[8]	*[8]	*[8]	Pro A[8]	*[8]	*[8]	2. Cut-off[10]	Gesamtthese[10]	Hauptteil[12]	1. Claim[36]	
26-2	2026-2029	ist	3. Nicht zutreffend[8]	3. Nicht zutreffend[8]	1. Verständlich[8]	*[8]	*[8]	*[8]	*[8]	Sonstiges vorhanden[8]	*[8]	*[8]	Pro A[8]	*[8]	*[8]	2. Cut-off[10]	Gesamtthese[10]	Hauptteil[12]	1. Claim[36]	
26-3	2030-2033	die	3. Nicht zutreffend[8]	3. Nicht zutreffend[8]	1. Verständlich[8]	*[8]	*[8]	*[8]	*[8]	Sonstiges vorhanden[8]	*[8]	*[8]	Pro A[8]	*[8]	*[8]	2. Cut-off[10]	Gesamtthese[10]	Hauptteil[12]	1. Claim[36]	
26-4	2034-2043	Förderung	3. Nicht zutreffend[8]	3. Nicht zutreffend[8]	1. Verständlich[8]	*[8]	*[8]	*[8]	*[8]	Sonstiges vorhanden[8]	*[8]	*[8]	Pro A[8]	*[8]	*[8]	2. Cut-off[10]	Gesamtthese[10]	Hauptteil[12]	1. Claim[36]	
26-5	2044-2047	von	3. Nicht zutreffend[8]	3. Nicht zutreffend[8]	1. Verständlich[8]	*[8]	*[8]	*[8]	*[8]	Sonstiges vorhanden[8]	*[8]	*[8]	Pro A[8]	*[8]	*[8]	2. Cut-off[10]	Gesamtthese[10]	Hauptteil[12]	1. Claim[36]	
26-6	2048-2066	Wasserkraftanlagen	3. Nicht zutreffend[8]	3. Nicht zutreffend[8]	1. Verständlich[8]	*[8]	*[8]	*[8]	*[8]	Sonstiges vorhanden[8]	*[8]	*[8]	Pro A[8]	*[8]	*[8]	2. Cut-off[10]	Gesamtthese[10]	Hauptteil[12]	1. Claim[36]	
26-7	2067-2076	umbedingt	3. Nicht zutreffend[8]	3. Nicht zutreffend[8]	1. Verständlich[8]	*[8]	*[8]	*[8]	*[8]	Sonstiges vorhanden[8]	*[8]	*[8]	Pro A[8]	*[8]	*[8]	2. Cut-off[10]	Gesamtthese[10]	Hauptteil[12]	1. Claim[36]	
26-8	2077-2085	notwenig	3. Nicht zutreffend[8]	3. Nicht zutreffend[8]	1. Verständlich[8]	*[8]	*[8]	*[8]	*[8]	Sonstiges vorhanden[8]	*[8]	*[8]	Pro A[8]	*[8]	*[8]	2. Cut-off[10]	Gesamtthese[10]	Hauptteil[12]	1. Claim[36]	
26-9	2085-2086	.	3. Nicht zutreffend[8]	3. Nicht zutreffend[8]	1. Verständlich[8]	*[8]	*[8]	*[8]	*[8]	Sonstiges vorhanden[8]	*[8]	*[8]	Pro A[8]	*[8]	*[8]	2. Cut-off[10]	Gesamtthese[10]	Hauptteil[12]	1. Claim[36]	

27-1	2088-2094	Sobald	3. Nicht zutreffend[8]	3. Nicht zutreffend[8]	1. Verständlich[8]	*[8]	*[8]	*[8]	*[8]	Sonstiges vorhanden[8]	*[8]	*[8]	Pro A[8]	*[8]	*[8]	_	_	Hauptteil[12]	1. Claim[37]	
27-2	2095-2101	einmal	3. Nicht zutreffend[8]	3. Nicht zutreffend[8]	1. Verständlich[8]	*[8]	*[8]	*[8]	*[8]	Sonstiges vorhanden[8]	*[8]	*[8]	Pro A[8]	*[8]	*[8]	_	_	Hauptteil[12]	1. Claim[37]	
27-3	2102-2105	die	3. Nicht zutreffend[8]	3. Nicht zutreffend[8]	1. Verständlich[8]	*[8]	*[8]	*[8]	*[8]	Sonstiges vorhanden[8]	*[8]	*[8]	Pro A[8]	*[8]	*[8]	_	_	Hauptteil[12]	1. Claim[37]	
27-4	2106-2112	Ostsee	3. Nicht zutreffend[8]	3. Nicht zutreffend[8]	1. Verständlich[8]	*[8]	*[8]	*[8]	*[8]	Sonstiges vorhanden[8]	*[8]	*[8]	Pro A[8]	*[8]	*[8]	_	_	Hauptteil[12]	1. Claim[37]	
27-5	2113-2127	Unterkontrolle	3. Nicht zutreffend[8]	3. Nicht zutreffend[8]	1. Verständlich[8]	*[8]	*[8]	*[8]	*[8]	Sonstiges vorhanden[8]	*[8]	*[8]	Pro A[8]	*[8]	*[8]	_	_	Hauptteil[12]	1. Claim[37]	
27-6	2128-2131	ist	3. Nicht zutreffend[8]	3. Nicht zutreffend[8]	1. Verständlich[8]	*[8]	*[8]	*[8]	*[8]	Sonstiges vorhanden[8]	*[8]	*[8]	Pro A[8]	*[8]	*[8]	_	_	Hauptteil[12]	1. Claim[37]	
27-7	2131-2132	,	3. Nicht zutreffend[8]	3. Nicht zutreffend[8]	1. Verständlich[8]	*[8]	*[8]	*[8]	*[8]	Sonstiges vorhanden[8]	*[8]	*[8]	Pro A[8]	*[8]	*[8]	_	_	Hauptteil[12]	1. Claim[37]	
27-8	2133-2138	steht	3. Nicht zutreffend[8]	3. Nicht zutreffend[8]	1. Verständlich[8]	*[8]	*[8]	*[8]	*[8]	Sonstiges vorhanden[8]	*[8]	*[8]	Pro A[8]	*[8]	*[8]	_	_	Hauptteil[12]	1. Claim[37]	
27-9	2139-2143	nahe	3. Nicht zutreffend[8]	3. Nicht zutreffend[8]	1. Verständlich[8]	*[8]	*[8]	*[8]	*[8]	Sonstiges vorhanden[8]	*[8]	*[8]	Pro A[8]	*[8]	*[8]	_	_	Hauptteil[12]	1. Claim[37]	
27-10	2144-2146	zu	3. Nicht zutreffend[8]	3. Nicht zutreffend[8]	1. Verständlich[8]	*[8]	*[8]	*[8]	*[8]	Sonstiges vorhanden[8]	*[8]	*[8]	Pro A[8]	*[8]	*[8]	_	_	Hauptteil[12]	1. Claim[37]	
27-11	2147-2156	unendlich	3. Nicht zutreffend[8]	3. Nicht zutreffend[8]	1. Verständlich[8]	*[8]	*[8]	*[8]	*[8]	Sonstiges vorhanden[8]	*[8]	*[8]	Pro A[8]	*[8]	*[8]	_	_	Hauptteil[12]	1. Claim[37]	
27-12	2157-2164	Energie	3. Nicht zutreffend[8]	3. Nicht zutreffend[8]	1. Verständlich[8]	*[8]	*[8]	*[8]	*[8]	Sonstiges vorhanden[8]	*[8]	*[8]	Pro A[8]	*[8]	*[8]	_	_	Hauptteil[12]	1. Claim[37]	
27-13	2165-2168	zur	3. Nicht zutreffend[8]	3. Nicht zutreffend[8]	1. Verständlich[8]	*[8]	*[8]	*[8]	*[8]	Sonstiges vorhanden[8]	*[8]	*[8]	Pro A[8]	*[8]	*[8]	_	_	Hauptteil[12]	1. Claim[37]	
27-14	2169-2178	Verfügung	3. Nicht zutreffend[8]	3. Nicht zutreffend[8]	1. Verständlich[8]	*[8]	*[8]	*[8]	*[8]	Sonstiges vorhanden[8]	*[8]	*[8]	Pro A[8]	*[8]	*[8]	_	_	Hauptteil[12]	1. Claim[37]	
27-15	2178-2179	.	3. Nicht zutreffend[8]	3. Nicht zutreffend[8]	1. Verständlich[8]	*[8]	*[8]	*[8]	*[8]	Sonstiges vorhanden[8]	*[8]	*[8]	Pro A[8]	*[8]	*[8]	_	_	Hauptteil[12]	1. Claim[37]	

28-1	2180-2186	Welche	3. Nicht zutreffend[8]	3. Nicht zutreffend[8]	1. Verständlich[8]	*[8]	*[8]	*[8]	*[8]	Sonstiges vorhanden[8]	*[8]	*[8]	Pro A[8]	*[8]	*[8]	_	_	Hauptteil[12]	1. Claim[38]	
28-2	2187-2190	für	3. Nicht zutreffend[8]	3. Nicht zutreffend[8]	1. Verständlich[8]	*[8]	*[8]	*[8]	*[8]	Sonstiges vorhanden[8]	*[8]	*[8]	Pro A[8]	*[8]	*[8]	_	_	Hauptteil[12]	1. Claim[38]	
28-3	2191-2201	großartige	3. Nicht zutreffend[8]	3. Nicht zutreffend[8]	1. Verständlich[8]	*[8]	*[8]	*[8]	*[8]	Sonstiges vorhanden[8]	*[8]	*[8]	Pro A[8]	*[8]	*[8]	_	_	Hauptteil[12]	1. Claim[38]	
28-4	2202-2210	Projekte	3. Nicht zutreffend[8]	3. Nicht zutreffend[8]	1. Verständlich[8]	*[8]	*[8]	*[8]	*[8]	Sonstiges vorhanden[8]	*[8]	*[8]	Pro A[8]	*[8]	*[8]	_	_	Hauptteil[12]	1. Claim[38]	
28-5	2211-2221	eingesetzt	3. Nicht zutreffend[8]	3. Nicht zutreffend[8]	1. Verständlich[8]	*[8]	*[8]	*[8]	*[8]	Sonstiges vorhanden[8]	*[8]	*[8]	Pro A[8]	*[8]	*[8]	_	_	Hauptteil[12]	1. Claim[38]	
28-6	2222-2228	werden	3. Nicht zutreffend[8]	3. Nicht zutreffend[8]	1. Verständlich[8]	*[8]	*[8]	*[8]	*[8]	Sonstiges vorhanden[8]	*[8]	*[8]	Pro A[8]	*[8]	*[8]	_	_	Hauptteil[12]	1. Claim[38]	
28-7	2229-2233	kann	3. Nicht zutreffend[8]	3. Nicht zutreffend[8]	1. Verständlich[8]	*[8]	*[8]	*[8]	*[8]	Sonstiges vorhanden[8]	*[8]	*[8]	Pro A[8]	*[8]	*[8]	_	_	Hauptteil[12]	1. Claim[38]	
28-8	2233-2234	.	3. Nicht zutreffend[8]	3. Nicht zutreffend[8]	1. Verständlich[8]	*[8]	*[8]	*[8]	*[8]	Sonstiges vorhanden[8]	*[8]	*[8]	Pro A[8]	*[8]	*[8]	_	_	Hauptteil[12]	1. Claim[38]	
