#FORMAT=WebAnno TSV 3.3
#T_SP=webanno.custom.Argument|Accuracy|Adequacy|Clarity|KriteriumJahresertragEnergiedichte|KriteriumLebensdauerVerfgbarkeit|KriteriumLokaleEmissionenGeruschemissionen|KriteriumPreisBetrieb|KriteriumSonstiges|KriteriumTreibhausgasemissionen|KriteriumWirkungsgrad|OptionA|OptionB|OptionC
#T_SP=webanno.custom.Struktur|Struktur
#T_SP=webanno.custom.StrukturTAP|TAPArgumente


1-1	0-3	Die	_	_	_	_	_	_	_	_	_	_	_	_	_	Einleitung[2]	_	
1-2	4-26	Treibhausgasemessionen	_	_	_	_	_	_	_	_	_	_	_	_	_	Einleitung[2]	_	
1-3	27-30	des	_	_	_	_	_	_	_	_	_	_	_	_	_	Einleitung[2]	_	
1-4	31-45	Energiesektors	_	_	_	_	_	_	_	_	_	_	_	_	_	Einleitung[2]	_	
1-5	46-52	sollen	_	_	_	_	_	_	_	_	_	_	_	_	_	Einleitung[2]	_	
1-6	53-62	drastisch	_	_	_	_	_	_	_	_	_	_	_	_	_	Einleitung[2]	_	
1-7	63-72	reduziert	_	_	_	_	_	_	_	_	_	_	_	_	_	Einleitung[2]	_	
1-8	73-79	werden	_	_	_	_	_	_	_	_	_	_	_	_	_	Einleitung[2]	_	
1-9	79-80	,	_	_	_	_	_	_	_	_	_	_	_	_	_	Einleitung[2]	_	
1-10	81-84	und	_	_	_	_	_	_	_	_	_	_	_	_	_	Einleitung[2]	_	
1-11	85-87	um	_	_	_	_	_	_	_	_	_	_	_	_	_	Einleitung[2]	_	
1-12	88-94	dieses	_	_	_	_	_	_	_	_	_	_	_	_	_	Einleitung[2]	_	
1-13	95-99	Ziel	_	_	_	_	_	_	_	_	_	_	_	_	_	Einleitung[2]	_	
1-14	100-102	zu	_	_	_	_	_	_	_	_	_	_	_	_	_	Einleitung[2]	_	
1-15	103-112	erreichen	_	_	_	_	_	_	_	_	_	_	_	_	_	Einleitung[2]	_	
1-16	113-119	bedarf	_	_	_	_	_	_	_	_	_	_	_	_	_	Einleitung[2]	_	
1-17	120-122	es	_	_	_	_	_	_	_	_	_	_	_	_	_	Einleitung[2]	_	
1-18	123-128	eines	_	_	_	_	_	_	_	_	_	_	_	_	_	Einleitung[2]	_	
1-19	129-138	umstieges	_	_	_	_	_	_	_	_	_	_	_	_	_	Einleitung[2]	_	
1-20	139-142	auf	_	_	_	_	_	_	_	_	_	_	_	_	_	Einleitung[2]	_	
1-21	143-147	eine	_	_	_	_	_	_	_	_	_	_	_	_	_	Einleitung[2]	_	
1-22	148-152	neue	_	_	_	_	_	_	_	_	_	_	_	_	_	Einleitung[2]	_	
1-23	153-156	Art	_	_	_	_	_	_	_	_	_	_	_	_	_	Einleitung[2]	_	
1-24	157-160	der	_	_	_	_	_	_	_	_	_	_	_	_	_	Einleitung[2]	_	
1-25	161-177	Energiegewinnung	_	_	_	_	_	_	_	_	_	_	_	_	_	Einleitung[2]	_	
1-26	177-178	.	_	_	_	_	_	_	_	_	_	_	_	_	_	Einleitung[2]	_	

2-1	179-185	Welche	_	_	_	_	_	_	_	_	_	_	_	_	_	Einleitung[2]	_	
2-2	186-193	hierbei	_	_	_	_	_	_	_	_	_	_	_	_	_	Einleitung[2]	_	
2-3	194-196	zu	_	_	_	_	_	_	_	_	_	_	_	_	_	Einleitung[2]	_	
2-4	197-203	wählen	_	_	_	_	_	_	_	_	_	_	_	_	_	Einleitung[2]	_	
2-5	204-207	ist	_	_	_	_	_	_	_	_	_	_	_	_	_	Einleitung[2]	_	
2-6	208-212	wird	_	_	_	_	_	_	_	_	_	_	_	_	_	Einleitung[2]	_	
2-7	213-215	in	_	_	_	_	_	_	_	_	_	_	_	_	_	Einleitung[2]	_	
2-8	216-219	den	_	_	_	_	_	_	_	_	_	_	_	_	_	Einleitung[2]	_	
2-9	220-229	folgenden	_	_	_	_	_	_	_	_	_	_	_	_	_	Einleitung[2]	_	
2-10	230-236	Zeilen	_	_	_	_	_	_	_	_	_	_	_	_	_	Einleitung[2]	_	
2-11	237-247	diskutiert	_	_	_	_	_	_	_	_	_	_	_	_	_	Einleitung[2]	_	
2-12	247-248	.	_	_	_	_	_	_	_	_	_	_	_	_	_	Einleitung[2]	_	

3-1	250-253	Zur	_	_	_	_	_	_	_	_	_	_	_	_	_	Einleitung[2]	_	
3-2	254-261	Auswahl	_	_	_	_	_	_	_	_	_	_	_	_	_	Einleitung[2]	_	
3-3	262-265	der	_	_	_	_	_	_	_	_	_	_	_	_	_	Einleitung[2]	_	
3-4	266-275	Politiker	_	_	_	_	_	_	_	_	_	_	_	_	_	Einleitung[2]	_	
3-5	276-279	und	_	_	_	_	_	_	_	_	_	_	_	_	_	Einleitung[2]	_	
3-6	280-294	Politikerinnen	_	_	_	_	_	_	_	_	_	_	_	_	_	Einleitung[2]	_	
3-7	295-301	stehen	_	_	_	_	_	_	_	_	_	_	_	_	_	Einleitung[2]	_	
3-8	302-311	Windparks	_	_	_	_	_	_	_	_	_	_	_	_	_	Einleitung[2]	_	
3-9	311-312	,	_	_	_	_	_	_	_	_	_	_	_	_	_	Einleitung[2]	_	
3-10	313-323	Solarparks	_	_	_	_	_	_	_	_	_	_	_	_	_	Einleitung[2]	_	
3-11	324-327	und	_	_	_	_	_	_	_	_	_	_	_	_	_	Einleitung[2]	_	
3-12	328-346	Wasserkraftanlagen	_	_	_	_	_	_	_	_	_	_	_	_	_	Einleitung[2]	_	
3-13	346-347	.	_	_	_	_	_	_	_	_	_	_	_	_	_	Einleitung[2]	_	

4-1	348-355	Hierbei	_	_	_	_	_	_	_	_	_	_	_	_	_	Einleitung[2]	_	
4-2	356-360	sind	_	_	_	_	_	_	_	_	_	_	_	_	_	Einleitung[2]	_	
4-3	361-367	einige	_	_	_	_	_	_	_	_	_	_	_	_	_	Einleitung[2]	_	
4-4	368-377	Kriterien	_	_	_	_	_	_	_	_	_	_	_	_	_	Einleitung[2]	_	
4-5	378-380	zu	_	_	_	_	_	_	_	_	_	_	_	_	_	Einleitung[2]	_	
4-6	381-389	beachten	_	_	_	_	_	_	_	_	_	_	_	_	_	Einleitung[2]	_	
4-7	389-390	.	_	_	_	_	_	_	_	_	_	_	_	_	_	Einleitung[2]	_	

5-1	391-394	Das	1. Richtig[1]	1. Angemessen[1]	1. Verständlich[1]	*[1]	Lebensdauer/Verfügbarkeit vorhanden[1]	*[1]	*[1]	*[1]	Treibhausgasemissionen vorhanden[1]	*[1]	Pro A[1]	Contra B[1]	Contra C[1]	Hauptteil[3]	1. Claim[4]	
5-2	395-404	Kriterium	1. Richtig[1]	1. Angemessen[1]	1. Verständlich[1]	*[1]	Lebensdauer/Verfügbarkeit vorhanden[1]	*[1]	*[1]	*[1]	Treibhausgasemissionen vorhanden[1]	*[1]	Pro A[1]	Contra B[1]	Contra C[1]	Hauptteil[3]	1. Claim[4]	
5-3	405-408	der	1. Richtig[1]	1. Angemessen[1]	1. Verständlich[1]	*[1]	Lebensdauer/Verfügbarkeit vorhanden[1]	*[1]	*[1]	*[1]	Treibhausgasemissionen vorhanden[1]	*[1]	Pro A[1]	Contra B[1]	Contra C[1]	Hauptteil[3]	1. Claim[4]	
5-4	409-431	Treibhausgasemissionen	1. Richtig[1]	1. Angemessen[1]	1. Verständlich[1]	*[1]	Lebensdauer/Verfügbarkeit vorhanden[1]	*[1]	*[1]	*[1]	Treibhausgasemissionen vorhanden[1]	*[1]	Pro A[1]	Contra B[1]	Contra C[1]	Hauptteil[3]	1. Claim[4]	
5-5	432-434	im	1. Richtig[1]	1. Angemessen[1]	1. Verständlich[1]	*[1]	Lebensdauer/Verfügbarkeit vorhanden[1]	*[1]	*[1]	*[1]	Treibhausgasemissionen vorhanden[1]	*[1]	Pro A[1]	Contra B[1]	Contra C[1]	Hauptteil[3]	1. Claim[4]	
5-6	435-447	Zusammenhang	1. Richtig[1]	1. Angemessen[1]	1. Verständlich[1]	*[1]	Lebensdauer/Verfügbarkeit vorhanden[1]	*[1]	*[1]	*[1]	Treibhausgasemissionen vorhanden[1]	*[1]	Pro A[1]	Contra B[1]	Contra C[1]	Hauptteil[3]	1. Claim[4]	
5-7	448-451	mit	1. Richtig[1]	1. Angemessen[1]	1. Verständlich[1]	*[1]	Lebensdauer/Verfügbarkeit vorhanden[1]	*[1]	*[1]	*[1]	Treibhausgasemissionen vorhanden[1]	*[1]	Pro A[1]	Contra B[1]	Contra C[1]	Hauptteil[3]	1. Claim[4]	
5-8	452-455	der	1. Richtig[1]	1. Angemessen[1]	1. Verständlich[1]	*[1]	Lebensdauer/Verfügbarkeit vorhanden[1]	*[1]	*[1]	*[1]	Treibhausgasemissionen vorhanden[1]	*[1]	Pro A[1]	Contra B[1]	Contra C[1]	Hauptteil[3]	1. Claim[4]	
5-9	456-467	Lebensdauer	1. Richtig[1]	1. Angemessen[1]	1. Verständlich[1]	*[1]	Lebensdauer/Verfügbarkeit vorhanden[1]	*[1]	*[1]	*[1]	Treibhausgasemissionen vorhanden[1]	*[1]	Pro A[1]	Contra B[1]	Contra C[1]	Hauptteil[3]	1. Claim[4]	
5-10	468-471	ist	1. Richtig[1]	1. Angemessen[1]	1. Verständlich[1]	*[1]	Lebensdauer/Verfügbarkeit vorhanden[1]	*[1]	*[1]	*[1]	Treibhausgasemissionen vorhanden[1]	*[1]	Pro A[1]	Contra B[1]	Contra C[1]	Hauptteil[3]	1. Claim[4]	
5-11	472-483	bedeutsamer	1. Richtig[1]	1. Angemessen[1]	1. Verständlich[1]	*[1]	Lebensdauer/Verfügbarkeit vorhanden[1]	*[1]	*[1]	*[1]	Treibhausgasemissionen vorhanden[1]	*[1]	Pro A[1]	Contra B[1]	Contra C[1]	Hauptteil[3]	1. Claim[4]	
5-12	484-487	als	1. Richtig[1]	1. Angemessen[1]	1. Verständlich[1]	*[1]	Lebensdauer/Verfügbarkeit vorhanden[1]	*[1]	*[1]	*[1]	Treibhausgasemissionen vorhanden[1]	*[1]	Pro A[1]	Contra B[1]	Contra C[1]	Hauptteil[3]	1. Claim[4]	
5-13	488-491	das	1. Richtig[1]	1. Angemessen[1]	1. Verständlich[1]	*[1]	Lebensdauer/Verfügbarkeit vorhanden[1]	*[1]	*[1]	*[1]	Treibhausgasemissionen vorhanden[1]	*[1]	Pro A[1]	Contra B[1]	Contra C[1]	Hauptteil[3]	1. Claim[4]	
5-14	492-495	des	1. Richtig[1]	1. Angemessen[1]	1. Verständlich[1]	*[1]	Lebensdauer/Verfügbarkeit vorhanden[1]	*[1]	*[1]	*[1]	Treibhausgasemissionen vorhanden[1]	*[1]	Pro A[1]	Contra B[1]	Contra C[1]	Hauptteil[3]	1. Claim[4]	
5-15	496-503	Preises	1. Richtig[1]	1. Angemessen[1]	1. Verständlich[1]	*[1]	Lebensdauer/Verfügbarkeit vorhanden[1]	*[1]	*[1]	*[1]	Treibhausgasemissionen vorhanden[1]	*[1]	Pro A[1]	Contra B[1]	Contra C[1]	Hauptteil[3]	1. Claim[4]	
5-16	503-504	.	1. Richtig[1]	1. Angemessen[1]	1. Verständlich[1]	*[1]	Lebensdauer/Verfügbarkeit vorhanden[1]	*[1]	*[1]	*[1]	Treibhausgasemissionen vorhanden[1]	*[1]	Pro A[1]	Contra B[1]	Contra C[1]	Hauptteil[3]	1. Claim[4]	

6-1	505-508	Die	1. Richtig[1]	1. Angemessen[1]	1. Verständlich[1]	*[1]	Lebensdauer/Verfügbarkeit vorhanden[1]	*[1]	*[1]	*[1]	Treibhausgasemissionen vorhanden[1]	*[1]	Pro A[1]	Contra B[1]	Contra C[1]	Hauptteil[3]	2. Data[5]	
6-2	509-531	Treibhausgasemissionen	1. Richtig[1]	1. Angemessen[1]	1. Verständlich[1]	*[1]	Lebensdauer/Verfügbarkeit vorhanden[1]	*[1]	*[1]	*[1]	Treibhausgasemissionen vorhanden[1]	*[1]	Pro A[1]	Contra B[1]	Contra C[1]	Hauptteil[3]	2. Data[5]	
6-3	532-538	zeigen	1. Richtig[1]	1. Angemessen[1]	1. Verständlich[1]	*[1]	Lebensdauer/Verfügbarkeit vorhanden[1]	*[1]	*[1]	*[1]	Treibhausgasemissionen vorhanden[1]	*[1]	Pro A[1]	Contra B[1]	Contra C[1]	Hauptteil[3]	2. Data[5]	
6-4	538-539	,	1. Richtig[1]	1. Angemessen[1]	1. Verständlich[1]	*[1]	Lebensdauer/Verfügbarkeit vorhanden[1]	*[1]	*[1]	*[1]	Treibhausgasemissionen vorhanden[1]	*[1]	Pro A[1]	Contra B[1]	Contra C[1]	Hauptteil[3]	2. Data[5]	
6-5	540-544	dass	1. Richtig[1]	1. Angemessen[1]	1. Verständlich[1]	*[1]	Lebensdauer/Verfügbarkeit vorhanden[1]	*[1]	*[1]	*[1]	Treibhausgasemissionen vorhanden[1]	*[1]	Pro A[1]	Contra B[1]	Contra C[1]	Hauptteil[3]	2. Data[5]	
6-6	545-548	der	1. Richtig[1]	1. Angemessen[1]	1. Verständlich[1]	*[1]	Lebensdauer/Verfügbarkeit vorhanden[1]	*[1]	*[1]	*[1]	Treibhausgasemissionen vorhanden[1]	*[1]	Pro A[1]	Contra B[1]	Contra C[1]	Hauptteil[3]	2. Data[5]	
6-7	549-558	Windparks	1. Richtig[1]	1. Angemessen[1]	1. Verständlich[1]	*[1]	Lebensdauer/Verfügbarkeit vorhanden[1]	*[1]	*[1]	*[1]	Treibhausgasemissionen vorhanden[1]	*[1]	Pro A[1]	Contra B[1]	Contra C[1]	Hauptteil[3]	2. Data[5]	
6-8	559-562	mit	1. Richtig[1]	1. Angemessen[1]	1. Verständlich[1]	*[1]	Lebensdauer/Verfügbarkeit vorhanden[1]	*[1]	*[1]	*[1]	Treibhausgasemissionen vorhanden[1]	*[1]	Pro A[1]	Contra B[1]	Contra C[1]	Hauptteil[3]	2. Data[5]	
6-9	563-568	8,800	1. Richtig[1]	1. Angemessen[1]	1. Verständlich[1]	*[1]	Lebensdauer/Verfügbarkeit vorhanden[1]	*[1]	*[1]	*[1]	Treibhausgasemissionen vorhanden[1]	*[1]	Pro A[1]	Contra B[1]	Contra C[1]	Hauptteil[3]	2. Data[5]	
6-10	569-570	t	1. Richtig[1]	1. Angemessen[1]	1. Verständlich[1]	*[1]	Lebensdauer/Verfügbarkeit vorhanden[1]	*[1]	*[1]	*[1]	Treibhausgasemissionen vorhanden[1]	*[1]	Pro A[1]	Contra B[1]	Contra C[1]	Hauptteil[3]	2. Data[5]	
6-11	571-573	am	1. Richtig[1]	1. Angemessen[1]	1. Verständlich[1]	*[1]	Lebensdauer/Verfügbarkeit vorhanden[1]	*[1]	*[1]	*[1]	Treibhausgasemissionen vorhanden[1]	*[1]	Pro A[1]	Contra B[1]	Contra C[1]	Hauptteil[3]	2. Data[5]	
6-12	574-583	wenigsten	1. Richtig[1]	1. Angemessen[1]	1. Verständlich[1]	*[1]	Lebensdauer/Verfügbarkeit vorhanden[1]	*[1]	*[1]	*[1]	Treibhausgasemissionen vorhanden[1]	*[1]	Pro A[1]	Contra B[1]	Contra C[1]	Hauptteil[3]	2. Data[5]	
6-13	584-587	CO2	1. Richtig[1]	1. Angemessen[1]	1. Verständlich[1]	*[1]	Lebensdauer/Verfügbarkeit vorhanden[1]	*[1]	*[1]	*[1]	Treibhausgasemissionen vorhanden[1]	*[1]	Pro A[1]	Contra B[1]	Contra C[1]	Hauptteil[3]	2. Data[5]	
6-14	588-599	verursachen	1. Richtig[1]	1. Angemessen[1]	1. Verständlich[1]	*[1]	Lebensdauer/Verfügbarkeit vorhanden[1]	*[1]	*[1]	*[1]	Treibhausgasemissionen vorhanden[1]	*[1]	Pro A[1]	Contra B[1]	Contra C[1]	Hauptteil[3]	2. Data[5]	
6-15	599-600	,	1. Richtig[1]	1. Angemessen[1]	1. Verständlich[1]	*[1]	Lebensdauer/Verfügbarkeit vorhanden[1]	*[1]	*[1]	*[1]	Treibhausgasemissionen vorhanden[1]	*[1]	Pro A[1]	Contra B[1]	Contra C[1]	Hauptteil[3]	2. Data[5]	
6-16	601-608	während	1. Richtig[1]	1. Angemessen[1]	1. Verständlich[1]	*[1]	Lebensdauer/Verfügbarkeit vorhanden[1]	*[1]	*[1]	*[1]	Treibhausgasemissionen vorhanden[1]	*[1]	Pro A[1]	Contra B[1]	Contra C[1]	Hauptteil[3]	2. Data[6]	
6-17	609-619	Solarparks	1. Richtig[1]	1. Angemessen[1]	1. Verständlich[1]	*[1]	Lebensdauer/Verfügbarkeit vorhanden[1]	*[1]	*[1]	*[1]	Treibhausgasemissionen vorhanden[1]	*[1]	Pro A[1]	Contra B[1]	Contra C[1]	Hauptteil[3]	2. Data[6]	
6-18	620-623	mit	1. Richtig[1]	1. Angemessen[1]	1. Verständlich[1]	*[1]	Lebensdauer/Verfügbarkeit vorhanden[1]	*[1]	*[1]	*[1]	Treibhausgasemissionen vorhanden[1]	*[1]	Pro A[1]	Contra B[1]	Contra C[1]	Hauptteil[3]	2. Data[6]	
6-19	624-630	35,000	1. Richtig[1]	1. Angemessen[1]	1. Verständlich[1]	*[1]	Lebensdauer/Verfügbarkeit vorhanden[1]	*[1]	*[1]	*[1]	Treibhausgasemissionen vorhanden[1]	*[1]	Pro A[1]	Contra B[1]	Contra C[1]	Hauptteil[3]	2. Data[6]	
6-20	631-632	t	1. Richtig[1]	1. Angemessen[1]	1. Verständlich[1]	*[1]	Lebensdauer/Verfügbarkeit vorhanden[1]	*[1]	*[1]	*[1]	Treibhausgasemissionen vorhanden[1]	*[1]	Pro A[1]	Contra B[1]	Contra C[1]	Hauptteil[3]	2. Data[6]	
6-21	633-635	am	1. Richtig[1]	1. Angemessen[1]	1. Verständlich[1]	*[1]	Lebensdauer/Verfügbarkeit vorhanden[1]	*[1]	*[1]	*[1]	Treibhausgasemissionen vorhanden[1]	*[1]	Pro A[1]	Contra B[1]	Contra C[1]	Hauptteil[3]	2. Data[6]	
6-22	636-643	meisten	1. Richtig[1]	1. Angemessen[1]	1. Verständlich[1]	*[1]	Lebensdauer/Verfügbarkeit vorhanden[1]	*[1]	*[1]	*[1]	Treibhausgasemissionen vorhanden[1]	*[1]	Pro A[1]	Contra B[1]	Contra C[1]	Hauptteil[3]	2. Data[6]	
6-23	644-655	verursachen	1. Richtig[1]	1. Angemessen[1]	1. Verständlich[1]	*[1]	Lebensdauer/Verfügbarkeit vorhanden[1]	*[1]	*[1]	*[1]	Treibhausgasemissionen vorhanden[1]	*[1]	Pro A[1]	Contra B[1]	Contra C[1]	Hauptteil[3]	2. Data[6]	
6-24	655-656	.	1. Richtig[1]	1. Angemessen[1]	1. Verständlich[1]	*[1]	Lebensdauer/Verfügbarkeit vorhanden[1]	*[1]	*[1]	*[1]	Treibhausgasemissionen vorhanden[1]	*[1]	Pro A[1]	Contra B[1]	Contra C[1]	Hauptteil[3]	2. Data[6]	

7-1	657-668	Wasserkraft	1. Richtig[1]	1. Angemessen[1]	1. Verständlich[1]	*[1]	Lebensdauer/Verfügbarkeit vorhanden[1]	*[1]	*[1]	*[1]	Treibhausgasemissionen vorhanden[1]	*[1]	Pro A[1]	Contra B[1]	Contra C[1]	Hauptteil[3]	2. Data[7]	
7-2	669-676	anlagen	1. Richtig[1]	1. Angemessen[1]	1. Verständlich[1]	*[1]	Lebensdauer/Verfügbarkeit vorhanden[1]	*[1]	*[1]	*[1]	Treibhausgasemissionen vorhanden[1]	*[1]	Pro A[1]	Contra B[1]	Contra C[1]	Hauptteil[3]	2. Data[7]	
7-3	677-683	liegen	1. Richtig[1]	1. Angemessen[1]	1. Verständlich[1]	*[1]	Lebensdauer/Verfügbarkeit vorhanden[1]	*[1]	*[1]	*[1]	Treibhausgasemissionen vorhanden[1]	*[1]	Pro A[1]	Contra B[1]	Contra C[1]	Hauptteil[3]	2. Data[7]	
7-4	684-688	hier	1. Richtig[1]	1. Angemessen[1]	1. Verständlich[1]	*[1]	Lebensdauer/Verfügbarkeit vorhanden[1]	*[1]	*[1]	*[1]	Treibhausgasemissionen vorhanden[1]	*[1]	Pro A[1]	Contra B[1]	Contra C[1]	Hauptteil[3]	2. Data[7]	
7-5	689-692	mit	1. Richtig[1]	1. Angemessen[1]	1. Verständlich[1]	*[1]	Lebensdauer/Verfügbarkeit vorhanden[1]	*[1]	*[1]	*[1]	Treibhausgasemissionen vorhanden[1]	*[1]	Pro A[1]	Contra B[1]	Contra C[1]	Hauptteil[3]	2. Data[7]	
7-6	693-699	12,000	1. Richtig[1]	1. Angemessen[1]	1. Verständlich[1]	*[1]	Lebensdauer/Verfügbarkeit vorhanden[1]	*[1]	*[1]	*[1]	Treibhausgasemissionen vorhanden[1]	*[1]	Pro A[1]	Contra B[1]	Contra C[1]	Hauptteil[3]	2. Data[7]	
7-7	700-701	t	1. Richtig[1]	1. Angemessen[1]	1. Verständlich[1]	*[1]	Lebensdauer/Verfügbarkeit vorhanden[1]	*[1]	*[1]	*[1]	Treibhausgasemissionen vorhanden[1]	*[1]	Pro A[1]	Contra B[1]	Contra C[1]	Hauptteil[3]	2. Data[7]	
7-8	702-704	im	1. Richtig[1]	1. Angemessen[1]	1. Verständlich[1]	*[1]	Lebensdauer/Verfügbarkeit vorhanden[1]	*[1]	*[1]	*[1]	Treibhausgasemissionen vorhanden[1]	*[1]	Pro A[1]	Contra B[1]	Contra C[1]	Hauptteil[3]	2. Data[7]	
7-9	705-715	Mittelfeld	1. Richtig[1]	1. Angemessen[1]	1. Verständlich[1]	*[1]	Lebensdauer/Verfügbarkeit vorhanden[1]	*[1]	*[1]	*[1]	Treibhausgasemissionen vorhanden[1]	*[1]	Pro A[1]	Contra B[1]	Contra C[1]	Hauptteil[3]	2. Data[7]	
7-10	715-716	.	1. Richtig[1]	1. Angemessen[1]	1. Verständlich[1]	*[1]	Lebensdauer/Verfügbarkeit vorhanden[1]	*[1]	*[1]	*[1]	Treibhausgasemissionen vorhanden[1]	*[1]	Pro A[1]	Contra B[1]	Contra C[1]	Hauptteil[3]	2. Data[7]	

8-1	717-721	Hier	1. Richtig[1]	1. Angemessen[1]	1. Verständlich[1]	*[1]	Lebensdauer/Verfügbarkeit vorhanden[1]	*[1]	*[1]	*[1]	Treibhausgasemissionen vorhanden[1]	*[1]	Pro A[1]	Contra B[1]	Contra C[1]	Hauptteil[3]	1. Claim[8]	
8-2	722-728	sollte	1. Richtig[1]	1. Angemessen[1]	1. Verständlich[1]	*[1]	Lebensdauer/Verfügbarkeit vorhanden[1]	*[1]	*[1]	*[1]	Treibhausgasemissionen vorhanden[1]	*[1]	Pro A[1]	Contra B[1]	Contra C[1]	Hauptteil[3]	1. Claim[8]	
8-3	729-732	man	1. Richtig[1]	1. Angemessen[1]	1. Verständlich[1]	*[1]	Lebensdauer/Verfügbarkeit vorhanden[1]	*[1]	*[1]	*[1]	Treibhausgasemissionen vorhanden[1]	*[1]	Pro A[1]	Contra B[1]	Contra C[1]	Hauptteil[3]	1. Claim[8]	
8-4	733-736	die	1. Richtig[1]	1. Angemessen[1]	1. Verständlich[1]	*[1]	Lebensdauer/Verfügbarkeit vorhanden[1]	*[1]	*[1]	*[1]	Treibhausgasemissionen vorhanden[1]	*[1]	Pro A[1]	Contra B[1]	Contra C[1]	Hauptteil[3]	1. Claim[8]	
8-5	737-748	Lebensdauer	1. Richtig[1]	1. Angemessen[1]	1. Verständlich[1]	*[1]	Lebensdauer/Verfügbarkeit vorhanden[1]	*[1]	*[1]	*[1]	Treibhausgasemissionen vorhanden[1]	*[1]	Pro A[1]	Contra B[1]	Contra C[1]	Hauptteil[3]	1. Claim[8]	
8-6	749-752	der	1. Richtig[1]	1. Angemessen[1]	1. Verständlich[1]	*[1]	Lebensdauer/Verfügbarkeit vorhanden[1]	*[1]	*[1]	*[1]	Treibhausgasemissionen vorhanden[1]	*[1]	Pro A[1]	Contra B[1]	Contra C[1]	Hauptteil[3]	1. Claim[8]	
8-7	753-758	Parks	1. Richtig[1]	1. Angemessen[1]	1. Verständlich[1]	*[1]	Lebensdauer/Verfügbarkeit vorhanden[1]	*[1]	*[1]	*[1]	Treibhausgasemissionen vorhanden[1]	*[1]	Pro A[1]	Contra B[1]	Contra C[1]	Hauptteil[3]	1. Claim[8]	
8-8	759-762	bzw	1. Richtig[1]	1. Angemessen[1]	1. Verständlich[1]	*[1]	Lebensdauer/Verfügbarkeit vorhanden[1]	*[1]	*[1]	*[1]	Treibhausgasemissionen vorhanden[1]	*[1]	Pro A[1]	Contra B[1]	Contra C[1]	Hauptteil[3]	1. Claim[8]	
8-9	762-763	.	1. Richtig[1]	1. Angemessen[1]	1. Verständlich[1]	*[1]	Lebensdauer/Verfügbarkeit vorhanden[1]	*[1]	*[1]	*[1]	Treibhausgasemissionen vorhanden[1]	*[1]	Pro A[1]	Contra B[1]	Contra C[1]	Hauptteil[3]	1. Claim[8]	

9-1	764-771	Anlagen	1. Richtig[1]	1. Angemessen[1]	1. Verständlich[1]	*[1]	Lebensdauer/Verfügbarkeit vorhanden[1]	*[1]	*[1]	*[1]	Treibhausgasemissionen vorhanden[1]	*[1]	Pro A[1]	Contra B[1]	Contra C[1]	Hauptteil[3]	1. Claim[8]	
9-2	772-783	mitbedenken	1. Richtig[1]	1. Angemessen[1]	1. Verständlich[1]	*[1]	Lebensdauer/Verfügbarkeit vorhanden[1]	*[1]	*[1]	*[1]	Treibhausgasemissionen vorhanden[1]	*[1]	Pro A[1]	Contra B[1]	Contra C[1]	Hauptteil[3]	1. Claim[8]	
9-3	783-784	,	1. Richtig[1]	1. Angemessen[1]	1. Verständlich[1]	*[1]	Lebensdauer/Verfügbarkeit vorhanden[1]	*[1]	*[1]	*[1]	Treibhausgasemissionen vorhanden[1]	*[1]	Pro A[1]	Contra B[1]	Contra C[1]	Hauptteil[3]	1. Claim[8]	
9-4	785-789	denn	1. Richtig[1]	1. Angemessen[1]	1. Verständlich[1]	*[1]	Lebensdauer/Verfügbarkeit vorhanden[1]	*[1]	*[1]	*[1]	Treibhausgasemissionen vorhanden[1]	*[1]	Pro A[1]	Contra B[1]	Contra C[1]	Hauptteil[3]	2. Data[9]	
9-5	790-801	Wasserkraft	1. Richtig[1]	1. Angemessen[1]	1. Verständlich[1]	*[1]	Lebensdauer/Verfügbarkeit vorhanden[1]	*[1]	*[1]	*[1]	Treibhausgasemissionen vorhanden[1]	*[1]	Pro A[1]	Contra B[1]	Contra C[1]	Hauptteil[3]	2. Data[9]	
9-6	802-809	anlagen	1. Richtig[1]	1. Angemessen[1]	1. Verständlich[1]	*[1]	Lebensdauer/Verfügbarkeit vorhanden[1]	*[1]	*[1]	*[1]	Treibhausgasemissionen vorhanden[1]	*[1]	Pro A[1]	Contra B[1]	Contra C[1]	Hauptteil[3]	2. Data[9]	
9-7	810-816	halten	1. Richtig[1]	1. Angemessen[1]	1. Verständlich[1]	*[1]	Lebensdauer/Verfügbarkeit vorhanden[1]	*[1]	*[1]	*[1]	Treibhausgasemissionen vorhanden[1]	*[1]	Pro A[1]	Contra B[1]	Contra C[1]	Hauptteil[3]	2. Data[9]	
9-8	817-820	mit	1. Richtig[1]	1. Angemessen[1]	1. Verständlich[1]	*[1]	Lebensdauer/Verfügbarkeit vorhanden[1]	*[1]	*[1]	*[1]	Treibhausgasemissionen vorhanden[1]	*[1]	Pro A[1]	Contra B[1]	Contra C[1]	Hauptteil[3]	2. Data[9]	
9-9	821-823	80	1. Richtig[1]	1. Angemessen[1]	1. Verständlich[1]	*[1]	Lebensdauer/Verfügbarkeit vorhanden[1]	*[1]	*[1]	*[1]	Treibhausgasemissionen vorhanden[1]	*[1]	Pro A[1]	Contra B[1]	Contra C[1]	Hauptteil[3]	2. Data[9]	
9-10	824-830	Jahren	1. Richtig[1]	1. Angemessen[1]	1. Verständlich[1]	*[1]	Lebensdauer/Verfügbarkeit vorhanden[1]	*[1]	*[1]	*[1]	Treibhausgasemissionen vorhanden[1]	*[1]	Pro A[1]	Contra B[1]	Contra C[1]	Hauptteil[3]	2. Data[9]	
9-11	831-834	mit	1. Richtig[1]	1. Angemessen[1]	1. Verständlich[1]	*[1]	Lebensdauer/Verfügbarkeit vorhanden[1]	*[1]	*[1]	*[1]	Treibhausgasemissionen vorhanden[1]	*[1]	Pro A[1]	Contra B[1]	Contra C[1]	Hauptteil[3]	2. Data[9]	
9-12	835-842	Abstand	1. Richtig[1]	1. Angemessen[1]	1. Verständlich[1]	*[1]	Lebensdauer/Verfügbarkeit vorhanden[1]	*[1]	*[1]	*[1]	Treibhausgasemissionen vorhanden[1]	*[1]	Pro A[1]	Contra B[1]	Contra C[1]	Hauptteil[3]	2. Data[9]	
9-13	843-845	am	1. Richtig[1]	1. Angemessen[1]	1. Verständlich[1]	*[1]	Lebensdauer/Verfügbarkeit vorhanden[1]	*[1]	*[1]	*[1]	Treibhausgasemissionen vorhanden[1]	*[1]	Pro A[1]	Contra B[1]	Contra C[1]	Hauptteil[3]	2. Data[9]	
9-14	846-854	längsten	1. Richtig[1]	1. Angemessen[1]	1. Verständlich[1]	*[1]	Lebensdauer/Verfügbarkeit vorhanden[1]	*[1]	*[1]	*[1]	Treibhausgasemissionen vorhanden[1]	*[1]	Pro A[1]	Contra B[1]	Contra C[1]	Hauptteil[3]	2. Data[9]	
9-15	854-855	.	1. Richtig[1]	1. Angemessen[1]	1. Verständlich[1]	*[1]	Lebensdauer/Verfügbarkeit vorhanden[1]	*[1]	*[1]	*[1]	Treibhausgasemissionen vorhanden[1]	*[1]	Pro A[1]	Contra B[1]	Contra C[1]	Hauptteil[3]	2. Data[9]	

10-1	856-859	Der	1. Richtig[1]	1. Angemessen[1]	1. Verständlich[1]	*[1]	Lebensdauer/Verfügbarkeit vorhanden[1]	*[1]	*[1]	*[1]	Treibhausgasemissionen vorhanden[1]	*[1]	Pro A[1]	Contra B[1]	Contra C[1]	Hauptteil[3]	2. Data[10]	
10-2	860-869	Solarpark	1. Richtig[1]	1. Angemessen[1]	1. Verständlich[1]	*[1]	Lebensdauer/Verfügbarkeit vorhanden[1]	*[1]	*[1]	*[1]	Treibhausgasemissionen vorhanden[1]	*[1]	Pro A[1]	Contra B[1]	Contra C[1]	Hauptteil[3]	2. Data[10]	
10-3	870-874	hält	1. Richtig[1]	1. Angemessen[1]	1. Verständlich[1]	*[1]	Lebensdauer/Verfügbarkeit vorhanden[1]	*[1]	*[1]	*[1]	Treibhausgasemissionen vorhanden[1]	*[1]	Pro A[1]	Contra B[1]	Contra C[1]	Hauptteil[3]	2. Data[10]	
10-4	875-878	nur	1. Richtig[1]	1. Angemessen[1]	1. Verständlich[1]	*[1]	Lebensdauer/Verfügbarkeit vorhanden[1]	*[1]	*[1]	*[1]	Treibhausgasemissionen vorhanden[1]	*[1]	Pro A[1]	Contra B[1]	Contra C[1]	Hauptteil[3]	2. Data[10]	
10-5	879-881	30	1. Richtig[1]	1. Angemessen[1]	1. Verständlich[1]	*[1]	Lebensdauer/Verfügbarkeit vorhanden[1]	*[1]	*[1]	*[1]	Treibhausgasemissionen vorhanden[1]	*[1]	Pro A[1]	Contra B[1]	Contra C[1]	Hauptteil[3]	2. Data[10]	
10-6	882-887	Jahre	1. Richtig[1]	1. Angemessen[1]	1. Verständlich[1]	*[1]	Lebensdauer/Verfügbarkeit vorhanden[1]	*[1]	*[1]	*[1]	Treibhausgasemissionen vorhanden[1]	*[1]	Pro A[1]	Contra B[1]	Contra C[1]	Hauptteil[3]	2. Data[10]	
10-7	888-891	und	1. Richtig[1]	1. Angemessen[1]	1. Verständlich[1]	*[1]	Lebensdauer/Verfügbarkeit vorhanden[1]	*[1]	*[1]	*[1]	Treibhausgasemissionen vorhanden[1]	*[1]	Pro A[1]	Contra B[1]	Contra C[1]	Hauptteil[3]	2. Data[11]	
10-8	892-895	ein	1. Richtig[1]	1. Angemessen[1]	1. Verständlich[1]	*[1]	Lebensdauer/Verfügbarkeit vorhanden[1]	*[1]	*[1]	*[1]	Treibhausgasemissionen vorhanden[1]	*[1]	Pro A[1]	Contra B[1]	Contra C[1]	Hauptteil[3]	2. Data[11]	
10-9	896-904	Windpark	1. Richtig[1]	1. Angemessen[1]	1. Verständlich[1]	*[1]	Lebensdauer/Verfügbarkeit vorhanden[1]	*[1]	*[1]	*[1]	Treibhausgasemissionen vorhanden[1]	*[1]	Pro A[1]	Contra B[1]	Contra C[1]	Hauptteil[3]	2. Data[11]	
10-10	905-909	etwa	1. Richtig[1]	1. Angemessen[1]	1. Verständlich[1]	*[1]	Lebensdauer/Verfügbarkeit vorhanden[1]	*[1]	*[1]	*[1]	Treibhausgasemissionen vorhanden[1]	*[1]	Pro A[1]	Contra B[1]	Contra C[1]	Hauptteil[3]	2. Data[11]	
10-11	910-912	20	1. Richtig[1]	1. Angemessen[1]	1. Verständlich[1]	*[1]	Lebensdauer/Verfügbarkeit vorhanden[1]	*[1]	*[1]	*[1]	Treibhausgasemissionen vorhanden[1]	*[1]	Pro A[1]	Contra B[1]	Contra C[1]	Hauptteil[3]	2. Data[11]	
10-12	912-913	.	1. Richtig[1]	1. Angemessen[1]	1. Verständlich[1]	*[1]	Lebensdauer/Verfügbarkeit vorhanden[1]	*[1]	*[1]	*[1]	Treibhausgasemissionen vorhanden[1]	*[1]	Pro A[1]	Contra B[1]	Contra C[1]	Hauptteil[3]	2. Data[11]	

11-1	914-917	Man	1. Richtig[1]	1. Angemessen[1]	1. Verständlich[1]	*[1]	Lebensdauer/Verfügbarkeit vorhanden[1]	*[1]	*[1]	*[1]	Treibhausgasemissionen vorhanden[1]	*[1]	Pro A[1]	Contra B[1]	Contra C[1]	Hauptteil[3]	3. Warrant[12]	
11-2	918-923	sieht	1. Richtig[1]	1. Angemessen[1]	1. Verständlich[1]	*[1]	Lebensdauer/Verfügbarkeit vorhanden[1]	*[1]	*[1]	*[1]	Treibhausgasemissionen vorhanden[1]	*[1]	Pro A[1]	Contra B[1]	Contra C[1]	Hauptteil[3]	3. Warrant[12]	
11-3	924-928	also	1. Richtig[1]	1. Angemessen[1]	1. Verständlich[1]	*[1]	Lebensdauer/Verfügbarkeit vorhanden[1]	*[1]	*[1]	*[1]	Treibhausgasemissionen vorhanden[1]	*[1]	Pro A[1]	Contra B[1]	Contra C[1]	Hauptteil[3]	3. Warrant[12]	
11-4	929-933	dass	1. Richtig[1]	1. Angemessen[1]	1. Verständlich[1]	*[1]	Lebensdauer/Verfügbarkeit vorhanden[1]	*[1]	*[1]	*[1]	Treibhausgasemissionen vorhanden[1]	*[1]	Pro A[1]	Contra B[1]	Contra C[1]	Hauptteil[3]	3. Warrant[12]	
11-5	934-937	die	1. Richtig[1]	1. Angemessen[1]	1. Verständlich[1]	*[1]	Lebensdauer/Verfügbarkeit vorhanden[1]	*[1]	*[1]	*[1]	Treibhausgasemissionen vorhanden[1]	*[1]	Pro A[1]	Contra B[1]	Contra C[1]	Hauptteil[3]	3. Warrant[12]	
11-6	938-956	Klimafreundlichste	1. Richtig[1]	1. Angemessen[1]	1. Verständlich[1]	*[1]	Lebensdauer/Verfügbarkeit vorhanden[1]	*[1]	*[1]	*[1]	Treibhausgasemissionen vorhanden[1]	*[1]	Pro A[1]	Contra B[1]	Contra C[1]	Hauptteil[3]	3. Warrant[12]	
11-7	957-963	Option	1. Richtig[1]	1. Angemessen[1]	1. Verständlich[1]	*[1]	Lebensdauer/Verfügbarkeit vorhanden[1]	*[1]	*[1]	*[1]	Treibhausgasemissionen vorhanden[1]	*[1]	Pro A[1]	Contra B[1]	Contra C[1]	Hauptteil[3]	3. Warrant[12]	
11-8	964-967	des	1. Richtig[1]	1. Angemessen[1]	1. Verständlich[1]	*[1]	Lebensdauer/Verfügbarkeit vorhanden[1]	*[1]	*[1]	*[1]	Treibhausgasemissionen vorhanden[1]	*[1]	Pro A[1]	Contra B[1]	Contra C[1]	Hauptteil[3]	3. Warrant[12]	
11-9	968-977	Windparks	1. Richtig[1]	1. Angemessen[1]	1. Verständlich[1]	*[1]	Lebensdauer/Verfügbarkeit vorhanden[1]	*[1]	*[1]	*[1]	Treibhausgasemissionen vorhanden[1]	*[1]	Pro A[1]	Contra B[1]	Contra C[1]	Hauptteil[3]	3. Warrant[12]	
11-10	978-983	dafür	1. Richtig[1]	1. Angemessen[1]	1. Verständlich[1]	*[1]	Lebensdauer/Verfügbarkeit vorhanden[1]	*[1]	*[1]	*[1]	Treibhausgasemissionen vorhanden[1]	*[1]	Pro A[1]	Contra B[1]	Contra C[1]	Hauptteil[3]	3. Warrant[12]	
11-11	984-988	auch	1. Richtig[1]	1. Angemessen[1]	1. Verständlich[1]	*[1]	Lebensdauer/Verfügbarkeit vorhanden[1]	*[1]	*[1]	*[1]	Treibhausgasemissionen vorhanden[1]	*[1]	Pro A[1]	Contra B[1]	Contra C[1]	Hauptteil[3]	3. Warrant[12]	
11-12	989-992	nur	1. Richtig[1]	1. Angemessen[1]	1. Verständlich[1]	*[1]	Lebensdauer/Verfügbarkeit vorhanden[1]	*[1]	*[1]	*[1]	Treibhausgasemissionen vorhanden[1]	*[1]	Pro A[1]	Contra B[1]	Contra C[1]	Hauptteil[3]	3. Warrant[12]	
11-13	993-997	sehr	1. Richtig[1]	1. Angemessen[1]	1. Verständlich[1]	*[1]	Lebensdauer/Verfügbarkeit vorhanden[1]	*[1]	*[1]	*[1]	Treibhausgasemissionen vorhanden[1]	*[1]	Pro A[1]	Contra B[1]	Contra C[1]	Hauptteil[3]	3. Warrant[12]	
11-14	998-1002	kurz	1. Richtig[1]	1. Angemessen[1]	1. Verständlich[1]	*[1]	Lebensdauer/Verfügbarkeit vorhanden[1]	*[1]	*[1]	*[1]	Treibhausgasemissionen vorhanden[1]	*[1]	Pro A[1]	Contra B[1]	Contra C[1]	Hauptteil[3]	3. Warrant[12]	
11-15	1003-1007	hält	1. Richtig[1]	1. Angemessen[1]	1. Verständlich[1]	*[1]	Lebensdauer/Verfügbarkeit vorhanden[1]	*[1]	*[1]	*[1]	Treibhausgasemissionen vorhanden[1]	*[1]	Pro A[1]	Contra B[1]	Contra C[1]	Hauptteil[3]	3. Warrant[12]	
11-16	1007-1008	,	1. Richtig[1]	1. Angemessen[1]	1. Verständlich[1]	*[1]	Lebensdauer/Verfügbarkeit vorhanden[1]	*[1]	*[1]	*[1]	Treibhausgasemissionen vorhanden[1]	*[1]	Pro A[1]	Contra B[1]	Contra C[1]	Hauptteil[3]	3. Warrant[12]	
11-17	1009-1016	während	1. Richtig[1]	1. Angemessen[1]	1. Verständlich[1]	*[1]	Lebensdauer/Verfügbarkeit vorhanden[1]	*[1]	*[1]	*[1]	Treibhausgasemissionen vorhanden[1]	*[1]	Pro A[1]	Contra B[1]	Contra C[1]	Hauptteil[3]	3. Warrant[12]	
11-18	1017-1020	die	1. Richtig[1]	1. Angemessen[1]	1. Verständlich[1]	*[1]	Lebensdauer/Verfügbarkeit vorhanden[1]	*[1]	*[1]	*[1]	Treibhausgasemissionen vorhanden[1]	*[1]	Pro A[1]	Contra B[1]	Contra C[1]	Hauptteil[3]	3. Warrant[12]	
11-19	1021-1038	Wasserkraftanlage	1. Richtig[1]	1. Angemessen[1]	1. Verständlich[1]	*[1]	Lebensdauer/Verfügbarkeit vorhanden[1]	*[1]	*[1]	*[1]	Treibhausgasemissionen vorhanden[1]	*[1]	Pro A[1]	Contra B[1]	Contra C[1]	Hauptteil[3]	3. Warrant[12]	
11-20	1039-1043	eine	1. Richtig[1]	1. Angemessen[1]	1. Verständlich[1]	*[1]	Lebensdauer/Verfügbarkeit vorhanden[1]	*[1]	*[1]	*[1]	Treibhausgasemissionen vorhanden[1]	*[1]	Pro A[1]	Contra B[1]	Contra C[1]	Hauptteil[3]	3. Warrant[12]	
11-21	1044-1049	ganze	1. Richtig[1]	1. Angemessen[1]	1. Verständlich[1]	*[1]	Lebensdauer/Verfügbarkeit vorhanden[1]	*[1]	*[1]	*[1]	Treibhausgasemissionen vorhanden[1]	*[1]	Pro A[1]	Contra B[1]	Contra C[1]	Hauptteil[3]	3. Warrant[12]	
11-22	1050-1060	Generation	1. Richtig[1]	1. Angemessen[1]	1. Verständlich[1]	*[1]	Lebensdauer/Verfügbarkeit vorhanden[1]	*[1]	*[1]	*[1]	Treibhausgasemissionen vorhanden[1]	*[1]	Pro A[1]	Contra B[1]	Contra C[1]	Hauptteil[3]	3. Warrant[12]	
11-23	1061-1064	mit	1. Richtig[1]	1. Angemessen[1]	1. Verständlich[1]	*[1]	Lebensdauer/Verfügbarkeit vorhanden[1]	*[1]	*[1]	*[1]	Treibhausgasemissionen vorhanden[1]	*[1]	Pro A[1]	Contra B[1]	Contra C[1]	Hauptteil[3]	3. Warrant[12]	
11-24	1065-1072	Energie	1. Richtig[1]	1. Angemessen[1]	1. Verständlich[1]	*[1]	Lebensdauer/Verfügbarkeit vorhanden[1]	*[1]	*[1]	*[1]	Treibhausgasemissionen vorhanden[1]	*[1]	Pro A[1]	Contra B[1]	Contra C[1]	Hauptteil[3]	3. Warrant[12]	
11-25	1073-1082	versorgen	1. Richtig[1]	1. Angemessen[1]	1. Verständlich[1]	*[1]	Lebensdauer/Verfügbarkeit vorhanden[1]	*[1]	*[1]	*[1]	Treibhausgasemissionen vorhanden[1]	*[1]	Pro A[1]	Contra B[1]	Contra C[1]	Hauptteil[3]	3. Warrant[12]	
11-26	1083-1087	kann	1. Richtig[1]	1. Angemessen[1]	1. Verständlich[1]	*[1]	Lebensdauer/Verfügbarkeit vorhanden[1]	*[1]	*[1]	*[1]	Treibhausgasemissionen vorhanden[1]	*[1]	Pro A[1]	Contra B[1]	Contra C[1]	Hauptteil[3]	3. Warrant[12]	
11-27	1088-1091	und	1. Richtig[1]	1. Angemessen[1]	1. Verständlich[1]	*[1]	Lebensdauer/Verfügbarkeit vorhanden[1]	*[1]	*[1]	*[1]	Treibhausgasemissionen vorhanden[1]	*[1]	Pro A[1]	Contra B[1]	Contra C[1]	Hauptteil[3]	3. Warrant[12]	
11-28	1092-1102	zusätzlich	1. Richtig[1]	1. Angemessen[1]	1. Verständlich[1]	*[1]	Lebensdauer/Verfügbarkeit vorhanden[1]	*[1]	*[1]	*[1]	Treibhausgasemissionen vorhanden[1]	*[1]	Pro A[1]	Contra B[1]	Contra C[1]	Hauptteil[3]	3. Warrant[12]	
11-29	1103-1104	„	1. Richtig[1]	1. Angemessen[1]	1. Verständlich[1]	*[1]	Lebensdauer/Verfügbarkeit vorhanden[1]	*[1]	*[1]	*[1]	Treibhausgasemissionen vorhanden[1]	*[1]	Pro A[1]	Contra B[1]	Contra C[1]	Hauptteil[3]	3. Warrant[12]	
11-30	1104-1107	nur	1. Richtig[1]	1. Angemessen[1]	1. Verständlich[1]	*[1]	Lebensdauer/Verfügbarkeit vorhanden[1]	*[1]	*[1]	*[1]	Treibhausgasemissionen vorhanden[1]	*[1]	Pro A[1]	Contra B[1]	Contra C[1]	Hauptteil[3]	3. Warrant[12]	
11-31	1107-1108	“	1. Richtig[1]	1. Angemessen[1]	1. Verständlich[1]	*[1]	Lebensdauer/Verfügbarkeit vorhanden[1]	*[1]	*[1]	*[1]	Treibhausgasemissionen vorhanden[1]	*[1]	Pro A[1]	Contra B[1]	Contra C[1]	Hauptteil[3]	3. Warrant[12]	
11-32	1109-1115	12,000	1. Richtig[1]	1. Angemessen[1]	1. Verständlich[1]	*[1]	Lebensdauer/Verfügbarkeit vorhanden[1]	*[1]	*[1]	*[1]	Treibhausgasemissionen vorhanden[1]	*[1]	Pro A[1]	Contra B[1]	Contra C[1]	Hauptteil[3]	3. Warrant[12]	
11-33	1116-1117	t	1. Richtig[1]	1. Angemessen[1]	1. Verständlich[1]	*[1]	Lebensdauer/Verfügbarkeit vorhanden[1]	*[1]	*[1]	*[1]	Treibhausgasemissionen vorhanden[1]	*[1]	Pro A[1]	Contra B[1]	Contra C[1]	Hauptteil[3]	3. Warrant[12]	
11-34	1118-1121	CO2	1. Richtig[1]	1. Angemessen[1]	1. Verständlich[1]	*[1]	Lebensdauer/Verfügbarkeit vorhanden[1]	*[1]	*[1]	*[1]	Treibhausgasemissionen vorhanden[1]	*[1]	Pro A[1]	Contra B[1]	Contra C[1]	Hauptteil[3]	3. Warrant[12]	
11-35	1122-1131	entstehen	1. Richtig[1]	1. Angemessen[1]	1. Verständlich[1]	*[1]	Lebensdauer/Verfügbarkeit vorhanden[1]	*[1]	*[1]	*[1]	Treibhausgasemissionen vorhanden[1]	*[1]	Pro A[1]	Contra B[1]	Contra C[1]	Hauptteil[3]	3. Warrant[12]	
11-36	1131-1132	.	1. Richtig[1]	1. Angemessen[1]	1. Verständlich[1]	*[1]	Lebensdauer/Verfügbarkeit vorhanden[1]	*[1]	*[1]	*[1]	Treibhausgasemissionen vorhanden[1]	*[1]	Pro A[1]	Contra B[1]	Contra C[1]	Hauptteil[3]	3. Warrant[12]	
