#FORMAT=WebAnno TSV 3.3
#T_SP=webanno.custom.Argument|Accuracy|Adequacy|Clarity|KriteriumJahresertragEnergiedichte|KriteriumLebensdauerVerfgbarkeit|KriteriumLokaleEmissionenGeruschemissionen|KriteriumPreisBetrieb|KriteriumSonstiges|KriteriumTreibhausgasemissionen|KriteriumWirkungsgrad|OptionA|OptionB|OptionC
#T_SP=webanno.custom.DecisionMakingStrategies|Decision|Gesamtthese
#T_SP=webanno.custom.Struktur|Struktur
#T_SP=webanno.custom.StrukturTAP|TAPArgumente


1-1	0-3	Der	_	_	_	_	_	_	_	_	_	_	_	_	_	_	_	Einleitung[5]	_	
1-2	4-15	Klimawandel	_	_	_	_	_	_	_	_	_	_	_	_	_	_	_	Einleitung[5]	_	
1-3	16-21	tritt	_	_	_	_	_	_	_	_	_	_	_	_	_	_	_	Einleitung[5]	_	
1-4	22-27	immer	_	_	_	_	_	_	_	_	_	_	_	_	_	_	_	Einleitung[5]	_	
1-5	28-34	weiter	_	_	_	_	_	_	_	_	_	_	_	_	_	_	_	Einleitung[5]	_	
1-6	35-38	vor	_	_	_	_	_	_	_	_	_	_	_	_	_	_	_	Einleitung[5]	_	
1-7	38-39	,	_	_	_	_	_	_	_	_	_	_	_	_	_	_	_	Einleitung[5]	_	
1-8	40-46	jedoch	_	_	_	_	_	_	_	_	_	_	_	_	_	_	_	Einleitung[5]	_	
1-9	47-54	scheint	_	_	_	_	_	_	_	_	_	_	_	_	_	_	_	Einleitung[5]	_	
1-10	55-57	es	_	_	_	_	_	_	_	_	_	_	_	_	_	_	_	Einleitung[5]	_	
1-11	58-62	eine	_	_	_	_	_	_	_	_	_	_	_	_	_	_	_	Einleitung[5]	_	
1-12	63-74	Möglichkeit	_	_	_	_	_	_	_	_	_	_	_	_	_	_	_	Einleitung[5]	_	
1-13	75-77	zu	_	_	_	_	_	_	_	_	_	_	_	_	_	_	_	Einleitung[5]	_	
1-14	78-83	geben	_	_	_	_	_	_	_	_	_	_	_	_	_	_	_	Einleitung[5]	_	
1-15	83-84	,	_	_	_	_	_	_	_	_	_	_	_	_	_	_	_	Einleitung[5]	_	
1-16	85-88	die	_	_	_	_	_	_	_	_	_	_	_	_	_	_	_	Einleitung[5]	_	
1-17	89-111	Treibhausgasemissionen	_	_	_	_	_	_	_	_	_	_	_	_	_	_	_	Einleitung[5]	_	
1-18	112-115	des	_	_	_	_	_	_	_	_	_	_	_	_	_	_	_	Einleitung[5]	_	
1-19	116-135	Personennahverkehrs	_	_	_	_	_	_	_	_	_	_	_	_	_	_	_	Einleitung[5]	_	
1-20	136-141	durch	_	_	_	_	_	_	_	_	_	_	_	_	_	_	_	Einleitung[5]	_	
1-21	142-150	Neuwagen	_	_	_	_	_	_	_	_	_	_	_	_	_	_	_	Einleitung[5]	_	
1-22	151-154	mit	_	_	_	_	_	_	_	_	_	_	_	_	_	_	_	Einleitung[5]	_	
1-23	155-168	Akkumulatoren	_	_	_	_	_	_	_	_	_	_	_	_	_	_	_	Einleitung[5]	_	
1-24	168-169	,	_	_	_	_	_	_	_	_	_	_	_	_	_	_	_	Einleitung[5]	_	
1-25	170-181	Wasserstoff	_	_	_	_	_	_	_	_	_	_	_	_	_	_	_	Einleitung[5]	_	
1-26	182-185	und	_	_	_	_	_	_	_	_	_	_	_	_	_	_	_	Einleitung[5]	_	
1-27	186-193	E-Fuels	_	_	_	_	_	_	_	_	_	_	_	_	_	_	_	Einleitung[5]	_	
1-28	194-196	zu	_	_	_	_	_	_	_	_	_	_	_	_	_	_	_	Einleitung[5]	_	
1-29	197-207	verringern	_	_	_	_	_	_	_	_	_	_	_	_	_	_	_	Einleitung[5]	_	
1-30	207-208	.	_	_	_	_	_	_	_	_	_	_	_	_	_	_	_	Einleitung[5]	_	

2-1	209-213	Doch	_	_	_	_	_	_	_	_	_	_	_	_	_	_	_	Einleitung[5]	_	
2-2	214-217	was	_	_	_	_	_	_	_	_	_	_	_	_	_	_	_	Einleitung[5]	_	
2-3	218-221	für	_	_	_	_	_	_	_	_	_	_	_	_	_	_	_	Einleitung[5]	_	
2-4	222-230	Vorteile	_	_	_	_	_	_	_	_	_	_	_	_	_	_	_	Einleitung[5]	_	
2-5	231-238	bringen	_	_	_	_	_	_	_	_	_	_	_	_	_	_	_	Einleitung[5]	_	
2-6	239-244	diese	_	_	_	_	_	_	_	_	_	_	_	_	_	_	_	Einleitung[5]	_	
2-7	245-248	mit	_	_	_	_	_	_	_	_	_	_	_	_	_	_	_	Einleitung[5]	_	
2-8	249-253	sich	_	_	_	_	_	_	_	_	_	_	_	_	_	_	_	Einleitung[5]	_	
2-9	253-254	?	_	_	_	_	_	_	_	_	_	_	_	_	_	_	_	Einleitung[5]	_	
2-10	254-255	.	_	_	_	_	_	_	_	_	_	_	_	_	_	_	_	Einleitung[5]	_	

3-1	258-261	Die	1. Richtig[1]	1. Angemessen[1]	1. Verständlich[1]	*[1]	*[1]	*[1]	*[1]	*[1]	Treibhausgasemissionen vorhanden[1]	*[1]	Contra A[1]	Pro B[1]	Contra C[1]	_	_	Hauptteil[6]	2. Data[8]	
3-2	262-269	E-Fuels	1. Richtig[1]	1. Angemessen[1]	1. Verständlich[1]	*[1]	*[1]	*[1]	*[1]	*[1]	Treibhausgasemissionen vorhanden[1]	*[1]	Contra A[1]	Pro B[1]	Contra C[1]	_	_	Hauptteil[6]	2. Data[8]	
3-3	270-279	schneiden	1. Richtig[1]	1. Angemessen[1]	1. Verständlich[1]	*[1]	*[1]	*[1]	*[1]	*[1]	Treibhausgasemissionen vorhanden[1]	*[1]	Contra A[1]	Pro B[1]	Contra C[1]	_	_	Hauptteil[6]	2. Data[8]	
3-4	280-283	mit	1. Richtig[1]	1. Angemessen[1]	1. Verständlich[1]	*[1]	*[1]	*[1]	*[1]	*[1]	Treibhausgasemissionen vorhanden[1]	*[1]	Contra A[1]	Pro B[1]	Contra C[1]	_	_	Hauptteil[6]	2. Data[8]	
3-5	284-287	den	1. Richtig[1]	1. Angemessen[1]	1. Verständlich[1]	*[1]	*[1]	*[1]	*[1]	*[1]	Treibhausgasemissionen vorhanden[1]	*[1]	Contra A[1]	Pro B[1]	Contra C[1]	_	_	Hauptteil[6]	2. Data[8]	
3-6	288-310	Treibhausgasemissionen	1. Richtig[1]	1. Angemessen[1]	1. Verständlich[1]	*[1]	*[1]	*[1]	*[1]	*[1]	Treibhausgasemissionen vorhanden[1]	*[1]	Contra A[1]	Pro B[1]	Contra C[1]	_	_	Hauptteil[6]	2. Data[8]	
3-7	311-314	bei	1. Richtig[1]	1. Angemessen[1]	1. Verständlich[1]	*[1]	*[1]	*[1]	*[1]	*[1]	Treibhausgasemissionen vorhanden[1]	*[1]	Contra A[1]	Pro B[1]	Contra C[1]	_	_	Hauptteil[6]	2. Data[8]	
3-8	315-318	der	1. Richtig[1]	1. Angemessen[1]	1. Verständlich[1]	*[1]	*[1]	*[1]	*[1]	*[1]	Treibhausgasemissionen vorhanden[1]	*[1]	Contra A[1]	Pro B[1]	Contra C[1]	_	_	Hauptteil[6]	2. Data[8]	
3-9	319-329	Produktion	1. Richtig[1]	1. Angemessen[1]	1. Verständlich[1]	*[1]	*[1]	*[1]	*[1]	*[1]	Treibhausgasemissionen vorhanden[1]	*[1]	Contra A[1]	Pro B[1]	Contra C[1]	_	_	Hauptteil[6]	2. Data[8]	
3-10	330-332	am	1. Richtig[1]	1. Angemessen[1]	1. Verständlich[1]	*[1]	*[1]	*[1]	*[1]	*[1]	Treibhausgasemissionen vorhanden[1]	*[1]	Contra A[1]	Pro B[1]	Contra C[1]	_	_	Hauptteil[6]	2. Data[8]	
3-11	333-339	besten	1. Richtig[1]	1. Angemessen[1]	1. Verständlich[1]	*[1]	*[1]	*[1]	*[1]	*[1]	Treibhausgasemissionen vorhanden[1]	*[1]	Contra A[1]	Pro B[1]	Contra C[1]	_	_	Hauptteil[6]	2. Data[8]	
3-12	340-342	ab	1. Richtig[1]	1. Angemessen[1]	1. Verständlich[1]	*[1]	*[1]	*[1]	*[1]	*[1]	Treibhausgasemissionen vorhanden[1]	*[1]	Contra A[1]	Pro B[1]	Contra C[1]	_	_	Hauptteil[6]	2. Data[8]	
3-13	342-343	,	1. Richtig[1]	1. Angemessen[1]	1. Verständlich[1]	*[1]	*[1]	*[1]	*[1]	*[1]	Treibhausgasemissionen vorhanden[1]	*[1]	Contra A[1]	Pro B[1]	Contra C[1]	_	_	Hauptteil[6]	2. Data[8]	
3-14	344-349	diese	1. Richtig[1]	1. Angemessen[1]	1. Verständlich[1]	*[1]	*[1]	*[1]	*[1]	*[1]	Treibhausgasemissionen vorhanden[1]	*[1]	Contra A[1]	Pro B[1]	Contra C[1]	_	_	Hauptteil[6]	2. Data[9]	
3-15	350-355	liegt	1. Richtig[1]	1. Angemessen[1]	1. Verständlich[1]	*[1]	*[1]	*[1]	*[1]	*[1]	Treibhausgasemissionen vorhanden[1]	*[1]	Contra A[1]	Pro B[1]	Contra C[1]	_	_	Hauptteil[6]	2. Data[9]	
3-16	356-363	nämlich	1. Richtig[1]	1. Angemessen[1]	1. Verständlich[1]	*[1]	*[1]	*[1]	*[1]	*[1]	Treibhausgasemissionen vorhanden[1]	*[1]	Contra A[1]	Pro B[1]	Contra C[1]	_	_	Hauptteil[6]	2. Data[9]	
3-17	364-367	nur	1. Richtig[1]	1. Angemessen[1]	1. Verständlich[1]	*[1]	*[1]	*[1]	*[1]	*[1]	Treibhausgasemissionen vorhanden[1]	*[1]	Contra A[1]	Pro B[1]	Contra C[1]	_	_	Hauptteil[6]	2. Data[9]	
3-18	368-371	bei	1. Richtig[1]	1. Angemessen[1]	1. Verständlich[1]	*[1]	*[1]	*[1]	*[1]	*[1]	Treibhausgasemissionen vorhanden[1]	*[1]	Contra A[1]	Pro B[1]	Contra C[1]	_	_	Hauptteil[6]	2. Data[9]	
3-19	372-375	7,8	1. Richtig[1]	1. Angemessen[1]	1. Verständlich[1]	*[1]	*[1]	*[1]	*[1]	*[1]	Treibhausgasemissionen vorhanden[1]	*[1]	Contra A[1]	Pro B[1]	Contra C[1]	_	_	Hauptteil[6]	2. Data[9]	
3-20	376-382	Tonnen	1. Richtig[1]	1. Angemessen[1]	1. Verständlich[1]	*[1]	*[1]	*[1]	*[1]	*[1]	Treibhausgasemissionen vorhanden[1]	*[1]	Contra A[1]	Pro B[1]	Contra C[1]	_	_	Hauptteil[6]	2. Data[9]	
3-21	383-386	CO2	1. Richtig[1]	1. Angemessen[1]	1. Verständlich[1]	*[1]	*[1]	*[1]	*[1]	*[1]	Treibhausgasemissionen vorhanden[1]	*[1]	Contra A[1]	Pro B[1]	Contra C[1]	_	_	Hauptteil[6]	2. Data[9]	
3-22	387-397	Äquivalent	1. Richtig[1]	1. Angemessen[1]	1. Verständlich[1]	*[1]	*[1]	*[1]	*[1]	*[1]	Treibhausgasemissionen vorhanden[1]	*[1]	Contra A[1]	Pro B[1]	Contra C[1]	_	_	Hauptteil[6]	2. Data[9]	
3-23	397-398	.	1. Richtig[1]	1. Angemessen[1]	1. Verständlich[1]	*[1]	*[1]	*[1]	*[1]	*[1]	Treibhausgasemissionen vorhanden[1]	*[1]	Contra A[1]	Pro B[1]	Contra C[1]	_	_	Hauptteil[6]	2. Data[9]	

4-1	399-403	Aber	1. Richtig[1]	1. Angemessen[1]	1. Verständlich[1]	*[1]	*[1]	*[1]	*[1]	*[1]	Treibhausgasemissionen vorhanden[1]	*[1]	Contra A[1]	Pro B[1]	Contra C[1]	_	_	Hauptteil[6]	2. Data[10]	
4-2	404-408	auch	1. Richtig[1]	1. Angemessen[1]	1. Verständlich[1]	*[1]	*[1]	*[1]	*[1]	*[1]	Treibhausgasemissionen vorhanden[1]	*[1]	Contra A[1]	Pro B[1]	Contra C[1]	_	_	Hauptteil[6]	2. Data[10]	
4-3	409-412	die	1. Richtig[1]	1. Angemessen[1]	1. Verständlich[1]	*[1]	*[1]	*[1]	*[1]	*[1]	Treibhausgasemissionen vorhanden[1]	*[1]	Contra A[1]	Pro B[1]	Contra C[1]	_	_	Hauptteil[6]	2. Data[10]	
4-4	413-431	Wasserstoffmotoren	1. Richtig[1]	1. Angemessen[1]	1. Verständlich[1]	*[1]	*[1]	*[1]	*[1]	*[1]	Treibhausgasemissionen vorhanden[1]	*[1]	Contra A[1]	Pro B[1]	Contra C[1]	_	_	Hauptteil[6]	2. Data[10]	
4-5	432-435	und	1. Richtig[1]	1. Angemessen[1]	1. Verständlich[1]	*[1]	*[1]	*[1]	*[1]	*[1]	Treibhausgasemissionen vorhanden[1]	*[1]	Contra A[1]	Pro B[1]	Contra C[1]	_	_	Hauptteil[6]	2. Data[10]	
4-6	436-439	die	1. Richtig[1]	1. Angemessen[1]	1. Verständlich[1]	*[1]	*[1]	*[1]	*[1]	*[1]	Treibhausgasemissionen vorhanden[1]	*[1]	Contra A[1]	Pro B[1]	Contra C[1]	_	_	Hauptteil[6]	2. Data[10]	
4-7	440-453	Akkumulatoren	1. Richtig[1]	1. Angemessen[1]	1. Verständlich[1]	*[1]	*[1]	*[1]	*[1]	*[1]	Treibhausgasemissionen vorhanden[1]	*[1]	Contra A[1]	Pro B[1]	Contra C[1]	_	_	Hauptteil[6]	2. Data[10]	
4-8	454-463	schneiden	1. Richtig[1]	1. Angemessen[1]	1. Verständlich[1]	*[1]	*[1]	*[1]	*[1]	*[1]	Treibhausgasemissionen vorhanden[1]	*[1]	Contra A[1]	Pro B[1]	Contra C[1]	_	_	Hauptteil[6]	2. Data[10]	
4-9	464-467	mit	1. Richtig[1]	1. Angemessen[1]	1. Verständlich[1]	*[1]	*[1]	*[1]	*[1]	*[1]	Treibhausgasemissionen vorhanden[1]	*[1]	Contra A[1]	Pro B[1]	Contra C[1]	_	_	Hauptteil[6]	2. Data[10]	
4-10	468-475	jeweils	1. Richtig[1]	1. Angemessen[1]	1. Verständlich[1]	*[1]	*[1]	*[1]	*[1]	*[1]	Treibhausgasemissionen vorhanden[1]	*[1]	Contra A[1]	Pro B[1]	Contra C[1]	_	_	Hauptteil[6]	2. Data[10]	
4-11	476-480	13,6	1. Richtig[1]	1. Angemessen[1]	1. Verständlich[1]	*[1]	*[1]	*[1]	*[1]	*[1]	Treibhausgasemissionen vorhanden[1]	*[1]	Contra A[1]	Pro B[1]	Contra C[1]	_	_	Hauptteil[6]	2. Data[10]	
4-12	481-484	und	1. Richtig[1]	1. Angemessen[1]	1. Verständlich[1]	*[1]	*[1]	*[1]	*[1]	*[1]	Treibhausgasemissionen vorhanden[1]	*[1]	Contra A[1]	Pro B[1]	Contra C[1]	_	_	Hauptteil[6]	2. Data[10]	
4-13	485-489	13,1	1. Richtig[1]	1. Angemessen[1]	1. Verständlich[1]	*[1]	*[1]	*[1]	*[1]	*[1]	Treibhausgasemissionen vorhanden[1]	*[1]	Contra A[1]	Pro B[1]	Contra C[1]	_	_	Hauptteil[6]	2. Data[10]	
4-14	490-496	Tonnen	1. Richtig[1]	1. Angemessen[1]	1. Verständlich[1]	*[1]	*[1]	*[1]	*[1]	*[1]	Treibhausgasemissionen vorhanden[1]	*[1]	Contra A[1]	Pro B[1]	Contra C[1]	_	_	Hauptteil[6]	2. Data[10]	
4-15	497-500	CO2	1. Richtig[1]	1. Angemessen[1]	1. Verständlich[1]	*[1]	*[1]	*[1]	*[1]	*[1]	Treibhausgasemissionen vorhanden[1]	*[1]	Contra A[1]	Pro B[1]	Contra C[1]	_	_	Hauptteil[6]	2. Data[10]	
4-16	501-511	Äquivalent	1. Richtig[1]	1. Angemessen[1]	1. Verständlich[1]	*[1]	*[1]	*[1]	*[1]	*[1]	Treibhausgasemissionen vorhanden[1]	*[1]	Contra A[1]	Pro B[1]	Contra C[1]	_	_	Hauptteil[6]	2. Data[10]	
4-17	512-517	nicht	1. Richtig[1]	1. Angemessen[1]	1. Verständlich[1]	*[1]	*[1]	*[1]	*[1]	*[1]	Treibhausgasemissionen vorhanden[1]	*[1]	Contra A[1]	Pro B[1]	Contra C[1]	_	_	Hauptteil[6]	2. Data[10]	
4-18	518-526	schlecht	1. Richtig[1]	1. Angemessen[1]	1. Verständlich[1]	*[1]	*[1]	*[1]	*[1]	*[1]	Treibhausgasemissionen vorhanden[1]	*[1]	Contra A[1]	Pro B[1]	Contra C[1]	_	_	Hauptteil[6]	2. Data[10]	
4-19	527-529	ab	1. Richtig[1]	1. Angemessen[1]	1. Verständlich[1]	*[1]	*[1]	*[1]	*[1]	*[1]	Treibhausgasemissionen vorhanden[1]	*[1]	Contra A[1]	Pro B[1]	Contra C[1]	_	_	Hauptteil[6]	2. Data[10]	
4-20	529-530	.	1. Richtig[1]	1. Angemessen[1]	1. Verständlich[1]	*[1]	*[1]	*[1]	*[1]	*[1]	Treibhausgasemissionen vorhanden[1]	*[1]	Contra A[1]	Pro B[1]	Contra C[1]	_	_	Hauptteil[6]	2. Data[10]	

5-1	531-534	Die	1. Richtig[2]	1. Angemessen[2]	1. Verständlich[2]	*[2]	Lebensdauer/Verfügbarkeit vorhanden[2]	*[2]	*[2]	*[2]	*[2]	*[2]	Contra A[2]	Pro B[2]	Pro C[2]	_	_	Hauptteil[6]	2. Data[11]	
5-2	535-542	E-Fuels	1. Richtig[2]	1. Angemessen[2]	1. Verständlich[2]	*[2]	Lebensdauer/Verfügbarkeit vorhanden[2]	*[2]	*[2]	*[2]	*[2]	*[2]	Contra A[2]	Pro B[2]	Pro C[2]	_	_	Hauptteil[6]	2. Data[11]	
5-3	542-543	,	1. Richtig[2]	1. Angemessen[2]	1. Verständlich[2]	*[2]	Lebensdauer/Verfügbarkeit vorhanden[2]	*[2]	*[2]	*[2]	*[2]	*[2]	Contra A[2]	Pro B[2]	Pro C[2]	_	_	Hauptteil[6]	2. Data[11]	
5-4	544-549	sowie	1. Richtig[2]	1. Angemessen[2]	1. Verständlich[2]	*[2]	Lebensdauer/Verfügbarkeit vorhanden[2]	*[2]	*[2]	*[2]	*[2]	*[2]	Contra A[2]	Pro B[2]	Pro C[2]	_	_	Hauptteil[6]	2. Data[11]	
5-5	550-553	die	1. Richtig[2]	1. Angemessen[2]	1. Verständlich[2]	*[2]	Lebensdauer/Verfügbarkeit vorhanden[2]	*[2]	*[2]	*[2]	*[2]	*[2]	Contra A[2]	Pro B[2]	Pro C[2]	_	_	Hauptteil[6]	2. Data[11]	
5-6	554-567	Akkumulatoren	1. Richtig[2]	1. Angemessen[2]	1. Verständlich[2]	*[2]	Lebensdauer/Verfügbarkeit vorhanden[2]	*[2]	*[2]	*[2]	*[2]	*[2]	Contra A[2]	Pro B[2]	Pro C[2]	_	_	Hauptteil[6]	2. Data[11]	
5-7	568-574	können	1. Richtig[2]	1. Angemessen[2]	1. Verständlich[2]	*[2]	Lebensdauer/Verfügbarkeit vorhanden[2]	*[2]	*[2]	*[2]	*[2]	*[2]	Contra A[2]	Pro B[2]	Pro C[2]	_	_	Hauptteil[6]	2. Data[11]	
5-8	575-577	in	1. Richtig[2]	1. Angemessen[2]	1. Verständlich[2]	*[2]	Lebensdauer/Verfügbarkeit vorhanden[2]	*[2]	*[2]	*[2]	*[2]	*[2]	Contra A[2]	Pro B[2]	Pro C[2]	_	_	Hauptteil[6]	2. Data[11]	
5-9	578-596	Massenproduktionen	1. Richtig[2]	1. Angemessen[2]	1. Verständlich[2]	*[2]	Lebensdauer/Verfügbarkeit vorhanden[2]	*[2]	*[2]	*[2]	*[2]	*[2]	Contra A[2]	Pro B[2]	Pro C[2]	_	_	Hauptteil[6]	2. Data[11]	
5-10	597-606	gefertigt	1. Richtig[2]	1. Angemessen[2]	1. Verständlich[2]	*[2]	Lebensdauer/Verfügbarkeit vorhanden[2]	*[2]	*[2]	*[2]	*[2]	*[2]	Contra A[2]	Pro B[2]	Pro C[2]	_	_	Hauptteil[6]	2. Data[11]	
5-11	607-613	werden	1. Richtig[2]	1. Angemessen[2]	1. Verständlich[2]	*[2]	Lebensdauer/Verfügbarkeit vorhanden[2]	*[2]	*[2]	*[2]	*[2]	*[2]	Contra A[2]	Pro B[2]	Pro C[2]	_	_	Hauptteil[6]	2. Data[11]	
5-12	613-614	,	1. Richtig[2]	1. Angemessen[2]	1. Verständlich[2]	*[2]	Lebensdauer/Verfügbarkeit vorhanden[2]	*[2]	*[2]	*[2]	*[2]	*[2]	Contra A[2]	Pro B[2]	Pro C[2]	_	_	Hauptteil[6]	2. Data[11]	
5-13	615-633	Wasserstoffmotoren	1. Richtig[2]	1. Angemessen[2]	1. Verständlich[2]	*[2]	Lebensdauer/Verfügbarkeit vorhanden[2]	*[2]	*[2]	*[2]	*[2]	*[2]	Contra A[2]	Pro B[2]	Pro C[2]	_	_	Hauptteil[6]	2. Data[12]	
5-14	634-640	jedoch	1. Richtig[2]	1. Angemessen[2]	1. Verständlich[2]	*[2]	Lebensdauer/Verfügbarkeit vorhanden[2]	*[2]	*[2]	*[2]	*[2]	*[2]	Contra A[2]	Pro B[2]	Pro C[2]	_	_	Hauptteil[6]	2. Data[12]	
5-15	641-646	nicht	1. Richtig[2]	1. Angemessen[2]	1. Verständlich[2]	*[2]	Lebensdauer/Verfügbarkeit vorhanden[2]	*[2]	*[2]	*[2]	*[2]	*[2]	Contra A[2]	Pro B[2]	Pro C[2]	_	_	Hauptteil[6]	2. Data[12]	
5-16	646-647	.	1. Richtig[2]	1. Angemessen[2]	1. Verständlich[2]	*[2]	Lebensdauer/Verfügbarkeit vorhanden[2]	*[2]	*[2]	*[2]	*[2]	*[2]	Contra A[2]	Pro B[2]	Pro C[2]	_	_	Hauptteil[6]	2. Data[12]	

6-1	648-651	Die	1. Richtig[3]	1. Angemessen[3]	1. Verständlich[3]	*[3]	*[3]	*[3]	Preis/Betrieb vorhanden[3]	*[3]	*[3]	*[3]	Pro A[3]	Pro B[3]	Contra C[3]	_	_	Hauptteil[6]	2. Data[13]	
6-2	652-662	Reichweite	1. Richtig[3]	1. Angemessen[3]	1. Verständlich[3]	*[3]	*[3]	*[3]	Preis/Betrieb vorhanden[3]	*[3]	*[3]	*[3]	Pro A[3]	Pro B[3]	Contra C[3]	_	_	Hauptteil[6]	2. Data[13]	
6-3	663-668	liegt	1. Richtig[3]	1. Angemessen[3]	1. Verständlich[3]	*[3]	*[3]	*[3]	Preis/Betrieb vorhanden[3]	*[3]	*[3]	*[3]	Pro A[3]	Pro B[3]	Contra C[3]	_	_	Hauptteil[6]	2. Data[13]	
6-4	669-672	bei	1. Richtig[3]	1. Angemessen[3]	1. Verständlich[3]	*[3]	*[3]	*[3]	Preis/Betrieb vorhanden[3]	*[3]	*[3]	*[3]	Pro A[3]	Pro B[3]	Contra C[3]	_	_	Hauptteil[6]	2. Data[13]	
6-5	673-676	den	1. Richtig[3]	1. Angemessen[3]	1. Verständlich[3]	*[3]	*[3]	*[3]	Preis/Betrieb vorhanden[3]	*[3]	*[3]	*[3]	Pro A[3]	Pro B[3]	Contra C[3]	_	_	Hauptteil[6]	2. Data[13]	
6-6	677-684	E-Fuels	1. Richtig[3]	1. Angemessen[3]	1. Verständlich[3]	*[3]	*[3]	*[3]	Preis/Betrieb vorhanden[3]	*[3]	*[3]	*[3]	Pro A[3]	Pro B[3]	Contra C[3]	_	_	Hauptteil[6]	2. Data[13]	
6-7	685-688	und	1. Richtig[3]	1. Angemessen[3]	1. Verständlich[3]	*[3]	*[3]	*[3]	Preis/Betrieb vorhanden[3]	*[3]	*[3]	*[3]	Pro A[3]	Pro B[3]	Contra C[3]	_	_	Hauptteil[6]	2. Data[13]	
6-8	689-707	Wasserstoffmotoren	1. Richtig[3]	1. Angemessen[3]	1. Verständlich[3]	*[3]	*[3]	*[3]	Preis/Betrieb vorhanden[3]	*[3]	*[3]	*[3]	Pro A[3]	Pro B[3]	Contra C[3]	_	_	Hauptteil[6]	2. Data[13]	
6-9	708-711	bei	1. Richtig[3]	1. Angemessen[3]	1. Verständlich[3]	*[3]	*[3]	*[3]	Preis/Betrieb vorhanden[3]	*[3]	*[3]	*[3]	Pro A[3]	Pro B[3]	Contra C[3]	_	_	Hauptteil[6]	2. Data[13]	
6-10	712-717	700km	1. Richtig[3]	1. Angemessen[3]	1. Verständlich[3]	*[3]	*[3]	*[3]	Preis/Betrieb vorhanden[3]	*[3]	*[3]	*[3]	Pro A[3]	Pro B[3]	Contra C[3]	_	_	Hauptteil[6]	2. Data[13]	
6-11	717-718	.	1. Richtig[3]	1. Angemessen[3]	1. Verständlich[3]	*[3]	*[3]	*[3]	Preis/Betrieb vorhanden[3]	*[3]	*[3]	*[3]	Pro A[3]	Pro B[3]	Contra C[3]	_	_	Hauptteil[6]	2. Data[13]	

7-1	719-722	Bei	1. Richtig[3]	1. Angemessen[3]	1. Verständlich[3]	*[3]	*[3]	*[3]	Preis/Betrieb vorhanden[3]	*[3]	*[3]	*[3]	Pro A[3]	Pro B[3]	Contra C[3]	_	_	Hauptteil[6]	2. Data[14]	
7-2	723-726	dem	1. Richtig[3]	1. Angemessen[3]	1. Verständlich[3]	*[3]	*[3]	*[3]	Preis/Betrieb vorhanden[3]	*[3]	*[3]	*[3]	Pro A[3]	Pro B[3]	Contra C[3]	_	_	Hauptteil[6]	2. Data[14]	
7-3	727-738	Akkumulator	1. Richtig[3]	1. Angemessen[3]	1. Verständlich[3]	*[3]	*[3]	*[3]	Preis/Betrieb vorhanden[3]	*[3]	*[3]	*[3]	Pro A[3]	Pro B[3]	Contra C[3]	_	_	Hauptteil[6]	2. Data[14]	
7-4	739-745	jedoch	1. Richtig[3]	1. Angemessen[3]	1. Verständlich[3]	*[3]	*[3]	*[3]	Preis/Betrieb vorhanden[3]	*[3]	*[3]	*[3]	Pro A[3]	Pro B[3]	Contra C[3]	_	_	Hauptteil[6]	2. Data[14]	
7-5	746-749	nur	1. Richtig[3]	1. Angemessen[3]	1. Verständlich[3]	*[3]	*[3]	*[3]	Preis/Betrieb vorhanden[3]	*[3]	*[3]	*[3]	Pro A[3]	Pro B[3]	Contra C[3]	_	_	Hauptteil[6]	2. Data[14]	
7-6	750-753	bei	1. Richtig[3]	1. Angemessen[3]	1. Verständlich[3]	*[3]	*[3]	*[3]	Preis/Betrieb vorhanden[3]	*[3]	*[3]	*[3]	Pro A[3]	Pro B[3]	Contra C[3]	_	_	Hauptteil[6]	2. Data[14]	
7-7	754-759	400km	1. Richtig[3]	1. Angemessen[3]	1. Verständlich[3]	*[3]	*[3]	*[3]	Preis/Betrieb vorhanden[3]	*[3]	*[3]	*[3]	Pro A[3]	Pro B[3]	Contra C[3]	_	_	Hauptteil[6]	2. Data[14]	
7-8	760-761	,	1. Richtig[3]	1. Angemessen[3]	1. Verständlich[3]	*[3]	*[3]	*[3]	Preis/Betrieb vorhanden[3]	*[3]	*[3]	*[3]	Pro A[3]	Pro B[3]	Contra C[3]	_	_	Hauptteil[6]	2. Data[14]	
7-9	762-767	trotz	1. Richtig[3]	1. Angemessen[3]	1. Verständlich[3]	*[3]	*[3]	*[3]	Preis/Betrieb vorhanden[3]	*[3]	*[3]	*[3]	Pro A[3]	Pro B[3]	Contra C[3]	_	_	Hauptteil[6]	2. Data[15]	
7-10	768-773	einer	1. Richtig[3]	1. Angemessen[3]	1. Verständlich[3]	*[3]	*[3]	*[3]	Preis/Betrieb vorhanden[3]	*[3]	*[3]	*[3]	Pro A[3]	Pro B[3]	Contra C[3]	_	_	Hauptteil[6]	2. Data[15]	
7-11	774-780	langen	1. Richtig[3]	1. Angemessen[3]	1. Verständlich[3]	*[3]	*[3]	*[3]	Preis/Betrieb vorhanden[3]	*[3]	*[3]	*[3]	Pro A[3]	Pro B[3]	Contra C[3]	_	_	Hauptteil[6]	2. Data[15]	
7-12	781-789	Ladezeit	1. Richtig[3]	1. Angemessen[3]	1. Verständlich[3]	*[3]	*[3]	*[3]	Preis/Betrieb vorhanden[3]	*[3]	*[3]	*[3]	Pro A[3]	Pro B[3]	Contra C[3]	_	_	Hauptteil[6]	2. Data[15]	
7-13	789-790	.	1. Richtig[3]	1. Angemessen[3]	1. Verständlich[3]	*[3]	*[3]	*[3]	Preis/Betrieb vorhanden[3]	*[3]	*[3]	*[3]	Pro A[3]	Pro B[3]	Contra C[3]	_	_	Hauptteil[6]	2. Data[15]	

8-1	792-807	Zusammenfassend	_	_	_	_	_	_	_	_	_	_	_	_	_	1. Trade-off[4]	Gesamtthese[4]	Schluss[7]	_	
8-2	808-813	würde	_	_	_	_	_	_	_	_	_	_	_	_	_	1. Trade-off[4]	Gesamtthese[4]	Schluss[7]	_	
8-3	814-817	ich	_	_	_	_	_	_	_	_	_	_	_	_	_	1. Trade-off[4]	Gesamtthese[4]	Schluss[7]	_	
8-4	818-823	sagen	_	_	_	_	_	_	_	_	_	_	_	_	_	1. Trade-off[4]	Gesamtthese[4]	Schluss[7]	_	
8-5	823-824	,	_	_	_	_	_	_	_	_	_	_	_	_	_	1. Trade-off[4]	Gesamtthese[4]	Schluss[7]	_	
8-6	825-829	dass	_	_	_	_	_	_	_	_	_	_	_	_	_	1. Trade-off[4]	Gesamtthese[4]	Schluss[7]	_	
8-7	830-833	der	_	_	_	_	_	_	_	_	_	_	_	_	_	1. Trade-off[4]	Gesamtthese[4]	Schluss[7]	_	
8-8	834-835	E	_	_	_	_	_	_	_	_	_	_	_	_	_	1. Trade-off[4]	Gesamtthese[4]	Schluss[7]	_	
8-9	835-836	-	_	_	_	_	_	_	_	_	_	_	_	_	_	1. Trade-off[4]	Gesamtthese[4]	Schluss[7]	_	
8-10	837-842	Fuels	_	_	_	_	_	_	_	_	_	_	_	_	_	1. Trade-off[4]	Gesamtthese[4]	Schluss[7]	_	
8-11	843-848	Motor	_	_	_	_	_	_	_	_	_	_	_	_	_	1. Trade-off[4]	Gesamtthese[4]	Schluss[7]	_	
8-12	849-852	die	_	_	_	_	_	_	_	_	_	_	_	_	_	1. Trade-off[4]	Gesamtthese[4]	Schluss[7]	_	
8-13	853-858	beste	_	_	_	_	_	_	_	_	_	_	_	_	_	1. Trade-off[4]	Gesamtthese[4]	Schluss[7]	_	
8-14	859-870	Alternative	_	_	_	_	_	_	_	_	_	_	_	_	_	1. Trade-off[4]	Gesamtthese[4]	Schluss[7]	_	
8-15	871-874	für	_	_	_	_	_	_	_	_	_	_	_	_	_	1. Trade-off[4]	Gesamtthese[4]	Schluss[7]	_	
8-16	875-878	den	_	_	_	_	_	_	_	_	_	_	_	_	_	1. Trade-off[4]	Gesamtthese[4]	Schluss[7]	_	
8-17	879-885	Alltag	_	_	_	_	_	_	_	_	_	_	_	_	_	1. Trade-off[4]	Gesamtthese[4]	Schluss[7]	_	
8-18	886-890	wäre	_	_	_	_	_	_	_	_	_	_	_	_	_	1. Trade-off[4]	Gesamtthese[4]	Schluss[7]	_	
8-19	890-891	,	_	_	_	_	_	_	_	_	_	_	_	_	_	1. Trade-off[4]	Gesamtthese[4]	Schluss[7]	_	
8-20	892-894	da	_	_	_	_	_	_	_	_	_	_	_	_	_	1. Trade-off[4]	Gesamtthese[4]	Schluss[7]	_	
8-21	895-897	er	_	_	_	_	_	_	_	_	_	_	_	_	_	1. Trade-off[4]	Gesamtthese[4]	Schluss[7]	_	
8-22	898-900	in	_	_	_	_	_	_	_	_	_	_	_	_	_	1. Trade-off[4]	Gesamtthese[4]	Schluss[7]	_	
8-23	901-907	großen	_	_	_	_	_	_	_	_	_	_	_	_	_	1. Trade-off[4]	Gesamtthese[4]	Schluss[7]	_	
8-24	908-914	Mengen	_	_	_	_	_	_	_	_	_	_	_	_	_	1. Trade-off[4]	Gesamtthese[4]	Schluss[7]	_	
8-25	915-927	herzustellen	_	_	_	_	_	_	_	_	_	_	_	_	_	1. Trade-off[4]	Gesamtthese[4]	Schluss[7]	_	
8-26	928-931	ist	_	_	_	_	_	_	_	_	_	_	_	_	_	1. Trade-off[4]	Gesamtthese[4]	Schluss[7]	_	
8-27	931-932	,	_	_	_	_	_	_	_	_	_	_	_	_	_	1. Trade-off[4]	Gesamtthese[4]	Schluss[7]	_	
8-28	933-935	er	_	_	_	_	_	_	_	_	_	_	_	_	_	1. Trade-off[4]	Gesamtthese[4]	Schluss[7]	_	
8-29	936-940	eine	_	_	_	_	_	_	_	_	_	_	_	_	_	1. Trade-off[4]	Gesamtthese[4]	Schluss[7]	_	
8-30	941-956	Vergleichsweise	_	_	_	_	_	_	_	_	_	_	_	_	_	1. Trade-off[4]	Gesamtthese[4]	Schluss[7]	_	
8-31	957-962	große	_	_	_	_	_	_	_	_	_	_	_	_	_	1. Trade-off[4]	Gesamtthese[4]	Schluss[7]	_	
8-32	963-973	Reichweite	_	_	_	_	_	_	_	_	_	_	_	_	_	1. Trade-off[4]	Gesamtthese[4]	Schluss[7]	_	
8-33	974-977	hat	_	_	_	_	_	_	_	_	_	_	_	_	_	1. Trade-off[4]	Gesamtthese[4]	Schluss[7]	_	
8-34	978-981	und	_	_	_	_	_	_	_	_	_	_	_	_	_	1. Trade-off[4]	Gesamtthese[4]	Schluss[7]	_	
8-35	982-985	die	_	_	_	_	_	_	_	_	_	_	_	_	_	1. Trade-off[4]	Gesamtthese[4]	Schluss[7]	_	
8-36	986-995	geringste	_	_	_	_	_	_	_	_	_	_	_	_	_	1. Trade-off[4]	Gesamtthese[4]	Schluss[7]	_	
8-37	996-1016	Treibhausgasemission	_	_	_	_	_	_	_	_	_	_	_	_	_	1. Trade-off[4]	Gesamtthese[4]	Schluss[7]	_	
8-38	1017-1020	hat	_	_	_	_	_	_	_	_	_	_	_	_	_	1. Trade-off[4]	Gesamtthese[4]	Schluss[7]	_	
8-39	1020-1021	.	_	_	_	_	_	_	_	_	_	_	_	_	_	1. Trade-off[4]	Gesamtthese[4]	Schluss[7]	_	

9-1	1022-1025	Ein	_	_	_	_	_	_	_	_	_	_	_	_	_	_	_	Schluss[7]	_	
9-2	1026-1033	kleiner	_	_	_	_	_	_	_	_	_	_	_	_	_	_	_	Schluss[7]	_	
9-3	1034-1042	Nachteil	_	_	_	_	_	_	_	_	_	_	_	_	_	_	_	Schluss[7]	_	
9-4	1043-1047	wäre	_	_	_	_	_	_	_	_	_	_	_	_	_	_	_	Schluss[7]	_	
9-5	1047-1048	,	_	_	_	_	_	_	_	_	_	_	_	_	_	_	_	Schluss[7]	_	
9-6	1049-1053	dass	_	_	_	_	_	_	_	_	_	_	_	_	_	_	_	Schluss[7]	_	
9-7	1054-1060	dieser	_	_	_	_	_	_	_	_	_	_	_	_	_	_	_	Schluss[7]	_	
9-8	1061-1066	Motor	_	_	_	_	_	_	_	_	_	_	_	_	_	_	_	Schluss[7]	_	
9-9	1067-1069	im	_	_	_	_	_	_	_	_	_	_	_	_	_	_	_	Schluss[7]	_	
9-10	1070-1079	Vergleich	_	_	_	_	_	_	_	_	_	_	_	_	_	_	_	Schluss[7]	_	
9-11	1080-1082	zu	_	_	_	_	_	_	_	_	_	_	_	_	_	_	_	Schluss[7]	_	
9-12	1083-1086	den	_	_	_	_	_	_	_	_	_	_	_	_	_	_	_	Schluss[7]	_	
9-13	1087-1094	anderen	_	_	_	_	_	_	_	_	_	_	_	_	_	_	_	Schluss[7]	_	
9-14	1095-1101	beiden	_	_	_	_	_	_	_	_	_	_	_	_	_	_	_	Schluss[7]	_	
9-15	1102-1105	mit	_	_	_	_	_	_	_	_	_	_	_	_	_	_	_	Schluss[7]	_	
9-16	1106-1110	61dB	_	_	_	_	_	_	_	_	_	_	_	_	_	_	_	Schluss[7]	_	
9-17	1111-1112	4	_	_	_	_	_	_	_	_	_	_	_	_	_	_	_	Schluss[7]	_	
9-18	1113-1115	dB	_	_	_	_	_	_	_	_	_	_	_	_	_	_	_	Schluss[7]	_	
9-19	1116-1119	bei	_	_	_	_	_	_	_	_	_	_	_	_	_	_	_	Schluss[7]	_	
9-20	1120-1122	30	_	_	_	_	_	_	_	_	_	_	_	_	_	_	_	Schluss[7]	_	
9-21	1123-1125	km	_	_	_	_	_	_	_	_	_	_	_	_	_	_	_	Schluss[7]	_	
9-22	1125-1126	/	_	_	_	_	_	_	_	_	_	_	_	_	_	_	_	Schluss[7]	_	
9-23	1126-1127	h	_	_	_	_	_	_	_	_	_	_	_	_	_	_	_	Schluss[7]	_	
9-24	1128-1134	Lauter	_	_	_	_	_	_	_	_	_	_	_	_	_	_	_	Schluss[7]	_	
9-25	1135-1139	wäre	_	_	_	_	_	_	_	_	_	_	_	_	_	_	_	Schluss[7]	_	
9-26	1139-1140	.	_	_	_	_	_	_	_	_	_	_	_	_	_	_	_	Schluss[7]	_	
