#FORMAT=WebAnno TSV 3.3
#T_SP=webanno.custom.Argument|Accuracy|Adequacy|Clarity|KriteriumJahresertragEnergiedichte|KriteriumLebensdauerVerfgbarkeit|KriteriumLokaleEmissionenGeruschemissionen|KriteriumPreisBetrieb|KriteriumSonstiges|KriteriumTreibhausgasemissionen|KriteriumWirkungsgrad|OptionA|OptionB|OptionC
#T_SP=webanno.custom.DecisionMakingStrategies|Decision|Gesamtthese
#T_SP=webanno.custom.Struktur|Struktur
#T_SP=webanno.custom.StrukturTAP|TAPArgumente


1-1	0-3	Ein	1. Richtig[1]	1. Angemessen[1]	1. Verständlich[1]	*[1]	*[1]	*[1]	Preis/Betrieb vorhanden[1]	*[1]	Treibhausgasemissionen vorhanden[1]	*[1]	Contra A[1]	Pro B[1]	Contra C[1]	1. Trade-off[4]	Gesamtthese[4]	Hauptteil[5]	1. Claim[6]	
1-2	4-13	Solarpark	1. Richtig[1]	1. Angemessen[1]	1. Verständlich[1]	*[1]	*[1]	*[1]	Preis/Betrieb vorhanden[1]	*[1]	Treibhausgasemissionen vorhanden[1]	*[1]	Contra A[1]	Pro B[1]	Contra C[1]	1. Trade-off[4]	Gesamtthese[4]	Hauptteil[5]	1. Claim[6]	
1-3	14-17	ist	1. Richtig[1]	1. Angemessen[1]	1. Verständlich[1]	*[1]	*[1]	*[1]	Preis/Betrieb vorhanden[1]	*[1]	Treibhausgasemissionen vorhanden[1]	*[1]	Contra A[1]	Pro B[1]	Contra C[1]	1. Trade-off[4]	Gesamtthese[4]	Hauptteil[5]	1. Claim[6]	
1-4	18-21	die	1. Richtig[1]	1. Angemessen[1]	1. Verständlich[1]	*[1]	*[1]	*[1]	Preis/Betrieb vorhanden[1]	*[1]	Treibhausgasemissionen vorhanden[1]	*[1]	Contra A[1]	Pro B[1]	Contra C[1]	1. Trade-off[4]	Gesamtthese[4]	Hauptteil[5]	1. Claim[6]	
1-5	22-27	beste	1. Richtig[1]	1. Angemessen[1]	1. Verständlich[1]	*[1]	*[1]	*[1]	Preis/Betrieb vorhanden[1]	*[1]	Treibhausgasemissionen vorhanden[1]	*[1]	Contra A[1]	Pro B[1]	Contra C[1]	1. Trade-off[4]	Gesamtthese[4]	Hauptteil[5]	1. Claim[6]	
1-6	28-35	Methode	1. Richtig[1]	1. Angemessen[1]	1. Verständlich[1]	*[1]	*[1]	*[1]	Preis/Betrieb vorhanden[1]	*[1]	Treibhausgasemissionen vorhanden[1]	*[1]	Contra A[1]	Pro B[1]	Contra C[1]	1. Trade-off[4]	Gesamtthese[4]	Hauptteil[5]	1. Claim[6]	
1-7	35-36	,	1. Richtig[1]	1. Angemessen[1]	1. Verständlich[1]	*[1]	*[1]	*[1]	Preis/Betrieb vorhanden[1]	*[1]	Treibhausgasemissionen vorhanden[1]	*[1]	Contra A[1]	Pro B[1]	Contra C[1]	1. Trade-off[4]	Gesamtthese[4]	Hauptteil[5]	1. Claim[6]	
1-8	37-39	um	1. Richtig[1]	1. Angemessen[1]	1. Verständlich[1]	*[1]	*[1]	*[1]	Preis/Betrieb vorhanden[1]	*[1]	Treibhausgasemissionen vorhanden[1]	*[1]	Contra A[1]	Pro B[1]	Contra C[1]	1. Trade-off[4]	Gesamtthese[4]	Hauptteil[5]	1. Claim[6]	
1-9	40-62	Treibhausgasemissionen	1. Richtig[1]	1. Angemessen[1]	1. Verständlich[1]	*[1]	*[1]	*[1]	Preis/Betrieb vorhanden[1]	*[1]	Treibhausgasemissionen vorhanden[1]	*[1]	Contra A[1]	Pro B[1]	Contra C[1]	1. Trade-off[4]	Gesamtthese[4]	Hauptteil[5]	1. Claim[6]	
1-10	63-65	im	1. Richtig[1]	1. Angemessen[1]	1. Verständlich[1]	*[1]	*[1]	*[1]	Preis/Betrieb vorhanden[1]	*[1]	Treibhausgasemissionen vorhanden[1]	*[1]	Contra A[1]	Pro B[1]	Contra C[1]	1. Trade-off[4]	Gesamtthese[4]	Hauptteil[5]	1. Claim[6]	
1-11	66-79	Energiesektor	1. Richtig[1]	1. Angemessen[1]	1. Verständlich[1]	*[1]	*[1]	*[1]	Preis/Betrieb vorhanden[1]	*[1]	Treibhausgasemissionen vorhanden[1]	*[1]	Contra A[1]	Pro B[1]	Contra C[1]	1. Trade-off[4]	Gesamtthese[4]	Hauptteil[5]	1. Claim[6]	
1-12	80-82	zu	1. Richtig[1]	1. Angemessen[1]	1. Verständlich[1]	*[1]	*[1]	*[1]	Preis/Betrieb vorhanden[1]	*[1]	Treibhausgasemissionen vorhanden[1]	*[1]	Contra A[1]	Pro B[1]	Contra C[1]	1. Trade-off[4]	Gesamtthese[4]	Hauptteil[5]	1. Claim[6]	
1-13	83-93	reduzieren	1. Richtig[1]	1. Angemessen[1]	1. Verständlich[1]	*[1]	*[1]	*[1]	Preis/Betrieb vorhanden[1]	*[1]	Treibhausgasemissionen vorhanden[1]	*[1]	Contra A[1]	Pro B[1]	Contra C[1]	1. Trade-off[4]	Gesamtthese[4]	Hauptteil[5]	1. Claim[6]	
1-14	93-94	,	1. Richtig[1]	1. Angemessen[1]	1. Verständlich[1]	*[1]	*[1]	*[1]	Preis/Betrieb vorhanden[1]	*[1]	Treibhausgasemissionen vorhanden[1]	*[1]	Contra A[1]	Pro B[1]	Contra C[1]	1. Trade-off[4]	Gesamtthese[4]	Hauptteil[5]	1. Claim[6]	
1-15	95-97	da	1. Richtig[1]	1. Angemessen[1]	1. Verständlich[1]	*[1]	*[1]	*[1]	Preis/Betrieb vorhanden[1]	*[1]	Treibhausgasemissionen vorhanden[1]	*[1]	Contra A[1]	Pro B[1]	Contra C[1]	1. Trade-off[4]	Gesamtthese[4]	Hauptteil[5]	2. Data[7]	
1-16	98-101	sie	1. Richtig[1]	1. Angemessen[1]	1. Verständlich[1]	*[1]	*[1]	*[1]	Preis/Betrieb vorhanden[1]	*[1]	Treibhausgasemissionen vorhanden[1]	*[1]	Contra A[1]	Pro B[1]	Contra C[1]	1. Trade-off[4]	Gesamtthese[4]	Hauptteil[5]	2. Data[7]	
1-17	102-106	zwar	1. Richtig[1]	1. Angemessen[1]	1. Verständlich[1]	*[1]	*[1]	*[1]	Preis/Betrieb vorhanden[1]	*[1]	Treibhausgasemissionen vorhanden[1]	*[1]	Contra A[1]	Pro B[1]	Contra C[1]	1. Trade-off[4]	Gesamtthese[4]	Hauptteil[5]	2. Data[7]	
1-18	107-109	im	1. Richtig[1]	1. Angemessen[1]	1. Verständlich[1]	*[1]	*[1]	*[1]	Preis/Betrieb vorhanden[1]	*[1]	Treibhausgasemissionen vorhanden[1]	*[1]	Contra A[1]	Pro B[1]	Contra C[1]	1. Trade-off[4]	Gesamtthese[4]	Hauptteil[5]	2. Data[7]	
1-19	110-119	Vergleich	1. Richtig[1]	1. Angemessen[1]	1. Verständlich[1]	*[1]	*[1]	*[1]	Preis/Betrieb vorhanden[1]	*[1]	Treibhausgasemissionen vorhanden[1]	*[1]	Contra A[1]	Pro B[1]	Contra C[1]	1. Trade-off[4]	Gesamtthese[4]	Hauptteil[5]	2. Data[7]	
1-20	120-122	zu	1. Richtig[1]	1. Angemessen[1]	1. Verständlich[1]	*[1]	*[1]	*[1]	Preis/Betrieb vorhanden[1]	*[1]	Treibhausgasemissionen vorhanden[1]	*[1]	Contra A[1]	Pro B[1]	Contra C[1]	1. Trade-off[4]	Gesamtthese[4]	Hauptteil[5]	2. Data[7]	
1-21	123-128	einem	1. Richtig[1]	1. Angemessen[1]	1. Verständlich[1]	*[1]	*[1]	*[1]	Preis/Betrieb vorhanden[1]	*[1]	Treibhausgasemissionen vorhanden[1]	*[1]	Contra A[1]	Pro B[1]	Contra C[1]	1. Trade-off[4]	Gesamtthese[4]	Hauptteil[5]	2. Data[7]	
1-22	129-137	Windpark	1. Richtig[1]	1. Angemessen[1]	1. Verständlich[1]	*[1]	*[1]	*[1]	Preis/Betrieb vorhanden[1]	*[1]	Treibhausgasemissionen vorhanden[1]	*[1]	Contra A[1]	Pro B[1]	Contra C[1]	1. Trade-off[4]	Gesamtthese[4]	Hauptteil[5]	2. Data[7]	
1-23	138-142	oder	1. Richtig[1]	1. Angemessen[1]	1. Verständlich[1]	*[1]	*[1]	*[1]	Preis/Betrieb vorhanden[1]	*[1]	Treibhausgasemissionen vorhanden[1]	*[1]	Contra A[1]	Pro B[1]	Contra C[1]	1. Trade-off[4]	Gesamtthese[4]	Hauptteil[5]	2. Data[7]	
1-24	143-148	einer	1. Richtig[1]	1. Angemessen[1]	1. Verständlich[1]	*[1]	*[1]	*[1]	Preis/Betrieb vorhanden[1]	*[1]	Treibhausgasemissionen vorhanden[1]	*[1]	Contra A[1]	Pro B[1]	Contra C[1]	1. Trade-off[4]	Gesamtthese[4]	Hauptteil[5]	2. Data[7]	
1-25	149-166	Wasserkraftanlage	1. Richtig[1]	1. Angemessen[1]	1. Verständlich[1]	*[1]	*[1]	*[1]	Preis/Betrieb vorhanden[1]	*[1]	Treibhausgasemissionen vorhanden[1]	*[1]	Contra A[1]	Pro B[1]	Contra C[1]	1. Trade-off[4]	Gesamtthese[4]	Hauptteil[5]	2. Data[7]	
1-26	167-169	in	1. Richtig[1]	1. Angemessen[1]	1. Verständlich[1]	*[1]	*[1]	*[1]	Preis/Betrieb vorhanden[1]	*[1]	Treibhausgasemissionen vorhanden[1]	*[1]	Contra A[1]	Pro B[1]	Contra C[1]	1. Trade-off[4]	Gesamtthese[4]	Hauptteil[5]	2. Data[7]	
1-27	170-173	der	1. Richtig[1]	1. Angemessen[1]	1. Verständlich[1]	*[1]	*[1]	*[1]	Preis/Betrieb vorhanden[1]	*[1]	Treibhausgasemissionen vorhanden[1]	*[1]	Contra A[1]	Pro B[1]	Contra C[1]	1. Trade-off[4]	Gesamtthese[4]	Hauptteil[5]	2. Data[7]	
1-28	174-184	Produktion	1. Richtig[1]	1. Angemessen[1]	1. Verständlich[1]	*[1]	*[1]	*[1]	Preis/Betrieb vorhanden[1]	*[1]	Treibhausgasemissionen vorhanden[1]	*[1]	Contra A[1]	Pro B[1]	Contra C[1]	1. Trade-off[4]	Gesamtthese[4]	Hauptteil[5]	2. Data[7]	
1-29	185-193	deutlich	1. Richtig[1]	1. Angemessen[1]	1. Verständlich[1]	*[1]	*[1]	*[1]	Preis/Betrieb vorhanden[1]	*[1]	Treibhausgasemissionen vorhanden[1]	*[1]	Contra A[1]	Pro B[1]	Contra C[1]	1. Trade-off[4]	Gesamtthese[4]	Hauptteil[5]	2. Data[7]	
1-30	194-198	mehr	1. Richtig[1]	1. Angemessen[1]	1. Verständlich[1]	*[1]	*[1]	*[1]	Preis/Betrieb vorhanden[1]	*[1]	Treibhausgasemissionen vorhanden[1]	*[1]	Contra A[1]	Pro B[1]	Contra C[1]	1. Trade-off[4]	Gesamtthese[4]	Hauptteil[5]	2. Data[7]	
1-31	199-212	Treibhausgase	1. Richtig[1]	1. Angemessen[1]	1. Verständlich[1]	*[1]	*[1]	*[1]	Preis/Betrieb vorhanden[1]	*[1]	Treibhausgasemissionen vorhanden[1]	*[1]	Contra A[1]	Pro B[1]	Contra C[1]	1. Trade-off[4]	Gesamtthese[4]	Hauptteil[5]	2. Data[7]	
1-32	213-223	verursacht	1. Richtig[1]	1. Angemessen[1]	1. Verständlich[1]	*[1]	*[1]	*[1]	Preis/Betrieb vorhanden[1]	*[1]	Treibhausgasemissionen vorhanden[1]	*[1]	Contra A[1]	Pro B[1]	Contra C[1]	1. Trade-off[4]	Gesamtthese[4]	Hauptteil[5]	2. Data[7]	
1-33	223-224	,	1. Richtig[1]	1. Angemessen[1]	1. Verständlich[1]	*[1]	*[1]	*[1]	Preis/Betrieb vorhanden[1]	*[1]	Treibhausgasemissionen vorhanden[1]	*[1]	Contra A[1]	Pro B[1]	Contra C[1]	1. Trade-off[4]	Gesamtthese[4]	Hauptteil[5]	2. Data[7]	
1-34	225-231	jedoch	1. Richtig[1]	1. Angemessen[1]	1. Verständlich[1]	*[1]	*[1]	*[1]	Preis/Betrieb vorhanden[1]	*[1]	Treibhausgasemissionen vorhanden[1]	*[1]	Contra A[1]	Pro B[1]	Contra C[1]	1. Trade-off[4]	Gesamtthese[4]	Hauptteil[5]	4. Rebuttal[8]	
1-35	232-235	die	1. Richtig[1]	1. Angemessen[1]	1. Verständlich[1]	*[1]	*[1]	*[1]	Preis/Betrieb vorhanden[1]	*[1]	Treibhausgasemissionen vorhanden[1]	*[1]	Contra A[1]	Pro B[1]	Contra C[1]	1. Trade-off[4]	Gesamtthese[4]	Hauptteil[5]	4. Rebuttal[8]	
1-36	236-244	Erbauung	1. Richtig[1]	1. Angemessen[1]	1. Verständlich[1]	*[1]	*[1]	*[1]	Preis/Betrieb vorhanden[1]	*[1]	Treibhausgasemissionen vorhanden[1]	*[1]	Contra A[1]	Pro B[1]	Contra C[1]	1. Trade-off[4]	Gesamtthese[4]	Hauptteil[5]	4. Rebuttal[8]	
1-37	245-248	des	1. Richtig[1]	1. Angemessen[1]	1. Verständlich[1]	*[1]	*[1]	*[1]	Preis/Betrieb vorhanden[1]	*[1]	Treibhausgasemissionen vorhanden[1]	*[1]	Contra A[1]	Pro B[1]	Contra C[1]	1. Trade-off[4]	Gesamtthese[4]	Hauptteil[5]	4. Rebuttal[8]	
1-38	249-259	Solarparks	1. Richtig[1]	1. Angemessen[1]	1. Verständlich[1]	*[1]	*[1]	*[1]	Preis/Betrieb vorhanden[1]	*[1]	Treibhausgasemissionen vorhanden[1]	*[1]	Contra A[1]	Pro B[1]	Contra C[1]	1. Trade-off[4]	Gesamtthese[4]	Hauptteil[5]	4. Rebuttal[8]	
1-39	260-263	die	1. Richtig[1]	1. Angemessen[1]	1. Verständlich[1]	*[1]	*[1]	*[1]	Preis/Betrieb vorhanden[1]	*[1]	Treibhausgasemissionen vorhanden[1]	*[1]	Contra A[1]	Pro B[1]	Contra C[1]	1. Trade-off[4]	Gesamtthese[4]	Hauptteil[5]	4. Rebuttal[8]	
1-40	264-273	billigste	1. Richtig[1]	1. Angemessen[1]	1. Verständlich[1]	*[1]	*[1]	*[1]	Preis/Betrieb vorhanden[1]	*[1]	Treibhausgasemissionen vorhanden[1]	*[1]	Contra A[1]	Pro B[1]	Contra C[1]	1. Trade-off[4]	Gesamtthese[4]	Hauptteil[5]	4. Rebuttal[8]	
1-41	274-285	Alternative	1. Richtig[1]	1. Angemessen[1]	1. Verständlich[1]	*[1]	*[1]	*[1]	Preis/Betrieb vorhanden[1]	*[1]	Treibhausgasemissionen vorhanden[1]	*[1]	Contra A[1]	Pro B[1]	Contra C[1]	1. Trade-off[4]	Gesamtthese[4]	Hauptteil[5]	4. Rebuttal[8]	
1-42	286-290	wäre	1. Richtig[1]	1. Angemessen[1]	1. Verständlich[1]	*[1]	*[1]	*[1]	Preis/Betrieb vorhanden[1]	*[1]	Treibhausgasemissionen vorhanden[1]	*[1]	Contra A[1]	Pro B[1]	Contra C[1]	1. Trade-off[4]	Gesamtthese[4]	Hauptteil[5]	4. Rebuttal[8]	
1-43	290-291	.	1. Richtig[1]	1. Angemessen[1]	1. Verständlich[1]	*[1]	*[1]	*[1]	Preis/Betrieb vorhanden[1]	*[1]	Treibhausgasemissionen vorhanden[1]	*[1]	Contra A[1]	Pro B[1]	Contra C[1]	1. Trade-off[4]	Gesamtthese[4]	Hauptteil[5]	4. Rebuttal[8]	

2-1	292-300	Außerdem	1. Richtig[2]	1. Angemessen[2]	1. Verständlich[2]	*[2]	*[2]	Emissionen vorhanden[2]	*[2]	*[2]	*[2]	*[2]	Contra A[2]	Pro B[2]	Contra C[2]	_	_	Hauptteil[5]	2. Data[9]	
2-2	301-305	sind	1. Richtig[2]	1. Angemessen[2]	1. Verständlich[2]	*[2]	*[2]	Emissionen vorhanden[2]	*[2]	*[2]	*[2]	*[2]	Contra A[2]	Pro B[2]	Contra C[2]	_	_	Hauptteil[5]	2. Data[9]	
2-3	306-318	Nebeneffekte	1. Richtig[2]	1. Angemessen[2]	1. Verständlich[2]	*[2]	*[2]	Emissionen vorhanden[2]	*[2]	*[2]	*[2]	*[2]	Contra A[2]	Pro B[2]	Contra C[2]	_	_	Hauptteil[5]	2. Data[9]	
2-4	319-322	des	1. Richtig[2]	1. Angemessen[2]	1. Verständlich[2]	*[2]	*[2]	Emissionen vorhanden[2]	*[2]	*[2]	*[2]	*[2]	Contra A[2]	Pro B[2]	Contra C[2]	_	_	Hauptteil[5]	2. Data[9]	
2-5	323-332	Windparks	1. Richtig[2]	1. Angemessen[2]	1. Verständlich[2]	*[2]	*[2]	Emissionen vorhanden[2]	*[2]	*[2]	*[2]	*[2]	Contra A[2]	Pro B[2]	Contra C[2]	_	_	Hauptteil[5]	2. Data[9]	
2-6	333-336	und	1. Richtig[2]	1. Angemessen[2]	1. Verständlich[2]	*[2]	*[2]	Emissionen vorhanden[2]	*[2]	*[2]	*[2]	*[2]	Contra A[2]	Pro B[2]	Contra C[2]	_	_	Hauptteil[5]	2. Data[9]	
2-7	337-340	die	1. Richtig[2]	1. Angemessen[2]	1. Verständlich[2]	*[2]	*[2]	Emissionen vorhanden[2]	*[2]	*[2]	*[2]	*[2]	Contra A[2]	Pro B[2]	Contra C[2]	_	_	Hauptteil[5]	2. Data[9]	
2-8	341-344	der	1. Richtig[2]	1. Angemessen[2]	1. Verständlich[2]	*[2]	*[2]	Emissionen vorhanden[2]	*[2]	*[2]	*[2]	*[2]	Contra A[2]	Pro B[2]	Contra C[2]	_	_	Hauptteil[5]	2. Data[9]	
2-9	345-362	Wasserkraftanlage	1. Richtig[2]	1. Angemessen[2]	1. Verständlich[2]	*[2]	*[2]	Emissionen vorhanden[2]	*[2]	*[2]	*[2]	*[2]	Contra A[2]	Pro B[2]	Contra C[2]	_	_	Hauptteil[5]	2. Data[9]	
2-10	363-367	Lärm	1. Richtig[2]	1. Angemessen[2]	1. Verständlich[2]	*[2]	*[2]	Emissionen vorhanden[2]	*[2]	*[2]	*[2]	*[2]	Contra A[2]	Pro B[2]	Contra C[2]	_	_	Hauptteil[5]	2. Data[9]	
2-11	368-371	und	1. Richtig[2]	1. Angemessen[2]	1. Verständlich[2]	*[2]	*[2]	Emissionen vorhanden[2]	*[2]	*[2]	*[2]	*[2]	Contra A[2]	Pro B[2]	Contra C[2]	_	_	Hauptteil[5]	2. Data[9]	
2-12	372-384	Schattenwurf	1. Richtig[2]	1. Angemessen[2]	1. Verständlich[2]	*[2]	*[2]	Emissionen vorhanden[2]	*[2]	*[2]	*[2]	*[2]	Contra A[2]	Pro B[2]	Contra C[2]	_	_	Hauptteil[5]	2. Data[9]	
2-13	384-385	,	1. Richtig[2]	1. Angemessen[2]	1. Verständlich[2]	*[2]	*[2]	Emissionen vorhanden[2]	*[2]	*[2]	*[2]	*[2]	Contra A[2]	Pro B[2]	Contra C[2]	_	_	Hauptteil[5]	2. Data[9]	
2-14	386-391	wobei	1. Richtig[2]	1. Angemessen[2]	1. Verständlich[2]	*[2]	*[2]	Emissionen vorhanden[2]	*[2]	*[2]	*[2]	*[2]	Contra A[2]	Pro B[2]	Contra C[2]	_	_	Hauptteil[5]	2. Data[10]	
2-15	392-394	es	1. Richtig[2]	1. Angemessen[2]	1. Verständlich[2]	*[2]	*[2]	Emissionen vorhanden[2]	*[2]	*[2]	*[2]	*[2]	Contra A[2]	Pro B[2]	Contra C[2]	_	_	Hauptteil[5]	2. Data[10]	
2-16	395-398	bei	1. Richtig[2]	1. Angemessen[2]	1. Verständlich[2]	*[2]	*[2]	Emissionen vorhanden[2]	*[2]	*[2]	*[2]	*[2]	Contra A[2]	Pro B[2]	Contra C[2]	_	_	Hauptteil[5]	2. Data[10]	
2-17	399-402	dem	1. Richtig[2]	1. Angemessen[2]	1. Verständlich[2]	*[2]	*[2]	Emissionen vorhanden[2]	*[2]	*[2]	*[2]	*[2]	Contra A[2]	Pro B[2]	Contra C[2]	_	_	Hauptteil[5]	2. Data[10]	
2-18	403-412	Solarpark	1. Richtig[2]	1. Angemessen[2]	1. Verständlich[2]	*[2]	*[2]	Emissionen vorhanden[2]	*[2]	*[2]	*[2]	*[2]	Contra A[2]	Pro B[2]	Contra C[2]	_	_	Hauptteil[5]	2. Data[10]	
2-19	413-418	keine	1. Richtig[2]	1. Angemessen[2]	1. Verständlich[2]	*[2]	*[2]	Emissionen vorhanden[2]	*[2]	*[2]	*[2]	*[2]	Contra A[2]	Pro B[2]	Contra C[2]	_	_	Hauptteil[5]	2. Data[10]	
2-20	419-423	gibt	1. Richtig[2]	1. Angemessen[2]	1. Verständlich[2]	*[2]	*[2]	Emissionen vorhanden[2]	*[2]	*[2]	*[2]	*[2]	Contra A[2]	Pro B[2]	Contra C[2]	_	_	Hauptteil[5]	2. Data[10]	
2-21	423-424	.	1. Richtig[2]	1. Angemessen[2]	1. Verständlich[2]	*[2]	*[2]	Emissionen vorhanden[2]	*[2]	*[2]	*[2]	*[2]	Contra A[2]	Pro B[2]	Contra C[2]	_	_	Hauptteil[5]	2. Data[10]	

3-1	425-428	Ein	2. Falsch[3]	2. Unangemessen[3]	1. Verständlich[3]	*[3]	*[3]	*[3]	*[3]	*[3]	*[3]	Wirkungsgrad vorhanden[3]	Contra A[3]	Pro B[3]	Pro C[3]	_	_	Hauptteil[5]	2. Data[11]	
3-2	429-436	höherer	2. Falsch[3]	2. Unangemessen[3]	1. Verständlich[3]	*[3]	*[3]	*[3]	*[3]	*[3]	*[3]	Wirkungsgrad vorhanden[3]	Contra A[3]	Pro B[3]	Pro C[3]	_	_	Hauptteil[5]	2. Data[11]	
3-3	437-449	Wirkungsgrad	2. Falsch[3]	2. Unangemessen[3]	1. Verständlich[3]	*[3]	*[3]	*[3]	*[3]	*[3]	*[3]	Wirkungsgrad vorhanden[3]	Contra A[3]	Pro B[3]	Pro C[3]	_	_	Hauptteil[5]	2. Data[11]	
3-4	450-453	ist	2. Falsch[3]	2. Unangemessen[3]	1. Verständlich[3]	*[3]	*[3]	*[3]	*[3]	*[3]	*[3]	Wirkungsgrad vorhanden[3]	Contra A[3]	Pro B[3]	Pro C[3]	_	_	Hauptteil[5]	2. Data[11]	
3-5	454-458	zwar	2. Falsch[3]	2. Unangemessen[3]	1. Verständlich[3]	*[3]	*[3]	*[3]	*[3]	*[3]	*[3]	Wirkungsgrad vorhanden[3]	Contra A[3]	Pro B[3]	Pro C[3]	_	_	Hauptteil[5]	2. Data[11]	
3-6	459-466	wichtig	2. Falsch[3]	2. Unangemessen[3]	1. Verständlich[3]	*[3]	*[3]	*[3]	*[3]	*[3]	*[3]	Wirkungsgrad vorhanden[3]	Contra A[3]	Pro B[3]	Pro C[3]	_	_	Hauptteil[5]	2. Data[11]	
3-7	466-467	,	2. Falsch[3]	2. Unangemessen[3]	1. Verständlich[3]	*[3]	*[3]	*[3]	*[3]	*[3]	*[3]	Wirkungsgrad vorhanden[3]	Contra A[3]	Pro B[3]	Pro C[3]	_	_	Hauptteil[5]	2. Data[11]	
3-8	468-472	weil	2. Falsch[3]	2. Unangemessen[3]	1. Verständlich[3]	*[3]	*[3]	*[3]	*[3]	*[3]	*[3]	Wirkungsgrad vorhanden[3]	Contra A[3]	Pro B[3]	Pro C[3]	_	_	Hauptteil[5]	2. Data[11]	
3-9	473-478	somit	2. Falsch[3]	2. Unangemessen[3]	1. Verständlich[3]	*[3]	*[3]	*[3]	*[3]	*[3]	*[3]	Wirkungsgrad vorhanden[3]	Contra A[3]	Pro B[3]	Pro C[3]	_	_	Hauptteil[5]	2. Data[11]	
3-10	479-488	errechnet	2. Falsch[3]	2. Unangemessen[3]	1. Verständlich[3]	*[3]	*[3]	*[3]	*[3]	*[3]	*[3]	Wirkungsgrad vorhanden[3]	Contra A[3]	Pro B[3]	Pro C[3]	_	_	Hauptteil[5]	2. Data[11]	
3-11	489-495	werden	2. Falsch[3]	2. Unangemessen[3]	1. Verständlich[3]	*[3]	*[3]	*[3]	*[3]	*[3]	*[3]	Wirkungsgrad vorhanden[3]	Contra A[3]	Pro B[3]	Pro C[3]	_	_	Hauptteil[5]	2. Data[11]	
3-12	496-500	kann	2. Falsch[3]	2. Unangemessen[3]	1. Verständlich[3]	*[3]	*[3]	*[3]	*[3]	*[3]	*[3]	Wirkungsgrad vorhanden[3]	Contra A[3]	Pro B[3]	Pro C[3]	_	_	Hauptteil[5]	2. Data[11]	
3-13	500-501	,	2. Falsch[3]	2. Unangemessen[3]	1. Verständlich[3]	*[3]	*[3]	*[3]	*[3]	*[3]	*[3]	Wirkungsgrad vorhanden[3]	Contra A[3]	Pro B[3]	Pro C[3]	_	_	Hauptteil[5]	2. Data[11]	
3-14	502-505	wie	2. Falsch[3]	2. Unangemessen[3]	1. Verständlich[3]	*[3]	*[3]	*[3]	*[3]	*[3]	*[3]	Wirkungsgrad vorhanden[3]	Contra A[3]	Pro B[3]	Pro C[3]	_	_	Hauptteil[5]	2. Data[11]	
3-15	506-515	effizient	2. Falsch[3]	2. Unangemessen[3]	1. Verständlich[3]	*[3]	*[3]	*[3]	*[3]	*[3]	*[3]	Wirkungsgrad vorhanden[3]	Contra A[3]	Pro B[3]	Pro C[3]	_	_	Hauptteil[5]	2. Data[11]	
3-16	516-519	ein	2. Falsch[3]	2. Unangemessen[3]	1. Verständlich[3]	*[3]	*[3]	*[3]	*[3]	*[3]	*[3]	Wirkungsgrad vorhanden[3]	Contra A[3]	Pro B[3]	Pro C[3]	_	_	Hauptteil[5]	2. Data[11]	
3-17	520-534	Energiewandler	2. Falsch[3]	2. Unangemessen[3]	1. Verständlich[3]	*[3]	*[3]	*[3]	*[3]	*[3]	*[3]	Wirkungsgrad vorhanden[3]	Contra A[3]	Pro B[3]	Pro C[3]	_	_	Hauptteil[5]	2. Data[11]	
3-18	535-538	ist	2. Falsch[3]	2. Unangemessen[3]	1. Verständlich[3]	*[3]	*[3]	*[3]	*[3]	*[3]	*[3]	Wirkungsgrad vorhanden[3]	Contra A[3]	Pro B[3]	Pro C[3]	_	_	Hauptteil[5]	2. Data[11]	
3-19	538-539	,	2. Falsch[3]	2. Unangemessen[3]	1. Verständlich[3]	*[3]	*[3]	*[3]	*[3]	*[3]	*[3]	Wirkungsgrad vorhanden[3]	Contra A[3]	Pro B[3]	Pro C[3]	_	_	Hauptteil[5]	2. Data[11]	
3-20	540-546	jedoch	2. Falsch[3]	2. Unangemessen[3]	1. Verständlich[3]	*[3]	*[3]	*[3]	*[3]	*[3]	*[3]	Wirkungsgrad vorhanden[3]	Contra A[3]	Pro B[3]	Pro C[3]	_	_	Hauptteil[5]	4. Rebuttal[12]	
3-21	547-550	ist	2. Falsch[3]	2. Unangemessen[3]	1. Verständlich[3]	*[3]	*[3]	*[3]	*[3]	*[3]	*[3]	Wirkungsgrad vorhanden[3]	Contra A[3]	Pro B[3]	Pro C[3]	_	_	Hauptteil[5]	4. Rebuttal[12]	
3-22	551-555	eine	2. Falsch[3]	2. Unangemessen[3]	1. Verständlich[3]	*[3]	*[3]	*[3]	*[3]	*[3]	*[3]	Wirkungsgrad vorhanden[3]	Contra A[3]	Pro B[3]	Pro C[3]	_	_	Hauptteil[5]	4. Rebuttal[12]	
3-23	556-561	feste	2. Falsch[3]	2. Unangemessen[3]	1. Verständlich[3]	*[3]	*[3]	*[3]	*[3]	*[3]	*[3]	Wirkungsgrad vorhanden[3]	Contra A[3]	Pro B[3]	Pro C[3]	_	_	Hauptteil[5]	4. Rebuttal[12]	
3-24	562-575	vorhersehende	2. Falsch[3]	2. Unangemessen[3]	1. Verständlich[3]	*[3]	*[3]	*[3]	*[3]	*[3]	*[3]	Wirkungsgrad vorhanden[3]	Contra A[3]	Pro B[3]	Pro C[3]	_	_	Hauptteil[5]	4. Rebuttal[12]	
3-25	576-584	Prognose	2. Falsch[3]	2. Unangemessen[3]	1. Verständlich[3]	*[3]	*[3]	*[3]	*[3]	*[3]	*[3]	Wirkungsgrad vorhanden[3]	Contra A[3]	Pro B[3]	Pro C[3]	_	_	Hauptteil[5]	4. Rebuttal[12]	
3-26	585-590	nicht	2. Falsch[3]	2. Unangemessen[3]	1. Verständlich[3]	*[3]	*[3]	*[3]	*[3]	*[3]	*[3]	Wirkungsgrad vorhanden[3]	Contra A[3]	Pro B[3]	Pro C[3]	_	_	Hauptteil[5]	4. Rebuttal[12]	
3-27	591-594	bei	2. Falsch[3]	2. Unangemessen[3]	1. Verständlich[3]	*[3]	*[3]	*[3]	*[3]	*[3]	*[3]	Wirkungsgrad vorhanden[3]	Contra A[3]	Pro B[3]	Pro C[3]	_	_	Hauptteil[5]	4. Rebuttal[12]	
3-28	595-598	dem	2. Falsch[3]	2. Unangemessen[3]	1. Verständlich[3]	*[3]	*[3]	*[3]	*[3]	*[3]	*[3]	Wirkungsgrad vorhanden[3]	Contra A[3]	Pro B[3]	Pro C[3]	_	_	Hauptteil[5]	4. Rebuttal[12]	
3-29	599-607	Windpark	2. Falsch[3]	2. Unangemessen[3]	1. Verständlich[3]	*[3]	*[3]	*[3]	*[3]	*[3]	*[3]	Wirkungsgrad vorhanden[3]	Contra A[3]	Pro B[3]	Pro C[3]	_	_	Hauptteil[5]	4. Rebuttal[12]	
3-30	608-612	oder	2. Falsch[3]	2. Unangemessen[3]	1. Verständlich[3]	*[3]	*[3]	*[3]	*[3]	*[3]	*[3]	Wirkungsgrad vorhanden[3]	Contra A[3]	Pro B[3]	Pro C[3]	_	_	Hauptteil[5]	4. Rebuttal[12]	
3-31	613-616	bei	2. Falsch[3]	2. Unangemessen[3]	1. Verständlich[3]	*[3]	*[3]	*[3]	*[3]	*[3]	*[3]	Wirkungsgrad vorhanden[3]	Contra A[3]	Pro B[3]	Pro C[3]	_	_	Hauptteil[5]	4. Rebuttal[12]	
3-32	617-620	der	2. Falsch[3]	2. Unangemessen[3]	1. Verständlich[3]	*[3]	*[3]	*[3]	*[3]	*[3]	*[3]	Wirkungsgrad vorhanden[3]	Contra A[3]	Pro B[3]	Pro C[3]	_	_	Hauptteil[5]	4. Rebuttal[12]	
3-33	621-638	Wasserkraftanlage	2. Falsch[3]	2. Unangemessen[3]	1. Verständlich[3]	*[3]	*[3]	*[3]	*[3]	*[3]	*[3]	Wirkungsgrad vorhanden[3]	Contra A[3]	Pro B[3]	Pro C[3]	_	_	Hauptteil[5]	4. Rebuttal[12]	
3-34	639-646	möglich	2. Falsch[3]	2. Unangemessen[3]	1. Verständlich[3]	*[3]	*[3]	*[3]	*[3]	*[3]	*[3]	Wirkungsgrad vorhanden[3]	Contra A[3]	Pro B[3]	Pro C[3]	_	_	Hauptteil[5]	4. Rebuttal[12]	
3-35	646-647	,	2. Falsch[3]	2. Unangemessen[3]	1. Verständlich[3]	*[3]	*[3]	*[3]	*[3]	*[3]	*[3]	Wirkungsgrad vorhanden[3]	Contra A[3]	Pro B[3]	Pro C[3]	_	_	Hauptteil[5]	4. Rebuttal[12]	
3-36	648-650	da	2. Falsch[3]	2. Unangemessen[3]	1. Verständlich[3]	*[3]	*[3]	*[3]	*[3]	*[3]	*[3]	Wirkungsgrad vorhanden[3]	Contra A[3]	Pro B[3]	Pro C[3]	_	_	Hauptteil[5]	4. Rebuttal[12]	
3-37	651-654	die	2. Falsch[3]	2. Unangemessen[3]	1. Verständlich[3]	*[3]	*[3]	*[3]	*[3]	*[3]	*[3]	Wirkungsgrad vorhanden[3]	Contra A[3]	Pro B[3]	Pro C[3]	_	_	Hauptteil[5]	4. Rebuttal[12]	
3-38	655-677	Witterungsverhältnisse	2. Falsch[3]	2. Unangemessen[3]	1. Verständlich[3]	*[3]	*[3]	*[3]	*[3]	*[3]	*[3]	Wirkungsgrad vorhanden[3]	Contra A[3]	Pro B[3]	Pro C[3]	_	_	Hauptteil[5]	4. Rebuttal[12]	
3-39	678-683	immer	2. Falsch[3]	2. Unangemessen[3]	1. Verständlich[3]	*[3]	*[3]	*[3]	*[3]	*[3]	*[3]	Wirkungsgrad vorhanden[3]	Contra A[3]	Pro B[3]	Pro C[3]	_	_	Hauptteil[5]	4. Rebuttal[12]	
3-40	684-693	Variieren	2. Falsch[3]	2. Unangemessen[3]	1. Verständlich[3]	*[3]	*[3]	*[3]	*[3]	*[3]	*[3]	Wirkungsgrad vorhanden[3]	Contra A[3]	Pro B[3]	Pro C[3]	_	_	Hauptteil[5]	4. Rebuttal[12]	
3-41	693-694	,	2. Falsch[3]	2. Unangemessen[3]	1. Verständlich[3]	*[3]	*[3]	*[3]	*[3]	*[3]	*[3]	Wirkungsgrad vorhanden[3]	Contra A[3]	Pro B[3]	Pro C[3]	_	_	Hauptteil[5]	4. Rebuttal[12]	
3-42	695-700	außer	2. Falsch[3]	2. Unangemessen[3]	1. Verständlich[3]	*[3]	*[3]	*[3]	*[3]	*[3]	*[3]	Wirkungsgrad vorhanden[3]	Contra A[3]	Pro B[3]	Pro C[3]	_	_	Hauptteil[5]	4. Rebuttal[12]	
3-43	701-704	die	2. Falsch[3]	2. Unangemessen[3]	1. Verständlich[3]	*[3]	*[3]	*[3]	*[3]	*[3]	*[3]	Wirkungsgrad vorhanden[3]	Contra A[3]	Pro B[3]	Pro C[3]	_	_	Hauptteil[5]	4. Rebuttal[12]	
3-44	705-713	Gezeiten	2. Falsch[3]	2. Unangemessen[3]	1. Verständlich[3]	*[3]	*[3]	*[3]	*[3]	*[3]	*[3]	Wirkungsgrad vorhanden[3]	Contra A[3]	Pro B[3]	Pro C[3]	_	_	Hauptteil[5]	4. Rebuttal[12]	
3-45	713-714	,	2. Falsch[3]	2. Unangemessen[3]	1. Verständlich[3]	*[3]	*[3]	*[3]	*[3]	*[3]	*[3]	Wirkungsgrad vorhanden[3]	Contra A[3]	Pro B[3]	Pro C[3]	_	_	Hauptteil[5]	4. Rebuttal[12]	
3-46	715-721	welche	2. Falsch[3]	2. Unangemessen[3]	1. Verständlich[3]	*[3]	*[3]	*[3]	*[3]	*[3]	*[3]	Wirkungsgrad vorhanden[3]	Contra A[3]	Pro B[3]	Pro C[3]	_	_	Hauptteil[5]	4. Rebuttal[12]	
3-47	722-725	man	2. Falsch[3]	2. Unangemessen[3]	1. Verständlich[3]	*[3]	*[3]	*[3]	*[3]	*[3]	*[3]	Wirkungsgrad vorhanden[3]	Contra A[3]	Pro B[3]	Pro C[3]	_	_	Hauptteil[5]	4. Rebuttal[12]	
3-48	726-737	vorhersagen	2. Falsch[3]	2. Unangemessen[3]	1. Verständlich[3]	*[3]	*[3]	*[3]	*[3]	*[3]	*[3]	Wirkungsgrad vorhanden[3]	Contra A[3]	Pro B[3]	Pro C[3]	_	_	Hauptteil[5]	4. Rebuttal[12]	
3-49	738-742	kann	2. Falsch[3]	2. Unangemessen[3]	1. Verständlich[3]	*[3]	*[3]	*[3]	*[3]	*[3]	*[3]	Wirkungsgrad vorhanden[3]	Contra A[3]	Pro B[3]	Pro C[3]	_	_	Hauptteil[5]	4. Rebuttal[12]	
3-50	742-743	.	2. Falsch[3]	2. Unangemessen[3]	1. Verständlich[3]	*[3]	*[3]	*[3]	*[3]	*[3]	*[3]	Wirkungsgrad vorhanden[3]	Contra A[3]	Pro B[3]	Pro C[3]	_	_	Hauptteil[5]	4. Rebuttal[12]	

4-1	744-751	Deshalb	2. Falsch[3]	2. Unangemessen[3]	1. Verständlich[3]	*[3]	*[3]	*[3]	*[3]	*[3]	*[3]	Wirkungsgrad vorhanden[3]	Contra A[3]	Pro B[3]	Pro C[3]	_	_	Hauptteil[5]	1. Claim[13]	
4-2	752-756	sind	2. Falsch[3]	2. Unangemessen[3]	1. Verständlich[3]	*[3]	*[3]	*[3]	*[3]	*[3]	*[3]	Wirkungsgrad vorhanden[3]	Contra A[3]	Pro B[3]	Pro C[3]	_	_	Hauptteil[5]	1. Claim[13]	
4-3	757-768	Solarpanele	2. Falsch[3]	2. Unangemessen[3]	1. Verständlich[3]	*[3]	*[3]	*[3]	*[3]	*[3]	*[3]	Wirkungsgrad vorhanden[3]	Contra A[3]	Pro B[3]	Pro C[3]	_	_	Hauptteil[5]	1. Claim[13]	
4-4	769-773	zwar	2. Falsch[3]	2. Unangemessen[3]	1. Verständlich[3]	*[3]	*[3]	*[3]	*[3]	*[3]	*[3]	Wirkungsgrad vorhanden[3]	Contra A[3]	Pro B[3]	Pro C[3]	_	_	Hauptteil[5]	1. Claim[13]	
4-5	774-777	von	2. Falsch[3]	2. Unangemessen[3]	1. Verständlich[3]	*[3]	*[3]	*[3]	*[3]	*[3]	*[3]	Wirkungsgrad vorhanden[3]	Contra A[3]	Pro B[3]	Pro C[3]	_	_	Hauptteil[5]	1. Claim[13]	
4-6	778-786	November	2. Falsch[3]	2. Unangemessen[3]	1. Verständlich[3]	*[3]	*[3]	*[3]	*[3]	*[3]	*[3]	Wirkungsgrad vorhanden[3]	Contra A[3]	Pro B[3]	Pro C[3]	_	_	Hauptteil[5]	1. Claim[13]	
4-7	787-790	bis	2. Falsch[3]	2. Unangemessen[3]	1. Verständlich[3]	*[3]	*[3]	*[3]	*[3]	*[3]	*[3]	Wirkungsgrad vorhanden[3]	Contra A[3]	Pro B[3]	Pro C[3]	_	_	Hauptteil[5]	1. Claim[13]	
4-8	791-794	Mai	2. Falsch[3]	2. Unangemessen[3]	1. Verständlich[3]	*[3]	*[3]	*[3]	*[3]	*[3]	*[3]	Wirkungsgrad vorhanden[3]	Contra A[3]	Pro B[3]	Pro C[3]	_	_	Hauptteil[5]	1. Claim[13]	
4-9	795-813	Leistungsschwächer	2. Falsch[3]	2. Unangemessen[3]	1. Verständlich[3]	*[3]	*[3]	*[3]	*[3]	*[3]	*[3]	Wirkungsgrad vorhanden[3]	Contra A[3]	Pro B[3]	Pro C[3]	_	_	Hauptteil[5]	1. Claim[13]	
4-10	814-817	als	2. Falsch[3]	2. Unangemessen[3]	1. Verständlich[3]	*[3]	*[3]	*[3]	*[3]	*[3]	*[3]	Wirkungsgrad vorhanden[3]	Contra A[3]	Pro B[3]	Pro C[3]	_	_	Hauptteil[5]	1. Claim[13]	
4-11	818-829	Windenergie	2. Falsch[3]	2. Unangemessen[3]	1. Verständlich[3]	*[3]	*[3]	*[3]	*[3]	*[3]	*[3]	Wirkungsgrad vorhanden[3]	Contra A[3]	Pro B[3]	Pro C[3]	_	_	Hauptteil[5]	1. Claim[13]	
4-12	829-830	,	2. Falsch[3]	2. Unangemessen[3]	1. Verständlich[3]	*[3]	*[3]	*[3]	*[3]	*[3]	*[3]	Wirkungsgrad vorhanden[3]	Contra A[3]	Pro B[3]	Pro C[3]	_	_	Hauptteil[5]	1. Claim[13]	
4-13	831-833	da	2. Falsch[3]	2. Unangemessen[3]	1. Verständlich[3]	*[3]	*[3]	*[3]	*[3]	*[3]	*[3]	Wirkungsgrad vorhanden[3]	Contra A[3]	Pro B[3]	Pro C[3]	_	_	Hauptteil[5]	3. Warrant[14]	
4-14	834-836	es	2. Falsch[3]	2. Unangemessen[3]	1. Verständlich[3]	*[3]	*[3]	*[3]	*[3]	*[3]	*[3]	Wirkungsgrad vorhanden[3]	Contra A[3]	Pro B[3]	Pro C[3]	_	_	Hauptteil[5]	3. Warrant[14]	
4-15	837-843	Winter	2. Falsch[3]	2. Unangemessen[3]	1. Verständlich[3]	*[3]	*[3]	*[3]	*[3]	*[3]	*[3]	Wirkungsgrad vorhanden[3]	Contra A[3]	Pro B[3]	Pro C[3]	_	_	Hauptteil[5]	3. Warrant[14]	
4-16	844-847	ist	2. Falsch[3]	2. Unangemessen[3]	1. Verständlich[3]	*[3]	*[3]	*[3]	*[3]	*[3]	*[3]	Wirkungsgrad vorhanden[3]	Contra A[3]	Pro B[3]	Pro C[3]	_	_	Hauptteil[5]	3. Warrant[14]	
4-17	848-851	und	2. Falsch[3]	2. Unangemessen[3]	1. Verständlich[3]	*[3]	*[3]	*[3]	*[3]	*[3]	*[3]	Wirkungsgrad vorhanden[3]	Contra A[3]	Pro B[3]	Pro C[3]	_	_	Hauptteil[5]	3. Warrant[14]	
4-18	852-855	die	2. Falsch[3]	2. Unangemessen[3]	1. Verständlich[3]	*[3]	*[3]	*[3]	*[3]	*[3]	*[3]	Wirkungsgrad vorhanden[3]	Contra A[3]	Pro B[3]	Pro C[3]	_	_	Hauptteil[5]	3. Warrant[14]	
4-19	856-861	Sonne	2. Falsch[3]	2. Unangemessen[3]	1. Verständlich[3]	*[3]	*[3]	*[3]	*[3]	*[3]	*[3]	Wirkungsgrad vorhanden[3]	Contra A[3]	Pro B[3]	Pro C[3]	_	_	Hauptteil[5]	3. Warrant[14]	
4-20	862-868	kürzer	2. Falsch[3]	2. Unangemessen[3]	1. Verständlich[3]	*[3]	*[3]	*[3]	*[3]	*[3]	*[3]	Wirkungsgrad vorhanden[3]	Contra A[3]	Pro B[3]	Pro C[3]	_	_	Hauptteil[5]	3. Warrant[14]	
4-21	869-871	in	2. Falsch[3]	2. Unangemessen[3]	1. Verständlich[3]	*[3]	*[3]	*[3]	*[3]	*[3]	*[3]	Wirkungsgrad vorhanden[3]	Contra A[3]	Pro B[3]	Pro C[3]	_	_	Hauptteil[5]	3. Warrant[14]	
4-22	872-883	Deutschland	2. Falsch[3]	2. Unangemessen[3]	1. Verständlich[3]	*[3]	*[3]	*[3]	*[3]	*[3]	*[3]	Wirkungsgrad vorhanden[3]	Contra A[3]	Pro B[3]	Pro C[3]	_	_	Hauptteil[5]	3. Warrant[14]	
4-23	884-891	scheint	2. Falsch[3]	2. Unangemessen[3]	1. Verständlich[3]	*[3]	*[3]	*[3]	*[3]	*[3]	*[3]	Wirkungsgrad vorhanden[3]	Contra A[3]	Pro B[3]	Pro C[3]	_	_	Hauptteil[5]	3. Warrant[14]	
4-24	891-892	,	2. Falsch[3]	2. Unangemessen[3]	1. Verständlich[3]	*[3]	*[3]	*[3]	*[3]	*[3]	*[3]	Wirkungsgrad vorhanden[3]	Contra A[3]	Pro B[3]	Pro C[3]	_	_	Hauptteil[5]	3. Warrant[14]	
4-25	893-897	aber	2. Falsch[3]	2. Unangemessen[3]	1. Verständlich[3]	*[3]	*[3]	*[3]	*[3]	*[3]	*[3]	Wirkungsgrad vorhanden[3]	Contra A[3]	Pro B[3]	Pro C[3]	_	_	Hauptteil[5]	3. Warrant[14]	
4-26	898-901	sie	2. Falsch[3]	2. Unangemessen[3]	1. Verständlich[3]	*[3]	*[3]	*[3]	*[3]	*[3]	*[3]	Wirkungsgrad vorhanden[3]	Contra A[3]	Pro B[3]	Pro C[3]	_	_	Hauptteil[5]	3. Warrant[14]	
4-27	902-906	sind	2. Falsch[3]	2. Unangemessen[3]	1. Verständlich[3]	*[3]	*[3]	*[3]	*[3]	*[3]	*[3]	Wirkungsgrad vorhanden[3]	Contra A[3]	Pro B[3]	Pro C[3]	_	_	Hauptteil[5]	3. Warrant[14]	
4-28	907-911	auch	2. Falsch[3]	2. Unangemessen[3]	1. Verständlich[3]	*[3]	*[3]	*[3]	*[3]	*[3]	*[3]	Wirkungsgrad vorhanden[3]	Contra A[3]	Pro B[3]	Pro C[3]	_	_	Hauptteil[5]	3. Warrant[14]	
4-29	912-915	von	2. Falsch[3]	2. Unangemessen[3]	1. Verständlich[3]	*[3]	*[3]	*[3]	*[3]	*[3]	*[3]	Wirkungsgrad vorhanden[3]	Contra A[3]	Pro B[3]	Pro C[3]	_	_	Hauptteil[5]	3. Warrant[14]	
4-30	916-920	Juni	2. Falsch[3]	2. Unangemessen[3]	1. Verständlich[3]	*[3]	*[3]	*[3]	*[3]	*[3]	*[3]	Wirkungsgrad vorhanden[3]	Contra A[3]	Pro B[3]	Pro C[3]	_	_	Hauptteil[5]	3. Warrant[14]	
4-31	921-924	bis	2. Falsch[3]	2. Unangemessen[3]	1. Verständlich[3]	*[3]	*[3]	*[3]	*[3]	*[3]	*[3]	Wirkungsgrad vorhanden[3]	Contra A[3]	Pro B[3]	Pro C[3]	_	_	Hauptteil[5]	3. Warrant[14]	
4-32	925-932	Oktober	2. Falsch[3]	2. Unangemessen[3]	1. Verständlich[3]	*[3]	*[3]	*[3]	*[3]	*[3]	*[3]	Wirkungsgrad vorhanden[3]	Contra A[3]	Pro B[3]	Pro C[3]	_	_	Hauptteil[5]	3. Warrant[14]	
4-33	933-942	zumindest	2. Falsch[3]	2. Unangemessen[3]	1. Verständlich[3]	*[3]	*[3]	*[3]	*[3]	*[3]	*[3]	Wirkungsgrad vorhanden[3]	Contra A[3]	Pro B[3]	Pro C[3]	_	_	Hauptteil[5]	3. Warrant[14]	
4-34	943-949	gleich	2. Falsch[3]	2. Unangemessen[3]	1. Verständlich[3]	*[3]	*[3]	*[3]	*[3]	*[3]	*[3]	Wirkungsgrad vorhanden[3]	Contra A[3]	Pro B[3]	Pro C[3]	_	_	Hauptteil[5]	3. Warrant[14]	
4-35	950-959	effizient	2. Falsch[3]	2. Unangemessen[3]	1. Verständlich[3]	*[3]	*[3]	*[3]	*[3]	*[3]	*[3]	Wirkungsgrad vorhanden[3]	Contra A[3]	Pro B[3]	Pro C[3]	_	_	Hauptteil[5]	3. Warrant[14]	
4-36	960-964	oder	2. Falsch[3]	2. Unangemessen[3]	1. Verständlich[3]	*[3]	*[3]	*[3]	*[3]	*[3]	*[3]	Wirkungsgrad vorhanden[3]	Contra A[3]	Pro B[3]	Pro C[3]	_	_	Hauptteil[5]	3. Warrant[14]	
4-37	965-969	noch	2. Falsch[3]	2. Unangemessen[3]	1. Verständlich[3]	*[3]	*[3]	*[3]	*[3]	*[3]	*[3]	Wirkungsgrad vorhanden[3]	Contra A[3]	Pro B[3]	Pro C[3]	_	_	Hauptteil[5]	3. Warrant[14]	
4-38	970-976	besser	2. Falsch[3]	2. Unangemessen[3]	1. Verständlich[3]	*[3]	*[3]	*[3]	*[3]	*[3]	*[3]	Wirkungsgrad vorhanden[3]	Contra A[3]	Pro B[3]	Pro C[3]	_	_	Hauptteil[5]	3. Warrant[14]	
4-39	977-980	mit	2. Falsch[3]	2. Unangemessen[3]	1. Verständlich[3]	*[3]	*[3]	*[3]	*[3]	*[3]	*[3]	Wirkungsgrad vorhanden[3]	Contra A[3]	Pro B[3]	Pro C[3]	_	_	Hauptteil[5]	3. Warrant[14]	
4-40	981-984	nur	2. Falsch[3]	2. Unangemessen[3]	1. Verständlich[3]	*[3]	*[3]	*[3]	*[3]	*[3]	*[3]	Wirkungsgrad vorhanden[3]	Contra A[3]	Pro B[3]	Pro C[3]	_	_	Hauptteil[5]	3. Warrant[14]	
4-41	985-993	leichten	2. Falsch[3]	2. Unangemessen[3]	1. Verständlich[3]	*[3]	*[3]	*[3]	*[3]	*[3]	*[3]	Wirkungsgrad vorhanden[3]	Contra A[3]	Pro B[3]	Pro C[3]	_	_	Hauptteil[5]	3. Warrant[14]	
4-42	994-1006	Abweichungen	2. Falsch[3]	2. Unangemessen[3]	1. Verständlich[3]	*[3]	*[3]	*[3]	*[3]	*[3]	*[3]	Wirkungsgrad vorhanden[3]	Contra A[3]	Pro B[3]	Pro C[3]	_	_	Hauptteil[5]	3. Warrant[14]	
4-43	1007-1012	durch	2. Falsch[3]	2. Unangemessen[3]	1. Verständlich[3]	*[3]	*[3]	*[3]	*[3]	*[3]	*[3]	Wirkungsgrad vorhanden[3]	Contra A[3]	Pro B[3]	Pro C[3]	_	_	Hauptteil[5]	3. Warrant[14]	
4-44	1013-1019	Wolken	2. Falsch[3]	2. Unangemessen[3]	1. Verständlich[3]	*[3]	*[3]	*[3]	*[3]	*[3]	*[3]	Wirkungsgrad vorhanden[3]	Contra A[3]	Pro B[3]	Pro C[3]	_	_	Hauptteil[5]	3. Warrant[14]	
4-45	1020-1023	etc	2. Falsch[3]	2. Unangemessen[3]	1. Verständlich[3]	*[3]	*[3]	*[3]	*[3]	*[3]	*[3]	Wirkungsgrad vorhanden[3]	Contra A[3]	Pro B[3]	Pro C[3]	_	_	Hauptteil[5]	3. Warrant[14]	
4-46	1023-1024	.	2. Falsch[3]	2. Unangemessen[3]	1. Verständlich[3]	*[3]	*[3]	*[3]	*[3]	*[3]	*[3]	Wirkungsgrad vorhanden[3]	Contra A[3]	Pro B[3]	Pro C[3]	_	_	Hauptteil[5]	3. Warrant[14]	

5-1	1025-1028	Die	2. Falsch[3]	2. Unangemessen[3]	1. Verständlich[3]	*[3]	*[3]	*[3]	*[3]	*[3]	*[3]	Wirkungsgrad vorhanden[3]	Contra A[3]	Pro B[3]	Pro C[3]	_	_	Hauptteil[5]	1. Claim[15]	
5-2	1029-1046	Wasserkraftanlage	2. Falsch[3]	2. Unangemessen[3]	1. Verständlich[3]	*[3]	*[3]	*[3]	*[3]	*[3]	*[3]	Wirkungsgrad vorhanden[3]	Contra A[3]	Pro B[3]	Pro C[3]	_	_	Hauptteil[5]	1. Claim[15]	
5-3	1047-1050	ist	2. Falsch[3]	2. Unangemessen[3]	1. Verständlich[3]	*[3]	*[3]	*[3]	*[3]	*[3]	*[3]	Wirkungsgrad vorhanden[3]	Contra A[3]	Pro B[3]	Pro C[3]	_	_	Hauptteil[5]	1. Claim[15]	
5-4	1051-1053	in	2. Falsch[3]	2. Unangemessen[3]	1. Verständlich[3]	*[3]	*[3]	*[3]	*[3]	*[3]	*[3]	Wirkungsgrad vorhanden[3]	Contra A[3]	Pro B[3]	Pro C[3]	_	_	Hauptteil[5]	1. Claim[15]	
5-5	1054-1059	jedem	2. Falsch[3]	2. Unangemessen[3]	1. Verständlich[3]	*[3]	*[3]	*[3]	*[3]	*[3]	*[3]	Wirkungsgrad vorhanden[3]	Contra A[3]	Pro B[3]	Pro C[3]	_	_	Hauptteil[5]	1. Claim[15]	
5-6	1060-1065	Monat	2. Falsch[3]	2. Unangemessen[3]	1. Verständlich[3]	*[3]	*[3]	*[3]	*[3]	*[3]	*[3]	Wirkungsgrad vorhanden[3]	Contra A[3]	Pro B[3]	Pro C[3]	_	_	Hauptteil[5]	1. Claim[15]	
5-7	1066-1069	das	2. Falsch[3]	2. Unangemessen[3]	1. Verständlich[3]	*[3]	*[3]	*[3]	*[3]	*[3]	*[3]	Wirkungsgrad vorhanden[3]	Contra A[3]	Pro B[3]	Pro C[3]	_	_	Hauptteil[5]	1. Claim[15]	
5-8	1070-1085	ineffizienteste	2. Falsch[3]	2. Unangemessen[3]	1. Verständlich[3]	*[3]	*[3]	*[3]	*[3]	*[3]	*[3]	Wirkungsgrad vorhanden[3]	Contra A[3]	Pro B[3]	Pro C[3]	_	_	Hauptteil[5]	1. Claim[15]	
5-9	1085-1086	.	2. Falsch[3]	2. Unangemessen[3]	1. Verständlich[3]	*[3]	*[3]	*[3]	*[3]	*[3]	*[3]	Wirkungsgrad vorhanden[3]	Contra A[3]	Pro B[3]	Pro C[3]	_	_	Hauptteil[5]	1. Claim[15]	
