#FORMAT=WebAnno TSV 3.3
#T_SP=webanno.custom.Argument|Accuracy|Adequacy|Clarity|KriteriumJahresertragEnergiedichte|KriteriumLebensdauerVerfgbarkeit|KriteriumLokaleEmissionenGeruschemissionen|KriteriumPreisBetrieb|KriteriumSonstiges|KriteriumTreibhausgasemissionen|KriteriumWirkungsgrad|OptionA|OptionB|OptionC
#T_SP=webanno.custom.DecisionMakingStrategies|Decision|Gesamtthese
#T_SP=webanno.custom.Struktur|Struktur
#T_SP=webanno.custom.StrukturTAP|TAPArgumente


1-1	0-10	Anlässlich	_	_	_	_	_	_	_	_	_	_	_	_	_	_	_	Einleitung[5]	_	
1-2	11-14	der	_	_	_	_	_	_	_	_	_	_	_	_	_	_	_	Einleitung[5]	_	
1-3	15-27	Entscheidung	_	_	_	_	_	_	_	_	_	_	_	_	_	_	_	Einleitung[5]	_	
1-4	28-31	des	_	_	_	_	_	_	_	_	_	_	_	_	_	_	_	Einleitung[5]	_	
1-5	32-43	EU-Paralemt	_	_	_	_	_	_	_	_	_	_	_	_	_	_	_	Einleitung[5]	_	
1-6	44-61	Verbrennermotoren	_	_	_	_	_	_	_	_	_	_	_	_	_	_	_	Einleitung[5]	_	
1-7	62-65	bis	_	_	_	_	_	_	_	_	_	_	_	_	_	_	_	Einleitung[5]	_	
1-8	66-70	2035	_	_	_	_	_	_	_	_	_	_	_	_	_	_	_	Einleitung[5]	_	
1-9	71-80	verbieten	_	_	_	_	_	_	_	_	_	_	_	_	_	_	_	Einleitung[5]	_	
1-10	81-83	zu	_	_	_	_	_	_	_	_	_	_	_	_	_	_	_	Einleitung[5]	_	
1-11	84-90	lassen	_	_	_	_	_	_	_	_	_	_	_	_	_	_	_	Einleitung[5]	_	
1-12	91-94	wir	_	_	_	_	_	_	_	_	_	_	_	_	_	_	_	Einleitung[5]	_	
1-13	95-97	in	_	_	_	_	_	_	_	_	_	_	_	_	_	_	_	Einleitung[5]	_	
1-14	98-104	diesem	_	_	_	_	_	_	_	_	_	_	_	_	_	_	_	Einleitung[5]	_	
1-15	105-109	Text	_	_	_	_	_	_	_	_	_	_	_	_	_	_	_	Einleitung[5]	_	
1-16	110-113	die	_	_	_	_	_	_	_	_	_	_	_	_	_	_	_	Einleitung[5]	_	
1-17	114-117	Pro	_	_	_	_	_	_	_	_	_	_	_	_	_	_	_	Einleitung[5]	_	
1-18	118-121	und	_	_	_	_	_	_	_	_	_	_	_	_	_	_	_	Einleitung[5]	_	
1-19	122-129	Contras	_	_	_	_	_	_	_	_	_	_	_	_	_	_	_	Einleitung[5]	_	
1-20	130-133	von	_	_	_	_	_	_	_	_	_	_	_	_	_	_	_	Einleitung[5]	_	
1-21	134-143	altaniven	_	_	_	_	_	_	_	_	_	_	_	_	_	_	_	Einleitung[5]	_	
1-22	144-153	Antrieben	_	_	_	_	_	_	_	_	_	_	_	_	_	_	_	Einleitung[5]	_	
1-23	154-165	dargestellt	_	_	_	_	_	_	_	_	_	_	_	_	_	_	_	Einleitung[5]	_	
1-24	165-166	.	_	_	_	_	_	_	_	_	_	_	_	_	_	_	_	Einleitung[5]	_	

2-1	168-173	Dabei	_	_	_	_	_	_	_	_	_	_	_	_	_	_	_	Einleitung[5]	_	
2-2	174-178	wird	_	_	_	_	_	_	_	_	_	_	_	_	_	_	_	Einleitung[5]	_	
2-3	179-182	auf	_	_	_	_	_	_	_	_	_	_	_	_	_	_	_	Einleitung[5]	_	
2-4	183-196	Akkumulatoren	_	_	_	_	_	_	_	_	_	_	_	_	_	_	_	Einleitung[5]	_	
2-5	196-197	,	_	_	_	_	_	_	_	_	_	_	_	_	_	_	_	Einleitung[5]	_	
2-6	198-209	Wasserstoff	_	_	_	_	_	_	_	_	_	_	_	_	_	_	_	Einleitung[5]	_	
2-7	210-213	und	_	_	_	_	_	_	_	_	_	_	_	_	_	_	_	Einleitung[5]	_	
2-8	214-220	E-Fuel	_	_	_	_	_	_	_	_	_	_	_	_	_	_	_	Einleitung[5]	_	
2-9	221-232	betriebende	_	_	_	_	_	_	_	_	_	_	_	_	_	_	_	Einleitung[5]	_	
2-10	233-242	Fahrzeuge	_	_	_	_	_	_	_	_	_	_	_	_	_	_	_	Einleitung[5]	_	
2-11	243-254	eingegangen	_	_	_	_	_	_	_	_	_	_	_	_	_	_	_	Einleitung[5]	_	
2-12	254-255	.	_	_	_	_	_	_	_	_	_	_	_	_	_	_	_	Einleitung[5]	_	

3-1	259-272	Akkumulatoren	1. Richtig[1]	1. Angemessen[1]	1. Verständlich[1]	*[1]	*[1]	*[1]	*[1]	*[1]	*[1]	Wirkungsgrad vorhanden[1]	Contra A[1]	Contra B[1]	Pro C[1]	_	_	Hauptteil[6]	2. Data[8]	
3-2	273-278	haben	1. Richtig[1]	1. Angemessen[1]	1. Verständlich[1]	*[1]	*[1]	*[1]	*[1]	*[1]	*[1]	Wirkungsgrad vorhanden[1]	Contra A[1]	Contra B[1]	Pro C[1]	_	_	Hauptteil[6]	2. Data[8]	
3-3	279-282	den	1. Richtig[1]	1. Angemessen[1]	1. Verständlich[1]	*[1]	*[1]	*[1]	*[1]	*[1]	*[1]	Wirkungsgrad vorhanden[1]	Contra A[1]	Contra B[1]	Pro C[1]	_	_	Hauptteil[6]	2. Data[8]	
3-4	283-289	großen	1. Richtig[1]	1. Angemessen[1]	1. Verständlich[1]	*[1]	*[1]	*[1]	*[1]	*[1]	*[1]	Wirkungsgrad vorhanden[1]	Contra A[1]	Contra B[1]	Pro C[1]	_	_	Hauptteil[6]	2. Data[8]	
3-5	290-297	Vorteil	1. Richtig[1]	1. Angemessen[1]	1. Verständlich[1]	*[1]	*[1]	*[1]	*[1]	*[1]	*[1]	Wirkungsgrad vorhanden[1]	Contra A[1]	Contra B[1]	Pro C[1]	_	_	Hauptteil[6]	2. Data[8]	
3-6	298-303	einen	1. Richtig[1]	1. Angemessen[1]	1. Verständlich[1]	*[1]	*[1]	*[1]	*[1]	*[1]	*[1]	Wirkungsgrad vorhanden[1]	Contra A[1]	Contra B[1]	Pro C[1]	_	_	Hauptteil[6]	2. Data[8]	
3-7	304-309	hohen	1. Richtig[1]	1. Angemessen[1]	1. Verständlich[1]	*[1]	*[1]	*[1]	*[1]	*[1]	*[1]	Wirkungsgrad vorhanden[1]	Contra A[1]	Contra B[1]	Pro C[1]	_	_	Hauptteil[6]	2. Data[8]	
3-8	310-322	Wirkungsgrad	1. Richtig[1]	1. Angemessen[1]	1. Verständlich[1]	*[1]	*[1]	*[1]	*[1]	*[1]	*[1]	Wirkungsgrad vorhanden[1]	Contra A[1]	Contra B[1]	Pro C[1]	_	_	Hauptteil[6]	2. Data[8]	
3-9	323-326	von	1. Richtig[1]	1. Angemessen[1]	1. Verständlich[1]	*[1]	*[1]	*[1]	*[1]	*[1]	*[1]	Wirkungsgrad vorhanden[1]	Contra A[1]	Contra B[1]	Pro C[1]	_	_	Hauptteil[6]	2. Data[8]	
3-10	327-330	70%	1. Richtig[1]	1. Angemessen[1]	1. Verständlich[1]	*[1]	*[1]	*[1]	*[1]	*[1]	*[1]	Wirkungsgrad vorhanden[1]	Contra A[1]	Contra B[1]	Pro C[1]	_	_	Hauptteil[6]	2. Data[8]	
3-11	331-342	aufzuzeigen	1. Richtig[1]	1. Angemessen[1]	1. Verständlich[1]	*[1]	*[1]	*[1]	*[1]	*[1]	*[1]	Wirkungsgrad vorhanden[1]	Contra A[1]	Contra B[1]	Pro C[1]	_	_	Hauptteil[6]	2. Data[8]	
3-12	342-343	.	1. Richtig[1]	1. Angemessen[1]	1. Verständlich[1]	*[1]	*[1]	*[1]	*[1]	*[1]	*[1]	Wirkungsgrad vorhanden[1]	Contra A[1]	Contra B[1]	Pro C[1]	_	_	Hauptteil[6]	2. Data[8]	

4-1	344-347	Bei	1. Richtig[1]	1. Angemessen[1]	1. Verständlich[1]	*[1]	*[1]	*[1]	*[1]	*[1]	*[1]	Wirkungsgrad vorhanden[1]	Contra A[1]	Contra B[1]	Pro C[1]	_	_	Hauptteil[6]	2. Data[9]	
4-2	348-354	diesem	1. Richtig[1]	1. Angemessen[1]	1. Verständlich[1]	*[1]	*[1]	*[1]	*[1]	*[1]	*[1]	Wirkungsgrad vorhanden[1]	Contra A[1]	Contra B[1]	Pro C[1]	_	_	Hauptteil[6]	2. Data[9]	
4-3	355-359	kann	1. Richtig[1]	1. Angemessen[1]	1. Verständlich[1]	*[1]	*[1]	*[1]	*[1]	*[1]	*[1]	Wirkungsgrad vorhanden[1]	Contra A[1]	Contra B[1]	Pro C[1]	_	_	Hauptteil[6]	2. Data[9]	
4-4	360-364	eine	1. Richtig[1]	1. Angemessen[1]	1. Verständlich[1]	*[1]	*[1]	*[1]	*[1]	*[1]	*[1]	Wirkungsgrad vorhanden[1]	Contra A[1]	Contra B[1]	Pro C[1]	_	_	Hauptteil[6]	2. Data[9]	
4-5	365-383	Wasserstoffantrieb	1. Richtig[1]	1. Angemessen[1]	1. Verständlich[1]	*[1]	*[1]	*[1]	*[1]	*[1]	*[1]	Wirkungsgrad vorhanden[1]	Contra A[1]	Contra B[1]	Pro C[1]	_	_	Hauptteil[6]	2. Data[9]	
4-6	384-387	mit	1. Richtig[1]	1. Angemessen[1]	1. Verständlich[1]	*[1]	*[1]	*[1]	*[1]	*[1]	*[1]	Wirkungsgrad vorhanden[1]	Contra A[1]	Contra B[1]	Pro C[1]	_	_	Hauptteil[6]	2. Data[9]	
4-7	388-390	ca	1. Richtig[1]	1. Angemessen[1]	1. Verständlich[1]	*[1]	*[1]	*[1]	*[1]	*[1]	*[1]	Wirkungsgrad vorhanden[1]	Contra A[1]	Contra B[1]	Pro C[1]	_	_	Hauptteil[6]	2. Data[9]	
4-8	390-391	.	1. Richtig[1]	1. Angemessen[1]	1. Verständlich[1]	*[1]	*[1]	*[1]	*[1]	*[1]	*[1]	Wirkungsgrad vorhanden[1]	Contra A[1]	Contra B[1]	Pro C[1]	_	_	Hauptteil[6]	2. Data[9]	
4-9	392-395	25%	1. Richtig[1]	1. Angemessen[1]	1. Verständlich[1]	*[1]	*[1]	*[1]	*[1]	*[1]	*[1]	Wirkungsgrad vorhanden[1]	Contra A[1]	Contra B[1]	Pro C[1]	_	_	Hauptteil[6]	2. Data[9]	
4-10	396-400	oder	1. Richtig[1]	1. Angemessen[1]	1. Verständlich[1]	*[1]	*[1]	*[1]	*[1]	*[1]	*[1]	Wirkungsgrad vorhanden[1]	Contra A[1]	Contra B[1]	Pro C[1]	_	_	Hauptteil[6]	2. Data[9]	
4-11	401-407	E-Fuel	1. Richtig[1]	1. Angemessen[1]	1. Verständlich[1]	*[1]	*[1]	*[1]	*[1]	*[1]	*[1]	Wirkungsgrad vorhanden[1]	Contra A[1]	Contra B[1]	Pro C[1]	_	_	Hauptteil[6]	2. Data[9]	
4-12	408-416	Antriebe	1. Richtig[1]	1. Angemessen[1]	1. Verständlich[1]	*[1]	*[1]	*[1]	*[1]	*[1]	*[1]	Wirkungsgrad vorhanden[1]	Contra A[1]	Contra B[1]	Pro C[1]	_	_	Hauptteil[6]	2. Data[9]	
4-13	417-420	mit	1. Richtig[1]	1. Angemessen[1]	1. Verständlich[1]	*[1]	*[1]	*[1]	*[1]	*[1]	*[1]	Wirkungsgrad vorhanden[1]	Contra A[1]	Contra B[1]	Pro C[1]	_	_	Hauptteil[6]	2. Data[9]	
4-14	421-423	ca	1. Richtig[1]	1. Angemessen[1]	1. Verständlich[1]	*[1]	*[1]	*[1]	*[1]	*[1]	*[1]	Wirkungsgrad vorhanden[1]	Contra A[1]	Contra B[1]	Pro C[1]	_	_	Hauptteil[6]	2. Data[9]	
4-15	423-424	.	1. Richtig[1]	1. Angemessen[1]	1. Verständlich[1]	*[1]	*[1]	*[1]	*[1]	*[1]	*[1]	Wirkungsgrad vorhanden[1]	Contra A[1]	Contra B[1]	Pro C[1]	_	_	Hauptteil[6]	2. Data[9]	
4-16	425-428	15%	1. Richtig[1]	1. Angemessen[1]	1. Verständlich[1]	*[1]	*[1]	*[1]	*[1]	*[1]	*[1]	Wirkungsgrad vorhanden[1]	Contra A[1]	Contra B[1]	Pro C[1]	_	_	Hauptteil[6]	2. Data[9]	
4-17	429-434	nicht	1. Richtig[1]	1. Angemessen[1]	1. Verständlich[1]	*[1]	*[1]	*[1]	*[1]	*[1]	*[1]	Wirkungsgrad vorhanden[1]	Contra A[1]	Contra B[1]	Pro C[1]	_	_	Hauptteil[6]	2. Data[9]	
4-18	435-444	mithalten	1. Richtig[1]	1. Angemessen[1]	1. Verständlich[1]	*[1]	*[1]	*[1]	*[1]	*[1]	*[1]	Wirkungsgrad vorhanden[1]	Contra A[1]	Contra B[1]	Pro C[1]	_	_	Hauptteil[6]	2. Data[9]	
4-19	444-445	.	1. Richtig[1]	1. Angemessen[1]	1. Verständlich[1]	*[1]	*[1]	*[1]	*[1]	*[1]	*[1]	Wirkungsgrad vorhanden[1]	Contra A[1]	Contra B[1]	Pro C[1]	_	_	Hauptteil[6]	2. Data[9]	

5-1	447-452	Diese	1. Richtig[2]	1. Angemessen[2]	1. Verständlich[2]	*[2]	*[2]	*[2]	Preis/Betrieb vorhanden[2]	*[2]	*[2]	*[2]	Pro A[2]	Pro B[2]	Contra C[2]	_	_	Hauptteil[6]	1. Claim[10]	
5-2	453-459	beiden	1. Richtig[2]	1. Angemessen[2]	1. Verständlich[2]	*[2]	*[2]	*[2]	Preis/Betrieb vorhanden[2]	*[2]	*[2]	*[2]	Pro A[2]	Pro B[2]	Contra C[2]	_	_	Hauptteil[6]	1. Claim[10]	
5-3	460-469	Antrieben	1. Richtig[2]	1. Angemessen[2]	1. Verständlich[2]	*[2]	*[2]	*[2]	Preis/Betrieb vorhanden[2]	*[2]	*[2]	*[2]	Pro A[2]	Pro B[2]	Contra C[2]	_	_	Hauptteil[6]	1. Claim[10]	
5-4	470-475	haben	1. Richtig[2]	1. Angemessen[2]	1. Verständlich[2]	*[2]	*[2]	*[2]	Preis/Betrieb vorhanden[2]	*[2]	*[2]	*[2]	Pro A[2]	Pro B[2]	Contra C[2]	_	_	Hauptteil[6]	1. Claim[10]	
5-5	476-480	aber	1. Richtig[2]	1. Angemessen[2]	1. Verständlich[2]	*[2]	*[2]	*[2]	Preis/Betrieb vorhanden[2]	*[2]	*[2]	*[2]	Pro A[2]	Pro B[2]	Contra C[2]	_	_	Hauptteil[6]	1. Claim[10]	
5-6	481-486	große	1. Richtig[2]	1. Angemessen[2]	1. Verständlich[2]	*[2]	*[2]	*[2]	Preis/Betrieb vorhanden[2]	*[2]	*[2]	*[2]	Pro A[2]	Pro B[2]	Contra C[2]	_	_	Hauptteil[6]	1. Claim[10]	
5-7	487-495	Vorteile	1. Richtig[2]	1. Angemessen[2]	1. Verständlich[2]	*[2]	*[2]	*[2]	Preis/Betrieb vorhanden[2]	*[2]	*[2]	*[2]	Pro A[2]	Pro B[2]	Contra C[2]	_	_	Hauptteil[6]	1. Claim[10]	
5-8	496-500	wenn	1. Richtig[2]	1. Angemessen[2]	1. Verständlich[2]	*[2]	*[2]	*[2]	Preis/Betrieb vorhanden[2]	*[2]	*[2]	*[2]	Pro A[2]	Pro B[2]	Contra C[2]	_	_	Hauptteil[6]	1. Claim[10]	
5-9	501-503	es	1. Richtig[2]	1. Angemessen[2]	1. Verständlich[2]	*[2]	*[2]	*[2]	Preis/Betrieb vorhanden[2]	*[2]	*[2]	*[2]	Pro A[2]	Pro B[2]	Contra C[2]	_	_	Hauptteil[6]	1. Claim[10]	
5-10	504-506	um	1. Richtig[2]	1. Angemessen[2]	1. Verständlich[2]	*[2]	*[2]	*[2]	Preis/Betrieb vorhanden[2]	*[2]	*[2]	*[2]	Pro A[2]	Pro B[2]	Contra C[2]	_	_	Hauptteil[6]	1. Claim[10]	
5-11	507-516	Reicweite	1. Richtig[2]	1. Angemessen[2]	1. Verständlich[2]	*[2]	*[2]	*[2]	Preis/Betrieb vorhanden[2]	*[2]	*[2]	*[2]	Pro A[2]	Pro B[2]	Contra C[2]	_	_	Hauptteil[6]	1. Claim[10]	
5-12	517-520	und	1. Richtig[2]	1. Angemessen[2]	1. Verständlich[2]	*[2]	*[2]	*[2]	Preis/Betrieb vorhanden[2]	*[2]	*[2]	*[2]	Pro A[2]	Pro B[2]	Contra C[2]	_	_	Hauptteil[6]	1. Claim[10]	
5-13	521-530	Ladedauer	1. Richtig[2]	1. Angemessen[2]	1. Verständlich[2]	*[2]	*[2]	*[2]	Preis/Betrieb vorhanden[2]	*[2]	*[2]	*[2]	Pro A[2]	Pro B[2]	Contra C[2]	_	_	Hauptteil[6]	1. Claim[10]	
5-14	531-535	geht	1. Richtig[2]	1. Angemessen[2]	1. Verständlich[2]	*[2]	*[2]	*[2]	Preis/Betrieb vorhanden[2]	*[2]	*[2]	*[2]	Pro A[2]	Pro B[2]	Contra C[2]	_	_	Hauptteil[6]	1. Claim[10]	
5-15	535-536	.	1. Richtig[2]	1. Angemessen[2]	1. Verständlich[2]	*[2]	*[2]	*[2]	Preis/Betrieb vorhanden[2]	*[2]	*[2]	*[2]	Pro A[2]	Pro B[2]	Contra C[2]	_	_	Hauptteil[6]	1. Claim[10]	

6-1	537-539	So	1. Richtig[2]	1. Angemessen[2]	1. Verständlich[2]	*[2]	*[2]	*[2]	Preis/Betrieb vorhanden[2]	*[2]	*[2]	*[2]	Pro A[2]	Pro B[2]	Contra C[2]	_	_	Hauptteil[6]	2. Data[11]	
6-2	540-546	müssen	1. Richtig[2]	1. Angemessen[2]	1. Verständlich[2]	*[2]	*[2]	*[2]	Preis/Betrieb vorhanden[2]	*[2]	*[2]	*[2]	Pro A[2]	Pro B[2]	Contra C[2]	_	_	Hauptteil[6]	2. Data[11]	
6-3	547-550	sie	1. Richtig[2]	1. Angemessen[2]	1. Verständlich[2]	*[2]	*[2]	*[2]	Preis/Betrieb vorhanden[2]	*[2]	*[2]	*[2]	Pro A[2]	Pro B[2]	Contra C[2]	_	_	Hauptteil[6]	2. Data[11]	
6-4	551-554	für	1. Richtig[2]	1. Angemessen[2]	1. Verständlich[2]	*[2]	*[2]	*[2]	Preis/Betrieb vorhanden[2]	*[2]	*[2]	*[2]	Pro A[2]	Pro B[2]	Contra C[2]	_	_	Hauptteil[6]	2. Data[11]	
6-5	555-559	eine	1. Richtig[2]	1. Angemessen[2]	1. Verständlich[2]	*[2]	*[2]	*[2]	Preis/Betrieb vorhanden[2]	*[2]	*[2]	*[2]	Pro A[2]	Pro B[2]	Contra C[2]	_	_	Hauptteil[6]	2. Data[11]	
6-6	560-570	Reichweite	1. Richtig[2]	1. Angemessen[2]	1. Verständlich[2]	*[2]	*[2]	*[2]	Preis/Betrieb vorhanden[2]	*[2]	*[2]	*[2]	Pro A[2]	Pro B[2]	Contra C[2]	_	_	Hauptteil[6]	2. Data[11]	
6-7	571-574	von	1. Richtig[2]	1. Angemessen[2]	1. Verständlich[2]	*[2]	*[2]	*[2]	Preis/Betrieb vorhanden[2]	*[2]	*[2]	*[2]	Pro A[2]	Pro B[2]	Contra C[2]	_	_	Hauptteil[6]	2. Data[11]	
6-8	575-580	700km	1. Richtig[2]	1. Angemessen[2]	1. Verständlich[2]	*[2]	*[2]	*[2]	Preis/Betrieb vorhanden[2]	*[2]	*[2]	*[2]	Pro A[2]	Pro B[2]	Contra C[2]	_	_	Hauptteil[6]	2. Data[11]	
6-9	581-584	nur	1. Richtig[2]	1. Angemessen[2]	1. Verständlich[2]	*[2]	*[2]	*[2]	Preis/Betrieb vorhanden[2]	*[2]	*[2]	*[2]	Pro A[2]	Pro B[2]	Contra C[2]	_	_	Hauptteil[6]	2. Data[11]	
6-10	585-586	3	1. Richtig[2]	1. Angemessen[2]	1. Verständlich[2]	*[2]	*[2]	*[2]	Preis/Betrieb vorhanden[2]	*[2]	*[2]	*[2]	Pro A[2]	Pro B[2]	Contra C[2]	_	_	Hauptteil[6]	2. Data[11]	
6-11	587-594	Minuten	1. Richtig[2]	1. Angemessen[2]	1. Verständlich[2]	*[2]	*[2]	*[2]	Preis/Betrieb vorhanden[2]	*[2]	*[2]	*[2]	Pro A[2]	Pro B[2]	Contra C[2]	_	_	Hauptteil[6]	2. Data[11]	
6-12	595-602	betankt	1. Richtig[2]	1. Angemessen[2]	1. Verständlich[2]	*[2]	*[2]	*[2]	Preis/Betrieb vorhanden[2]	*[2]	*[2]	*[2]	Pro A[2]	Pro B[2]	Contra C[2]	_	_	Hauptteil[6]	2. Data[11]	
6-13	603-609	werden	1. Richtig[2]	1. Angemessen[2]	1. Verständlich[2]	*[2]	*[2]	*[2]	Preis/Betrieb vorhanden[2]	*[2]	*[2]	*[2]	Pro A[2]	Pro B[2]	Contra C[2]	_	_	Hauptteil[6]	2. Data[11]	
6-14	609-610	.	1. Richtig[2]	1. Angemessen[2]	1. Verständlich[2]	*[2]	*[2]	*[2]	Preis/Betrieb vorhanden[2]	*[2]	*[2]	*[2]	Pro A[2]	Pro B[2]	Contra C[2]	_	_	Hauptteil[6]	2. Data[11]	

7-1	611-615	PKWs	1. Richtig[2]	1. Angemessen[2]	1. Verständlich[2]	*[2]	*[2]	*[2]	Preis/Betrieb vorhanden[2]	*[2]	*[2]	*[2]	Pro A[2]	Pro B[2]	Contra C[2]	_	_	Hauptteil[6]	2. Data[12]	
7-2	616-619	mit	1. Richtig[2]	1. Angemessen[2]	1. Verständlich[2]	*[2]	*[2]	*[2]	Preis/Betrieb vorhanden[2]	*[2]	*[2]	*[2]	Pro A[2]	Pro B[2]	Contra C[2]	_	_	Hauptteil[6]	2. Data[12]	
7-3	620-633	Akkumulatoren	1. Richtig[2]	1. Angemessen[2]	1. Verständlich[2]	*[2]	*[2]	*[2]	Preis/Betrieb vorhanden[2]	*[2]	*[2]	*[2]	Pro A[2]	Pro B[2]	Contra C[2]	_	_	Hauptteil[6]	2. Data[12]	
7-4	634-642	schaffen	1. Richtig[2]	1. Angemessen[2]	1. Verständlich[2]	*[2]	*[2]	*[2]	Preis/Betrieb vorhanden[2]	*[2]	*[2]	*[2]	Pro A[2]	Pro B[2]	Contra C[2]	_	_	Hauptteil[6]	2. Data[12]	
7-5	643-646	nur	1. Richtig[2]	1. Angemessen[2]	1. Verständlich[2]	*[2]	*[2]	*[2]	Preis/Betrieb vorhanden[2]	*[2]	*[2]	*[2]	Pro A[2]	Pro B[2]	Contra C[2]	_	_	Hauptteil[6]	2. Data[12]	
7-6	647-653	gerade	1. Richtig[2]	1. Angemessen[2]	1. Verständlich[2]	*[2]	*[2]	*[2]	Preis/Betrieb vorhanden[2]	*[2]	*[2]	*[2]	Pro A[2]	Pro B[2]	Contra C[2]	_	_	Hauptteil[6]	2. Data[12]	
7-7	654-657	mal	1. Richtig[2]	1. Angemessen[2]	1. Verständlich[2]	*[2]	*[2]	*[2]	Preis/Betrieb vorhanden[2]	*[2]	*[2]	*[2]	Pro A[2]	Pro B[2]	Contra C[2]	_	_	Hauptteil[6]	2. Data[12]	
7-8	658-661	bei	1. Richtig[2]	1. Angemessen[2]	1. Verständlich[2]	*[2]	*[2]	*[2]	Preis/Betrieb vorhanden[2]	*[2]	*[2]	*[2]	Pro A[2]	Pro B[2]	Contra C[2]	_	_	Hauptteil[6]	2. Data[12]	
7-9	662-667	einer	1. Richtig[2]	1. Angemessen[2]	1. Verständlich[2]	*[2]	*[2]	*[2]	Preis/Betrieb vorhanden[2]	*[2]	*[2]	*[2]	Pro A[2]	Pro B[2]	Contra C[2]	_	_	Hauptteil[6]	2. Data[12]	
7-10	668-670	30	1. Richtig[2]	1. Angemessen[2]	1. Verständlich[2]	*[2]	*[2]	*[2]	Preis/Betrieb vorhanden[2]	*[2]	*[2]	*[2]	Pro A[2]	Pro B[2]	Contra C[2]	_	_	Hauptteil[6]	2. Data[12]	
7-11	671-680	Minütigen	1. Richtig[2]	1. Angemessen[2]	1. Verständlich[2]	*[2]	*[2]	*[2]	Preis/Betrieb vorhanden[2]	*[2]	*[2]	*[2]	Pro A[2]	Pro B[2]	Contra C[2]	_	_	Hauptteil[6]	2. Data[12]	
7-12	681-690	Laddeauer	1. Richtig[2]	1. Angemessen[2]	1. Verständlich[2]	*[2]	*[2]	*[2]	Preis/Betrieb vorhanden[2]	*[2]	*[2]	*[2]	Pro A[2]	Pro B[2]	Contra C[2]	_	_	Hauptteil[6]	2. Data[12]	
7-13	691-693	ca	1. Richtig[2]	1. Angemessen[2]	1. Verständlich[2]	*[2]	*[2]	*[2]	Preis/Betrieb vorhanden[2]	*[2]	*[2]	*[2]	Pro A[2]	Pro B[2]	Contra C[2]	_	_	Hauptteil[6]	2. Data[12]	
7-14	693-694	.	1. Richtig[2]	1. Angemessen[2]	1. Verständlich[2]	*[2]	*[2]	*[2]	Preis/Betrieb vorhanden[2]	*[2]	*[2]	*[2]	Pro A[2]	Pro B[2]	Contra C[2]	_	_	Hauptteil[6]	2. Data[12]	
7-15	695-698	400	1. Richtig[2]	1. Angemessen[2]	1. Verständlich[2]	*[2]	*[2]	*[2]	Preis/Betrieb vorhanden[2]	*[2]	*[2]	*[2]	Pro A[2]	Pro B[2]	Contra C[2]	_	_	Hauptteil[6]	2. Data[12]	
7-16	699-701	km	1. Richtig[2]	1. Angemessen[2]	1. Verständlich[2]	*[2]	*[2]	*[2]	Preis/Betrieb vorhanden[2]	*[2]	*[2]	*[2]	Pro A[2]	Pro B[2]	Contra C[2]	_	_	Hauptteil[6]	2. Data[12]	
7-17	701-702	.	1. Richtig[2]	1. Angemessen[2]	1. Verständlich[2]	*[2]	*[2]	*[2]	Preis/Betrieb vorhanden[2]	*[2]	*[2]	*[2]	Pro A[2]	Pro B[2]	Contra C[2]	_	_	Hauptteil[6]	2. Data[12]	

8-1	704-709	Dafür	1. Richtig[3]	1. Angemessen[3]	1. Verständlich[3]	*[3]	Lebensdauer/Verfügbarkeit vorhanden[3]	*[3]	*[3]	*[3]	*[3]	*[3]	Contra A[3]	Pro B[3]	Pro C[3]	_	_	Hauptteil[6]	2. Data[13]	
8-2	710-716	werden	1. Richtig[3]	1. Angemessen[3]	1. Verständlich[3]	*[3]	Lebensdauer/Verfügbarkeit vorhanden[3]	*[3]	*[3]	*[3]	*[3]	*[3]	Contra A[3]	Pro B[3]	Pro C[3]	_	_	Hauptteil[6]	2. Data[13]	
8-3	717-727	elektrisch	1. Richtig[3]	1. Angemessen[3]	1. Verständlich[3]	*[3]	Lebensdauer/Verfügbarkeit vorhanden[3]	*[3]	*[3]	*[3]	*[3]	*[3]	Contra A[3]	Pro B[3]	Pro C[3]	_	_	Hauptteil[6]	2. Data[13]	
8-4	728-739	betriebende	1. Richtig[3]	1. Angemessen[3]	1. Verständlich[3]	*[3]	Lebensdauer/Verfügbarkeit vorhanden[3]	*[3]	*[3]	*[3]	*[3]	*[3]	Contra A[3]	Pro B[3]	Pro C[3]	_	_	Hauptteil[6]	2. Data[13]	
8-5	740-749	Fahrzeuge	1. Richtig[3]	1. Angemessen[3]	1. Verständlich[3]	*[3]	Lebensdauer/Verfügbarkeit vorhanden[3]	*[3]	*[3]	*[3]	*[3]	*[3]	Contra A[3]	Pro B[3]	Pro C[3]	_	_	Hauptteil[6]	2. Data[13]	
8-6	750-755	schon	1. Richtig[3]	1. Angemessen[3]	1. Verständlich[3]	*[3]	Lebensdauer/Verfügbarkeit vorhanden[3]	*[3]	*[3]	*[3]	*[3]	*[3]	Contra A[3]	Pro B[3]	Pro C[3]	_	_	Hauptteil[6]	2. Data[13]	
8-7	756-761	heute	1. Richtig[3]	1. Angemessen[3]	1. Verständlich[3]	*[3]	Lebensdauer/Verfügbarkeit vorhanden[3]	*[3]	*[3]	*[3]	*[3]	*[3]	Contra A[3]	Pro B[3]	Pro C[3]	_	_	Hauptteil[6]	2. Data[13]	
8-8	762-764	in	1. Richtig[3]	1. Angemessen[3]	1. Verständlich[3]	*[3]	Lebensdauer/Verfügbarkeit vorhanden[3]	*[3]	*[3]	*[3]	*[3]	*[3]	Contra A[3]	Pro B[3]	Pro C[3]	_	_	Hauptteil[6]	2. Data[13]	
8-9	765-771	großen	1. Richtig[3]	1. Angemessen[3]	1. Verständlich[3]	*[3]	Lebensdauer/Verfügbarkeit vorhanden[3]	*[3]	*[3]	*[3]	*[3]	*[3]	Contra A[3]	Pro B[3]	Pro C[3]	_	_	Hauptteil[6]	2. Data[13]	
8-10	772-778	Mengen	1. Richtig[3]	1. Angemessen[3]	1. Verständlich[3]	*[3]	Lebensdauer/Verfügbarkeit vorhanden[3]	*[3]	*[3]	*[3]	*[3]	*[3]	Contra A[3]	Pro B[3]	Pro C[3]	_	_	Hauptteil[6]	2. Data[13]	
8-11	779-789	produziert	1. Richtig[3]	1. Angemessen[3]	1. Verständlich[3]	*[3]	Lebensdauer/Verfügbarkeit vorhanden[3]	*[3]	*[3]	*[3]	*[3]	*[3]	Contra A[3]	Pro B[3]	Pro C[3]	_	_	Hauptteil[6]	2. Data[13]	
8-12	789-790	.	1. Richtig[3]	1. Angemessen[3]	1. Verständlich[3]	*[3]	Lebensdauer/Verfügbarkeit vorhanden[3]	*[3]	*[3]	*[3]	*[3]	*[3]	Contra A[3]	Pro B[3]	Pro C[3]	_	_	Hauptteil[6]	2. Data[13]	

9-1	791-796	Genau	1. Richtig[3]	1. Angemessen[3]	1. Verständlich[3]	*[3]	Lebensdauer/Verfügbarkeit vorhanden[3]	*[3]	*[3]	*[3]	*[3]	*[3]	Contra A[3]	Pro B[3]	Pro C[3]	_	_	Hauptteil[6]	2. Data[14]	
9-2	797-802	sieht	1. Richtig[3]	1. Angemessen[3]	1. Verständlich[3]	*[3]	Lebensdauer/Verfügbarkeit vorhanden[3]	*[3]	*[3]	*[3]	*[3]	*[3]	Contra A[3]	Pro B[3]	Pro C[3]	_	_	Hauptteil[6]	2. Data[14]	
9-3	803-805	es	1. Richtig[3]	1. Angemessen[3]	1. Verständlich[3]	*[3]	Lebensdauer/Verfügbarkeit vorhanden[3]	*[3]	*[3]	*[3]	*[3]	*[3]	Contra A[3]	Pro B[3]	Pro C[3]	_	_	Hauptteil[6]	2. Data[14]	
9-4	806-809	bei	1. Richtig[3]	1. Angemessen[3]	1. Verständlich[3]	*[3]	Lebensdauer/Verfügbarkeit vorhanden[3]	*[3]	*[3]	*[3]	*[3]	*[3]	Contra A[3]	Pro B[3]	Pro C[3]	_	_	Hauptteil[6]	2. Data[14]	
9-5	810-820	Fahrzeugen	1. Richtig[3]	1. Angemessen[3]	1. Verständlich[3]	*[3]	Lebensdauer/Verfügbarkeit vorhanden[3]	*[3]	*[3]	*[3]	*[3]	*[3]	Contra A[3]	Pro B[3]	Pro C[3]	_	_	Hauptteil[6]	2. Data[14]	
9-6	821-824	für	1. Richtig[3]	1. Angemessen[3]	1. Verständlich[3]	*[3]	Lebensdauer/Verfügbarkeit vorhanden[3]	*[3]	*[3]	*[3]	*[3]	*[3]	Contra A[3]	Pro B[3]	Pro C[3]	_	_	Hauptteil[6]	2. Data[14]	
9-7	825-836	sythetische	1. Richtig[3]	1. Angemessen[3]	1. Verständlich[3]	*[3]	Lebensdauer/Verfügbarkeit vorhanden[3]	*[3]	*[3]	*[3]	*[3]	*[3]	Contra A[3]	Pro B[3]	Pro C[3]	_	_	Hauptteil[6]	2. Data[14]	
9-8	837-848	Kraftstoffe	1. Richtig[3]	1. Angemessen[3]	1. Verständlich[3]	*[3]	Lebensdauer/Verfügbarkeit vorhanden[3]	*[3]	*[3]	*[3]	*[3]	*[3]	Contra A[3]	Pro B[3]	Pro C[3]	_	_	Hauptteil[6]	2. Data[14]	
9-9	849-852	aus	1. Richtig[3]	1. Angemessen[3]	1. Verständlich[3]	*[3]	Lebensdauer/Verfügbarkeit vorhanden[3]	*[3]	*[3]	*[3]	*[3]	*[3]	Contra A[3]	Pro B[3]	Pro C[3]	_	_	Hauptteil[6]	2. Data[14]	
9-10	852-853	,	1. Richtig[3]	1. Angemessen[3]	1. Verständlich[3]	*[3]	Lebensdauer/Verfügbarkeit vorhanden[3]	*[3]	*[3]	*[3]	*[3]	*[3]	Contra A[3]	Pro B[3]	Pro C[3]	_	_	Hauptteil[6]	2. Data[14]	
9-11	854-856	da	1. Richtig[3]	1. Angemessen[3]	1. Verständlich[3]	*[3]	Lebensdauer/Verfügbarkeit vorhanden[3]	*[3]	*[3]	*[3]	*[3]	*[3]	Contra A[3]	Pro B[3]	Pro C[3]	_	_	Hauptteil[6]	2. Data[15]	
9-12	857-862	diese	1. Richtig[3]	1. Angemessen[3]	1. Verständlich[3]	*[3]	Lebensdauer/Verfügbarkeit vorhanden[3]	*[3]	*[3]	*[3]	*[3]	*[3]	Contra A[3]	Pro B[3]	Pro C[3]	_	_	Hauptteil[6]	2. Data[15]	
9-13	863-870	einfach	1. Richtig[3]	1. Angemessen[3]	1. Verständlich[3]	*[3]	Lebensdauer/Verfügbarkeit vorhanden[3]	*[3]	*[3]	*[3]	*[3]	*[3]	Contra A[3]	Pro B[3]	Pro C[3]	_	_	Hauptteil[6]	2. Data[15]	
9-14	871-874	von	1. Richtig[3]	1. Angemessen[3]	1. Verständlich[3]	*[3]	Lebensdauer/Verfügbarkeit vorhanden[3]	*[3]	*[3]	*[3]	*[3]	*[3]	Contra A[3]	Pro B[3]	Pro C[3]	_	_	Hauptteil[6]	2. Data[15]	
9-15	875-892	Verbrennermotoren	1. Richtig[3]	1. Angemessen[3]	1. Verständlich[3]	*[3]	Lebensdauer/Verfügbarkeit vorhanden[3]	*[3]	*[3]	*[3]	*[3]	*[3]	Contra A[3]	Pro B[3]	Pro C[3]	_	_	Hauptteil[6]	2. Data[15]	
9-16	893-899	getank	1. Richtig[3]	1. Angemessen[3]	1. Verständlich[3]	*[3]	Lebensdauer/Verfügbarkeit vorhanden[3]	*[3]	*[3]	*[3]	*[3]	*[3]	Contra A[3]	Pro B[3]	Pro C[3]	_	_	Hauptteil[6]	2. Data[15]	
9-17	900-906	werden	1. Richtig[3]	1. Angemessen[3]	1. Verständlich[3]	*[3]	Lebensdauer/Verfügbarkeit vorhanden[3]	*[3]	*[3]	*[3]	*[3]	*[3]	Contra A[3]	Pro B[3]	Pro C[3]	_	_	Hauptteil[6]	2. Data[15]	
9-18	907-913	können	1. Richtig[3]	1. Angemessen[3]	1. Verständlich[3]	*[3]	Lebensdauer/Verfügbarkeit vorhanden[3]	*[3]	*[3]	*[3]	*[3]	*[3]	Contra A[3]	Pro B[3]	Pro C[3]	_	_	Hauptteil[6]	2. Data[15]	
9-19	913-914	.	1. Richtig[3]	1. Angemessen[3]	1. Verständlich[3]	*[3]	Lebensdauer/Verfügbarkeit vorhanden[3]	*[3]	*[3]	*[3]	*[3]	*[3]	Contra A[3]	Pro B[3]	Pro C[3]	_	_	Hauptteil[6]	2. Data[15]	

10-1	915-926	Wasserstoff	1. Richtig[3]	1. Angemessen[3]	1. Verständlich[3]	*[3]	Lebensdauer/Verfügbarkeit vorhanden[3]	*[3]	*[3]	*[3]	*[3]	*[3]	Contra A[3]	Pro B[3]	Pro C[3]	_	_	Hauptteil[6]	2. Data[16]	
10-2	927-938	betriebende	1. Richtig[3]	1. Angemessen[3]	1. Verständlich[3]	*[3]	Lebensdauer/Verfügbarkeit vorhanden[3]	*[3]	*[3]	*[3]	*[3]	*[3]	Contra A[3]	Pro B[3]	Pro C[3]	_	_	Hauptteil[6]	2. Data[16]	
10-3	939-944	Autos	1. Richtig[3]	1. Angemessen[3]	1. Verständlich[3]	*[3]	Lebensdauer/Verfügbarkeit vorhanden[3]	*[3]	*[3]	*[3]	*[3]	*[3]	Contra A[3]	Pro B[3]	Pro C[3]	_	_	Hauptteil[6]	2. Data[16]	
10-4	945-951	werden	1. Richtig[3]	1. Angemessen[3]	1. Verständlich[3]	*[3]	Lebensdauer/Verfügbarkeit vorhanden[3]	*[3]	*[3]	*[3]	*[3]	*[3]	Contra A[3]	Pro B[3]	Pro C[3]	_	_	Hauptteil[6]	2. Data[16]	
10-5	952-962	dahingegen	1. Richtig[3]	1. Angemessen[3]	1. Verständlich[3]	*[3]	Lebensdauer/Verfügbarkeit vorhanden[3]	*[3]	*[3]	*[3]	*[3]	*[3]	Contra A[3]	Pro B[3]	Pro C[3]	_	_	Hauptteil[6]	2. Data[16]	
10-6	963-966	nur	1. Richtig[3]	1. Angemessen[3]	1. Verständlich[3]	*[3]	Lebensdauer/Verfügbarkeit vorhanden[3]	*[3]	*[3]	*[3]	*[3]	*[3]	Contra A[3]	Pro B[3]	Pro C[3]	_	_	Hauptteil[6]	2. Data[16]	
10-7	967-969	in	1. Richtig[3]	1. Angemessen[3]	1. Verständlich[3]	*[3]	Lebensdauer/Verfügbarkeit vorhanden[3]	*[3]	*[3]	*[3]	*[3]	*[3]	Contra A[3]	Pro B[3]	Pro C[3]	_	_	Hauptteil[6]	2. Data[16]	
10-8	970-978	geringen	1. Richtig[3]	1. Angemessen[3]	1. Verständlich[3]	*[3]	Lebensdauer/Verfügbarkeit vorhanden[3]	*[3]	*[3]	*[3]	*[3]	*[3]	Contra A[3]	Pro B[3]	Pro C[3]	_	_	Hauptteil[6]	2. Data[16]	
10-9	979-985	Mengen	1. Richtig[3]	1. Angemessen[3]	1. Verständlich[3]	*[3]	Lebensdauer/Verfügbarkeit vorhanden[3]	*[3]	*[3]	*[3]	*[3]	*[3]	Contra A[3]	Pro B[3]	Pro C[3]	_	_	Hauptteil[6]	2. Data[16]	
10-10	986-997	hergestellt	1. Richtig[3]	1. Angemessen[3]	1. Verständlich[3]	*[3]	Lebensdauer/Verfügbarkeit vorhanden[3]	*[3]	*[3]	*[3]	*[3]	*[3]	Contra A[3]	Pro B[3]	Pro C[3]	_	_	Hauptteil[6]	2. Data[16]	
10-11	997-998	.	1. Richtig[3]	1. Angemessen[3]	1. Verständlich[3]	*[3]	Lebensdauer/Verfügbarkeit vorhanden[3]	*[3]	*[3]	*[3]	*[3]	*[3]	Contra A[3]	Pro B[3]	Pro C[3]	_	_	Hauptteil[6]	2. Data[16]	

11-1	1002-1017	Zusammenfassend	_	_	_	_	_	_	_	_	_	_	_	_	_	_	_	Schluss[7]	_	
11-2	1018-1022	kann	_	_	_	_	_	_	_	_	_	_	_	_	_	_	_	Schluss[7]	_	
11-3	1023-1026	man	_	_	_	_	_	_	_	_	_	_	_	_	_	_	_	Schluss[7]	_	
11-4	1027-1032	sagen	_	_	_	_	_	_	_	_	_	_	_	_	_	_	_	Schluss[7]	_	
11-5	1032-1033	,	_	_	_	_	_	_	_	_	_	_	_	_	_	_	_	Schluss[7]	_	
11-6	1034-1038	dass	_	_	_	_	_	_	_	_	_	_	_	_	_	_	_	Schluss[7]	_	
11-7	1039-1042	der	_	_	_	_	_	_	_	_	_	_	_	_	_	_	_	Schluss[7]	_	
11-8	1043-1058	Verbrennermotor	_	_	_	_	_	_	_	_	_	_	_	_	_	_	_	Schluss[7]	_	
11-9	1059-1062	zum	_	_	_	_	_	_	_	_	_	_	_	_	_	_	_	Schluss[7]	_	
11-10	1063-1076	Auslaufmodell	_	_	_	_	_	_	_	_	_	_	_	_	_	_	_	Schluss[7]	_	
11-11	1077-1083	werden	_	_	_	_	_	_	_	_	_	_	_	_	_	_	_	Schluss[7]	_	
11-12	1084-1088	wird	_	_	_	_	_	_	_	_	_	_	_	_	_	_	_	Schluss[7]	_	
11-13	1088-1089	.	_	_	_	_	_	_	_	_	_	_	_	_	_	_	_	Schluss[7]	_	

12-1	1090-1092	Am	_	_	_	_	_	_	_	_	_	_	_	_	_	2. Cut-off[4]	Gesamtthese[4]	Schluss[7]	_	
12-2	1093-1111	zukungtsfähigstens	_	_	_	_	_	_	_	_	_	_	_	_	_	2. Cut-off[4]	Gesamtthese[4]	Schluss[7]	_	
12-3	1112-1117	halte	_	_	_	_	_	_	_	_	_	_	_	_	_	2. Cut-off[4]	Gesamtthese[4]	Schluss[7]	_	
12-4	1118-1121	ich	_	_	_	_	_	_	_	_	_	_	_	_	_	2. Cut-off[4]	Gesamtthese[4]	Schluss[7]	_	
12-5	1122-1130	deswegen	_	_	_	_	_	_	_	_	_	_	_	_	_	2. Cut-off[4]	Gesamtthese[4]	Schluss[7]	_	
12-6	1131-1138	E-Autos	_	_	_	_	_	_	_	_	_	_	_	_	_	2. Cut-off[4]	Gesamtthese[4]	Schluss[7]	_	
12-7	1138-1139	,	_	_	_	_	_	_	_	_	_	_	_	_	_	2. Cut-off[4]	Gesamtthese[4]	Schluss[7]	_	
12-8	1140-1142	da	_	_	_	_	_	_	_	_	_	_	_	_	_	2. Cut-off[4]	Gesamtthese[4]	Schluss[7]	_	
12-9	1143-1146	sie	_	_	_	_	_	_	_	_	_	_	_	_	_	2. Cut-off[4]	Gesamtthese[4]	Schluss[7]	_	
12-10	1147-1150	die	_	_	_	_	_	_	_	_	_	_	_	_	_	2. Cut-off[4]	Gesamtthese[4]	Schluss[7]	_	
12-11	1151-1159	einzigen	_	_	_	_	_	_	_	_	_	_	_	_	_	2. Cut-off[4]	Gesamtthese[4]	Schluss[7]	_	
12-12	1160-1162	in	_	_	_	_	_	_	_	_	_	_	_	_	_	2. Cut-off[4]	Gesamtthese[4]	Schluss[7]	_	
12-13	1163-1169	Massen	_	_	_	_	_	_	_	_	_	_	_	_	_	2. Cut-off[4]	Gesamtthese[4]	Schluss[7]	_	
12-14	1170-1181	produzierte	_	_	_	_	_	_	_	_	_	_	_	_	_	2. Cut-off[4]	Gesamtthese[4]	Schluss[7]	_	
12-15	1182-1191	Altantive	_	_	_	_	_	_	_	_	_	_	_	_	_	2. Cut-off[4]	Gesamtthese[4]	Schluss[7]	_	
12-16	1192-1196	sind	_	_	_	_	_	_	_	_	_	_	_	_	_	2. Cut-off[4]	Gesamtthese[4]	Schluss[7]	_	
12-17	1196-1197	.	_	_	_	_	_	_	_	_	_	_	_	_	_	2. Cut-off[4]	Gesamtthese[4]	Schluss[7]	_	
