#FORMAT=WebAnno TSV 3.3
#T_SP=webanno.custom.Argument|Accuracy|Adequacy|Clarity|KriteriumJahresertragEnergiedichte|KriteriumLebensdauerVerfgbarkeit|KriteriumLokaleEmissionenGeruschemissionen|KriteriumPreisBetrieb|KriteriumSonstiges|KriteriumTreibhausgasemissionen|KriteriumWirkungsgrad|OptionA|OptionB|OptionC
#T_SP=webanno.custom.DecisionMakingStrategies|Decision|Gesamtthese
#T_SP=webanno.custom.Struktur|Struktur
#T_SP=webanno.custom.StrukturTAP|TAPArgumente


1-1	0-3	Die	_	_	_	_	_	_	_	_	_	_	_	_	_	_	_	Einleitung[8]	_	
1-2	4-16	Energiewende	_	_	_	_	_	_	_	_	_	_	_	_	_	_	_	Einleitung[8]	_	
1-3	17-21	wird	_	_	_	_	_	_	_	_	_	_	_	_	_	_	_	Einleitung[8]	_	
1-4	22-25	mit	_	_	_	_	_	_	_	_	_	_	_	_	_	_	_	Einleitung[8]	_	
1-5	26-40	beispielsweise	_	_	_	_	_	_	_	_	_	_	_	_	_	_	_	Einleitung[8]	_	
1-6	41-50	Windparks	_	_	_	_	_	_	_	_	_	_	_	_	_	_	_	Einleitung[8]	_	
1-7	50-51	,	_	_	_	_	_	_	_	_	_	_	_	_	_	_	_	Einleitung[8]	_	
1-8	52-62	Solarparks	_	_	_	_	_	_	_	_	_	_	_	_	_	_	_	Einleitung[8]	_	
1-9	63-66	und	_	_	_	_	_	_	_	_	_	_	_	_	_	_	_	Einleitung[8]	_	
1-10	67-85	Wasserkraftanlagen	_	_	_	_	_	_	_	_	_	_	_	_	_	_	_	Einleitung[8]	_	
1-11	86-97	angetrieben	_	_	_	_	_	_	_	_	_	_	_	_	_	_	_	Einleitung[8]	_	
1-12	97-98	.	_	_	_	_	_	_	_	_	_	_	_	_	_	_	_	Einleitung[8]	_	

2-1	99-102	Der	1. Richtig[1]	1. Angemessen[1]	1. Verständlich[1]	*[1]	*[1]	*[1]	*[1]	*[1]	*[1]	Wirkungsgrad vorhanden[1]	Pro A[1]	Contra B[1]	Contra C[1]	_	_	Hauptteil[9]	2. Data[10]	
2-2	103-115	Wirkungsgrad	1. Richtig[1]	1. Angemessen[1]	1. Verständlich[1]	*[1]	*[1]	*[1]	*[1]	*[1]	*[1]	Wirkungsgrad vorhanden[1]	Pro A[1]	Contra B[1]	Contra C[1]	_	_	Hauptteil[9]	2. Data[10]	
2-3	116-119	der	1. Richtig[1]	1. Angemessen[1]	1. Verständlich[1]	*[1]	*[1]	*[1]	*[1]	*[1]	*[1]	Wirkungsgrad vorhanden[1]	Pro A[1]	Contra B[1]	Contra C[1]	_	_	Hauptteil[9]	2. Data[10]	
2-4	120-137	Wasserkraftanlage	1. Richtig[1]	1. Angemessen[1]	1. Verständlich[1]	*[1]	*[1]	*[1]	*[1]	*[1]	*[1]	Wirkungsgrad vorhanden[1]	Pro A[1]	Contra B[1]	Contra C[1]	_	_	Hauptteil[9]	2. Data[10]	
2-5	138-141	ist	1. Richtig[1]	1. Angemessen[1]	1. Verständlich[1]	*[1]	*[1]	*[1]	*[1]	*[1]	*[1]	Wirkungsgrad vorhanden[1]	Pro A[1]	Contra B[1]	Contra C[1]	_	_	Hauptteil[9]	2. Data[10]	
2-6	142-144	am	1. Richtig[1]	1. Angemessen[1]	1. Verständlich[1]	*[1]	*[1]	*[1]	*[1]	*[1]	*[1]	Wirkungsgrad vorhanden[1]	Pro A[1]	Contra B[1]	Contra C[1]	_	_	Hauptteil[9]	2. Data[10]	
2-7	145-154	stärksten	1. Richtig[1]	1. Angemessen[1]	1. Verständlich[1]	*[1]	*[1]	*[1]	*[1]	*[1]	*[1]	Wirkungsgrad vorhanden[1]	Pro A[1]	Contra B[1]	Contra C[1]	_	_	Hauptteil[9]	2. Data[10]	
2-8	154-155	.	1. Richtig[1]	1. Angemessen[1]	1. Verständlich[1]	*[1]	*[1]	*[1]	*[1]	*[1]	*[1]	Wirkungsgrad vorhanden[1]	Pro A[1]	Contra B[1]	Contra C[1]	_	_	Hauptteil[9]	2. Data[10]	

3-1	156-161	Zudem	1. Richtig[2]	1. Angemessen[2]	1. Verständlich[2]	*[2]	Lebensdauer/Verfügbarkeit vorhanden[2]	*[2]	*[2]	*[2]	*[2]	*[2]	Pro A[2]	Contra B[2]	Contra C[2]	_	_	Hauptteil[9]	2. Data[11]	
3-2	162-165	ist	1. Richtig[2]	1. Angemessen[2]	1. Verständlich[2]	*[2]	Lebensdauer/Verfügbarkeit vorhanden[2]	*[2]	*[2]	*[2]	*[2]	*[2]	Pro A[2]	Contra B[2]	Contra C[2]	_	_	Hauptteil[9]	2. Data[11]	
3-3	166-169	die	1. Richtig[2]	1. Angemessen[2]	1. Verständlich[2]	*[2]	Lebensdauer/Verfügbarkeit vorhanden[2]	*[2]	*[2]	*[2]	*[2]	*[2]	Pro A[2]	Contra B[2]	Contra C[2]	_	_	Hauptteil[9]	2. Data[11]	
3-4	170-181	Lebensdauer	1. Richtig[2]	1. Angemessen[2]	1. Verständlich[2]	*[2]	Lebensdauer/Verfügbarkeit vorhanden[2]	*[2]	*[2]	*[2]	*[2]	*[2]	Pro A[2]	Contra B[2]	Contra C[2]	_	_	Hauptteil[9]	2. Data[11]	
3-5	182-188	dessen	1. Richtig[2]	1. Angemessen[2]	1. Verständlich[2]	*[2]	Lebensdauer/Verfügbarkeit vorhanden[2]	*[2]	*[2]	*[2]	*[2]	*[2]	Pro A[2]	Contra B[2]	Contra C[2]	_	_	Hauptteil[9]	2. Data[11]	
3-6	189-191	am	1. Richtig[2]	1. Angemessen[2]	1. Verständlich[2]	*[2]	Lebensdauer/Verfügbarkeit vorhanden[2]	*[2]	*[2]	*[2]	*[2]	*[2]	Pro A[2]	Contra B[2]	Contra C[2]	_	_	Hauptteil[9]	2. Data[11]	
3-7	192-200	längsten	1. Richtig[2]	1. Angemessen[2]	1. Verständlich[2]	*[2]	Lebensdauer/Verfügbarkeit vorhanden[2]	*[2]	*[2]	*[2]	*[2]	*[2]	Pro A[2]	Contra B[2]	Contra C[2]	_	_	Hauptteil[9]	2. Data[11]	
3-8	201-204	und	1. Richtig[2]	1. Angemessen[2]	1. Verständlich[2]	*[2]	Lebensdauer/Verfügbarkeit vorhanden[2]	*[2]	*[2]	*[2]	*[2]	*[2]	Pro A[2]	Contra B[2]	Contra C[2]	_	_	Hauptteil[9]	2. Data[11]	
3-9	205-212	beträgt	1. Richtig[2]	1. Angemessen[2]	1. Verständlich[2]	*[2]	Lebensdauer/Verfügbarkeit vorhanden[2]	*[2]	*[2]	*[2]	*[2]	*[2]	Pro A[2]	Contra B[2]	Contra C[2]	_	_	Hauptteil[9]	2. Data[11]	
3-10	213-216	bis	1. Richtig[2]	1. Angemessen[2]	1. Verständlich[2]	*[2]	Lebensdauer/Verfügbarkeit vorhanden[2]	*[2]	*[2]	*[2]	*[2]	*[2]	Pro A[2]	Contra B[2]	Contra C[2]	_	_	Hauptteil[9]	2. Data[11]	
3-11	217-219	zu	1. Richtig[2]	1. Angemessen[2]	1. Verständlich[2]	*[2]	Lebensdauer/Verfügbarkeit vorhanden[2]	*[2]	*[2]	*[2]	*[2]	*[2]	Pro A[2]	Contra B[2]	Contra C[2]	_	_	Hauptteil[9]	2. Data[11]	
3-12	220-222	80	1. Richtig[2]	1. Angemessen[2]	1. Verständlich[2]	*[2]	Lebensdauer/Verfügbarkeit vorhanden[2]	*[2]	*[2]	*[2]	*[2]	*[2]	Pro A[2]	Contra B[2]	Contra C[2]	_	_	Hauptteil[9]	2. Data[11]	
3-13	223-228	Jahre	1. Richtig[2]	1. Angemessen[2]	1. Verständlich[2]	*[2]	Lebensdauer/Verfügbarkeit vorhanden[2]	*[2]	*[2]	*[2]	*[2]	*[2]	Pro A[2]	Contra B[2]	Contra C[2]	_	_	Hauptteil[9]	2. Data[11]	
3-14	228-229	.	1. Richtig[2]	1. Angemessen[2]	1. Verständlich[2]	*[2]	Lebensdauer/Verfügbarkeit vorhanden[2]	*[2]	*[2]	*[2]	*[2]	*[2]	Pro A[2]	Contra B[2]	Contra C[2]	_	_	Hauptteil[9]	2. Data[11]	

4-1	230-233	Die	1. Richtig[3]	1. Angemessen[3]	1. Verständlich[3]	*[3]	*[3]	*[3]	Preis/Betrieb vorhanden[3]	*[3]	*[3]	*[3]	Contra A[3]	Pro B[3]	Contra C[3]	_	_	Hauptteil[9]	2. Data[12]	
4-2	234-240	Kosten	1. Richtig[3]	1. Angemessen[3]	1. Verständlich[3]	*[3]	*[3]	*[3]	Preis/Betrieb vorhanden[3]	*[3]	*[3]	*[3]	Contra A[3]	Pro B[3]	Contra C[3]	_	_	Hauptteil[9]	2. Data[12]	
4-3	241-244	für	1. Richtig[3]	1. Angemessen[3]	1. Verständlich[3]	*[3]	*[3]	*[3]	Preis/Betrieb vorhanden[3]	*[3]	*[3]	*[3]	Contra A[3]	Pro B[3]	Contra C[3]	_	_	Hauptteil[9]	2. Data[12]	
4-4	245-250	diese	1. Richtig[3]	1. Angemessen[3]	1. Verständlich[3]	*[3]	*[3]	*[3]	Preis/Betrieb vorhanden[3]	*[3]	*[3]	*[3]	Contra A[3]	Pro B[3]	Contra C[3]	_	_	Hauptteil[9]	2. Data[12]	
4-5	251-257	Anlage	1. Richtig[3]	1. Angemessen[3]	1. Verständlich[3]	*[3]	*[3]	*[3]	Preis/Betrieb vorhanden[3]	*[3]	*[3]	*[3]	Contra A[3]	Pro B[3]	Contra C[3]	_	_	Hauptteil[9]	2. Data[12]	
4-6	258-261	ist	1. Richtig[3]	1. Angemessen[3]	1. Verständlich[3]	*[3]	*[3]	*[3]	Preis/Betrieb vorhanden[3]	*[3]	*[3]	*[3]	Contra A[3]	Pro B[3]	Contra C[3]	_	_	Hauptteil[9]	2. Data[12]	
4-7	262-266	aber	1. Richtig[3]	1. Angemessen[3]	1. Verständlich[3]	*[3]	*[3]	*[3]	Preis/Betrieb vorhanden[3]	*[3]	*[3]	*[3]	Contra A[3]	Pro B[3]	Contra C[3]	_	_	Hauptteil[9]	2. Data[12]	
4-8	267-269	am	1. Richtig[3]	1. Angemessen[3]	1. Verständlich[3]	*[3]	*[3]	*[3]	Preis/Betrieb vorhanden[3]	*[3]	*[3]	*[3]	Contra A[3]	Pro B[3]	Contra C[3]	_	_	Hauptteil[9]	2. Data[12]	
4-9	270-278	höchsten	1. Richtig[3]	1. Angemessen[3]	1. Verständlich[3]	*[3]	*[3]	*[3]	Preis/Betrieb vorhanden[3]	*[3]	*[3]	*[3]	Contra A[3]	Pro B[3]	Contra C[3]	_	_	Hauptteil[9]	2. Data[12]	
4-10	279-282	und	1. Richtig[3]	1. Angemessen[3]	1. Verständlich[3]	*[3]	*[3]	*[3]	Preis/Betrieb vorhanden[3]	*[3]	*[3]	*[3]	Contra A[3]	Pro B[3]	Contra C[3]	_	_	Hauptteil[9]	2. Data[12]	
4-11	283-291	betragen	1. Richtig[3]	1. Angemessen[3]	1. Verständlich[3]	*[3]	*[3]	*[3]	Preis/Betrieb vorhanden[3]	*[3]	*[3]	*[3]	Contra A[3]	Pro B[3]	Contra C[3]	_	_	Hauptteil[9]	2. Data[12]	
4-12	292-294	59	1. Richtig[3]	1. Angemessen[3]	1. Verständlich[3]	*[3]	*[3]	*[3]	Preis/Betrieb vorhanden[3]	*[3]	*[3]	*[3]	Contra A[3]	Pro B[3]	Contra C[3]	_	_	Hauptteil[9]	2. Data[12]	
4-13	295-298	mio	1. Richtig[3]	1. Angemessen[3]	1. Verständlich[3]	*[3]	*[3]	*[3]	Preis/Betrieb vorhanden[3]	*[3]	*[3]	*[3]	Contra A[3]	Pro B[3]	Contra C[3]	_	_	Hauptteil[9]	2. Data[12]	
4-14	299-303	Euro	1. Richtig[3]	1. Angemessen[3]	1. Verständlich[3]	*[3]	*[3]	*[3]	Preis/Betrieb vorhanden[3]	*[3]	*[3]	*[3]	Contra A[3]	Pro B[3]	Contra C[3]	_	_	Hauptteil[9]	2. Data[12]	
4-15	303-304	.	1. Richtig[3]	1. Angemessen[3]	1. Verständlich[3]	*[3]	*[3]	*[3]	Preis/Betrieb vorhanden[3]	*[3]	*[3]	*[3]	Contra A[3]	Pro B[3]	Contra C[3]	_	_	Hauptteil[9]	2. Data[12]	

5-1	305-308	Die	1. Richtig[3]	1. Angemessen[3]	1. Verständlich[3]	*[3]	*[3]	*[3]	Preis/Betrieb vorhanden[3]	*[3]	*[3]	*[3]	Contra A[3]	Pro B[3]	Contra C[3]	_	_	Hauptteil[9]	2. Data[13]	
5-2	309-319	günstigste	1. Richtig[3]	1. Angemessen[3]	1. Verständlich[3]	*[3]	*[3]	*[3]	Preis/Betrieb vorhanden[3]	*[3]	*[3]	*[3]	Contra A[3]	Pro B[3]	Contra C[3]	_	_	Hauptteil[9]	2. Data[13]	
5-3	320-328	Variante	1. Richtig[3]	1. Angemessen[3]	1. Verständlich[3]	*[3]	*[3]	*[3]	Preis/Betrieb vorhanden[3]	*[3]	*[3]	*[3]	Contra A[3]	Pro B[3]	Contra C[3]	_	_	Hauptteil[9]	2. Data[13]	
5-4	329-332	ist	1. Richtig[3]	1. Angemessen[3]	1. Verständlich[3]	*[3]	*[3]	*[3]	Preis/Betrieb vorhanden[3]	*[3]	*[3]	*[3]	Contra A[3]	Pro B[3]	Contra C[3]	_	_	Hauptteil[9]	2. Data[13]	
5-5	333-336	der	1. Richtig[3]	1. Angemessen[3]	1. Verständlich[3]	*[3]	*[3]	*[3]	Preis/Betrieb vorhanden[3]	*[3]	*[3]	*[3]	Contra A[3]	Pro B[3]	Contra C[3]	_	_	Hauptteil[9]	2. Data[13]	
5-6	337-346	Solarpark	1. Richtig[3]	1. Angemessen[3]	1. Verständlich[3]	*[3]	*[3]	*[3]	Preis/Betrieb vorhanden[3]	*[3]	*[3]	*[3]	Contra A[3]	Pro B[3]	Contra C[3]	_	_	Hauptteil[9]	2. Data[13]	
5-7	346-347	,	1. Richtig[3]	1. Angemessen[3]	1. Verständlich[3]	*[3]	*[3]	*[3]	Preis/Betrieb vorhanden[3]	*[3]	*[3]	*[3]	Contra A[3]	Pro B[3]	Contra C[3]	_	_	Hauptteil[9]	2. Data[13]	
5-8	348-354	dieser	1. Richtig[3]	1. Angemessen[3]	1. Verständlich[3]	*[3]	*[3]	*[3]	Preis/Betrieb vorhanden[3]	*[3]	*[3]	*[3]	Contra A[3]	Pro B[3]	Contra C[3]	_	_	Hauptteil[9]	2. Data[13]	
5-9	355-361	kostet	1. Richtig[3]	1. Angemessen[3]	1. Verständlich[3]	*[3]	*[3]	*[3]	Preis/Betrieb vorhanden[3]	*[3]	*[3]	*[3]	Contra A[3]	Pro B[3]	Contra C[3]	_	_	Hauptteil[9]	2. Data[13]	
5-10	362-365	nur	1. Richtig[3]	1. Angemessen[3]	1. Verständlich[3]	*[3]	*[3]	*[3]	Preis/Betrieb vorhanden[3]	*[3]	*[3]	*[3]	Contra A[3]	Pro B[3]	Contra C[3]	_	_	Hauptteil[9]	2. Data[13]	
5-11	366-367	6	1. Richtig[3]	1. Angemessen[3]	1. Verständlich[3]	*[3]	*[3]	*[3]	Preis/Betrieb vorhanden[3]	*[3]	*[3]	*[3]	Contra A[3]	Pro B[3]	Contra C[3]	_	_	Hauptteil[9]	2. Data[13]	
5-12	368-371	mio	1. Richtig[3]	1. Angemessen[3]	1. Verständlich[3]	*[3]	*[3]	*[3]	Preis/Betrieb vorhanden[3]	*[3]	*[3]	*[3]	Contra A[3]	Pro B[3]	Contra C[3]	_	_	Hauptteil[9]	2. Data[13]	
5-13	372-376	Euro	1. Richtig[3]	1. Angemessen[3]	1. Verständlich[3]	*[3]	*[3]	*[3]	Preis/Betrieb vorhanden[3]	*[3]	*[3]	*[3]	Contra A[3]	Pro B[3]	Contra C[3]	_	_	Hauptteil[9]	2. Data[13]	
5-14	376-377	.	1. Richtig[3]	1. Angemessen[3]	1. Verständlich[3]	*[3]	*[3]	*[3]	Preis/Betrieb vorhanden[3]	*[3]	*[3]	*[3]	Contra A[3]	Pro B[3]	Contra C[3]	_	_	Hauptteil[9]	2. Data[13]	

6-1	378-383	Dabei	1. Richtig[4]	1. Angemessen[4]	1. Verständlich[4]	*[4]	*[4]	*[4]	*[4]	*[4]	Treibhausgasemissionen vorhanden[4]	Wirkungsgrad vorhanden[4]	*[4]	Contra B[4]	*[4]	_	_	Hauptteil[9]	4. Rebuttal[14]	
6-2	384-387	hat	1. Richtig[4]	1. Angemessen[4]	1. Verständlich[4]	*[4]	*[4]	*[4]	*[4]	*[4]	Treibhausgasemissionen vorhanden[4]	Wirkungsgrad vorhanden[4]	*[4]	Contra B[4]	*[4]	_	_	Hauptteil[9]	4. Rebuttal[14]	
6-3	388-394	dieser	1. Richtig[4]	1. Angemessen[4]	1. Verständlich[4]	*[4]	*[4]	*[4]	*[4]	*[4]	Treibhausgasemissionen vorhanden[4]	Wirkungsgrad vorhanden[4]	*[4]	Contra B[4]	*[4]	_	_	Hauptteil[9]	4. Rebuttal[14]	
6-4	395-399	aber	1. Richtig[4]	1. Angemessen[4]	1. Verständlich[4]	*[4]	*[4]	*[4]	*[4]	*[4]	Treibhausgasemissionen vorhanden[4]	Wirkungsgrad vorhanden[4]	*[4]	Contra B[4]	*[4]	_	_	Hauptteil[9]	4. Rebuttal[14]	
6-5	400-403	den	1. Richtig[4]	1. Angemessen[4]	1. Verständlich[4]	*[4]	*[4]	*[4]	*[4]	*[4]	Treibhausgasemissionen vorhanden[4]	Wirkungsgrad vorhanden[4]	*[4]	Contra B[4]	*[4]	_	_	Hauptteil[9]	4. Rebuttal[14]	
6-6	404-413	wenigsten	1. Richtig[4]	1. Angemessen[4]	1. Verständlich[4]	*[4]	*[4]	*[4]	*[4]	*[4]	Treibhausgasemissionen vorhanden[4]	Wirkungsgrad vorhanden[4]	*[4]	Contra B[4]	*[4]	_	_	Hauptteil[9]	4. Rebuttal[14]	
6-7	414-426	Wirkungsgrad	1. Richtig[4]	1. Angemessen[4]	1. Verständlich[4]	*[4]	*[4]	*[4]	*[4]	*[4]	Treibhausgasemissionen vorhanden[4]	Wirkungsgrad vorhanden[4]	*[4]	Contra B[4]	*[4]	_	_	Hauptteil[9]	4. Rebuttal[14]	
6-8	427-430	und	1. Richtig[4]	1. Angemessen[4]	1. Verständlich[4]	*[4]	*[4]	*[4]	*[4]	*[4]	Treibhausgasemissionen vorhanden[4]	Wirkungsgrad vorhanden[4]	*[4]	Contra B[4]	*[4]	_	_	Hauptteil[9]	4. Rebuttal[14]	
6-9	431-434	die	1. Richtig[4]	1. Angemessen[4]	1. Verständlich[4]	*[4]	*[4]	*[4]	*[4]	*[4]	Treibhausgasemissionen vorhanden[4]	Wirkungsgrad vorhanden[4]	*[4]	Contra B[4]	*[4]	_	_	Hauptteil[9]	4. Rebuttal[14]	
6-10	435-443	höchsten	1. Richtig[4]	1. Angemessen[4]	1. Verständlich[4]	*[4]	*[4]	*[4]	*[4]	*[4]	Treibhausgasemissionen vorhanden[4]	Wirkungsgrad vorhanden[4]	*[4]	Contra B[4]	*[4]	_	_	Hauptteil[9]	4. Rebuttal[14]	
6-11	444-466	Treibhausgasemissionen	1. Richtig[4]	1. Angemessen[4]	1. Verständlich[4]	*[4]	*[4]	*[4]	*[4]	*[4]	Treibhausgasemissionen vorhanden[4]	Wirkungsgrad vorhanden[4]	*[4]	Contra B[4]	*[4]	_	_	Hauptteil[9]	4. Rebuttal[14]	
6-12	466-467	,	1. Richtig[4]	1. Angemessen[4]	1. Verständlich[4]	*[4]	*[4]	*[4]	*[4]	*[4]	Treibhausgasemissionen vorhanden[4]	Wirkungsgrad vorhanden[4]	*[4]	Contra B[4]	*[4]	_	_	Hauptteil[9]	4. Rebuttal[14]	
6-13	468-473	diese	1. Richtig[4]	1. Angemessen[4]	1. Verständlich[4]	*[4]	*[4]	*[4]	*[4]	*[4]	Treibhausgasemissionen vorhanden[4]	Wirkungsgrad vorhanden[4]	*[4]	Contra B[4]	*[4]	_	_	Hauptteil[9]	2. Data[15]	
6-14	474-480	liegen	1. Richtig[4]	1. Angemessen[4]	1. Verständlich[4]	*[4]	*[4]	*[4]	*[4]	*[4]	Treibhausgasemissionen vorhanden[4]	Wirkungsgrad vorhanden[4]	*[4]	Contra B[4]	*[4]	_	_	Hauptteil[9]	2. Data[15]	
6-15	481-484	bei	1. Richtig[4]	1. Angemessen[4]	1. Verständlich[4]	*[4]	*[4]	*[4]	*[4]	*[4]	Treibhausgasemissionen vorhanden[4]	Wirkungsgrad vorhanden[4]	*[4]	Contra B[4]	*[4]	_	_	Hauptteil[9]	2. Data[15]	
6-16	485-487	35	1. Richtig[4]	1. Angemessen[4]	1. Verständlich[4]	*[4]	*[4]	*[4]	*[4]	*[4]	Treibhausgasemissionen vorhanden[4]	Wirkungsgrad vorhanden[4]	*[4]	Contra B[4]	*[4]	_	_	Hauptteil[9]	2. Data[15]	
6-17	487-488	.	1. Richtig[4]	1. Angemessen[4]	1. Verständlich[4]	*[4]	*[4]	*[4]	*[4]	*[4]	Treibhausgasemissionen vorhanden[4]	Wirkungsgrad vorhanden[4]	*[4]	Contra B[4]	*[4]	_	_	Hauptteil[9]	2. Data[15]	
6-18	489-492	000	1. Richtig[4]	1. Angemessen[4]	1. Verständlich[4]	*[4]	*[4]	*[4]	*[4]	*[4]	Treibhausgasemissionen vorhanden[4]	Wirkungsgrad vorhanden[4]	*[4]	Contra B[4]	*[4]	_	_	Hauptteil[9]	2. Data[15]	
6-19	493-499	Tonnen	1. Richtig[4]	1. Angemessen[4]	1. Verständlich[4]	*[4]	*[4]	*[4]	*[4]	*[4]	Treibhausgasemissionen vorhanden[4]	Wirkungsgrad vorhanden[4]	*[4]	Contra B[4]	*[4]	_	_	Hauptteil[9]	2. Data[15]	
6-20	499-500	.	1. Richtig[4]	1. Angemessen[4]	1. Verständlich[4]	*[4]	*[4]	*[4]	*[4]	*[4]	Treibhausgasemissionen vorhanden[4]	Wirkungsgrad vorhanden[4]	*[4]	Contra B[4]	*[4]	_	_	Hauptteil[9]	2. Data[15]	

7-1	501-504	Die	1. Richtig[5]	1. Angemessen[5]	1. Verständlich[5]	*[5]	Lebensdauer/Verfügbarkeit vorhanden[5]	*[5]	Preis/Betrieb vorhanden[5]	*[5]	Treibhausgasemissionen vorhanden[5]	Wirkungsgrad vorhanden[5]	Contra A[5]	Contra B[5]	Pro C[5]	3. Unbegründet[7]	Gesamtthese[7]	Hauptteil[9]	1. Claim[16]	
7-2	505-510	beste	1. Richtig[5]	1. Angemessen[5]	1. Verständlich[5]	*[5]	Lebensdauer/Verfügbarkeit vorhanden[5]	*[5]	Preis/Betrieb vorhanden[5]	*[5]	Treibhausgasemissionen vorhanden[5]	Wirkungsgrad vorhanden[5]	Contra A[5]	Contra B[5]	Pro C[5]	3. Unbegründet[7]	Gesamtthese[7]	Hauptteil[9]	1. Claim[16]	
7-3	511-519	Variante	1. Richtig[5]	1. Angemessen[5]	1. Verständlich[5]	*[5]	Lebensdauer/Verfügbarkeit vorhanden[5]	*[5]	Preis/Betrieb vorhanden[5]	*[5]	Treibhausgasemissionen vorhanden[5]	Wirkungsgrad vorhanden[5]	Contra A[5]	Contra B[5]	Pro C[5]	3. Unbegründet[7]	Gesamtthese[7]	Hauptteil[9]	1. Claim[16]	
7-4	520-523	für	1. Richtig[5]	1. Angemessen[5]	1. Verständlich[5]	*[5]	Lebensdauer/Verfügbarkeit vorhanden[5]	*[5]	Preis/Betrieb vorhanden[5]	*[5]	Treibhausgasemissionen vorhanden[5]	Wirkungsgrad vorhanden[5]	Contra A[5]	Contra B[5]	Pro C[5]	3. Unbegründet[7]	Gesamtthese[7]	Hauptteil[9]	1. Claim[16]	
7-5	524-528	eine	1. Richtig[5]	1. Angemessen[5]	1. Verständlich[5]	*[5]	Lebensdauer/Verfügbarkeit vorhanden[5]	*[5]	Preis/Betrieb vorhanden[5]	*[5]	Treibhausgasemissionen vorhanden[5]	Wirkungsgrad vorhanden[5]	Contra A[5]	Contra B[5]	Pro C[5]	3. Unbegründet[7]	Gesamtthese[7]	Hauptteil[9]	1. Claim[16]	
7-6	529-541	Energiewende	1. Richtig[5]	1. Angemessen[5]	1. Verständlich[5]	*[5]	Lebensdauer/Verfügbarkeit vorhanden[5]	*[5]	Preis/Betrieb vorhanden[5]	*[5]	Treibhausgasemissionen vorhanden[5]	Wirkungsgrad vorhanden[5]	Contra A[5]	Contra B[5]	Pro C[5]	3. Unbegründet[7]	Gesamtthese[7]	Hauptteil[9]	1. Claim[16]	
7-7	542-546	wäre	1. Richtig[5]	1. Angemessen[5]	1. Verständlich[5]	*[5]	Lebensdauer/Verfügbarkeit vorhanden[5]	*[5]	Preis/Betrieb vorhanden[5]	*[5]	Treibhausgasemissionen vorhanden[5]	Wirkungsgrad vorhanden[5]	Contra A[5]	Contra B[5]	Pro C[5]	3. Unbegründet[7]	Gesamtthese[7]	Hauptteil[9]	1. Claim[16]	
7-8	547-554	demnach	1. Richtig[5]	1. Angemessen[5]	1. Verständlich[5]	*[5]	Lebensdauer/Verfügbarkeit vorhanden[5]	*[5]	Preis/Betrieb vorhanden[5]	*[5]	Treibhausgasemissionen vorhanden[5]	Wirkungsgrad vorhanden[5]	Contra A[5]	Contra B[5]	Pro C[5]	3. Unbegründet[7]	Gesamtthese[7]	Hauptteil[9]	1. Claim[16]	
7-9	555-558	der	1. Richtig[5]	1. Angemessen[5]	1. Verständlich[5]	*[5]	Lebensdauer/Verfügbarkeit vorhanden[5]	*[5]	Preis/Betrieb vorhanden[5]	*[5]	Treibhausgasemissionen vorhanden[5]	Wirkungsgrad vorhanden[5]	Contra A[5]	Contra B[5]	Pro C[5]	3. Unbegründet[7]	Gesamtthese[7]	Hauptteil[9]	1. Claim[16]	
7-10	559-567	Windpark	1. Richtig[5]	1. Angemessen[5]	1. Verständlich[5]	*[5]	Lebensdauer/Verfügbarkeit vorhanden[5]	*[5]	Preis/Betrieb vorhanden[5]	*[5]	Treibhausgasemissionen vorhanden[5]	Wirkungsgrad vorhanden[5]	Contra A[5]	Contra B[5]	Pro C[5]	3. Unbegründet[7]	Gesamtthese[7]	Hauptteil[9]	1. Claim[16]	
7-11	567-568	.	1. Richtig[5]	1. Angemessen[5]	1. Verständlich[5]	*[5]	Lebensdauer/Verfügbarkeit vorhanden[5]	*[5]	Preis/Betrieb vorhanden[5]	*[5]	Treibhausgasemissionen vorhanden[5]	Wirkungsgrad vorhanden[5]	Contra A[5]	Contra B[5]	Pro C[5]	3. Unbegründet[7]	Gesamtthese[7]	Hauptteil[9]	1. Claim[16]	

8-1	569-573	Sein	1. Richtig[5]	1. Angemessen[5]	1. Verständlich[5]	*[5]	Lebensdauer/Verfügbarkeit vorhanden[5]	*[5]	Preis/Betrieb vorhanden[5]	*[5]	Treibhausgasemissionen vorhanden[5]	Wirkungsgrad vorhanden[5]	Contra A[5]	Contra B[5]	Pro C[5]	_	_	Hauptteil[9]	2. Data[17]	
8-2	574-586	Wirkungsgrad	1. Richtig[5]	1. Angemessen[5]	1. Verständlich[5]	*[5]	Lebensdauer/Verfügbarkeit vorhanden[5]	*[5]	Preis/Betrieb vorhanden[5]	*[5]	Treibhausgasemissionen vorhanden[5]	Wirkungsgrad vorhanden[5]	Contra A[5]	Contra B[5]	Pro C[5]	_	_	Hauptteil[9]	2. Data[17]	
8-3	587-592	liegt	1. Richtig[5]	1. Angemessen[5]	1. Verständlich[5]	*[5]	Lebensdauer/Verfügbarkeit vorhanden[5]	*[5]	Preis/Betrieb vorhanden[5]	*[5]	Treibhausgasemissionen vorhanden[5]	Wirkungsgrad vorhanden[5]	Contra A[5]	Contra B[5]	Pro C[5]	_	_	Hauptteil[9]	2. Data[17]	
8-4	593-597	zwar	1. Richtig[5]	1. Angemessen[5]	1. Verständlich[5]	*[5]	Lebensdauer/Verfügbarkeit vorhanden[5]	*[5]	Preis/Betrieb vorhanden[5]	*[5]	Treibhausgasemissionen vorhanden[5]	Wirkungsgrad vorhanden[5]	Contra A[5]	Contra B[5]	Pro C[5]	_	_	Hauptteil[9]	2. Data[17]	
8-5	598-601	nur	1. Richtig[5]	1. Angemessen[5]	1. Verständlich[5]	*[5]	Lebensdauer/Verfügbarkeit vorhanden[5]	*[5]	Preis/Betrieb vorhanden[5]	*[5]	Treibhausgasemissionen vorhanden[5]	Wirkungsgrad vorhanden[5]	Contra A[5]	Contra B[5]	Pro C[5]	_	_	Hauptteil[9]	2. Data[17]	
8-6	602-605	bei	1. Richtig[5]	1. Angemessen[5]	1. Verständlich[5]	*[5]	Lebensdauer/Verfügbarkeit vorhanden[5]	*[5]	Preis/Betrieb vorhanden[5]	*[5]	Treibhausgasemissionen vorhanden[5]	Wirkungsgrad vorhanden[5]	Contra A[5]	Contra B[5]	Pro C[5]	_	_	Hauptteil[9]	2. Data[17]	
8-7	606-609	45%	1. Richtig[5]	1. Angemessen[5]	1. Verständlich[5]	*[5]	Lebensdauer/Verfügbarkeit vorhanden[5]	*[5]	Preis/Betrieb vorhanden[5]	*[5]	Treibhausgasemissionen vorhanden[5]	Wirkungsgrad vorhanden[5]	Contra A[5]	Contra B[5]	Pro C[5]	_	_	Hauptteil[9]	2. Data[17]	
8-8	609-610	,	1. Richtig[5]	1. Angemessen[5]	1. Verständlich[5]	*[5]	Lebensdauer/Verfügbarkeit vorhanden[5]	*[5]	Preis/Betrieb vorhanden[5]	*[5]	Treibhausgasemissionen vorhanden[5]	Wirkungsgrad vorhanden[5]	Contra A[5]	Contra B[5]	Pro C[5]	_	_	Hauptteil[9]	2. Data[17]	
8-9	611-615	aber	1. Richtig[5]	1. Angemessen[5]	1. Verständlich[5]	*[5]	Lebensdauer/Verfügbarkeit vorhanden[5]	*[5]	Preis/Betrieb vorhanden[5]	*[5]	Treibhausgasemissionen vorhanden[5]	Wirkungsgrad vorhanden[5]	Contra A[5]	Contra B[5]	Pro C[5]	_	_	Hauptteil[9]	4. Rebuttal[18]	
8-10	616-622	dieser	1. Richtig[5]	1. Angemessen[5]	1. Verständlich[5]	*[5]	Lebensdauer/Verfügbarkeit vorhanden[5]	*[5]	Preis/Betrieb vorhanden[5]	*[5]	Treibhausgasemissionen vorhanden[5]	Wirkungsgrad vorhanden[5]	Contra A[5]	Contra B[5]	Pro C[5]	_	_	Hauptteil[9]	4. Rebuttal[18]	
8-11	623-626	ist	1. Richtig[5]	1. Angemessen[5]	1. Verständlich[5]	*[5]	Lebensdauer/Verfügbarkeit vorhanden[5]	*[5]	Preis/Betrieb vorhanden[5]	*[5]	Treibhausgasemissionen vorhanden[5]	Wirkungsgrad vorhanden[5]	Contra A[5]	Contra B[5]	Pro C[5]	_	_	Hauptteil[9]	4. Rebuttal[18]	
8-12	627-629	in	1. Richtig[5]	1. Angemessen[5]	1. Verständlich[5]	*[5]	Lebensdauer/Verfügbarkeit vorhanden[5]	*[5]	Preis/Betrieb vorhanden[5]	*[5]	Treibhausgasemissionen vorhanden[5]	Wirkungsgrad vorhanden[5]	Contra A[5]	Contra B[5]	Pro C[5]	_	_	Hauptteil[9]	4. Rebuttal[18]	
8-13	630-633	den	1. Richtig[5]	1. Angemessen[5]	1. Verständlich[5]	*[5]	Lebensdauer/Verfügbarkeit vorhanden[5]	*[5]	Preis/Betrieb vorhanden[5]	*[5]	Treibhausgasemissionen vorhanden[5]	Wirkungsgrad vorhanden[5]	Contra A[5]	Contra B[5]	Pro C[5]	_	_	Hauptteil[9]	4. Rebuttal[18]	
8-14	634-641	anderen	1. Richtig[5]	1. Angemessen[5]	1. Verständlich[5]	*[5]	Lebensdauer/Verfügbarkeit vorhanden[5]	*[5]	Preis/Betrieb vorhanden[5]	*[5]	Treibhausgasemissionen vorhanden[5]	Wirkungsgrad vorhanden[5]	Contra A[5]	Contra B[5]	Pro C[5]	_	_	Hauptteil[9]	4. Rebuttal[18]	
8-15	642-652	Kategorien	1. Richtig[5]	1. Angemessen[5]	1. Verständlich[5]	*[5]	Lebensdauer/Verfügbarkeit vorhanden[5]	*[5]	Preis/Betrieb vorhanden[5]	*[5]	Treibhausgasemissionen vorhanden[5]	Wirkungsgrad vorhanden[5]	Contra A[5]	Contra B[5]	Pro C[5]	_	_	Hauptteil[9]	4. Rebuttal[18]	
8-16	653-660	jeweils	1. Richtig[5]	1. Angemessen[5]	1. Verständlich[5]	*[5]	Lebensdauer/Verfügbarkeit vorhanden[5]	*[5]	Preis/Betrieb vorhanden[5]	*[5]	Treibhausgasemissionen vorhanden[5]	Wirkungsgrad vorhanden[5]	Contra A[5]	Contra B[5]	Pro C[5]	_	_	Hauptteil[9]	4. Rebuttal[18]	
8-17	661-664	der	1. Richtig[5]	1. Angemessen[5]	1. Verständlich[5]	*[5]	Lebensdauer/Verfügbarkeit vorhanden[5]	*[5]	Preis/Betrieb vorhanden[5]	*[5]	Treibhausgasemissionen vorhanden[5]	Wirkungsgrad vorhanden[5]	Contra A[5]	Contra B[5]	Pro C[5]	_	_	Hauptteil[9]	4. Rebuttal[18]	
8-18	665-669	gute	1. Richtig[5]	1. Angemessen[5]	1. Verständlich[5]	*[5]	Lebensdauer/Verfügbarkeit vorhanden[5]	*[5]	Preis/Betrieb vorhanden[5]	*[5]	Treibhausgasemissionen vorhanden[5]	Wirkungsgrad vorhanden[5]	Contra A[5]	Contra B[5]	Pro C[5]	_	_	Hauptteil[9]	4. Rebuttal[18]	
8-19	670-679	Mittelweg	1. Richtig[5]	1. Angemessen[5]	1. Verständlich[5]	*[5]	Lebensdauer/Verfügbarkeit vorhanden[5]	*[5]	Preis/Betrieb vorhanden[5]	*[5]	Treibhausgasemissionen vorhanden[5]	Wirkungsgrad vorhanden[5]	Contra A[5]	Contra B[5]	Pro C[5]	_	_	Hauptteil[9]	4. Rebuttal[18]	
8-20	680-688	zwischen	1. Richtig[5]	1. Angemessen[5]	1. Verständlich[5]	*[5]	Lebensdauer/Verfügbarkeit vorhanden[5]	*[5]	Preis/Betrieb vorhanden[5]	*[5]	Treibhausgasemissionen vorhanden[5]	Wirkungsgrad vorhanden[5]	Contra A[5]	Contra B[5]	Pro C[5]	_	_	Hauptteil[9]	4. Rebuttal[18]	
8-21	689-692	den	1. Richtig[5]	1. Angemessen[5]	1. Verständlich[5]	*[5]	Lebensdauer/Verfügbarkeit vorhanden[5]	*[5]	Preis/Betrieb vorhanden[5]	*[5]	Treibhausgasemissionen vorhanden[5]	Wirkungsgrad vorhanden[5]	Contra A[5]	Contra B[5]	Pro C[5]	_	_	Hauptteil[9]	4. Rebuttal[18]	
8-22	693-703	Solarparks	1. Richtig[5]	1. Angemessen[5]	1. Verständlich[5]	*[5]	Lebensdauer/Verfügbarkeit vorhanden[5]	*[5]	Preis/Betrieb vorhanden[5]	*[5]	Treibhausgasemissionen vorhanden[5]	Wirkungsgrad vorhanden[5]	Contra A[5]	Contra B[5]	Pro C[5]	_	_	Hauptteil[9]	4. Rebuttal[18]	
8-23	704-707	und	1. Richtig[5]	1. Angemessen[5]	1. Verständlich[5]	*[5]	Lebensdauer/Verfügbarkeit vorhanden[5]	*[5]	Preis/Betrieb vorhanden[5]	*[5]	Treibhausgasemissionen vorhanden[5]	Wirkungsgrad vorhanden[5]	Contra A[5]	Contra B[5]	Pro C[5]	_	_	Hauptteil[9]	4. Rebuttal[18]	
8-24	708-711	den	1. Richtig[5]	1. Angemessen[5]	1. Verständlich[5]	*[5]	Lebensdauer/Verfügbarkeit vorhanden[5]	*[5]	Preis/Betrieb vorhanden[5]	*[5]	Treibhausgasemissionen vorhanden[5]	Wirkungsgrad vorhanden[5]	Contra A[5]	Contra B[5]	Pro C[5]	_	_	Hauptteil[9]	4. Rebuttal[18]	
8-25	712-730	Wasserkraftanlagen	1. Richtig[5]	1. Angemessen[5]	1. Verständlich[5]	*[5]	Lebensdauer/Verfügbarkeit vorhanden[5]	*[5]	Preis/Betrieb vorhanden[5]	*[5]	Treibhausgasemissionen vorhanden[5]	Wirkungsgrad vorhanden[5]	Contra A[5]	Contra B[5]	Pro C[5]	_	_	Hauptteil[9]	4. Rebuttal[18]	
8-26	730-731	.	1. Richtig[5]	1. Angemessen[5]	1. Verständlich[5]	*[5]	Lebensdauer/Verfügbarkeit vorhanden[5]	*[5]	Preis/Betrieb vorhanden[5]	*[5]	Treibhausgasemissionen vorhanden[5]	Wirkungsgrad vorhanden[5]	Contra A[5]	Contra B[5]	Pro C[5]	_	_	Hauptteil[9]	4. Rebuttal[18]	

9-1	732-735	Der	1. Richtig[5]	1. Angemessen[5]	1. Verständlich[5]	*[5]	Lebensdauer/Verfügbarkeit vorhanden[5]	*[5]	Preis/Betrieb vorhanden[5]	*[5]	Treibhausgasemissionen vorhanden[5]	Wirkungsgrad vorhanden[5]	Contra A[5]	Contra B[5]	Pro C[5]	_	_	Hauptteil[9]	2. Data[19]	
9-2	736-741	Preis	1. Richtig[5]	1. Angemessen[5]	1. Verständlich[5]	*[5]	Lebensdauer/Verfügbarkeit vorhanden[5]	*[5]	Preis/Betrieb vorhanden[5]	*[5]	Treibhausgasemissionen vorhanden[5]	Wirkungsgrad vorhanden[5]	Contra A[5]	Contra B[5]	Pro C[5]	_	_	Hauptteil[9]	2. Data[19]	
9-3	742-749	beträgt	1. Richtig[5]	1. Angemessen[5]	1. Verständlich[5]	*[5]	Lebensdauer/Verfügbarkeit vorhanden[5]	*[5]	Preis/Betrieb vorhanden[5]	*[5]	Treibhausgasemissionen vorhanden[5]	Wirkungsgrad vorhanden[5]	Contra A[5]	Contra B[5]	Pro C[5]	_	_	Hauptteil[9]	2. Data[19]	
9-4	750-752	14	1. Richtig[5]	1. Angemessen[5]	1. Verständlich[5]	*[5]	Lebensdauer/Verfügbarkeit vorhanden[5]	*[5]	Preis/Betrieb vorhanden[5]	*[5]	Treibhausgasemissionen vorhanden[5]	Wirkungsgrad vorhanden[5]	Contra A[5]	Contra B[5]	Pro C[5]	_	_	Hauptteil[9]	2. Data[19]	
9-5	753-756	mio	1. Richtig[5]	1. Angemessen[5]	1. Verständlich[5]	*[5]	Lebensdauer/Verfügbarkeit vorhanden[5]	*[5]	Preis/Betrieb vorhanden[5]	*[5]	Treibhausgasemissionen vorhanden[5]	Wirkungsgrad vorhanden[5]	Contra A[5]	Contra B[5]	Pro C[5]	_	_	Hauptteil[9]	2. Data[19]	
9-6	757-761	Euro	1. Richtig[5]	1. Angemessen[5]	1. Verständlich[5]	*[5]	Lebensdauer/Verfügbarkeit vorhanden[5]	*[5]	Preis/Betrieb vorhanden[5]	*[5]	Treibhausgasemissionen vorhanden[5]	Wirkungsgrad vorhanden[5]	Contra A[5]	Contra B[5]	Pro C[5]	_	_	Hauptteil[9]	2. Data[19]	
9-7	762-765	und	1. Richtig[5]	1. Angemessen[5]	1. Verständlich[5]	*[5]	Lebensdauer/Verfügbarkeit vorhanden[5]	*[5]	Preis/Betrieb vorhanden[5]	*[5]	Treibhausgasemissionen vorhanden[5]	Wirkungsgrad vorhanden[5]	Contra A[5]	Contra B[5]	Pro C[5]	_	_	Hauptteil[9]	2. Data[20]	
9-8	766-769	die	1. Richtig[5]	1. Angemessen[5]	1. Verständlich[5]	*[5]	Lebensdauer/Verfügbarkeit vorhanden[5]	*[5]	Preis/Betrieb vorhanden[5]	*[5]	Treibhausgasemissionen vorhanden[5]	Wirkungsgrad vorhanden[5]	Contra A[5]	Contra B[5]	Pro C[5]	_	_	Hauptteil[9]	2. Data[20]	
9-9	770-773	CO2	1. Richtig[5]	1. Angemessen[5]	1. Verständlich[5]	*[5]	Lebensdauer/Verfügbarkeit vorhanden[5]	*[5]	Preis/Betrieb vorhanden[5]	*[5]	Treibhausgasemissionen vorhanden[5]	Wirkungsgrad vorhanden[5]	Contra A[5]	Contra B[5]	Pro C[5]	_	_	Hauptteil[9]	2. Data[20]	
9-10	774-784	Emissionen	1. Richtig[5]	1. Angemessen[5]	1. Verständlich[5]	*[5]	Lebensdauer/Verfügbarkeit vorhanden[5]	*[5]	Preis/Betrieb vorhanden[5]	*[5]	Treibhausgasemissionen vorhanden[5]	Wirkungsgrad vorhanden[5]	Contra A[5]	Contra B[5]	Pro C[5]	_	_	Hauptteil[9]	2. Data[20]	
9-11	785-789	sind	1. Richtig[5]	1. Angemessen[5]	1. Verständlich[5]	*[5]	Lebensdauer/Verfügbarkeit vorhanden[5]	*[5]	Preis/Betrieb vorhanden[5]	*[5]	Treibhausgasemissionen vorhanden[5]	Wirkungsgrad vorhanden[5]	Contra A[5]	Contra B[5]	Pro C[5]	_	_	Hauptteil[9]	2. Data[20]	
9-12	790-792	am	1. Richtig[5]	1. Angemessen[5]	1. Verständlich[5]	*[5]	Lebensdauer/Verfügbarkeit vorhanden[5]	*[5]	Preis/Betrieb vorhanden[5]	*[5]	Treibhausgasemissionen vorhanden[5]	Wirkungsgrad vorhanden[5]	Contra A[5]	Contra B[5]	Pro C[5]	_	_	Hauptteil[9]	2. Data[20]	
9-13	793-804	niedrigsten	1. Richtig[5]	1. Angemessen[5]	1. Verständlich[5]	*[5]	Lebensdauer/Verfügbarkeit vorhanden[5]	*[5]	Preis/Betrieb vorhanden[5]	*[5]	Treibhausgasemissionen vorhanden[5]	Wirkungsgrad vorhanden[5]	Contra A[5]	Contra B[5]	Pro C[5]	_	_	Hauptteil[9]	2. Data[20]	
9-14	805-808	mit	1. Richtig[5]	1. Angemessen[5]	1. Verständlich[5]	*[5]	Lebensdauer/Verfügbarkeit vorhanden[5]	*[5]	Preis/Betrieb vorhanden[5]	*[5]	Treibhausgasemissionen vorhanden[5]	Wirkungsgrad vorhanden[5]	Contra A[5]	Contra B[5]	Pro C[5]	_	_	Hauptteil[9]	2. Data[20]	
9-15	809-814	8,800	1. Richtig[5]	1. Angemessen[5]	1. Verständlich[5]	*[5]	Lebensdauer/Verfügbarkeit vorhanden[5]	*[5]	Preis/Betrieb vorhanden[5]	*[5]	Treibhausgasemissionen vorhanden[5]	Wirkungsgrad vorhanden[5]	Contra A[5]	Contra B[5]	Pro C[5]	_	_	Hauptteil[9]	2. Data[20]	
9-16	815-821	Tonnen	1. Richtig[5]	1. Angemessen[5]	1. Verständlich[5]	*[5]	Lebensdauer/Verfügbarkeit vorhanden[5]	*[5]	Preis/Betrieb vorhanden[5]	*[5]	Treibhausgasemissionen vorhanden[5]	Wirkungsgrad vorhanden[5]	Contra A[5]	Contra B[5]	Pro C[5]	_	_	Hauptteil[9]	2. Data[20]	
9-17	821-822	.	1. Richtig[5]	1. Angemessen[5]	1. Verständlich[5]	*[5]	Lebensdauer/Verfügbarkeit vorhanden[5]	*[5]	Preis/Betrieb vorhanden[5]	*[5]	Treibhausgasemissionen vorhanden[5]	Wirkungsgrad vorhanden[5]	Contra A[5]	Contra B[5]	Pro C[5]	_	_	Hauptteil[9]	2. Data[20]	

10-1	823-826	Nur	1. Richtig[5]	1. Angemessen[5]	1. Verständlich[5]	*[5]	Lebensdauer/Verfügbarkeit vorhanden[5]	*[5]	Preis/Betrieb vorhanden[5]	*[5]	Treibhausgasemissionen vorhanden[5]	Wirkungsgrad vorhanden[5]	Contra A[5]	Contra B[5]	Pro C[5]	_	_	Hauptteil[9]	2. Data[21]	
10-2	827-830	ist	1. Richtig[5]	1. Angemessen[5]	1. Verständlich[5]	*[5]	Lebensdauer/Verfügbarkeit vorhanden[5]	*[5]	Preis/Betrieb vorhanden[5]	*[5]	Treibhausgasemissionen vorhanden[5]	Wirkungsgrad vorhanden[5]	Contra A[5]	Contra B[5]	Pro C[5]	_	_	Hauptteil[9]	2. Data[21]	
10-3	831-834	die	1. Richtig[5]	1. Angemessen[5]	1. Verständlich[5]	*[5]	Lebensdauer/Verfügbarkeit vorhanden[5]	*[5]	Preis/Betrieb vorhanden[5]	*[5]	Treibhausgasemissionen vorhanden[5]	Wirkungsgrad vorhanden[5]	Contra A[5]	Contra B[5]	Pro C[5]	_	_	Hauptteil[9]	2. Data[21]	
10-4	835-843	Laufzeit	1. Richtig[5]	1. Angemessen[5]	1. Verständlich[5]	*[5]	Lebensdauer/Verfügbarkeit vorhanden[5]	*[5]	Preis/Betrieb vorhanden[5]	*[5]	Treibhausgasemissionen vorhanden[5]	Wirkungsgrad vorhanden[5]	Contra A[5]	Contra B[5]	Pro C[5]	_	_	Hauptteil[9]	2. Data[21]	
10-5	844-847	mit	1. Richtig[5]	1. Angemessen[5]	1. Verständlich[5]	*[5]	Lebensdauer/Verfügbarkeit vorhanden[5]	*[5]	Preis/Betrieb vorhanden[5]	*[5]	Treibhausgasemissionen vorhanden[5]	Wirkungsgrad vorhanden[5]	Contra A[5]	Contra B[5]	Pro C[5]	_	_	Hauptteil[9]	2. Data[21]	
10-6	848-850	20	1. Richtig[5]	1. Angemessen[5]	1. Verständlich[5]	*[5]	Lebensdauer/Verfügbarkeit vorhanden[5]	*[5]	Preis/Betrieb vorhanden[5]	*[5]	Treibhausgasemissionen vorhanden[5]	Wirkungsgrad vorhanden[5]	Contra A[5]	Contra B[5]	Pro C[5]	_	_	Hauptteil[9]	2. Data[21]	
10-7	851-857	Jahren	1. Richtig[5]	1. Angemessen[5]	1. Verständlich[5]	*[5]	Lebensdauer/Verfügbarkeit vorhanden[5]	*[5]	Preis/Betrieb vorhanden[5]	*[5]	Treibhausgasemissionen vorhanden[5]	Wirkungsgrad vorhanden[5]	Contra A[5]	Contra B[5]	Pro C[5]	_	_	Hauptteil[9]	2. Data[21]	
10-8	858-860	am	1. Richtig[5]	1. Angemessen[5]	1. Verständlich[5]	*[5]	Lebensdauer/Verfügbarkeit vorhanden[5]	*[5]	Preis/Betrieb vorhanden[5]	*[5]	Treibhausgasemissionen vorhanden[5]	Wirkungsgrad vorhanden[5]	Contra A[5]	Contra B[5]	Pro C[5]	_	_	Hauptteil[9]	2. Data[21]	
10-9	861-872	niedrigsten	1. Richtig[5]	1. Angemessen[5]	1. Verständlich[5]	*[5]	Lebensdauer/Verfügbarkeit vorhanden[5]	*[5]	Preis/Betrieb vorhanden[5]	*[5]	Treibhausgasemissionen vorhanden[5]	Wirkungsgrad vorhanden[5]	Contra A[5]	Contra B[5]	Pro C[5]	_	_	Hauptteil[9]	2. Data[21]	

11-1	872-873	.	1. Richtig[5]	1. Angemessen[5]	1. Verständlich[5]	*[5]	Lebensdauer/Verfügbarkeit vorhanden[5]	*[5]	Preis/Betrieb vorhanden[5]	*[5]	Treibhausgasemissionen vorhanden[5]	Wirkungsgrad vorhanden[5]	Contra A[5]	Contra B[5]	Pro C[5]	_	_	Hauptteil[9]	2. Data[21]	

12-1	877-878	.	3. Nicht zutreffend[6]	3. Nicht zutreffend[6]	3. Unverständlich[6]	*[6]	*[6]	*[6]	*[6]	Sonstiges vorhanden[6]	*[6]	*[6]	*[6]	*[6]	*[6]	_	_	Hauptteil[9]	5. Nicht zutreffend[22]	

13-1	881-882	(	3. Nicht zutreffend[6]	3. Nicht zutreffend[6]	3. Unverständlich[6]	*[6]	*[6]	*[6]	*[6]	Sonstiges vorhanden[6]	*[6]	*[6]	*[6]	*[6]	*[6]	_	_	Hauptteil[9]	5. Nicht zutreffend[22]	
