#FORMAT=WebAnno TSV 3.3
#T_SP=webanno.custom.Argument|Accuracy|Adequacy|Clarity|KriteriumJahresertragEnergiedichte|KriteriumLebensdauerVerfgbarkeit|KriteriumLokaleEmissionenGeruschemissionen|KriteriumPreisBetrieb|KriteriumSonstiges|KriteriumTreibhausgasemissionen|KriteriumWirkungsgrad|OptionA|OptionB|OptionC
#T_SP=webanno.custom.DecisionMakingStrategies|Decision|Gesamtthese
#T_SP=webanno.custom.Struktur|Struktur
#T_SP=webanno.custom.StrukturTAP|TAPArgumente


1-1	0-4	Also	_	_	_	_	_	_	_	_	_	_	_	_	_	_	_	Einleitung[13]	_	
1-2	5-7	an	_	_	_	_	_	_	_	_	_	_	_	_	_	_	_	Einleitung[13]	_	
1-3	8-12	sich	_	_	_	_	_	_	_	_	_	_	_	_	_	_	_	Einleitung[13]	_	
1-4	13-18	finde	_	_	_	_	_	_	_	_	_	_	_	_	_	_	_	Einleitung[13]	_	
1-5	19-22	ich	_	_	_	_	_	_	_	_	_	_	_	_	_	_	_	Einleitung[13]	_	
1-6	23-25	es	_	_	_	_	_	_	_	_	_	_	_	_	_	_	_	Einleitung[13]	_	
1-7	26-33	richtig	_	_	_	_	_	_	_	_	_	_	_	_	_	_	_	Einleitung[13]	_	
1-8	33-34	,	_	_	_	_	_	_	_	_	_	_	_	_	_	_	_	Einleitung[13]	_	
1-9	35-39	dass	_	_	_	_	_	_	_	_	_	_	_	_	_	_	_	Einleitung[13]	_	
1-10	40-43	man	_	_	_	_	_	_	_	_	_	_	_	_	_	_	_	Einleitung[13]	_	
1-11	44-58	Kraftfahrzeuge	_	_	_	_	_	_	_	_	_	_	_	_	_	_	_	Einleitung[13]	_	
1-12	59-62	mit	_	_	_	_	_	_	_	_	_	_	_	_	_	_	_	Einleitung[13]	_	
1-13	63-69	Benzin	_	_	_	_	_	_	_	_	_	_	_	_	_	_	_	Einleitung[13]	_	
1-14	70-80	reduzieren	_	_	_	_	_	_	_	_	_	_	_	_	_	_	_	Einleitung[13]	_	
1-15	81-85	soll	_	_	_	_	_	_	_	_	_	_	_	_	_	_	_	Einleitung[13]	_	
1-16	85-86	,	_	_	_	_	_	_	_	_	_	_	_	_	_	_	_	Einleitung[13]	_	
1-17	87-89	da	_	_	_	_	_	_	_	_	_	_	_	_	_	_	_	Einleitung[13]	_	
1-18	90-95	diese	_	_	_	_	_	_	_	_	_	_	_	_	_	_	_	Einleitung[13]	_	
1-19	96-104	schlecht	_	_	_	_	_	_	_	_	_	_	_	_	_	_	_	Einleitung[13]	_	
1-20	105-108	für	_	_	_	_	_	_	_	_	_	_	_	_	_	_	_	Einleitung[13]	_	
1-21	109-112	die	_	_	_	_	_	_	_	_	_	_	_	_	_	_	_	Einleitung[13]	_	
1-22	113-119	Umwelt	_	_	_	_	_	_	_	_	_	_	_	_	_	_	_	Einleitung[13]	_	
1-23	120-124	sind	_	_	_	_	_	_	_	_	_	_	_	_	_	_	_	Einleitung[13]	_	
1-24	124-125	.	_	_	_	_	_	_	_	_	_	_	_	_	_	_	_	Einleitung[13]	_	

2-1	126-131	Genau	_	_	_	_	_	_	_	_	_	_	_	_	_	3. Unbegründet[11]	Gesamtthese[11]	Einleitung[13]	_	
2-2	132-135	aus	_	_	_	_	_	_	_	_	_	_	_	_	_	3. Unbegründet[11]	Gesamtthese[11]	Einleitung[13]	_	
2-3	136-142	diesem	_	_	_	_	_	_	_	_	_	_	_	_	_	3. Unbegründet[11]	Gesamtthese[11]	Einleitung[13]	_	
2-4	143-148	Gründ	_	_	_	_	_	_	_	_	_	_	_	_	_	3. Unbegründet[11]	Gesamtthese[11]	Einleitung[13]	_	
2-5	149-154	würde	_	_	_	_	_	_	_	_	_	_	_	_	_	3. Unbegründet[11]	Gesamtthese[11]	Einleitung[13]	_	
2-6	155-158	ich	_	_	_	_	_	_	_	_	_	_	_	_	_	3. Unbegründet[11]	Gesamtthese[11]	Einleitung[13]	_	
2-7	159-163	mich	_	_	_	_	_	_	_	_	_	_	_	_	_	3. Unbegründet[11]	Gesamtthese[11]	Einleitung[13]	_	
2-8	164-168	dazu	_	_	_	_	_	_	_	_	_	_	_	_	_	3. Unbegründet[11]	Gesamtthese[11]	Einleitung[13]	_	
2-9	169-180	entscheiden	_	_	_	_	_	_	_	_	_	_	_	_	_	3. Unbegründet[11]	Gesamtthese[11]	Einleitung[13]	_	
2-10	181-184	auf	_	_	_	_	_	_	_	_	_	_	_	_	_	3. Unbegründet[11]	Gesamtthese[11]	Einleitung[13]	_	
2-11	185-206	Wasserstoffbetriebene	_	_	_	_	_	_	_	_	_	_	_	_	_	3. Unbegründet[11]	Gesamtthese[11]	Einleitung[13]	_	
2-12	207-216	Fahrzeuge	_	_	_	_	_	_	_	_	_	_	_	_	_	3. Unbegründet[11]	Gesamtthese[11]	Einleitung[13]	_	
2-13	217-228	umzusteigen	_	_	_	_	_	_	_	_	_	_	_	_	_	3. Unbegründet[11]	Gesamtthese[11]	Einleitung[13]	_	
2-14	228-229	.	_	_	_	_	_	_	_	_	_	_	_	_	_	3. Unbegründet[11]	Gesamtthese[11]	Einleitung[13]	_	

3-1	230-250	Wasserstofffahrzeuge	1. Richtig[1]	1. Angemessen[1]	1. Verständlich[1]	*[1]	*[1]	Emissionen vorhanden[1]	*[1]	*[1]	*[1]	*[1]	Pro A[1]	Contra B[1]	*[1]	_	_	Hauptteil[14]	2. Data[15]	
3-2	251-256	haben	1. Richtig[1]	1. Angemessen[1]	1. Verständlich[1]	*[1]	*[1]	Emissionen vorhanden[1]	*[1]	*[1]	*[1]	*[1]	Pro A[1]	Contra B[1]	*[1]	_	_	Hauptteil[14]	2. Data[15]	
3-3	257-259	im	1. Richtig[1]	1. Angemessen[1]	1. Verständlich[1]	*[1]	*[1]	Emissionen vorhanden[1]	*[1]	*[1]	*[1]	*[1]	Pro A[1]	Contra B[1]	*[1]	_	_	Hauptteil[14]	2. Data[15]	
3-4	260-269	Vergleich	1. Richtig[1]	1. Angemessen[1]	1. Verständlich[1]	*[1]	*[1]	Emissionen vorhanden[1]	*[1]	*[1]	*[1]	*[1]	Pro A[1]	Contra B[1]	*[1]	_	_	Hauptteil[14]	2. Data[15]	
3-5	270-272	zu	1. Richtig[1]	1. Angemessen[1]	1. Verständlich[1]	*[1]	*[1]	Emissionen vorhanden[1]	*[1]	*[1]	*[1]	*[1]	Pro A[1]	Contra B[1]	*[1]	_	_	Hauptteil[14]	2. Data[15]	
3-6	273-274	E	1. Richtig[1]	1. Angemessen[1]	1. Verständlich[1]	*[1]	*[1]	Emissionen vorhanden[1]	*[1]	*[1]	*[1]	*[1]	Pro A[1]	Contra B[1]	*[1]	_	_	Hauptteil[14]	2. Data[15]	
3-7	274-275	-	1. Richtig[1]	1. Angemessen[1]	1. Verständlich[1]	*[1]	*[1]	Emissionen vorhanden[1]	*[1]	*[1]	*[1]	*[1]	Pro A[1]	Contra B[1]	*[1]	_	_	Hauptteil[14]	2. Data[15]	
3-8	276-280	Fuel	1. Richtig[1]	1. Angemessen[1]	1. Verständlich[1]	*[1]	*[1]	Emissionen vorhanden[1]	*[1]	*[1]	*[1]	*[1]	Pro A[1]	Contra B[1]	*[1]	_	_	Hauptteil[14]	2. Data[15]	
3-9	281-286	einen	1. Richtig[1]	1. Angemessen[1]	1. Verständlich[1]	*[1]	*[1]	Emissionen vorhanden[1]	*[1]	*[1]	*[1]	*[1]	Pro A[1]	Contra B[1]	*[1]	_	_	Hauptteil[14]	2. Data[15]	
3-10	287-296	geringere	1. Richtig[1]	1. Angemessen[1]	1. Verständlich[1]	*[1]	*[1]	Emissionen vorhanden[1]	*[1]	*[1]	*[1]	*[1]	Pro A[1]	Contra B[1]	*[1]	_	_	Hauptteil[14]	2. Data[15]	
3-11	297-315	Geräuschemissionen	1. Richtig[1]	1. Angemessen[1]	1. Verständlich[1]	*[1]	*[1]	Emissionen vorhanden[1]	*[1]	*[1]	*[1]	*[1]	Pro A[1]	Contra B[1]	*[1]	_	_	Hauptteil[14]	2. Data[15]	
3-12	315-316	.	1. Richtig[1]	1. Angemessen[1]	1. Verständlich[1]	*[1]	*[1]	Emissionen vorhanden[1]	*[1]	*[1]	*[1]	*[1]	Pro A[1]	Contra B[1]	*[1]	_	_	Hauptteil[14]	2. Data[15]	

4-1	317-321	Dies	1. Richtig[1]	1. Angemessen[1]	1. Verständlich[1]	*[1]	*[1]	Emissionen vorhanden[1]	*[1]	*[1]	*[1]	*[1]	Pro A[1]	Contra B[1]	*[1]	_	_	Hauptteil[14]	3. Warrant[16]	
4-2	322-327	würde	1. Richtig[1]	1. Angemessen[1]	1. Verständlich[1]	*[1]	*[1]	Emissionen vorhanden[1]	*[1]	*[1]	*[1]	*[1]	Pro A[1]	Contra B[1]	*[1]	_	_	Hauptteil[14]	3. Warrant[16]	
4-3	328-332	dazu	1. Richtig[1]	1. Angemessen[1]	1. Verständlich[1]	*[1]	*[1]	Emissionen vorhanden[1]	*[1]	*[1]	*[1]	*[1]	Pro A[1]	Contra B[1]	*[1]	_	_	Hauptteil[14]	3. Warrant[16]	
4-4	333-342	beitragen	1. Richtig[1]	1. Angemessen[1]	1. Verständlich[1]	*[1]	*[1]	Emissionen vorhanden[1]	*[1]	*[1]	*[1]	*[1]	Pro A[1]	Contra B[1]	*[1]	_	_	Hauptteil[14]	3. Warrant[16]	
4-5	342-343	,	1. Richtig[1]	1. Angemessen[1]	1. Verständlich[1]	*[1]	*[1]	Emissionen vorhanden[1]	*[1]	*[1]	*[1]	*[1]	Pro A[1]	Contra B[1]	*[1]	_	_	Hauptteil[14]	3. Warrant[16]	
4-6	344-348	dass	1. Richtig[1]	1. Angemessen[1]	1. Verständlich[1]	*[1]	*[1]	Emissionen vorhanden[1]	*[1]	*[1]	*[1]	*[1]	Pro A[1]	Contra B[1]	*[1]	_	_	Hauptteil[14]	3. Warrant[16]	
4-7	349-354	Tiere	1. Richtig[1]	1. Angemessen[1]	1. Verständlich[1]	*[1]	*[1]	Emissionen vorhanden[1]	*[1]	*[1]	*[1]	*[1]	Pro A[1]	Contra B[1]	*[1]	_	_	Hauptteil[14]	3. Warrant[16]	
4-8	355-362	weniger	1. Richtig[1]	1. Angemessen[1]	1. Verständlich[1]	*[1]	*[1]	Emissionen vorhanden[1]	*[1]	*[1]	*[1]	*[1]	Pro A[1]	Contra B[1]	*[1]	_	_	Hauptteil[14]	3. Warrant[16]	
4-9	363-368	durch	1. Richtig[1]	1. Angemessen[1]	1. Verständlich[1]	*[1]	*[1]	Emissionen vorhanden[1]	*[1]	*[1]	*[1]	*[1]	Pro A[1]	Contra B[1]	*[1]	_	_	Hauptteil[14]	3. Warrant[16]	
4-10	369-378	Geräusche	1. Richtig[1]	1. Angemessen[1]	1. Verständlich[1]	*[1]	*[1]	Emissionen vorhanden[1]	*[1]	*[1]	*[1]	*[1]	Pro A[1]	Contra B[1]	*[1]	_	_	Hauptteil[14]	3. Warrant[16]	
4-11	379-386	gestört	1. Richtig[1]	1. Angemessen[1]	1. Verständlich[1]	*[1]	*[1]	Emissionen vorhanden[1]	*[1]	*[1]	*[1]	*[1]	Pro A[1]	Contra B[1]	*[1]	_	_	Hauptteil[14]	3. Warrant[16]	
4-12	387-393	werden	1. Richtig[1]	1. Angemessen[1]	1. Verständlich[1]	*[1]	*[1]	Emissionen vorhanden[1]	*[1]	*[1]	*[1]	*[1]	Pro A[1]	Contra B[1]	*[1]	_	_	Hauptteil[14]	3. Warrant[16]	
4-13	393-394	.	1. Richtig[1]	1. Angemessen[1]	1. Verständlich[1]	*[1]	*[1]	Emissionen vorhanden[1]	*[1]	*[1]	*[1]	*[1]	Pro A[1]	Contra B[1]	*[1]	_	_	Hauptteil[14]	3. Warrant[16]	

5-1	398-401	Als	1. Richtig[2]	1. Angemessen[2]	1. Verständlich[2]	*[2]	*[2]	*[2]	*[2]	*[2]	Treibhausgasemissionen vorhanden[2]	*[2]	Contra A[2]	Pro B[2]	Pro C[2]	_	_	Hauptteil[14]	1. Claim[17]	
5-2	402-410	weiteres	1. Richtig[2]	1. Angemessen[2]	1. Verständlich[2]	*[2]	*[2]	*[2]	*[2]	*[2]	Treibhausgasemissionen vorhanden[2]	*[2]	Contra A[2]	Pro B[2]	Pro C[2]	_	_	Hauptteil[14]	1. Claim[17]	
5-3	411-419	Argument	1. Richtig[2]	1. Angemessen[2]	1. Verständlich[2]	*[2]	*[2]	*[2]	*[2]	*[2]	Treibhausgasemissionen vorhanden[2]	*[2]	Contra A[2]	Pro B[2]	Pro C[2]	_	_	Hauptteil[14]	1. Claim[17]	
5-4	419-420	,	1. Richtig[2]	1. Angemessen[2]	1. Verständlich[2]	*[2]	*[2]	*[2]	*[2]	*[2]	Treibhausgasemissionen vorhanden[2]	*[2]	Contra A[2]	Pro B[2]	Pro C[2]	_	_	Hauptteil[14]	1. Claim[17]	
5-5	421-428	welches	1. Richtig[2]	1. Angemessen[2]	1. Verständlich[2]	*[2]	*[2]	*[2]	*[2]	*[2]	Treibhausgasemissionen vorhanden[2]	*[2]	Contra A[2]	Pro B[2]	Pro C[2]	_	_	Hauptteil[14]	1. Claim[17]	
5-6	429-434	gegen	1. Richtig[2]	1. Angemessen[2]	1. Verständlich[2]	*[2]	*[2]	*[2]	*[2]	*[2]	Treibhausgasemissionen vorhanden[2]	*[2]	Contra A[2]	Pro B[2]	Pro C[2]	_	_	Hauptteil[14]	1. Claim[17]	
5-7	435-456	Wasserstoffbetriebene	1. Richtig[2]	1. Angemessen[2]	1. Verständlich[2]	*[2]	*[2]	*[2]	*[2]	*[2]	Treibhausgasemissionen vorhanden[2]	*[2]	Contra A[2]	Pro B[2]	Pro C[2]	_	_	Hauptteil[14]	1. Claim[17]	
5-8	457-466	Fahrzeuge	1. Richtig[2]	1. Angemessen[2]	1. Verständlich[2]	*[2]	*[2]	*[2]	*[2]	*[2]	Treibhausgasemissionen vorhanden[2]	*[2]	Contra A[2]	Pro B[2]	Pro C[2]	_	_	Hauptteil[14]	1. Claim[17]	
5-9	467-474	spricht	1. Richtig[2]	1. Angemessen[2]	1. Verständlich[2]	*[2]	*[2]	*[2]	*[2]	*[2]	Treibhausgasemissionen vorhanden[2]	*[2]	Contra A[2]	Pro B[2]	Pro C[2]	_	_	Hauptteil[14]	1. Claim[17]	
5-10	474-475	,	1. Richtig[2]	1. Angemessen[2]	1. Verständlich[2]	*[2]	*[2]	*[2]	*[2]	*[2]	Treibhausgasemissionen vorhanden[2]	*[2]	Contra A[2]	Pro B[2]	Pro C[2]	_	_	Hauptteil[14]	1. Claim[17]	
5-11	476-479	ist	1. Richtig[2]	1. Angemessen[2]	1. Verständlich[2]	*[2]	*[2]	*[2]	*[2]	*[2]	Treibhausgasemissionen vorhanden[2]	*[2]	Contra A[2]	Pro B[2]	Pro C[2]	_	_	Hauptteil[14]	1. Claim[17]	
5-12	480-483	der	1. Richtig[2]	1. Angemessen[2]	1. Verständlich[2]	*[2]	*[2]	*[2]	*[2]	*[2]	Treibhausgasemissionen vorhanden[2]	*[2]	Contra A[2]	Pro B[2]	Pro C[2]	_	_	Hauptteil[14]	1. Claim[17]	
5-13	484-488	hohe	1. Richtig[2]	1. Angemessen[2]	1. Verständlich[2]	*[2]	*[2]	*[2]	*[2]	*[2]	Treibhausgasemissionen vorhanden[2]	*[2]	Contra A[2]	Pro B[2]	Pro C[2]	_	_	Hauptteil[14]	1. Claim[17]	
5-14	489-511	Treiibhausgasverbrauch	1. Richtig[2]	1. Angemessen[2]	1. Verständlich[2]	*[2]	*[2]	*[2]	*[2]	*[2]	Treibhausgasemissionen vorhanden[2]	*[2]	Contra A[2]	Pro B[2]	Pro C[2]	_	_	Hauptteil[14]	1. Claim[17]	
5-15	511-512	,	1. Richtig[2]	1. Angemessen[2]	1. Verständlich[2]	*[2]	*[2]	*[2]	*[2]	*[2]	Treibhausgasemissionen vorhanden[2]	*[2]	Contra A[2]	Pro B[2]	Pro C[2]	_	_	Hauptteil[14]	1. Claim[17]	
5-16	513-520	welcher	1. Richtig[2]	1. Angemessen[2]	1. Verständlich[2]	*[2]	*[2]	*[2]	*[2]	*[2]	Treibhausgasemissionen vorhanden[2]	*[2]	Contra A[2]	Pro B[2]	Pro C[2]	_	_	Hauptteil[14]	2. Data[18]	
5-17	521-524	bei	1. Richtig[2]	1. Angemessen[2]	1. Verständlich[2]	*[2]	*[2]	*[2]	*[2]	*[2]	Treibhausgasemissionen vorhanden[2]	*[2]	Contra A[2]	Pro B[2]	Pro C[2]	_	_	Hauptteil[14]	2. Data[18]	
5-18	525-528	der	1. Richtig[2]	1. Angemessen[2]	1. Verständlich[2]	*[2]	*[2]	*[2]	*[2]	*[2]	Treibhausgasemissionen vorhanden[2]	*[2]	Contra A[2]	Pro B[2]	Pro C[2]	_	_	Hauptteil[14]	2. Data[18]	
5-19	529-539	Produktion	1. Richtig[2]	1. Angemessen[2]	1. Verständlich[2]	*[2]	*[2]	*[2]	*[2]	*[2]	Treibhausgasemissionen vorhanden[2]	*[2]	Contra A[2]	Pro B[2]	Pro C[2]	_	_	Hauptteil[14]	2. Data[18]	
5-20	540-548	entsteht	1. Richtig[2]	1. Angemessen[2]	1. Verständlich[2]	*[2]	*[2]	*[2]	*[2]	*[2]	Treibhausgasemissionen vorhanden[2]	*[2]	Contra A[2]	Pro B[2]	Pro C[2]	_	_	Hauptteil[14]	2. Data[18]	
5-21	548-549	,	1. Richtig[2]	1. Angemessen[2]	1. Verständlich[2]	*[2]	*[2]	*[2]	*[2]	*[2]	Treibhausgasemissionen vorhanden[2]	*[2]	Contra A[2]	Pro B[2]	Pro C[2]	_	_	Hauptteil[14]	2. Data[18]	
5-22	550-554	denn	1. Richtig[2]	1. Angemessen[2]	1. Verständlich[2]	*[2]	*[2]	*[2]	*[2]	*[2]	Treibhausgasemissionen vorhanden[2]	*[2]	Contra A[2]	Pro B[2]	Pro C[2]	_	_	Hauptteil[14]	2. Data[19]	
5-23	555-557	im	1. Richtig[2]	1. Angemessen[2]	1. Verständlich[2]	*[2]	*[2]	*[2]	*[2]	*[2]	Treibhausgasemissionen vorhanden[2]	*[2]	Contra A[2]	Pro B[2]	Pro C[2]	_	_	Hauptteil[14]	2. Data[19]	
5-24	558-567	Vergleich	1. Richtig[2]	1. Angemessen[2]	1. Verständlich[2]	*[2]	*[2]	*[2]	*[2]	*[2]	Treibhausgasemissionen vorhanden[2]	*[2]	Contra A[2]	Pro B[2]	Pro C[2]	_	_	Hauptteil[14]	2. Data[19]	
5-25	568-570	zu	1. Richtig[2]	1. Angemessen[2]	1. Verständlich[2]	*[2]	*[2]	*[2]	*[2]	*[2]	Treibhausgasemissionen vorhanden[2]	*[2]	Contra A[2]	Pro B[2]	Pro C[2]	_	_	Hauptteil[14]	2. Data[19]	
5-26	571-572	E	1. Richtig[2]	1. Angemessen[2]	1. Verständlich[2]	*[2]	*[2]	*[2]	*[2]	*[2]	Treibhausgasemissionen vorhanden[2]	*[2]	Contra A[2]	Pro B[2]	Pro C[2]	_	_	Hauptteil[14]	2. Data[19]	
5-27	572-573	-	1. Richtig[2]	1. Angemessen[2]	1. Verständlich[2]	*[2]	*[2]	*[2]	*[2]	*[2]	Treibhausgasemissionen vorhanden[2]	*[2]	Contra A[2]	Pro B[2]	Pro C[2]	_	_	Hauptteil[14]	2. Data[19]	
5-28	574-579	Fuels	1. Richtig[2]	1. Angemessen[2]	1. Verständlich[2]	*[2]	*[2]	*[2]	*[2]	*[2]	Treibhausgasemissionen vorhanden[2]	*[2]	Contra A[2]	Pro B[2]	Pro C[2]	_	_	Hauptteil[14]	2. Data[19]	
5-29	580-583	und	1. Richtig[2]	1. Angemessen[2]	1. Verständlich[2]	*[2]	*[2]	*[2]	*[2]	*[2]	Treibhausgasemissionen vorhanden[2]	*[2]	Contra A[2]	Pro B[2]	Pro C[2]	_	_	Hauptteil[14]	2. Data[19]	
5-30	584-597	Akkumulatoren	1. Richtig[2]	1. Angemessen[2]	1. Verständlich[2]	*[2]	*[2]	*[2]	*[2]	*[2]	Treibhausgasemissionen vorhanden[2]	*[2]	Contra A[2]	Pro B[2]	Pro C[2]	_	_	Hauptteil[14]	2. Data[19]	
5-31	598-601	ist	1. Richtig[2]	1. Angemessen[2]	1. Verständlich[2]	*[2]	*[2]	*[2]	*[2]	*[2]	Treibhausgasemissionen vorhanden[2]	*[2]	Contra A[2]	Pro B[2]	Pro C[2]	_	_	Hauptteil[14]	2. Data[19]	
5-32	602-605	der	1. Richtig[2]	1. Angemessen[2]	1. Verständlich[2]	*[2]	*[2]	*[2]	*[2]	*[2]	Treibhausgasemissionen vorhanden[2]	*[2]	Contra A[2]	Pro B[2]	Pro C[2]	_	_	Hauptteil[14]	2. Data[19]	
5-33	606-627	Treibhausgasverbrauch	1. Richtig[2]	1. Angemessen[2]	1. Verständlich[2]	*[2]	*[2]	*[2]	*[2]	*[2]	Treibhausgasemissionen vorhanden[2]	*[2]	Contra A[2]	Pro B[2]	Pro C[2]	_	_	Hauptteil[14]	2. Data[19]	
5-34	628-633	enorm	1. Richtig[2]	1. Angemessen[2]	1. Verständlich[2]	*[2]	*[2]	*[2]	*[2]	*[2]	Treibhausgasemissionen vorhanden[2]	*[2]	Contra A[2]	Pro B[2]	Pro C[2]	_	_	Hauptteil[14]	2. Data[19]	
5-35	633-634	.	1. Richtig[2]	1. Angemessen[2]	1. Verständlich[2]	*[2]	*[2]	*[2]	*[2]	*[2]	Treibhausgasemissionen vorhanden[2]	*[2]	Contra A[2]	Pro B[2]	Pro C[2]	_	_	Hauptteil[14]	2. Data[19]	

6-1	638-650	Abschließend	3. Nicht zutreffend[3]	3. Nicht zutreffend[3]	1. Verständlich[3]	*[3]	*[3]	*[3]	*[3]	Sonstiges vorhanden[3]	*[3]	*[3]	*[3]	*[3]	*[3]	_	_	Hauptteil[14]	5. Nicht zutreffend[20]	
6-2	651-656	lässt	3. Nicht zutreffend[3]	3. Nicht zutreffend[3]	1. Verständlich[3]	*[3]	*[3]	*[3]	*[3]	Sonstiges vorhanden[3]	*[3]	*[3]	*[3]	*[3]	*[3]	_	_	Hauptteil[14]	5. Nicht zutreffend[20]	
6-3	657-661	sich	3. Nicht zutreffend[3]	3. Nicht zutreffend[3]	1. Verständlich[3]	*[3]	*[3]	*[3]	*[3]	Sonstiges vorhanden[3]	*[3]	*[3]	*[3]	*[3]	*[3]	_	_	Hauptteil[14]	5. Nicht zutreffend[20]	
6-4	662-667	somit	3. Nicht zutreffend[3]	3. Nicht zutreffend[3]	1. Verständlich[3]	*[3]	*[3]	*[3]	*[3]	Sonstiges vorhanden[3]	*[3]	*[3]	*[3]	*[3]	*[3]	_	_	Hauptteil[14]	5. Nicht zutreffend[20]	
6-5	668-673	sagen	3. Nicht zutreffend[3]	3. Nicht zutreffend[3]	1. Verständlich[3]	*[3]	*[3]	*[3]	*[3]	Sonstiges vorhanden[3]	*[3]	*[3]	*[3]	*[3]	*[3]	_	_	Hauptteil[14]	5. Nicht zutreffend[20]	
6-6	673-674	,	3. Nicht zutreffend[3]	3. Nicht zutreffend[3]	1. Verständlich[3]	*[3]	*[3]	*[3]	*[3]	Sonstiges vorhanden[3]	*[3]	*[3]	*[3]	*[3]	*[3]	_	_	Hauptteil[14]	5. Nicht zutreffend[20]	
6-7	675-679	dass	3. Nicht zutreffend[3]	3. Nicht zutreffend[3]	1. Verständlich[3]	*[3]	*[3]	*[3]	*[3]	Sonstiges vorhanden[3]	*[3]	*[3]	*[3]	*[3]	*[3]	_	_	Hauptteil[14]	1. Claim[21]	
6-8	680-683	ich	3. Nicht zutreffend[3]	3. Nicht zutreffend[3]	1. Verständlich[3]	*[3]	*[3]	*[3]	*[3]	Sonstiges vorhanden[3]	*[3]	*[3]	*[3]	*[3]	*[3]	_	_	Hauptteil[14]	1. Claim[21]	
6-9	684-687	nun	3. Nicht zutreffend[3]	3. Nicht zutreffend[3]	1. Verständlich[3]	*[3]	*[3]	*[3]	*[3]	Sonstiges vorhanden[3]	*[3]	*[3]	*[3]	*[3]	*[3]	_	_	Hauptteil[14]	1. Claim[21]	
6-10	688-693	meine	3. Nicht zutreffend[3]	3. Nicht zutreffend[3]	1. Verständlich[3]	*[3]	*[3]	*[3]	*[3]	Sonstiges vorhanden[3]	*[3]	*[3]	*[3]	*[3]	*[3]	_	_	Hauptteil[14]	1. Claim[21]	
6-11	694-698	Zeit	3. Nicht zutreffend[3]	3. Nicht zutreffend[3]	1. Verständlich[3]	*[3]	*[3]	*[3]	*[3]	Sonstiges vorhanden[3]	*[3]	*[3]	*[3]	*[3]	*[3]	_	_	Hauptteil[14]	1. Claim[21]	
6-12	699-711	verschwendet	3. Nicht zutreffend[3]	3. Nicht zutreffend[3]	1. Verständlich[3]	*[3]	*[3]	*[3]	*[3]	Sonstiges vorhanden[3]	*[3]	*[3]	*[3]	*[3]	*[3]	_	_	Hauptteil[14]	1. Claim[21]	
6-13	712-716	habe	3. Nicht zutreffend[3]	3. Nicht zutreffend[3]	1. Verständlich[3]	*[3]	*[3]	*[3]	*[3]	Sonstiges vorhanden[3]	*[3]	*[3]	*[3]	*[3]	*[3]	_	_	Hauptteil[14]	1. Claim[21]	
6-14	716-717	,	3. Nicht zutreffend[3]	3. Nicht zutreffend[3]	1. Verständlich[3]	*[3]	*[3]	*[3]	*[3]	Sonstiges vorhanden[3]	*[3]	*[3]	*[3]	*[3]	*[3]	_	_	Hauptteil[14]	1. Claim[21]	
6-15	718-725	anstatt	3. Nicht zutreffend[3]	3. Nicht zutreffend[3]	1. Verständlich[3]	*[3]	*[3]	*[3]	*[3]	Sonstiges vorhanden[3]	*[3]	*[3]	*[3]	*[3]	*[3]	_	_	Hauptteil[14]	5. Nicht zutreffend[22]	
6-16	726-738	vernünftigen	3. Nicht zutreffend[3]	3. Nicht zutreffend[3]	1. Verständlich[3]	*[3]	*[3]	*[3]	*[3]	Sonstiges vorhanden[3]	*[3]	*[3]	*[3]	*[3]	*[3]	_	_	Hauptteil[14]	5. Nicht zutreffend[22]	
6-17	739-750	Untterricht	3. Nicht zutreffend[3]	3. Nicht zutreffend[3]	1. Verständlich[3]	*[3]	*[3]	*[3]	*[3]	Sonstiges vorhanden[3]	*[3]	*[3]	*[3]	*[3]	*[3]	_	_	Hauptteil[14]	5. Nicht zutreffend[22]	
6-18	751-753	zu	3. Nicht zutreffend[3]	3. Nicht zutreffend[3]	1. Verständlich[3]	*[3]	*[3]	*[3]	*[3]	Sonstiges vorhanden[3]	*[3]	*[3]	*[3]	*[3]	*[3]	_	_	Hauptteil[14]	5. Nicht zutreffend[22]	
6-19	754-760	machen	3. Nicht zutreffend[3]	3. Nicht zutreffend[3]	1. Verständlich[3]	*[3]	*[3]	*[3]	*[3]	Sonstiges vorhanden[3]	*[3]	*[3]	*[3]	*[3]	*[3]	_	_	Hauptteil[14]	5. Nicht zutreffend[22]	
6-20	760-761	,	3. Nicht zutreffend[3]	3. Nicht zutreffend[3]	1. Verständlich[3]	*[3]	*[3]	*[3]	*[3]	Sonstiges vorhanden[3]	*[3]	*[3]	*[3]	*[3]	*[3]	_	_	Hauptteil[14]	5. Nicht zutreffend[22]	
6-21	762-765	der	3. Nicht zutreffend[3]	3. Nicht zutreffend[3]	1. Verständlich[3]	*[3]	*[3]	*[3]	*[3]	Sonstiges vorhanden[3]	*[3]	*[3]	*[3]	*[3]	*[3]	_	_	Hauptteil[14]	5. Nicht zutreffend[22]	
6-22	766-770	mich	3. Nicht zutreffend[3]	3. Nicht zutreffend[3]	1. Verständlich[3]	*[3]	*[3]	*[3]	*[3]	Sonstiges vorhanden[3]	*[3]	*[3]	*[3]	*[3]	*[3]	_	_	Hauptteil[14]	5. Nicht zutreffend[22]	
6-23	771-779	wirklich	3. Nicht zutreffend[3]	3. Nicht zutreffend[3]	1. Verständlich[3]	*[3]	*[3]	*[3]	*[3]	Sonstiges vorhanden[3]	*[3]	*[3]	*[3]	*[3]	*[3]	_	_	Hauptteil[14]	5. Nicht zutreffend[22]	
6-24	780-788	gebildet	3. Nicht zutreffend[3]	3. Nicht zutreffend[3]	1. Verständlich[3]	*[3]	*[3]	*[3]	*[3]	Sonstiges vorhanden[3]	*[3]	*[3]	*[3]	*[3]	*[3]	_	_	Hauptteil[14]	5. Nicht zutreffend[22]	
6-25	789-794	hätte	3. Nicht zutreffend[3]	3. Nicht zutreffend[3]	1. Verständlich[3]	*[3]	*[3]	*[3]	*[3]	Sonstiges vorhanden[3]	*[3]	*[3]	*[3]	*[3]	*[3]	_	_	Hauptteil[14]	5. Nicht zutreffend[22]	
6-26	794-795	.	3. Nicht zutreffend[3]	3. Nicht zutreffend[3]	1. Verständlich[3]	*[3]	*[3]	*[3]	*[3]	Sonstiges vorhanden[3]	*[3]	*[3]	*[3]	*[3]	*[3]	_	_	Hauptteil[14]	5. Nicht zutreffend[22]	
6-27	799-800	.	3. Nicht zutreffend[3]	3. Nicht zutreffend[3]	1. Verständlich[3]	*[3]	*[3]	*[3]	*[3]	Sonstiges vorhanden[3]	*[3]	*[3]	*[3]	*[3]	*[3]	_	_	Hauptteil[14]	5. Nicht zutreffend[22]	
6-28	805-806	.	3. Nicht zutreffend[3]	3. Nicht zutreffend[3]	1. Verständlich[3]	*[3]	*[3]	*[3]	*[3]	Sonstiges vorhanden[3]	*[3]	*[3]	*[3]	*[3]	*[3]	_	_	Hauptteil[14]	5. Nicht zutreffend[22]	

7-1	811-814	Die	1. Richtig[4]	1. Angemessen[4]	1. Verständlich[4]	*[4]	*[4]	*[4]	*[4]	*[4]	*[4]	Wirkungsgrad vorhanden[4]	Pro A[4]	Contra B[4]	Contra C[4]	_	_	Hauptteil[14]	1. Claim[23]	
7-2	815-827	Energiewende	1. Richtig[4]	1. Angemessen[4]	1. Verständlich[4]	*[4]	*[4]	*[4]	*[4]	*[4]	*[4]	Wirkungsgrad vorhanden[4]	Pro A[4]	Contra B[4]	Contra C[4]	_	_	Hauptteil[14]	1. Claim[23]	
7-3	828-832	wird	1. Richtig[4]	1. Angemessen[4]	1. Verständlich[4]	*[4]	*[4]	*[4]	*[4]	*[4]	*[4]	Wirkungsgrad vorhanden[4]	Pro A[4]	Contra B[4]	Contra C[4]	_	_	Hauptteil[14]	1. Claim[23]	
7-4	833-836	mit	1. Richtig[4]	1. Angemessen[4]	1. Verständlich[4]	*[4]	*[4]	*[4]	*[4]	*[4]	*[4]	Wirkungsgrad vorhanden[4]	Pro A[4]	Contra B[4]	Contra C[4]	_	_	Hauptteil[14]	1. Claim[23]	
7-5	837-851	beispielsweise	1. Richtig[4]	1. Angemessen[4]	1. Verständlich[4]	*[4]	*[4]	*[4]	*[4]	*[4]	*[4]	Wirkungsgrad vorhanden[4]	Pro A[4]	Contra B[4]	Contra C[4]	_	_	Hauptteil[14]	1. Claim[23]	
7-6	852-861	Windparks	1. Richtig[4]	1. Angemessen[4]	1. Verständlich[4]	*[4]	*[4]	*[4]	*[4]	*[4]	*[4]	Wirkungsgrad vorhanden[4]	Pro A[4]	Contra B[4]	Contra C[4]	_	_	Hauptteil[14]	1. Claim[23]	
7-7	861-862	,	1. Richtig[4]	1. Angemessen[4]	1. Verständlich[4]	*[4]	*[4]	*[4]	*[4]	*[4]	*[4]	Wirkungsgrad vorhanden[4]	Pro A[4]	Contra B[4]	Contra C[4]	_	_	Hauptteil[14]	1. Claim[23]	
7-8	863-873	Solarparks	1. Richtig[4]	1. Angemessen[4]	1. Verständlich[4]	*[4]	*[4]	*[4]	*[4]	*[4]	*[4]	Wirkungsgrad vorhanden[4]	Pro A[4]	Contra B[4]	Contra C[4]	_	_	Hauptteil[14]	1. Claim[23]	
7-9	874-877	und	1. Richtig[4]	1. Angemessen[4]	1. Verständlich[4]	*[4]	*[4]	*[4]	*[4]	*[4]	*[4]	Wirkungsgrad vorhanden[4]	Pro A[4]	Contra B[4]	Contra C[4]	_	_	Hauptteil[14]	1. Claim[23]	
7-10	878-896	Wasserkraftanlagen	1. Richtig[4]	1. Angemessen[4]	1. Verständlich[4]	*[4]	*[4]	*[4]	*[4]	*[4]	*[4]	Wirkungsgrad vorhanden[4]	Pro A[4]	Contra B[4]	Contra C[4]	_	_	Hauptteil[14]	1. Claim[23]	
7-11	897-908	angetrieben	1. Richtig[4]	1. Angemessen[4]	1. Verständlich[4]	*[4]	*[4]	*[4]	*[4]	*[4]	*[4]	Wirkungsgrad vorhanden[4]	Pro A[4]	Contra B[4]	Contra C[4]	_	_	Hauptteil[14]	1. Claim[23]	
7-12	908-909	.	1. Richtig[4]	1. Angemessen[4]	1. Verständlich[4]	*[4]	*[4]	*[4]	*[4]	*[4]	*[4]	Wirkungsgrad vorhanden[4]	Pro A[4]	Contra B[4]	Contra C[4]	_	_	Hauptteil[14]	1. Claim[23]	

8-1	910-913	Der	1. Richtig[4]	1. Angemessen[4]	1. Verständlich[4]	*[4]	*[4]	*[4]	*[4]	*[4]	*[4]	Wirkungsgrad vorhanden[4]	Pro A[4]	Contra B[4]	Contra C[4]	_	_	Hauptteil[14]	2. Data[24]	
8-2	914-926	Wirkungsgrad	1. Richtig[4]	1. Angemessen[4]	1. Verständlich[4]	*[4]	*[4]	*[4]	*[4]	*[4]	*[4]	Wirkungsgrad vorhanden[4]	Pro A[4]	Contra B[4]	Contra C[4]	_	_	Hauptteil[14]	2. Data[24]	
8-3	927-930	der	1. Richtig[4]	1. Angemessen[4]	1. Verständlich[4]	*[4]	*[4]	*[4]	*[4]	*[4]	*[4]	Wirkungsgrad vorhanden[4]	Pro A[4]	Contra B[4]	Contra C[4]	_	_	Hauptteil[14]	2. Data[24]	
8-4	931-948	Wasserkraftanlage	1. Richtig[4]	1. Angemessen[4]	1. Verständlich[4]	*[4]	*[4]	*[4]	*[4]	*[4]	*[4]	Wirkungsgrad vorhanden[4]	Pro A[4]	Contra B[4]	Contra C[4]	_	_	Hauptteil[14]	2. Data[24]	
8-5	949-952	ist	1. Richtig[4]	1. Angemessen[4]	1. Verständlich[4]	*[4]	*[4]	*[4]	*[4]	*[4]	*[4]	Wirkungsgrad vorhanden[4]	Pro A[4]	Contra B[4]	Contra C[4]	_	_	Hauptteil[14]	2. Data[24]	
8-6	953-955	am	1. Richtig[4]	1. Angemessen[4]	1. Verständlich[4]	*[4]	*[4]	*[4]	*[4]	*[4]	*[4]	Wirkungsgrad vorhanden[4]	Pro A[4]	Contra B[4]	Contra C[4]	_	_	Hauptteil[14]	2. Data[24]	
8-7	956-965	stärksten	1. Richtig[4]	1. Angemessen[4]	1. Verständlich[4]	*[4]	*[4]	*[4]	*[4]	*[4]	*[4]	Wirkungsgrad vorhanden[4]	Pro A[4]	Contra B[4]	Contra C[4]	_	_	Hauptteil[14]	2. Data[24]	
8-8	965-966	.	1. Richtig[4]	1. Angemessen[4]	1. Verständlich[4]	*[4]	*[4]	*[4]	*[4]	*[4]	*[4]	Wirkungsgrad vorhanden[4]	Pro A[4]	Contra B[4]	Contra C[4]	_	_	Hauptteil[14]	2. Data[24]	

9-1	967-972	Zudem	1. Richtig[5]	1. Angemessen[5]	*[5]	*[5]	Lebensdauer/Verfügbarkeit vorhanden[5]	*[5]	*[5]	*[5]	*[5]	*[5]	Pro A[5]	Contra B[5]	Contra C[5]	_	_	Hauptteil[14]	2. Data[25]	
9-2	973-976	ist	1. Richtig[5]	1. Angemessen[5]	*[5]	*[5]	Lebensdauer/Verfügbarkeit vorhanden[5]	*[5]	*[5]	*[5]	*[5]	*[5]	Pro A[5]	Contra B[5]	Contra C[5]	_	_	Hauptteil[14]	2. Data[25]	
9-3	977-980	die	1. Richtig[5]	1. Angemessen[5]	*[5]	*[5]	Lebensdauer/Verfügbarkeit vorhanden[5]	*[5]	*[5]	*[5]	*[5]	*[5]	Pro A[5]	Contra B[5]	Contra C[5]	_	_	Hauptteil[14]	2. Data[25]	
9-4	981-992	Lebensdauer	1. Richtig[5]	1. Angemessen[5]	*[5]	*[5]	Lebensdauer/Verfügbarkeit vorhanden[5]	*[5]	*[5]	*[5]	*[5]	*[5]	Pro A[5]	Contra B[5]	Contra C[5]	_	_	Hauptteil[14]	2. Data[25]	
9-5	993-999	dessen	1. Richtig[5]	1. Angemessen[5]	*[5]	*[5]	Lebensdauer/Verfügbarkeit vorhanden[5]	*[5]	*[5]	*[5]	*[5]	*[5]	Pro A[5]	Contra B[5]	Contra C[5]	_	_	Hauptteil[14]	2. Data[25]	
9-6	1000-1002	am	1. Richtig[5]	1. Angemessen[5]	*[5]	*[5]	Lebensdauer/Verfügbarkeit vorhanden[5]	*[5]	*[5]	*[5]	*[5]	*[5]	Pro A[5]	Contra B[5]	Contra C[5]	_	_	Hauptteil[14]	2. Data[25]	
9-7	1003-1011	längsten	1. Richtig[5]	1. Angemessen[5]	*[5]	*[5]	Lebensdauer/Verfügbarkeit vorhanden[5]	*[5]	*[5]	*[5]	*[5]	*[5]	Pro A[5]	Contra B[5]	Contra C[5]	_	_	Hauptteil[14]	2. Data[25]	
9-8	1012-1015	und	1. Richtig[5]	1. Angemessen[5]	*[5]	*[5]	Lebensdauer/Verfügbarkeit vorhanden[5]	*[5]	*[5]	*[5]	*[5]	*[5]	Pro A[5]	Contra B[5]	Contra C[5]	_	_	Hauptteil[14]	2. Data[25]	
9-9	1016-1023	beträgt	1. Richtig[5]	1. Angemessen[5]	*[5]	*[5]	Lebensdauer/Verfügbarkeit vorhanden[5]	*[5]	*[5]	*[5]	*[5]	*[5]	Pro A[5]	Contra B[5]	Contra C[5]	_	_	Hauptteil[14]	2. Data[25]	
9-10	1024-1027	bis	1. Richtig[5]	1. Angemessen[5]	*[5]	*[5]	Lebensdauer/Verfügbarkeit vorhanden[5]	*[5]	*[5]	*[5]	*[5]	*[5]	Pro A[5]	Contra B[5]	Contra C[5]	_	_	Hauptteil[14]	2. Data[25]	
9-11	1028-1030	zu	1. Richtig[5]	1. Angemessen[5]	*[5]	*[5]	Lebensdauer/Verfügbarkeit vorhanden[5]	*[5]	*[5]	*[5]	*[5]	*[5]	Pro A[5]	Contra B[5]	Contra C[5]	_	_	Hauptteil[14]	2. Data[25]	
9-12	1031-1033	80	1. Richtig[5]	1. Angemessen[5]	*[5]	*[5]	Lebensdauer/Verfügbarkeit vorhanden[5]	*[5]	*[5]	*[5]	*[5]	*[5]	Pro A[5]	Contra B[5]	Contra C[5]	_	_	Hauptteil[14]	2. Data[25]	
9-13	1034-1039	Jahre	1. Richtig[5]	1. Angemessen[5]	*[5]	*[5]	Lebensdauer/Verfügbarkeit vorhanden[5]	*[5]	*[5]	*[5]	*[5]	*[5]	Pro A[5]	Contra B[5]	Contra C[5]	_	_	Hauptteil[14]	2. Data[25]	
9-14	1039-1040	.	1. Richtig[5]	1. Angemessen[5]	*[5]	*[5]	Lebensdauer/Verfügbarkeit vorhanden[5]	*[5]	*[5]	*[5]	*[5]	*[5]	Pro A[5]	Contra B[5]	Contra C[5]	_	_	Hauptteil[14]	2. Data[25]	

10-1	1041-1044	Die	1. Richtig[6]	1. Angemessen[6]	1. Verständlich[6]	*[6]	*[6]	*[6]	Preis/Betrieb vorhanden[6]	*[6]	*[6]	*[6]	Contra A[6]	Pro B[6]	*[6]	_	_	Hauptteil[14]	2. Data[26]	
10-2	1045-1051	Kosten	1. Richtig[6]	1. Angemessen[6]	1. Verständlich[6]	*[6]	*[6]	*[6]	Preis/Betrieb vorhanden[6]	*[6]	*[6]	*[6]	Contra A[6]	Pro B[6]	*[6]	_	_	Hauptteil[14]	2. Data[26]	
10-3	1052-1055	für	1. Richtig[6]	1. Angemessen[6]	1. Verständlich[6]	*[6]	*[6]	*[6]	Preis/Betrieb vorhanden[6]	*[6]	*[6]	*[6]	Contra A[6]	Pro B[6]	*[6]	_	_	Hauptteil[14]	2. Data[26]	
10-4	1056-1061	diese	1. Richtig[6]	1. Angemessen[6]	1. Verständlich[6]	*[6]	*[6]	*[6]	Preis/Betrieb vorhanden[6]	*[6]	*[6]	*[6]	Contra A[6]	Pro B[6]	*[6]	_	_	Hauptteil[14]	2. Data[26]	
10-5	1062-1068	Anlage	1. Richtig[6]	1. Angemessen[6]	1. Verständlich[6]	*[6]	*[6]	*[6]	Preis/Betrieb vorhanden[6]	*[6]	*[6]	*[6]	Contra A[6]	Pro B[6]	*[6]	_	_	Hauptteil[14]	2. Data[26]	
10-6	1069-1072	ist	1. Richtig[6]	1. Angemessen[6]	1. Verständlich[6]	*[6]	*[6]	*[6]	Preis/Betrieb vorhanden[6]	*[6]	*[6]	*[6]	Contra A[6]	Pro B[6]	*[6]	_	_	Hauptteil[14]	2. Data[26]	
10-7	1073-1077	aber	1. Richtig[6]	1. Angemessen[6]	1. Verständlich[6]	*[6]	*[6]	*[6]	Preis/Betrieb vorhanden[6]	*[6]	*[6]	*[6]	Contra A[6]	Pro B[6]	*[6]	_	_	Hauptteil[14]	2. Data[26]	
10-8	1078-1080	am	1. Richtig[6]	1. Angemessen[6]	1. Verständlich[6]	*[6]	*[6]	*[6]	Preis/Betrieb vorhanden[6]	*[6]	*[6]	*[6]	Contra A[6]	Pro B[6]	*[6]	_	_	Hauptteil[14]	2. Data[26]	
10-9	1081-1089	höchsten	1. Richtig[6]	1. Angemessen[6]	1. Verständlich[6]	*[6]	*[6]	*[6]	Preis/Betrieb vorhanden[6]	*[6]	*[6]	*[6]	Contra A[6]	Pro B[6]	*[6]	_	_	Hauptteil[14]	2. Data[26]	
10-10	1090-1093	und	1. Richtig[6]	1. Angemessen[6]	1. Verständlich[6]	*[6]	*[6]	*[6]	Preis/Betrieb vorhanden[6]	*[6]	*[6]	*[6]	Contra A[6]	Pro B[6]	*[6]	_	_	Hauptteil[14]	2. Data[26]	
10-11	1094-1102	betragen	1. Richtig[6]	1. Angemessen[6]	1. Verständlich[6]	*[6]	*[6]	*[6]	Preis/Betrieb vorhanden[6]	*[6]	*[6]	*[6]	Contra A[6]	Pro B[6]	*[6]	_	_	Hauptteil[14]	2. Data[26]	
10-12	1103-1105	59	1. Richtig[6]	1. Angemessen[6]	1. Verständlich[6]	*[6]	*[6]	*[6]	Preis/Betrieb vorhanden[6]	*[6]	*[6]	*[6]	Contra A[6]	Pro B[6]	*[6]	_	_	Hauptteil[14]	2. Data[26]	
10-13	1106-1109	mio	1. Richtig[6]	1. Angemessen[6]	1. Verständlich[6]	*[6]	*[6]	*[6]	Preis/Betrieb vorhanden[6]	*[6]	*[6]	*[6]	Contra A[6]	Pro B[6]	*[6]	_	_	Hauptteil[14]	2. Data[26]	
10-14	1110-1114	Euro	1. Richtig[6]	1. Angemessen[6]	1. Verständlich[6]	*[6]	*[6]	*[6]	Preis/Betrieb vorhanden[6]	*[6]	*[6]	*[6]	Contra A[6]	Pro B[6]	*[6]	_	_	Hauptteil[14]	2. Data[26]	
10-15	1114-1115	.	1. Richtig[6]	1. Angemessen[6]	1. Verständlich[6]	*[6]	*[6]	*[6]	Preis/Betrieb vorhanden[6]	*[6]	*[6]	*[6]	Contra A[6]	Pro B[6]	*[6]	_	_	Hauptteil[14]	2. Data[26]	

11-1	1116-1119	Die	1. Richtig[6]	1. Angemessen[6]	1. Verständlich[6]	*[6]	*[6]	*[6]	Preis/Betrieb vorhanden[6]	*[6]	*[6]	*[6]	Contra A[6]	Pro B[6]	*[6]	_	_	Hauptteil[14]	2. Data[27]	
11-2	1120-1130	günstigste	1. Richtig[6]	1. Angemessen[6]	1. Verständlich[6]	*[6]	*[6]	*[6]	Preis/Betrieb vorhanden[6]	*[6]	*[6]	*[6]	Contra A[6]	Pro B[6]	*[6]	_	_	Hauptteil[14]	2. Data[27]	
11-3	1131-1139	Variante	1. Richtig[6]	1. Angemessen[6]	1. Verständlich[6]	*[6]	*[6]	*[6]	Preis/Betrieb vorhanden[6]	*[6]	*[6]	*[6]	Contra A[6]	Pro B[6]	*[6]	_	_	Hauptteil[14]	2. Data[27]	
11-4	1140-1143	ist	1. Richtig[6]	1. Angemessen[6]	1. Verständlich[6]	*[6]	*[6]	*[6]	Preis/Betrieb vorhanden[6]	*[6]	*[6]	*[6]	Contra A[6]	Pro B[6]	*[6]	_	_	Hauptteil[14]	2. Data[27]	
11-5	1144-1147	der	1. Richtig[6]	1. Angemessen[6]	1. Verständlich[6]	*[6]	*[6]	*[6]	Preis/Betrieb vorhanden[6]	*[6]	*[6]	*[6]	Contra A[6]	Pro B[6]	*[6]	_	_	Hauptteil[14]	2. Data[27]	
11-6	1148-1157	Solarpark	1. Richtig[6]	1. Angemessen[6]	1. Verständlich[6]	*[6]	*[6]	*[6]	Preis/Betrieb vorhanden[6]	*[6]	*[6]	*[6]	Contra A[6]	Pro B[6]	*[6]	_	_	Hauptteil[14]	2. Data[27]	
11-7	1157-1158	,	1. Richtig[6]	1. Angemessen[6]	1. Verständlich[6]	*[6]	*[6]	*[6]	Preis/Betrieb vorhanden[6]	*[6]	*[6]	*[6]	Contra A[6]	Pro B[6]	*[6]	_	_	Hauptteil[14]	2. Data[27]	
11-8	1159-1165	dieser	1. Richtig[6]	1. Angemessen[6]	1. Verständlich[6]	*[6]	*[6]	*[6]	Preis/Betrieb vorhanden[6]	*[6]	*[6]	*[6]	Contra A[6]	Pro B[6]	*[6]	_	_	Hauptteil[14]	2. Data[28]	
11-9	1166-1172	kostet	1. Richtig[6]	1. Angemessen[6]	1. Verständlich[6]	*[6]	*[6]	*[6]	Preis/Betrieb vorhanden[6]	*[6]	*[6]	*[6]	Contra A[6]	Pro B[6]	*[6]	_	_	Hauptteil[14]	2. Data[28]	
11-10	1173-1176	nur	1. Richtig[6]	1. Angemessen[6]	1. Verständlich[6]	*[6]	*[6]	*[6]	Preis/Betrieb vorhanden[6]	*[6]	*[6]	*[6]	Contra A[6]	Pro B[6]	*[6]	_	_	Hauptteil[14]	2. Data[28]	
11-11	1177-1178	6	1. Richtig[6]	1. Angemessen[6]	1. Verständlich[6]	*[6]	*[6]	*[6]	Preis/Betrieb vorhanden[6]	*[6]	*[6]	*[6]	Contra A[6]	Pro B[6]	*[6]	_	_	Hauptteil[14]	2. Data[28]	
11-12	1179-1182	mio	1. Richtig[6]	1. Angemessen[6]	1. Verständlich[6]	*[6]	*[6]	*[6]	Preis/Betrieb vorhanden[6]	*[6]	*[6]	*[6]	Contra A[6]	Pro B[6]	*[6]	_	_	Hauptteil[14]	2. Data[28]	
11-13	1183-1187	Euro	1. Richtig[6]	1. Angemessen[6]	1. Verständlich[6]	*[6]	*[6]	*[6]	Preis/Betrieb vorhanden[6]	*[6]	*[6]	*[6]	Contra A[6]	Pro B[6]	*[6]	_	_	Hauptteil[14]	2. Data[28]	
11-14	1187-1188	.	1. Richtig[6]	1. Angemessen[6]	1. Verständlich[6]	*[6]	*[6]	*[6]	Preis/Betrieb vorhanden[6]	*[6]	*[6]	*[6]	Contra A[6]	Pro B[6]	*[6]	_	_	Hauptteil[14]	2. Data[28]	

12-1	1189-1194	Dabei	1. Richtig[7]	1. Angemessen[7]	1. Verständlich[7]	*[7]	*[7]	*[7]	*[7]	*[7]	Treibhausgasemissionen vorhanden[7]	Wirkungsgrad vorhanden[7]	*[7]	Contra B[7]	*[7]	_	_	Hauptteil[14]	2. Data[29]	
12-2	1195-1198	hat	1. Richtig[7]	1. Angemessen[7]	1. Verständlich[7]	*[7]	*[7]	*[7]	*[7]	*[7]	Treibhausgasemissionen vorhanden[7]	Wirkungsgrad vorhanden[7]	*[7]	Contra B[7]	*[7]	_	_	Hauptteil[14]	2. Data[29]	
12-3	1199-1205	dieser	1. Richtig[7]	1. Angemessen[7]	1. Verständlich[7]	*[7]	*[7]	*[7]	*[7]	*[7]	Treibhausgasemissionen vorhanden[7]	Wirkungsgrad vorhanden[7]	*[7]	Contra B[7]	*[7]	_	_	Hauptteil[14]	2. Data[29]	
12-4	1206-1210	aber	1. Richtig[7]	1. Angemessen[7]	1. Verständlich[7]	*[7]	*[7]	*[7]	*[7]	*[7]	Treibhausgasemissionen vorhanden[7]	Wirkungsgrad vorhanden[7]	*[7]	Contra B[7]	*[7]	_	_	Hauptteil[14]	2. Data[29]	
12-5	1211-1214	den	1. Richtig[7]	1. Angemessen[7]	1. Verständlich[7]	*[7]	*[7]	*[7]	*[7]	*[7]	Treibhausgasemissionen vorhanden[7]	Wirkungsgrad vorhanden[7]	*[7]	Contra B[7]	*[7]	_	_	Hauptteil[14]	2. Data[29]	
12-6	1215-1224	wenigsten	1. Richtig[7]	1. Angemessen[7]	1. Verständlich[7]	*[7]	*[7]	*[7]	*[7]	*[7]	Treibhausgasemissionen vorhanden[7]	Wirkungsgrad vorhanden[7]	*[7]	Contra B[7]	*[7]	_	_	Hauptteil[14]	2. Data[29]	
12-7	1225-1237	Wirkungsgrad	1. Richtig[7]	1. Angemessen[7]	1. Verständlich[7]	*[7]	*[7]	*[7]	*[7]	*[7]	Treibhausgasemissionen vorhanden[7]	Wirkungsgrad vorhanden[7]	*[7]	Contra B[7]	*[7]	_	_	Hauptteil[14]	2. Data[29]	
12-8	1238-1241	und	1. Richtig[7]	1. Angemessen[7]	1. Verständlich[7]	*[7]	*[7]	*[7]	*[7]	*[7]	Treibhausgasemissionen vorhanden[7]	Wirkungsgrad vorhanden[7]	*[7]	Contra B[7]	*[7]	_	_	Hauptteil[14]	2. Data[30]	
12-9	1242-1245	die	1. Richtig[7]	1. Angemessen[7]	1. Verständlich[7]	*[7]	*[7]	*[7]	*[7]	*[7]	Treibhausgasemissionen vorhanden[7]	Wirkungsgrad vorhanden[7]	*[7]	Contra B[7]	*[7]	_	_	Hauptteil[14]	2. Data[30]	
12-10	1246-1254	höchsten	1. Richtig[7]	1. Angemessen[7]	1. Verständlich[7]	*[7]	*[7]	*[7]	*[7]	*[7]	Treibhausgasemissionen vorhanden[7]	Wirkungsgrad vorhanden[7]	*[7]	Contra B[7]	*[7]	_	_	Hauptteil[14]	2. Data[30]	
12-11	1255-1277	Treibhausgasemissionen	1. Richtig[7]	1. Angemessen[7]	1. Verständlich[7]	*[7]	*[7]	*[7]	*[7]	*[7]	Treibhausgasemissionen vorhanden[7]	Wirkungsgrad vorhanden[7]	*[7]	Contra B[7]	*[7]	_	_	Hauptteil[14]	2. Data[30]	
12-12	1277-1278	,	1. Richtig[7]	1. Angemessen[7]	1. Verständlich[7]	*[7]	*[7]	*[7]	*[7]	*[7]	Treibhausgasemissionen vorhanden[7]	Wirkungsgrad vorhanden[7]	*[7]	Contra B[7]	*[7]	_	_	Hauptteil[14]	2. Data[30]	
12-13	1279-1284	diese	1. Richtig[7]	1. Angemessen[7]	1. Verständlich[7]	*[7]	*[7]	*[7]	*[7]	*[7]	Treibhausgasemissionen vorhanden[7]	Wirkungsgrad vorhanden[7]	*[7]	Contra B[7]	*[7]	_	_	Hauptteil[14]	2. Data[31]	
12-14	1285-1291	liegen	1. Richtig[7]	1. Angemessen[7]	1. Verständlich[7]	*[7]	*[7]	*[7]	*[7]	*[7]	Treibhausgasemissionen vorhanden[7]	Wirkungsgrad vorhanden[7]	*[7]	Contra B[7]	*[7]	_	_	Hauptteil[14]	2. Data[31]	
12-15	1292-1295	bei	1. Richtig[7]	1. Angemessen[7]	1. Verständlich[7]	*[7]	*[7]	*[7]	*[7]	*[7]	Treibhausgasemissionen vorhanden[7]	Wirkungsgrad vorhanden[7]	*[7]	Contra B[7]	*[7]	_	_	Hauptteil[14]	2. Data[31]	
12-16	1296-1298	35	1. Richtig[7]	1. Angemessen[7]	1. Verständlich[7]	*[7]	*[7]	*[7]	*[7]	*[7]	Treibhausgasemissionen vorhanden[7]	Wirkungsgrad vorhanden[7]	*[7]	Contra B[7]	*[7]	_	_	Hauptteil[14]	2. Data[31]	
12-17	1298-1299	.	1. Richtig[7]	1. Angemessen[7]	1. Verständlich[7]	*[7]	*[7]	*[7]	*[7]	*[7]	Treibhausgasemissionen vorhanden[7]	Wirkungsgrad vorhanden[7]	*[7]	Contra B[7]	*[7]	_	_	Hauptteil[14]	2. Data[31]	
12-18	1300-1303	000	1. Richtig[7]	1. Angemessen[7]	1. Verständlich[7]	*[7]	*[7]	*[7]	*[7]	*[7]	Treibhausgasemissionen vorhanden[7]	Wirkungsgrad vorhanden[7]	*[7]	Contra B[7]	*[7]	_	_	Hauptteil[14]	2. Data[31]	
12-19	1304-1310	Tonnen	1. Richtig[7]	1. Angemessen[7]	1. Verständlich[7]	*[7]	*[7]	*[7]	*[7]	*[7]	Treibhausgasemissionen vorhanden[7]	Wirkungsgrad vorhanden[7]	*[7]	Contra B[7]	*[7]	_	_	Hauptteil[14]	2. Data[31]	
12-20	1310-1311	.	1. Richtig[7]	1. Angemessen[7]	1. Verständlich[7]	*[7]	*[7]	*[7]	*[7]	*[7]	Treibhausgasemissionen vorhanden[7]	Wirkungsgrad vorhanden[7]	*[7]	Contra B[7]	*[7]	_	_	Hauptteil[14]	2. Data[31]	

13-1	1312-1315	Die	1. Richtig[8]	1. Angemessen[8]	1. Verständlich[8]	*[8]	*[8]	*[8]	*[8]	*[8]	*[8]	Wirkungsgrad vorhanden[8]	*[8]	*[8]	Pro C[8]	3. Unbegründet[12]	Gesamtthese[12]	Hauptteil[14]	1. Claim[32]	
13-2	1316-1321	beste	1. Richtig[8]	1. Angemessen[8]	1. Verständlich[8]	*[8]	*[8]	*[8]	*[8]	*[8]	*[8]	Wirkungsgrad vorhanden[8]	*[8]	*[8]	Pro C[8]	3. Unbegründet[12]	Gesamtthese[12]	Hauptteil[14]	1. Claim[32]	
13-3	1322-1330	Variante	1. Richtig[8]	1. Angemessen[8]	1. Verständlich[8]	*[8]	*[8]	*[8]	*[8]	*[8]	*[8]	Wirkungsgrad vorhanden[8]	*[8]	*[8]	Pro C[8]	3. Unbegründet[12]	Gesamtthese[12]	Hauptteil[14]	1. Claim[32]	
13-4	1331-1334	für	1. Richtig[8]	1. Angemessen[8]	1. Verständlich[8]	*[8]	*[8]	*[8]	*[8]	*[8]	*[8]	Wirkungsgrad vorhanden[8]	*[8]	*[8]	Pro C[8]	3. Unbegründet[12]	Gesamtthese[12]	Hauptteil[14]	1. Claim[32]	
13-5	1335-1339	eine	1. Richtig[8]	1. Angemessen[8]	1. Verständlich[8]	*[8]	*[8]	*[8]	*[8]	*[8]	*[8]	Wirkungsgrad vorhanden[8]	*[8]	*[8]	Pro C[8]	3. Unbegründet[12]	Gesamtthese[12]	Hauptteil[14]	1. Claim[32]	
13-6	1340-1352	Energiewende	1. Richtig[8]	1. Angemessen[8]	1. Verständlich[8]	*[8]	*[8]	*[8]	*[8]	*[8]	*[8]	Wirkungsgrad vorhanden[8]	*[8]	*[8]	Pro C[8]	3. Unbegründet[12]	Gesamtthese[12]	Hauptteil[14]	1. Claim[32]	
13-7	1353-1357	wäre	1. Richtig[8]	1. Angemessen[8]	1. Verständlich[8]	*[8]	*[8]	*[8]	*[8]	*[8]	*[8]	Wirkungsgrad vorhanden[8]	*[8]	*[8]	Pro C[8]	3. Unbegründet[12]	Gesamtthese[12]	Hauptteil[14]	1. Claim[32]	
13-8	1358-1365	demnach	1. Richtig[8]	1. Angemessen[8]	1. Verständlich[8]	*[8]	*[8]	*[8]	*[8]	*[8]	*[8]	Wirkungsgrad vorhanden[8]	*[8]	*[8]	Pro C[8]	3. Unbegründet[12]	Gesamtthese[12]	Hauptteil[14]	1. Claim[32]	
13-9	1366-1369	der	1. Richtig[8]	1. Angemessen[8]	1. Verständlich[8]	*[8]	*[8]	*[8]	*[8]	*[8]	*[8]	Wirkungsgrad vorhanden[8]	*[8]	*[8]	Pro C[8]	3. Unbegründet[12]	Gesamtthese[12]	Hauptteil[14]	1. Claim[32]	
13-10	1370-1378	Windpark	1. Richtig[8]	1. Angemessen[8]	1. Verständlich[8]	*[8]	*[8]	*[8]	*[8]	*[8]	*[8]	Wirkungsgrad vorhanden[8]	*[8]	*[8]	Pro C[8]	3. Unbegründet[12]	Gesamtthese[12]	Hauptteil[14]	1. Claim[32]	
13-11	1378-1379	.	1. Richtig[8]	1. Angemessen[8]	1. Verständlich[8]	*[8]	*[8]	*[8]	*[8]	*[8]	*[8]	Wirkungsgrad vorhanden[8]	*[8]	*[8]	Pro C[8]	3. Unbegründet[12]	Gesamtthese[12]	Hauptteil[14]	1. Claim[32]	

14-1	1380-1384	Sein	1. Richtig[8]	1. Angemessen[8]	1. Verständlich[8]	*[8]	*[8]	*[8]	*[8]	*[8]	*[8]	Wirkungsgrad vorhanden[8]	*[8]	*[8]	Pro C[8]	_	_	Hauptteil[14]	2. Data[33]	
14-2	1385-1397	Wirkungsgrad	1. Richtig[8]	1. Angemessen[8]	1. Verständlich[8]	*[8]	*[8]	*[8]	*[8]	*[8]	*[8]	Wirkungsgrad vorhanden[8]	*[8]	*[8]	Pro C[8]	_	_	Hauptteil[14]	2. Data[33]	
14-3	1398-1403	liegt	1. Richtig[8]	1. Angemessen[8]	1. Verständlich[8]	*[8]	*[8]	*[8]	*[8]	*[8]	*[8]	Wirkungsgrad vorhanden[8]	*[8]	*[8]	Pro C[8]	_	_	Hauptteil[14]	2. Data[33]	
14-4	1404-1408	zwar	1. Richtig[8]	1. Angemessen[8]	1. Verständlich[8]	*[8]	*[8]	*[8]	*[8]	*[8]	*[8]	Wirkungsgrad vorhanden[8]	*[8]	*[8]	Pro C[8]	_	_	Hauptteil[14]	2. Data[33]	
14-5	1409-1412	nur	1. Richtig[8]	1. Angemessen[8]	1. Verständlich[8]	*[8]	*[8]	*[8]	*[8]	*[8]	*[8]	Wirkungsgrad vorhanden[8]	*[8]	*[8]	Pro C[8]	_	_	Hauptteil[14]	2. Data[33]	
14-6	1413-1416	bei	1. Richtig[8]	1. Angemessen[8]	1. Verständlich[8]	*[8]	*[8]	*[8]	*[8]	*[8]	*[8]	Wirkungsgrad vorhanden[8]	*[8]	*[8]	Pro C[8]	_	_	Hauptteil[14]	2. Data[33]	
14-7	1417-1420	45%	1. Richtig[8]	1. Angemessen[8]	1. Verständlich[8]	*[8]	*[8]	*[8]	*[8]	*[8]	*[8]	Wirkungsgrad vorhanden[8]	*[8]	*[8]	Pro C[8]	_	_	Hauptteil[14]	2. Data[33]	
14-8	1420-1421	,	1. Richtig[8]	1. Angemessen[8]	1. Verständlich[8]	*[8]	*[8]	*[8]	*[8]	*[8]	*[8]	Wirkungsgrad vorhanden[8]	*[8]	*[8]	Pro C[8]	_	_	Hauptteil[14]	2. Data[33]	
14-9	1422-1426	aber	1. Richtig[8]	1. Angemessen[8]	1. Verständlich[8]	*[8]	*[8]	*[8]	*[8]	*[8]	*[8]	Wirkungsgrad vorhanden[8]	*[8]	*[8]	Pro C[8]	_	_	Hauptteil[14]	4. Rebuttal[34]	
14-10	1427-1433	dieser	1. Richtig[8]	1. Angemessen[8]	1. Verständlich[8]	*[8]	*[8]	*[8]	*[8]	*[8]	*[8]	Wirkungsgrad vorhanden[8]	*[8]	*[8]	Pro C[8]	_	_	Hauptteil[14]	4. Rebuttal[34]	
14-11	1434-1437	ist	1. Richtig[8]	1. Angemessen[8]	1. Verständlich[8]	*[8]	*[8]	*[8]	*[8]	*[8]	*[8]	Wirkungsgrad vorhanden[8]	*[8]	*[8]	Pro C[8]	_	_	Hauptteil[14]	4. Rebuttal[34]	
14-12	1438-1440	in	1. Richtig[8]	1. Angemessen[8]	1. Verständlich[8]	*[8]	*[8]	*[8]	*[8]	*[8]	*[8]	Wirkungsgrad vorhanden[8]	*[8]	*[8]	Pro C[8]	_	_	Hauptteil[14]	4. Rebuttal[34]	
14-13	1441-1444	den	1. Richtig[8]	1. Angemessen[8]	1. Verständlich[8]	*[8]	*[8]	*[8]	*[8]	*[8]	*[8]	Wirkungsgrad vorhanden[8]	*[8]	*[8]	Pro C[8]	_	_	Hauptteil[14]	4. Rebuttal[34]	
14-14	1445-1452	anderen	1. Richtig[8]	1. Angemessen[8]	1. Verständlich[8]	*[8]	*[8]	*[8]	*[8]	*[8]	*[8]	Wirkungsgrad vorhanden[8]	*[8]	*[8]	Pro C[8]	_	_	Hauptteil[14]	4. Rebuttal[34]	
14-15	1453-1463	Kategorien	1. Richtig[8]	1. Angemessen[8]	1. Verständlich[8]	*[8]	*[8]	*[8]	*[8]	*[8]	*[8]	Wirkungsgrad vorhanden[8]	*[8]	*[8]	Pro C[8]	_	_	Hauptteil[14]	4. Rebuttal[34]	
14-16	1464-1471	jeweils	1. Richtig[8]	1. Angemessen[8]	1. Verständlich[8]	*[8]	*[8]	*[8]	*[8]	*[8]	*[8]	Wirkungsgrad vorhanden[8]	*[8]	*[8]	Pro C[8]	_	_	Hauptteil[14]	4. Rebuttal[34]	
14-17	1472-1475	der	1. Richtig[8]	1. Angemessen[8]	1. Verständlich[8]	*[8]	*[8]	*[8]	*[8]	*[8]	*[8]	Wirkungsgrad vorhanden[8]	*[8]	*[8]	Pro C[8]	_	_	Hauptteil[14]	4. Rebuttal[34]	
14-18	1476-1480	gute	1. Richtig[8]	1. Angemessen[8]	1. Verständlich[8]	*[8]	*[8]	*[8]	*[8]	*[8]	*[8]	Wirkungsgrad vorhanden[8]	*[8]	*[8]	Pro C[8]	_	_	Hauptteil[14]	4. Rebuttal[34]	
14-19	1481-1490	Mittelweg	1. Richtig[8]	1. Angemessen[8]	1. Verständlich[8]	*[8]	*[8]	*[8]	*[8]	*[8]	*[8]	Wirkungsgrad vorhanden[8]	*[8]	*[8]	Pro C[8]	_	_	Hauptteil[14]	4. Rebuttal[34]	
14-20	1491-1499	zwischen	1. Richtig[8]	1. Angemessen[8]	1. Verständlich[8]	*[8]	*[8]	*[8]	*[8]	*[8]	*[8]	Wirkungsgrad vorhanden[8]	*[8]	*[8]	Pro C[8]	_	_	Hauptteil[14]	4. Rebuttal[34]	
14-21	1500-1503	den	1. Richtig[8]	1. Angemessen[8]	1. Verständlich[8]	*[8]	*[8]	*[8]	*[8]	*[8]	*[8]	Wirkungsgrad vorhanden[8]	*[8]	*[8]	Pro C[8]	_	_	Hauptteil[14]	4. Rebuttal[34]	
14-22	1504-1514	Solarparks	1. Richtig[8]	1. Angemessen[8]	1. Verständlich[8]	*[8]	*[8]	*[8]	*[8]	*[8]	*[8]	Wirkungsgrad vorhanden[8]	*[8]	*[8]	Pro C[8]	_	_	Hauptteil[14]	4. Rebuttal[34]	
14-23	1515-1518	und	1. Richtig[8]	1. Angemessen[8]	1. Verständlich[8]	*[8]	*[8]	*[8]	*[8]	*[8]	*[8]	Wirkungsgrad vorhanden[8]	*[8]	*[8]	Pro C[8]	_	_	Hauptteil[14]	4. Rebuttal[34]	
14-24	1519-1522	den	1. Richtig[8]	1. Angemessen[8]	1. Verständlich[8]	*[8]	*[8]	*[8]	*[8]	*[8]	*[8]	Wirkungsgrad vorhanden[8]	*[8]	*[8]	Pro C[8]	_	_	Hauptteil[14]	4. Rebuttal[34]	
14-25	1523-1541	Wasserkraftanlagen	1. Richtig[8]	1. Angemessen[8]	1. Verständlich[8]	*[8]	*[8]	*[8]	*[8]	*[8]	*[8]	Wirkungsgrad vorhanden[8]	*[8]	*[8]	Pro C[8]	_	_	Hauptteil[14]	4. Rebuttal[34]	
14-26	1541-1542	.	1. Richtig[8]	1. Angemessen[8]	1. Verständlich[8]	*[8]	*[8]	*[8]	*[8]	*[8]	*[8]	Wirkungsgrad vorhanden[8]	*[8]	*[8]	Pro C[8]	_	_	Hauptteil[14]	4. Rebuttal[34]	

15-1	1543-1546	Der	1. Richtig[9]	1. Angemessen[9]	1. Verständlich[9]	*[9]	*[9]	*[9]	Preis/Betrieb vorhanden[9]	*[9]	Treibhausgasemissionen vorhanden[9]	*[9]	*[9]	*[9]	Pro C[9]	_	_	Hauptteil[14]	2. Data[35]	
15-2	1547-1552	Preis	1. Richtig[9]	1. Angemessen[9]	1. Verständlich[9]	*[9]	*[9]	*[9]	Preis/Betrieb vorhanden[9]	*[9]	Treibhausgasemissionen vorhanden[9]	*[9]	*[9]	*[9]	Pro C[9]	_	_	Hauptteil[14]	2. Data[35]	
15-3	1553-1560	beträgt	1. Richtig[9]	1. Angemessen[9]	1. Verständlich[9]	*[9]	*[9]	*[9]	Preis/Betrieb vorhanden[9]	*[9]	Treibhausgasemissionen vorhanden[9]	*[9]	*[9]	*[9]	Pro C[9]	_	_	Hauptteil[14]	2. Data[35]	
15-4	1561-1563	14	1. Richtig[9]	1. Angemessen[9]	1. Verständlich[9]	*[9]	*[9]	*[9]	Preis/Betrieb vorhanden[9]	*[9]	Treibhausgasemissionen vorhanden[9]	*[9]	*[9]	*[9]	Pro C[9]	_	_	Hauptteil[14]	2. Data[35]	
15-5	1564-1567	mio	1. Richtig[9]	1. Angemessen[9]	1. Verständlich[9]	*[9]	*[9]	*[9]	Preis/Betrieb vorhanden[9]	*[9]	Treibhausgasemissionen vorhanden[9]	*[9]	*[9]	*[9]	Pro C[9]	_	_	Hauptteil[14]	2. Data[35]	
15-6	1568-1572	Euro	1. Richtig[9]	1. Angemessen[9]	1. Verständlich[9]	*[9]	*[9]	*[9]	Preis/Betrieb vorhanden[9]	*[9]	Treibhausgasemissionen vorhanden[9]	*[9]	*[9]	*[9]	Pro C[9]	_	_	Hauptteil[14]	2. Data[35]	
15-7	1573-1576	und	1. Richtig[9]	1. Angemessen[9]	1. Verständlich[9]	*[9]	*[9]	*[9]	Preis/Betrieb vorhanden[9]	*[9]	Treibhausgasemissionen vorhanden[9]	*[9]	*[9]	*[9]	Pro C[9]	_	_	Hauptteil[14]	2. Data[36]	
15-8	1577-1580	die	1. Richtig[9]	1. Angemessen[9]	1. Verständlich[9]	*[9]	*[9]	*[9]	Preis/Betrieb vorhanden[9]	*[9]	Treibhausgasemissionen vorhanden[9]	*[9]	*[9]	*[9]	Pro C[9]	_	_	Hauptteil[14]	2. Data[36]	
15-9	1581-1584	CO2	1. Richtig[9]	1. Angemessen[9]	1. Verständlich[9]	*[9]	*[9]	*[9]	Preis/Betrieb vorhanden[9]	*[9]	Treibhausgasemissionen vorhanden[9]	*[9]	*[9]	*[9]	Pro C[9]	_	_	Hauptteil[14]	2. Data[36]	
15-10	1585-1595	Emissionen	1. Richtig[9]	1. Angemessen[9]	1. Verständlich[9]	*[9]	*[9]	*[9]	Preis/Betrieb vorhanden[9]	*[9]	Treibhausgasemissionen vorhanden[9]	*[9]	*[9]	*[9]	Pro C[9]	_	_	Hauptteil[14]	2. Data[36]	
15-11	1596-1600	sind	1. Richtig[9]	1. Angemessen[9]	1. Verständlich[9]	*[9]	*[9]	*[9]	Preis/Betrieb vorhanden[9]	*[9]	Treibhausgasemissionen vorhanden[9]	*[9]	*[9]	*[9]	Pro C[9]	_	_	Hauptteil[14]	2. Data[36]	
15-12	1601-1603	am	1. Richtig[9]	1. Angemessen[9]	1. Verständlich[9]	*[9]	*[9]	*[9]	Preis/Betrieb vorhanden[9]	*[9]	Treibhausgasemissionen vorhanden[9]	*[9]	*[9]	*[9]	Pro C[9]	_	_	Hauptteil[14]	2. Data[36]	
15-13	1604-1615	niedrigsten	1. Richtig[9]	1. Angemessen[9]	1. Verständlich[9]	*[9]	*[9]	*[9]	Preis/Betrieb vorhanden[9]	*[9]	Treibhausgasemissionen vorhanden[9]	*[9]	*[9]	*[9]	Pro C[9]	_	_	Hauptteil[14]	2. Data[36]	
15-14	1616-1619	mit	1. Richtig[9]	1. Angemessen[9]	1. Verständlich[9]	*[9]	*[9]	*[9]	Preis/Betrieb vorhanden[9]	*[9]	Treibhausgasemissionen vorhanden[9]	*[9]	*[9]	*[9]	Pro C[9]	_	_	Hauptteil[14]	2. Data[36]	
15-15	1620-1625	8,800	1. Richtig[9]	1. Angemessen[9]	1. Verständlich[9]	*[9]	*[9]	*[9]	Preis/Betrieb vorhanden[9]	*[9]	Treibhausgasemissionen vorhanden[9]	*[9]	*[9]	*[9]	Pro C[9]	_	_	Hauptteil[14]	2. Data[36]	
15-16	1626-1632	Tonnen	1. Richtig[9]	1. Angemessen[9]	1. Verständlich[9]	*[9]	*[9]	*[9]	Preis/Betrieb vorhanden[9]	*[9]	Treibhausgasemissionen vorhanden[9]	*[9]	*[9]	*[9]	Pro C[9]	_	_	Hauptteil[14]	2. Data[36]	
15-17	1632-1633	.	1. Richtig[9]	1. Angemessen[9]	1. Verständlich[9]	*[9]	*[9]	*[9]	Preis/Betrieb vorhanden[9]	*[9]	Treibhausgasemissionen vorhanden[9]	*[9]	*[9]	*[9]	Pro C[9]	_	_	Hauptteil[14]	2. Data[36]	

16-1	1634-1637	Nur	1. Richtig[10]	1. Angemessen[10]	1. Verständlich[10]	*[10]	Lebensdauer/Verfügbarkeit vorhanden[10]	*[10]	*[10]	*[10]	*[10]	*[10]	Pro A[10]	Pro B[10]	Contra C[10]	_	_	Hauptteil[14]	2. Data[37]	
16-2	1638-1641	ist	1. Richtig[10]	1. Angemessen[10]	1. Verständlich[10]	*[10]	Lebensdauer/Verfügbarkeit vorhanden[10]	*[10]	*[10]	*[10]	*[10]	*[10]	Pro A[10]	Pro B[10]	Contra C[10]	_	_	Hauptteil[14]	2. Data[37]	
16-3	1642-1645	die	1. Richtig[10]	1. Angemessen[10]	1. Verständlich[10]	*[10]	Lebensdauer/Verfügbarkeit vorhanden[10]	*[10]	*[10]	*[10]	*[10]	*[10]	Pro A[10]	Pro B[10]	Contra C[10]	_	_	Hauptteil[14]	2. Data[37]	
16-4	1646-1654	Laufzeit	1. Richtig[10]	1. Angemessen[10]	1. Verständlich[10]	*[10]	Lebensdauer/Verfügbarkeit vorhanden[10]	*[10]	*[10]	*[10]	*[10]	*[10]	Pro A[10]	Pro B[10]	Contra C[10]	_	_	Hauptteil[14]	2. Data[37]	
16-5	1655-1658	mit	1. Richtig[10]	1. Angemessen[10]	1. Verständlich[10]	*[10]	Lebensdauer/Verfügbarkeit vorhanden[10]	*[10]	*[10]	*[10]	*[10]	*[10]	Pro A[10]	Pro B[10]	Contra C[10]	_	_	Hauptteil[14]	2. Data[37]	
16-6	1659-1661	20	1. Richtig[10]	1. Angemessen[10]	1. Verständlich[10]	*[10]	Lebensdauer/Verfügbarkeit vorhanden[10]	*[10]	*[10]	*[10]	*[10]	*[10]	Pro A[10]	Pro B[10]	Contra C[10]	_	_	Hauptteil[14]	2. Data[37]	
16-7	1662-1668	Jahren	1. Richtig[10]	1. Angemessen[10]	1. Verständlich[10]	*[10]	Lebensdauer/Verfügbarkeit vorhanden[10]	*[10]	*[10]	*[10]	*[10]	*[10]	Pro A[10]	Pro B[10]	Contra C[10]	_	_	Hauptteil[14]	2. Data[37]	
16-8	1669-1671	am	1. Richtig[10]	1. Angemessen[10]	1. Verständlich[10]	*[10]	Lebensdauer/Verfügbarkeit vorhanden[10]	*[10]	*[10]	*[10]	*[10]	*[10]	Pro A[10]	Pro B[10]	Contra C[10]	_	_	Hauptteil[14]	2. Data[37]	
16-9	1672-1683	niedrigsten	1. Richtig[10]	1. Angemessen[10]	1. Verständlich[10]	*[10]	Lebensdauer/Verfügbarkeit vorhanden[10]	*[10]	*[10]	*[10]	*[10]	*[10]	Pro A[10]	Pro B[10]	Contra C[10]	_	_	Hauptteil[14]	2. Data[37]	
16-10	1683-1684	.	1. Richtig[10]	1. Angemessen[10]	1. Verständlich[10]	*[10]	Lebensdauer/Verfügbarkeit vorhanden[10]	*[10]	*[10]	*[10]	*[10]	*[10]	Pro A[10]	Pro B[10]	Contra C[10]	_	_	Hauptteil[14]	2. Data[37]	
