#FORMAT=WebAnno TSV 3.3
#T_SP=webanno.custom.Argument|Accuracy|Adequacy|Clarity|KriteriumJahresertragEnergiedichte|KriteriumLebensdauerVerfgbarkeit|KriteriumLokaleEmissionenGeruschemissionen|KriteriumPreisBetrieb|KriteriumSonstiges|KriteriumTreibhausgasemissionen|KriteriumWirkungsgrad|OptionA|OptionB|OptionC
#T_SP=webanno.custom.DecisionMakingStrategies|Decision|Gesamtthese
#T_SP=webanno.custom.Struktur|Struktur
#T_SP=webanno.custom.StrukturTAP|TAPArgumente


1-1	0-3	Für	_	_	_	_	_	_	_	_	_	_	_	_	_	3. Unbegründet[6]	Gesamtthese[6]	Einleitung[8]	_	
1-2	4-8	mich	_	_	_	_	_	_	_	_	_	_	_	_	_	3. Unbegründet[6]	Gesamtthese[6]	Einleitung[8]	_	
1-3	9-12	ist	_	_	_	_	_	_	_	_	_	_	_	_	_	3. Unbegründet[6]	Gesamtthese[6]	Einleitung[8]	_	
1-4	13-16	der	_	_	_	_	_	_	_	_	_	_	_	_	_	3. Unbegründet[6]	Gesamtthese[6]	Einleitung[8]	_	
1-5	17-28	Wasserstoff	_	_	_	_	_	_	_	_	_	_	_	_	_	3. Unbegründet[6]	Gesamtthese[6]	Einleitung[8]	_	
1-6	29-32	die	_	_	_	_	_	_	_	_	_	_	_	_	_	3. Unbegründet[6]	Gesamtthese[6]	Einleitung[8]	_	
1-7	33-40	Zukunft	_	_	_	_	_	_	_	_	_	_	_	_	_	3. Unbegründet[6]	Gesamtthese[6]	Einleitung[8]	_	
1-8	41-44	der	_	_	_	_	_	_	_	_	_	_	_	_	_	3. Unbegründet[6]	Gesamtthese[6]	Einleitung[8]	_	
1-9	45-58	Autoindustrie	_	_	_	_	_	_	_	_	_	_	_	_	_	3. Unbegründet[6]	Gesamtthese[6]	Einleitung[8]	_	
1-10	58-59	.	_	_	_	_	_	_	_	_	_	_	_	_	_	3. Unbegründet[6]	Gesamtthese[6]	Einleitung[8]	_	

2-1	60-62	Du	3. Nicht zutreffend[1]	3. Nicht zutreffend[1]	1. Verständlich[1]	*[1]	*[1]	*[1]	*[1]	Sonstiges vorhanden[1]	*[1]	*[1]	Pro A[1]	*[1]	Contra C[1]	_	_	Hauptteil[9]	1. Claim[11]	
2-2	63-67	hast	3. Nicht zutreffend[1]	3. Nicht zutreffend[1]	1. Verständlich[1]	*[1]	*[1]	*[1]	*[1]	Sonstiges vorhanden[1]	*[1]	*[1]	Pro A[1]	*[1]	Contra C[1]	_	_	Hauptteil[9]	1. Claim[11]	
2-3	68-71	den	3. Nicht zutreffend[1]	3. Nicht zutreffend[1]	1. Verständlich[1]	*[1]	*[1]	*[1]	*[1]	Sonstiges vorhanden[1]	*[1]	*[1]	Pro A[1]	*[1]	Contra C[1]	_	_	Hauptteil[9]	1. Claim[11]	
2-4	72-79	Vorteil	3. Nicht zutreffend[1]	3. Nicht zutreffend[1]	1. Verständlich[1]	*[1]	*[1]	*[1]	*[1]	Sonstiges vorhanden[1]	*[1]	*[1]	Pro A[1]	*[1]	Contra C[1]	_	_	Hauptteil[9]	1. Claim[11]	
2-5	80-81	,	3. Nicht zutreffend[1]	3. Nicht zutreffend[1]	1. Verständlich[1]	*[1]	*[1]	*[1]	*[1]	Sonstiges vorhanden[1]	*[1]	*[1]	Pro A[1]	*[1]	Contra C[1]	_	_	Hauptteil[9]	1. Claim[11]	
2-6	81-85	dass	3. Nicht zutreffend[1]	3. Nicht zutreffend[1]	1. Verständlich[1]	*[1]	*[1]	*[1]	*[1]	Sonstiges vorhanden[1]	*[1]	*[1]	Pro A[1]	*[1]	Contra C[1]	_	_	Hauptteil[9]	1. Claim[11]	
2-7	86-88	du	3. Nicht zutreffend[1]	3. Nicht zutreffend[1]	1. Verständlich[1]	*[1]	*[1]	*[1]	*[1]	Sonstiges vorhanden[1]	*[1]	*[1]	Pro A[1]	*[1]	Contra C[1]	_	_	Hauptteil[9]	1. Claim[11]	
2-8	89-91	im	3. Nicht zutreffend[1]	3. Nicht zutreffend[1]	1. Verständlich[1]	*[1]	*[1]	*[1]	*[1]	Sonstiges vorhanden[1]	*[1]	*[1]	Pro A[1]	*[1]	Contra C[1]	_	_	Hauptteil[9]	1. Claim[11]	
2-9	92-101	Gegensatz	3. Nicht zutreffend[1]	3. Nicht zutreffend[1]	1. Verständlich[1]	*[1]	*[1]	*[1]	*[1]	Sonstiges vorhanden[1]	*[1]	*[1]	Pro A[1]	*[1]	Contra C[1]	_	_	Hauptteil[9]	1. Claim[11]	
2-10	102-104	zu	3. Nicht zutreffend[1]	3. Nicht zutreffend[1]	1. Verständlich[1]	*[1]	*[1]	*[1]	*[1]	Sonstiges vorhanden[1]	*[1]	*[1]	Pro A[1]	*[1]	Contra C[1]	_	_	Hauptteil[9]	1. Claim[11]	
2-11	105-118	Akkumulatoren	3. Nicht zutreffend[1]	3. Nicht zutreffend[1]	1. Verständlich[1]	*[1]	*[1]	*[1]	*[1]	Sonstiges vorhanden[1]	*[1]	*[1]	Pro A[1]	*[1]	Contra C[1]	_	_	Hauptteil[9]	1. Claim[11]	
2-12	119-124	nicht	3. Nicht zutreffend[1]	3. Nicht zutreffend[1]	1. Verständlich[1]	*[1]	*[1]	*[1]	*[1]	Sonstiges vorhanden[1]	*[1]	*[1]	Pro A[1]	*[1]	Contra C[1]	_	_	Hauptteil[9]	1. Claim[11]	
2-13	125-130	laden	3. Nicht zutreffend[1]	3. Nicht zutreffend[1]	1. Verständlich[1]	*[1]	*[1]	*[1]	*[1]	Sonstiges vorhanden[1]	*[1]	*[1]	Pro A[1]	*[1]	Contra C[1]	_	_	Hauptteil[9]	1. Claim[11]	
2-14	131-136	musst	3. Nicht zutreffend[1]	3. Nicht zutreffend[1]	1. Verständlich[1]	*[1]	*[1]	*[1]	*[1]	Sonstiges vorhanden[1]	*[1]	*[1]	Pro A[1]	*[1]	Contra C[1]	_	_	Hauptteil[9]	1. Claim[11]	
2-15	136-137	.	3. Nicht zutreffend[1]	3. Nicht zutreffend[1]	1. Verständlich[1]	*[1]	*[1]	*[1]	*[1]	Sonstiges vorhanden[1]	*[1]	*[1]	Pro A[1]	*[1]	Contra C[1]	_	_	Hauptteil[9]	1. Claim[11]	

3-1	138-142	Dazu	1. Richtig[2]	1. Angemessen[2]	1. Verständlich[2]	*[2]	*[2]	*[2]	Preis/Betrieb vorhanden[2]	*[2]	*[2]	*[2]	Pro A[2]	Pro B[2]	Contra C[2]	_	_	Hauptteil[9]	2. Data[12]	
3-2	143-148	kommt	1. Richtig[2]	1. Angemessen[2]	1. Verständlich[2]	*[2]	*[2]	*[2]	Preis/Betrieb vorhanden[2]	*[2]	*[2]	*[2]	Pro A[2]	Pro B[2]	Contra C[2]	_	_	Hauptteil[9]	2. Data[12]	
3-3	148-149	,	1. Richtig[2]	1. Angemessen[2]	1. Verständlich[2]	*[2]	*[2]	*[2]	Preis/Betrieb vorhanden[2]	*[2]	*[2]	*[2]	Pro A[2]	Pro B[2]	Contra C[2]	_	_	Hauptteil[9]	2. Data[12]	
3-4	150-154	dass	1. Richtig[2]	1. Angemessen[2]	1. Verständlich[2]	*[2]	*[2]	*[2]	Preis/Betrieb vorhanden[2]	*[2]	*[2]	*[2]	Pro A[2]	Pro B[2]	Contra C[2]	_	_	Hauptteil[9]	2. Data[12]	
3-5	155-158	die	1. Richtig[2]	1. Angemessen[2]	1. Verständlich[2]	*[2]	*[2]	*[2]	Preis/Betrieb vorhanden[2]	*[2]	*[2]	*[2]	Pro A[2]	Pro B[2]	Contra C[2]	_	_	Hauptteil[9]	2. Data[12]	
3-6	159-169	Reichweite	1. Richtig[2]	1. Angemessen[2]	1. Verständlich[2]	*[2]	*[2]	*[2]	Preis/Betrieb vorhanden[2]	*[2]	*[2]	*[2]	Pro A[2]	Pro B[2]	Contra C[2]	_	_	Hauptteil[9]	2. Data[12]	
3-7	170-174	fast	1. Richtig[2]	1. Angemessen[2]	1. Verständlich[2]	*[2]	*[2]	*[2]	Preis/Betrieb vorhanden[2]	*[2]	*[2]	*[2]	Pro A[2]	Pro B[2]	Contra C[2]	_	_	Hauptteil[9]	2. Data[12]	
3-8	175-182	doppelt	1. Richtig[2]	1. Angemessen[2]	1. Verständlich[2]	*[2]	*[2]	*[2]	Preis/Betrieb vorhanden[2]	*[2]	*[2]	*[2]	Pro A[2]	Pro B[2]	Contra C[2]	_	_	Hauptteil[9]	2. Data[12]	
3-9	183-185	so	1. Richtig[2]	1. Angemessen[2]	1. Verständlich[2]	*[2]	*[2]	*[2]	Preis/Betrieb vorhanden[2]	*[2]	*[2]	*[2]	Pro A[2]	Pro B[2]	Contra C[2]	_	_	Hauptteil[9]	2. Data[12]	
3-10	186-190	hoch	1. Richtig[2]	1. Angemessen[2]	1. Verständlich[2]	*[2]	*[2]	*[2]	Preis/Betrieb vorhanden[2]	*[2]	*[2]	*[2]	Pro A[2]	Pro B[2]	Contra C[2]	_	_	Hauptteil[9]	2. Data[12]	
3-11	191-194	ist	1. Richtig[2]	1. Angemessen[2]	1. Verständlich[2]	*[2]	*[2]	*[2]	Preis/Betrieb vorhanden[2]	*[2]	*[2]	*[2]	Pro A[2]	Pro B[2]	Contra C[2]	_	_	Hauptteil[9]	2. Data[12]	
3-12	195-198	wie	1. Richtig[2]	1. Angemessen[2]	1. Verständlich[2]	*[2]	*[2]	*[2]	Preis/Betrieb vorhanden[2]	*[2]	*[2]	*[2]	Pro A[2]	Pro B[2]	Contra C[2]	_	_	Hauptteil[9]	2. Data[12]	
3-13	199-202	bei	1. Richtig[2]	1. Angemessen[2]	1. Verständlich[2]	*[2]	*[2]	*[2]	Preis/Betrieb vorhanden[2]	*[2]	*[2]	*[2]	Pro A[2]	Pro B[2]	Contra C[2]	_	_	Hauptteil[9]	2. Data[12]	
3-14	203-216	Akkumulatoren	1. Richtig[2]	1. Angemessen[2]	1. Verständlich[2]	*[2]	*[2]	*[2]	Preis/Betrieb vorhanden[2]	*[2]	*[2]	*[2]	Pro A[2]	Pro B[2]	Contra C[2]	_	_	Hauptteil[9]	2. Data[12]	
3-15	217-220	und	1. Richtig[2]	1. Angemessen[2]	1. Verständlich[2]	*[2]	*[2]	*[2]	Preis/Betrieb vorhanden[2]	*[2]	*[2]	*[2]	Pro A[2]	Pro B[2]	Contra C[2]	_	_	Hauptteil[9]	2. Data[13]	
3-16	221-227	gleich	1. Richtig[2]	1. Angemessen[2]	1. Verständlich[2]	*[2]	*[2]	*[2]	Preis/Betrieb vorhanden[2]	*[2]	*[2]	*[2]	Pro A[2]	Pro B[2]	Contra C[2]	_	_	Hauptteil[9]	2. Data[13]	
3-17	228-232	hoch	1. Richtig[2]	1. Angemessen[2]	1. Verständlich[2]	*[2]	*[2]	*[2]	Preis/Betrieb vorhanden[2]	*[2]	*[2]	*[2]	Pro A[2]	Pro B[2]	Contra C[2]	_	_	Hauptteil[9]	2. Data[13]	
3-18	233-236	wie	1. Richtig[2]	1. Angemessen[2]	1. Verständlich[2]	*[2]	*[2]	*[2]	Preis/Betrieb vorhanden[2]	*[2]	*[2]	*[2]	Pro A[2]	Pro B[2]	Contra C[2]	_	_	Hauptteil[9]	2. Data[13]	
3-19	237-240	bei	1. Richtig[2]	1. Angemessen[2]	1. Verständlich[2]	*[2]	*[2]	*[2]	Preis/Betrieb vorhanden[2]	*[2]	*[2]	*[2]	Pro A[2]	Pro B[2]	Contra C[2]	_	_	Hauptteil[9]	2. Data[13]	
3-20	241-248	E-Fuels	1. Richtig[2]	1. Angemessen[2]	1. Verständlich[2]	*[2]	*[2]	*[2]	Preis/Betrieb vorhanden[2]	*[2]	*[2]	*[2]	Pro A[2]	Pro B[2]	Contra C[2]	_	_	Hauptteil[9]	2. Data[13]	
3-21	248-249	.	1. Richtig[2]	1. Angemessen[2]	1. Verständlich[2]	*[2]	*[2]	*[2]	Preis/Betrieb vorhanden[2]	*[2]	*[2]	*[2]	Pro A[2]	Pro B[2]	Contra C[2]	_	_	Hauptteil[9]	2. Data[13]	

4-1	250-258	Außerdem	1. Richtig[3]	1. Angemessen[3]	1. Verständlich[3]	Jahresertrag/Energiedichte Vorhanden[3]	*[3]	*[3]	*[3]	*[3]	*[3]	*[3]	Pro A[3]	Contra B[3]	Contra C[3]	_	_	Hauptteil[9]	2. Data[14]	
4-2	259-262	ist	1. Richtig[3]	1. Angemessen[3]	1. Verständlich[3]	Jahresertrag/Energiedichte Vorhanden[3]	*[3]	*[3]	*[3]	*[3]	*[3]	*[3]	Pro A[3]	Contra B[3]	Contra C[3]	_	_	Hauptteil[9]	2. Data[14]	
4-3	263-266	die	1. Richtig[3]	1. Angemessen[3]	1. Verständlich[3]	Jahresertrag/Energiedichte Vorhanden[3]	*[3]	*[3]	*[3]	*[3]	*[3]	*[3]	Pro A[3]	Contra B[3]	Contra C[3]	_	_	Hauptteil[9]	2. Data[14]	
4-4	267-280	Energiedichte	1. Richtig[3]	1. Angemessen[3]	1. Verständlich[3]	Jahresertrag/Energiedichte Vorhanden[3]	*[3]	*[3]	*[3]	*[3]	*[3]	*[3]	Pro A[3]	Contra B[3]	Contra C[3]	_	_	Hauptteil[9]	2. Data[14]	
4-5	281-284	des	1. Richtig[3]	1. Angemessen[3]	1. Verständlich[3]	Jahresertrag/Energiedichte Vorhanden[3]	*[3]	*[3]	*[3]	*[3]	*[3]	*[3]	Pro A[3]	Contra B[3]	Contra C[3]	_	_	Hauptteil[9]	2. Data[14]	
4-6	285-297	Wasserstoffs	1. Richtig[3]	1. Angemessen[3]	1. Verständlich[3]	Jahresertrag/Energiedichte Vorhanden[3]	*[3]	*[3]	*[3]	*[3]	*[3]	*[3]	Pro A[3]	Contra B[3]	Contra C[3]	_	_	Hauptteil[9]	2. Data[14]	
4-7	298-301	mit	1. Richtig[3]	1. Angemessen[3]	1. Verständlich[3]	Jahresertrag/Energiedichte Vorhanden[3]	*[3]	*[3]	*[3]	*[3]	*[3]	*[3]	Pro A[3]	Contra B[3]	Contra C[3]	_	_	Hauptteil[9]	2. Data[14]	
4-8	302-305	120	1. Richtig[3]	1. Angemessen[3]	1. Verständlich[3]	Jahresertrag/Energiedichte Vorhanden[3]	*[3]	*[3]	*[3]	*[3]	*[3]	*[3]	Pro A[3]	Contra B[3]	Contra C[3]	_	_	Hauptteil[9]	2. Data[14]	
4-9	306-308	MJ	1. Richtig[3]	1. Angemessen[3]	1. Verständlich[3]	Jahresertrag/Energiedichte Vorhanden[3]	*[3]	*[3]	*[3]	*[3]	*[3]	*[3]	Pro A[3]	Contra B[3]	Contra C[3]	_	_	Hauptteil[9]	2. Data[14]	
4-10	308-309	/	1. Richtig[3]	1. Angemessen[3]	1. Verständlich[3]	Jahresertrag/Energiedichte Vorhanden[3]	*[3]	*[3]	*[3]	*[3]	*[3]	*[3]	Pro A[3]	Contra B[3]	Contra C[3]	_	_	Hauptteil[9]	2. Data[14]	
4-11	309-311	kg	1. Richtig[3]	1. Angemessen[3]	1. Verständlich[3]	Jahresertrag/Energiedichte Vorhanden[3]	*[3]	*[3]	*[3]	*[3]	*[3]	*[3]	Pro A[3]	Contra B[3]	Contra C[3]	_	_	Hauptteil[9]	2. Data[14]	
4-12	312-321	bedeutend	1. Richtig[3]	1. Angemessen[3]	1. Verständlich[3]	Jahresertrag/Energiedichte Vorhanden[3]	*[3]	*[3]	*[3]	*[3]	*[3]	*[3]	Pro A[3]	Contra B[3]	Contra C[3]	_	_	Hauptteil[9]	2. Data[14]	
4-13	322-327	höher	1. Richtig[3]	1. Angemessen[3]	1. Verständlich[3]	Jahresertrag/Energiedichte Vorhanden[3]	*[3]	*[3]	*[3]	*[3]	*[3]	*[3]	Pro A[3]	Contra B[3]	Contra C[3]	_	_	Hauptteil[9]	2. Data[14]	
4-14	328-331	als	1. Richtig[3]	1. Angemessen[3]	1. Verständlich[3]	Jahresertrag/Energiedichte Vorhanden[3]	*[3]	*[3]	*[3]	*[3]	*[3]	*[3]	Pro A[3]	Contra B[3]	Contra C[3]	_	_	Hauptteil[9]	2. Data[14]	
4-15	332-335	die	1. Richtig[3]	1. Angemessen[3]	1. Verständlich[3]	Jahresertrag/Energiedichte Vorhanden[3]	*[3]	*[3]	*[3]	*[3]	*[3]	*[3]	Pro A[3]	Contra B[3]	Contra C[3]	_	_	Hauptteil[9]	2. Data[14]	
4-16	336-339	von	1. Richtig[3]	1. Angemessen[3]	1. Verständlich[3]	Jahresertrag/Energiedichte Vorhanden[3]	*[3]	*[3]	*[3]	*[3]	*[3]	*[3]	Pro A[3]	Contra B[3]	Contra C[3]	_	_	Hauptteil[9]	2. Data[14]	
4-17	340-347	E-Fuels	1. Richtig[3]	1. Angemessen[3]	1. Verständlich[3]	Jahresertrag/Energiedichte Vorhanden[3]	*[3]	*[3]	*[3]	*[3]	*[3]	*[3]	Pro A[3]	Contra B[3]	Contra C[3]	_	_	Hauptteil[9]	2. Data[14]	
4-18	348-349	(	1. Richtig[3]	1. Angemessen[3]	1. Verständlich[3]	Jahresertrag/Energiedichte Vorhanden[3]	*[3]	*[3]	*[3]	*[3]	*[3]	*[3]	Pro A[3]	Contra B[3]	Contra C[3]	_	_	Hauptteil[9]	2. Data[14]	
4-19	349-353	46,4	1. Richtig[3]	1. Angemessen[3]	1. Verständlich[3]	Jahresertrag/Energiedichte Vorhanden[3]	*[3]	*[3]	*[3]	*[3]	*[3]	*[3]	Pro A[3]	Contra B[3]	Contra C[3]	_	_	Hauptteil[9]	2. Data[14]	
4-20	354-356	MJ	1. Richtig[3]	1. Angemessen[3]	1. Verständlich[3]	Jahresertrag/Energiedichte Vorhanden[3]	*[3]	*[3]	*[3]	*[3]	*[3]	*[3]	Pro A[3]	Contra B[3]	Contra C[3]	_	_	Hauptteil[9]	2. Data[14]	
4-21	356-357	/	1. Richtig[3]	1. Angemessen[3]	1. Verständlich[3]	Jahresertrag/Energiedichte Vorhanden[3]	*[3]	*[3]	*[3]	*[3]	*[3]	*[3]	Pro A[3]	Contra B[3]	Contra C[3]	_	_	Hauptteil[9]	2. Data[14]	
4-22	357-359	kg	1. Richtig[3]	1. Angemessen[3]	1. Verständlich[3]	Jahresertrag/Energiedichte Vorhanden[3]	*[3]	*[3]	*[3]	*[3]	*[3]	*[3]	Pro A[3]	Contra B[3]	Contra C[3]	_	_	Hauptteil[9]	2. Data[14]	
4-23	359-360	)	1. Richtig[3]	1. Angemessen[3]	1. Verständlich[3]	Jahresertrag/Energiedichte Vorhanden[3]	*[3]	*[3]	*[3]	*[3]	*[3]	*[3]	Pro A[3]	Contra B[3]	Contra C[3]	_	_	Hauptteil[9]	2. Data[14]	
4-24	361-365	oder	1. Richtig[3]	1. Angemessen[3]	1. Verständlich[3]	Jahresertrag/Energiedichte Vorhanden[3]	*[3]	*[3]	*[3]	*[3]	*[3]	*[3]	Pro A[3]	Contra B[3]	Contra C[3]	_	_	Hauptteil[9]	2. Data[14]	
4-25	366-379	Akkumulatoren	1. Richtig[3]	1. Angemessen[3]	1. Verständlich[3]	Jahresertrag/Energiedichte Vorhanden[3]	*[3]	*[3]	*[3]	*[3]	*[3]	*[3]	Pro A[3]	Contra B[3]	Contra C[3]	_	_	Hauptteil[9]	2. Data[14]	
4-26	380-381	(	1. Richtig[3]	1. Angemessen[3]	1. Verständlich[3]	Jahresertrag/Energiedichte Vorhanden[3]	*[3]	*[3]	*[3]	*[3]	*[3]	*[3]	Pro A[3]	Contra B[3]	Contra C[3]	_	_	Hauptteil[9]	2. Data[14]	
4-27	381-385	0,88	1. Richtig[3]	1. Angemessen[3]	1. Verständlich[3]	Jahresertrag/Energiedichte Vorhanden[3]	*[3]	*[3]	*[3]	*[3]	*[3]	*[3]	Pro A[3]	Contra B[3]	Contra C[3]	_	_	Hauptteil[9]	2. Data[14]	
4-28	386-388	MJ	1. Richtig[3]	1. Angemessen[3]	1. Verständlich[3]	Jahresertrag/Energiedichte Vorhanden[3]	*[3]	*[3]	*[3]	*[3]	*[3]	*[3]	Pro A[3]	Contra B[3]	Contra C[3]	_	_	Hauptteil[9]	2. Data[14]	
4-29	388-389	/	1. Richtig[3]	1. Angemessen[3]	1. Verständlich[3]	Jahresertrag/Energiedichte Vorhanden[3]	*[3]	*[3]	*[3]	*[3]	*[3]	*[3]	Pro A[3]	Contra B[3]	Contra C[3]	_	_	Hauptteil[9]	2. Data[14]	
4-30	389-391	kg	1. Richtig[3]	1. Angemessen[3]	1. Verständlich[3]	Jahresertrag/Energiedichte Vorhanden[3]	*[3]	*[3]	*[3]	*[3]	*[3]	*[3]	Pro A[3]	Contra B[3]	Contra C[3]	_	_	Hauptteil[9]	2. Data[14]	
4-31	391-392	)	1. Richtig[3]	1. Angemessen[3]	1. Verständlich[3]	Jahresertrag/Energiedichte Vorhanden[3]	*[3]	*[3]	*[3]	*[3]	*[3]	*[3]	Pro A[3]	Contra B[3]	Contra C[3]	_	_	Hauptteil[9]	2. Data[14]	
4-32	392-393	.	1. Richtig[3]	1. Angemessen[3]	1. Verständlich[3]	Jahresertrag/Energiedichte Vorhanden[3]	*[3]	*[3]	*[3]	*[3]	*[3]	*[3]	Pro A[3]	Contra B[3]	Contra C[3]	_	_	Hauptteil[9]	2. Data[14]	

5-1	394-397	Das	1. Richtig[3]	1. Angemessen[3]	1. Verständlich[3]	Jahresertrag/Energiedichte Vorhanden[3]	*[3]	*[3]	*[3]	*[3]	*[3]	*[3]	Pro A[3]	Contra B[3]	Contra C[3]	_	_	Hauptteil[9]	3. Warrant[15]	
5-2	398-403	heißt	1. Richtig[3]	1. Angemessen[3]	1. Verständlich[3]	Jahresertrag/Energiedichte Vorhanden[3]	*[3]	*[3]	*[3]	*[3]	*[3]	*[3]	Pro A[3]	Contra B[3]	Contra C[3]	_	_	Hauptteil[9]	3. Warrant[15]	
5-3	404-406	du	1. Richtig[3]	1. Angemessen[3]	1. Verständlich[3]	Jahresertrag/Energiedichte Vorhanden[3]	*[3]	*[3]	*[3]	*[3]	*[3]	*[3]	Pro A[3]	Contra B[3]	Contra C[3]	_	_	Hauptteil[9]	3. Warrant[15]	
5-4	407-412	musst	1. Richtig[3]	1. Angemessen[3]	1. Verständlich[3]	Jahresertrag/Energiedichte Vorhanden[3]	*[3]	*[3]	*[3]	*[3]	*[3]	*[3]	Pro A[3]	Contra B[3]	Contra C[3]	_	_	Hauptteil[9]	3. Warrant[15]	
5-5	413-416	für	1. Richtig[3]	1. Angemessen[3]	1. Verständlich[3]	Jahresertrag/Energiedichte Vorhanden[3]	*[3]	*[3]	*[3]	*[3]	*[3]	*[3]	Pro A[3]	Contra B[3]	Contra C[3]	_	_	Hauptteil[9]	3. Warrant[15]	
5-6	417-420	die	1. Richtig[3]	1. Angemessen[3]	1. Verständlich[3]	Jahresertrag/Energiedichte Vorhanden[3]	*[3]	*[3]	*[3]	*[3]	*[3]	*[3]	Pro A[3]	Contra B[3]	Contra C[3]	_	_	Hauptteil[9]	3. Warrant[15]	
5-7	421-426	selbe	1. Richtig[3]	1. Angemessen[3]	1. Verständlich[3]	Jahresertrag/Energiedichte Vorhanden[3]	*[3]	*[3]	*[3]	*[3]	*[3]	*[3]	Pro A[3]	Contra B[3]	Contra C[3]	_	_	Hauptteil[9]	3. Warrant[15]	
5-8	427-434	Energie	1. Richtig[3]	1. Angemessen[3]	1. Verständlich[3]	Jahresertrag/Energiedichte Vorhanden[3]	*[3]	*[3]	*[3]	*[3]	*[3]	*[3]	Pro A[3]	Contra B[3]	Contra C[3]	_	_	Hauptteil[9]	3. Warrant[15]	
5-9	435-442	weniger	1. Richtig[3]	1. Angemessen[3]	1. Verständlich[3]	Jahresertrag/Energiedichte Vorhanden[3]	*[3]	*[3]	*[3]	*[3]	*[3]	*[3]	Pro A[3]	Contra B[3]	Contra C[3]	_	_	Hauptteil[9]	3. Warrant[15]	
5-10	443-449	tanken	1. Richtig[3]	1. Angemessen[3]	1. Verständlich[3]	Jahresertrag/Energiedichte Vorhanden[3]	*[3]	*[3]	*[3]	*[3]	*[3]	*[3]	Pro A[3]	Contra B[3]	Contra C[3]	_	_	Hauptteil[9]	3. Warrant[15]	
5-11	449-450	.	1. Richtig[3]	1. Angemessen[3]	1. Verständlich[3]	Jahresertrag/Energiedichte Vorhanden[3]	*[3]	*[3]	*[3]	*[3]	*[3]	*[3]	Pro A[3]	Contra B[3]	Contra C[3]	_	_	Hauptteil[9]	3. Warrant[15]	

6-1	451-453	Zu	1. Richtig[4]	1. Angemessen[4]	1. Verständlich[4]	*[4]	*[4]	Emissionen vorhanden[4]	*[4]	*[4]	*[4]	*[4]	Pro A[4]	Contra B[4]	Pro C[4]	_	_	Hauptteil[9]	5. Nicht zutreffend[16]	
6-2	454-462	erwähnen	1. Richtig[4]	1. Angemessen[4]	1. Verständlich[4]	*[4]	*[4]	Emissionen vorhanden[4]	*[4]	*[4]	*[4]	*[4]	Pro A[4]	Contra B[4]	Pro C[4]	_	_	Hauptteil[9]	5. Nicht zutreffend[16]	
6-3	463-466	ist	1. Richtig[4]	1. Angemessen[4]	1. Verständlich[4]	*[4]	*[4]	Emissionen vorhanden[4]	*[4]	*[4]	*[4]	*[4]	Pro A[4]	Contra B[4]	Pro C[4]	_	_	Hauptteil[9]	5. Nicht zutreffend[16]	
6-4	467-475	außerdem	1. Richtig[4]	1. Angemessen[4]	1. Verständlich[4]	*[4]	*[4]	Emissionen vorhanden[4]	*[4]	*[4]	*[4]	*[4]	Pro A[4]	Contra B[4]	Pro C[4]	_	_	Hauptteil[9]	5. Nicht zutreffend[16]	
6-5	475-476	,	1. Richtig[4]	1. Angemessen[4]	1. Verständlich[4]	*[4]	*[4]	Emissionen vorhanden[4]	*[4]	*[4]	*[4]	*[4]	Pro A[4]	Contra B[4]	Pro C[4]	_	_	Hauptteil[9]	5. Nicht zutreffend[16]	
6-6	477-481	dass	1. Richtig[4]	1. Angemessen[4]	1. Verständlich[4]	*[4]	*[4]	Emissionen vorhanden[4]	*[4]	*[4]	*[4]	*[4]	Pro A[4]	Contra B[4]	Pro C[4]	_	_	Hauptteil[9]	2. Data[17]	
6-7	482-485	die	1. Richtig[4]	1. Angemessen[4]	1. Verständlich[4]	*[4]	*[4]	Emissionen vorhanden[4]	*[4]	*[4]	*[4]	*[4]	Pro A[4]	Contra B[4]	Pro C[4]	_	_	Hauptteil[9]	2. Data[17]	
6-8	486-502	Geräuschemission	1. Richtig[4]	1. Angemessen[4]	1. Verständlich[4]	*[4]	*[4]	Emissionen vorhanden[4]	*[4]	*[4]	*[4]	*[4]	Pro A[4]	Contra B[4]	Pro C[4]	_	_	Hauptteil[9]	2. Data[17]	
6-9	503-506	mit	1. Richtig[4]	1. Angemessen[4]	1. Verständlich[4]	*[4]	*[4]	Emissionen vorhanden[4]	*[4]	*[4]	*[4]	*[4]	Pro A[4]	Contra B[4]	Pro C[4]	_	_	Hauptteil[9]	2. Data[17]	
6-10	507-518	Wasserstoff	1. Richtig[4]	1. Angemessen[4]	1. Verständlich[4]	*[4]	*[4]	Emissionen vorhanden[4]	*[4]	*[4]	*[4]	*[4]	Pro A[4]	Contra B[4]	Pro C[4]	_	_	Hauptteil[9]	2. Data[17]	
6-11	519-526	genauso	1. Richtig[4]	1. Angemessen[4]	1. Verständlich[4]	*[4]	*[4]	Emissionen vorhanden[4]	*[4]	*[4]	*[4]	*[4]	Pro A[4]	Contra B[4]	Pro C[4]	_	_	Hauptteil[9]	2. Data[17]	
6-12	527-530	bei	1. Richtig[4]	1. Angemessen[4]	1. Verständlich[4]	*[4]	*[4]	Emissionen vorhanden[4]	*[4]	*[4]	*[4]	*[4]	Pro A[4]	Contra B[4]	Pro C[4]	_	_	Hauptteil[9]	2. Data[17]	
6-13	531-533	57	1. Richtig[4]	1. Angemessen[4]	1. Verständlich[4]	*[4]	*[4]	Emissionen vorhanden[4]	*[4]	*[4]	*[4]	*[4]	Pro A[4]	Contra B[4]	Pro C[4]	_	_	Hauptteil[9]	2. Data[17]	
6-14	534-536	dB	1. Richtig[4]	1. Angemessen[4]	1. Verständlich[4]	*[4]	*[4]	Emissionen vorhanden[4]	*[4]	*[4]	*[4]	*[4]	Pro A[4]	Contra B[4]	Pro C[4]	_	_	Hauptteil[9]	2. Data[17]	
6-15	537-540	bei	1. Richtig[4]	1. Angemessen[4]	1. Verständlich[4]	*[4]	*[4]	Emissionen vorhanden[4]	*[4]	*[4]	*[4]	*[4]	Pro A[4]	Contra B[4]	Pro C[4]	_	_	Hauptteil[9]	2. Data[17]	
6-16	541-543	30	1. Richtig[4]	1. Angemessen[4]	1. Verständlich[4]	*[4]	*[4]	Emissionen vorhanden[4]	*[4]	*[4]	*[4]	*[4]	Pro A[4]	Contra B[4]	Pro C[4]	_	_	Hauptteil[9]	2. Data[17]	
6-17	544-546	km	1. Richtig[4]	1. Angemessen[4]	1. Verständlich[4]	*[4]	*[4]	Emissionen vorhanden[4]	*[4]	*[4]	*[4]	*[4]	Pro A[4]	Contra B[4]	Pro C[4]	_	_	Hauptteil[9]	2. Data[17]	
6-18	546-547	/	1. Richtig[4]	1. Angemessen[4]	1. Verständlich[4]	*[4]	*[4]	Emissionen vorhanden[4]	*[4]	*[4]	*[4]	*[4]	Pro A[4]	Contra B[4]	Pro C[4]	_	_	Hauptteil[9]	2. Data[17]	
6-19	547-548	h	1. Richtig[4]	1. Angemessen[4]	1. Verständlich[4]	*[4]	*[4]	Emissionen vorhanden[4]	*[4]	*[4]	*[4]	*[4]	Pro A[4]	Contra B[4]	Pro C[4]	_	_	Hauptteil[9]	2. Data[17]	
6-20	549-554	liegt	1. Richtig[4]	1. Angemessen[4]	1. Verständlich[4]	*[4]	*[4]	Emissionen vorhanden[4]	*[4]	*[4]	*[4]	*[4]	Pro A[4]	Contra B[4]	Pro C[4]	_	_	Hauptteil[9]	2. Data[17]	
6-21	555-558	wie	1. Richtig[4]	1. Angemessen[4]	1. Verständlich[4]	*[4]	*[4]	Emissionen vorhanden[4]	*[4]	*[4]	*[4]	*[4]	Pro A[4]	Contra B[4]	Pro C[4]	_	_	Hauptteil[9]	2. Data[17]	
6-22	559-562	die	1. Richtig[4]	1. Angemessen[4]	1. Verständlich[4]	*[4]	*[4]	Emissionen vorhanden[4]	*[4]	*[4]	*[4]	*[4]	Pro A[4]	Contra B[4]	Pro C[4]	_	_	Hauptteil[9]	2. Data[17]	
6-23	563-566	der	1. Richtig[4]	1. Angemessen[4]	1. Verständlich[4]	*[4]	*[4]	Emissionen vorhanden[4]	*[4]	*[4]	*[4]	*[4]	Pro A[4]	Contra B[4]	Pro C[4]	_	_	Hauptteil[9]	2. Data[17]	
6-24	567-580	Akkumulatoren	1. Richtig[4]	1. Angemessen[4]	1. Verständlich[4]	*[4]	*[4]	Emissionen vorhanden[4]	*[4]	*[4]	*[4]	*[4]	Pro A[4]	Contra B[4]	Pro C[4]	_	_	Hauptteil[9]	2. Data[17]	
6-25	580-581	.	1. Richtig[4]	1. Angemessen[4]	1. Verständlich[4]	*[4]	*[4]	Emissionen vorhanden[4]	*[4]	*[4]	*[4]	*[4]	Pro A[4]	Contra B[4]	Pro C[4]	_	_	Hauptteil[9]	2. Data[17]	

7-1	582-585	Die	1. Richtig[4]	1. Angemessen[4]	1. Verständlich[4]	*[4]	*[4]	Emissionen vorhanden[4]	*[4]	*[4]	*[4]	*[4]	Pro A[4]	Contra B[4]	Pro C[4]	_	_	Hauptteil[9]	2. Data[18]	
7-2	586-593	E-Fuels	1. Richtig[4]	1. Angemessen[4]	1. Verständlich[4]	*[4]	*[4]	Emissionen vorhanden[4]	*[4]	*[4]	*[4]	*[4]	Pro A[4]	Contra B[4]	Pro C[4]	_	_	Hauptteil[9]	2. Data[18]	
7-3	594-602	hingegen	1. Richtig[4]	1. Angemessen[4]	1. Verständlich[4]	*[4]	*[4]	Emissionen vorhanden[4]	*[4]	*[4]	*[4]	*[4]	Pro A[4]	Contra B[4]	Pro C[4]	_	_	Hauptteil[9]	2. Data[18]	
7-4	603-607	sind	1. Richtig[4]	1. Angemessen[4]	1. Verständlich[4]	*[4]	*[4]	Emissionen vorhanden[4]	*[4]	*[4]	*[4]	*[4]	Pro A[4]	Contra B[4]	Pro C[4]	_	_	Hauptteil[9]	2. Data[18]	
7-5	608-611	mit	1. Richtig[4]	1. Angemessen[4]	1. Verständlich[4]	*[4]	*[4]	Emissionen vorhanden[4]	*[4]	*[4]	*[4]	*[4]	Pro A[4]	Contra B[4]	Pro C[4]	_	_	Hauptteil[9]	2. Data[18]	
7-6	612-614	61	1. Richtig[4]	1. Angemessen[4]	1. Verständlich[4]	*[4]	*[4]	Emissionen vorhanden[4]	*[4]	*[4]	*[4]	*[4]	Pro A[4]	Contra B[4]	Pro C[4]	_	_	Hauptteil[9]	2. Data[18]	
7-7	615-617	dB	1. Richtig[4]	1. Angemessen[4]	1. Verständlich[4]	*[4]	*[4]	Emissionen vorhanden[4]	*[4]	*[4]	*[4]	*[4]	Pro A[4]	Contra B[4]	Pro C[4]	_	_	Hauptteil[9]	2. Data[18]	
7-8	618-623	etwas	1. Richtig[4]	1. Angemessen[4]	1. Verständlich[4]	*[4]	*[4]	Emissionen vorhanden[4]	*[4]	*[4]	*[4]	*[4]	Pro A[4]	Contra B[4]	Pro C[4]	_	_	Hauptteil[9]	2. Data[18]	
7-9	624-630	lauter	1. Richtig[4]	1. Angemessen[4]	1. Verständlich[4]	*[4]	*[4]	Emissionen vorhanden[4]	*[4]	*[4]	*[4]	*[4]	Pro A[4]	Contra B[4]	Pro C[4]	_	_	Hauptteil[9]	2. Data[18]	
7-10	630-631	.	1. Richtig[4]	1. Angemessen[4]	1. Verständlich[4]	*[4]	*[4]	Emissionen vorhanden[4]	*[4]	*[4]	*[4]	*[4]	Pro A[4]	Contra B[4]	Pro C[4]	_	_	Hauptteil[9]	2. Data[18]	

8-1	632-635	Der	1. Richtig[5]	1. Angemessen[5]	1. Verständlich[5]	*[5]	Lebensdauer/Verfügbarkeit vorhanden[5]	*[5]	*[5]	*[5]	*[5]	Wirkungsgrad vorhanden[5]	Contra A[5]	*[5]	Pro C[5]	_	_	Hauptteil[9]	1. Claim[19]	
8-2	636-643	einzige	1. Richtig[5]	1. Angemessen[5]	1. Verständlich[5]	*[5]	Lebensdauer/Verfügbarkeit vorhanden[5]	*[5]	*[5]	*[5]	*[5]	Wirkungsgrad vorhanden[5]	Contra A[5]	*[5]	Pro C[5]	_	_	Hauptteil[9]	1. Claim[19]	
8-3	644-652	Nachteil	1. Richtig[5]	1. Angemessen[5]	1. Verständlich[5]	*[5]	Lebensdauer/Verfügbarkeit vorhanden[5]	*[5]	*[5]	*[5]	*[5]	Wirkungsgrad vorhanden[5]	Contra A[5]	*[5]	Pro C[5]	_	_	Hauptteil[9]	1. Claim[19]	
8-4	653-656	ist	1. Richtig[5]	1. Angemessen[5]	1. Verständlich[5]	*[5]	Lebensdauer/Verfügbarkeit vorhanden[5]	*[5]	*[5]	*[5]	*[5]	Wirkungsgrad vorhanden[5]	Contra A[5]	*[5]	Pro C[5]	_	_	Hauptteil[9]	1. Claim[19]	
8-5	656-657	,	1. Richtig[5]	1. Angemessen[5]	1. Verständlich[5]	*[5]	Lebensdauer/Verfügbarkeit vorhanden[5]	*[5]	*[5]	*[5]	*[5]	Wirkungsgrad vorhanden[5]	Contra A[5]	*[5]	Pro C[5]	_	_	Hauptteil[9]	1. Claim[19]	
8-6	658-662	dass	1. Richtig[5]	1. Angemessen[5]	1. Verständlich[5]	*[5]	Lebensdauer/Verfügbarkeit vorhanden[5]	*[5]	*[5]	*[5]	*[5]	Wirkungsgrad vorhanden[5]	Contra A[5]	*[5]	Pro C[5]	_	_	Hauptteil[9]	1. Claim[19]	
8-7	663-666	die	1. Richtig[5]	1. Angemessen[5]	1. Verständlich[5]	*[5]	Lebensdauer/Verfügbarkeit vorhanden[5]	*[5]	*[5]	*[5]	*[5]	Wirkungsgrad vorhanden[5]	Contra A[5]	*[5]	Pro C[5]	_	_	Hauptteil[9]	1. Claim[19]	
8-8	667-677	Produktion	1. Richtig[5]	1. Angemessen[5]	1. Verständlich[5]	*[5]	Lebensdauer/Verfügbarkeit vorhanden[5]	*[5]	*[5]	*[5]	*[5]	Wirkungsgrad vorhanden[5]	Contra A[5]	*[5]	Pro C[5]	_	_	Hauptteil[9]	1. Claim[19]	
8-9	678-681	von	1. Richtig[5]	1. Angemessen[5]	1. Verständlich[5]	*[5]	Lebensdauer/Verfügbarkeit vorhanden[5]	*[5]	*[5]	*[5]	*[5]	Wirkungsgrad vorhanden[5]	Contra A[5]	*[5]	Pro C[5]	_	_	Hauptteil[9]	1. Claim[19]	
8-10	682-693	Wasserstoff	1. Richtig[5]	1. Angemessen[5]	1. Verständlich[5]	*[5]	Lebensdauer/Verfügbarkeit vorhanden[5]	*[5]	*[5]	*[5]	*[5]	Wirkungsgrad vorhanden[5]	Contra A[5]	*[5]	Pro C[5]	_	_	Hauptteil[9]	1. Claim[19]	
8-11	694-702	momentan	1. Richtig[5]	1. Angemessen[5]	1. Verständlich[5]	*[5]	Lebensdauer/Verfügbarkeit vorhanden[5]	*[5]	*[5]	*[5]	*[5]	Wirkungsgrad vorhanden[5]	Contra A[5]	*[5]	Pro C[5]	_	_	Hauptteil[9]	1. Claim[19]	
8-12	703-707	noch	1. Richtig[5]	1. Angemessen[5]	1. Verständlich[5]	*[5]	Lebensdauer/Verfügbarkeit vorhanden[5]	*[5]	*[5]	*[5]	*[5]	Wirkungsgrad vorhanden[5]	Contra A[5]	*[5]	Pro C[5]	_	_	Hauptteil[9]	1. Claim[19]	
8-13	708-710	zu	1. Richtig[5]	1. Angemessen[5]	1. Verständlich[5]	*[5]	Lebensdauer/Verfügbarkeit vorhanden[5]	*[5]	*[5]	*[5]	*[5]	Wirkungsgrad vorhanden[5]	Contra A[5]	*[5]	Pro C[5]	_	_	Hauptteil[9]	1. Claim[19]	
8-14	711-716	teuer	1. Richtig[5]	1. Angemessen[5]	1. Verständlich[5]	*[5]	Lebensdauer/Verfügbarkeit vorhanden[5]	*[5]	*[5]	*[5]	*[5]	Wirkungsgrad vorhanden[5]	Contra A[5]	*[5]	Pro C[5]	_	_	Hauptteil[9]	1. Claim[19]	
8-15	717-720	ist	1. Richtig[5]	1. Angemessen[5]	1. Verständlich[5]	*[5]	Lebensdauer/Verfügbarkeit vorhanden[5]	*[5]	*[5]	*[5]	*[5]	Wirkungsgrad vorhanden[5]	Contra A[5]	*[5]	Pro C[5]	_	_	Hauptteil[9]	1. Claim[19]	
8-16	721-724	und	1. Richtig[5]	1. Angemessen[5]	1. Verständlich[5]	*[5]	Lebensdauer/Verfügbarkeit vorhanden[5]	*[5]	*[5]	*[5]	*[5]	Wirkungsgrad vorhanden[5]	Contra A[5]	*[5]	Pro C[5]	_	_	Hauptteil[9]	2. Data[20]	
8-17	725-728	der	1. Richtig[5]	1. Angemessen[5]	1. Verständlich[5]	*[5]	Lebensdauer/Verfügbarkeit vorhanden[5]	*[5]	*[5]	*[5]	*[5]	Wirkungsgrad vorhanden[5]	Contra A[5]	*[5]	Pro C[5]	_	_	Hauptteil[9]	2. Data[20]	
8-18	729-747	Gesamtwirkungsgrad	1. Richtig[5]	1. Angemessen[5]	1. Verständlich[5]	*[5]	Lebensdauer/Verfügbarkeit vorhanden[5]	*[5]	*[5]	*[5]	*[5]	Wirkungsgrad vorhanden[5]	Contra A[5]	*[5]	Pro C[5]	_	_	Hauptteil[9]	2. Data[20]	
8-19	748-756	deutlich	1. Richtig[5]	1. Angemessen[5]	1. Verständlich[5]	*[5]	Lebensdauer/Verfügbarkeit vorhanden[5]	*[5]	*[5]	*[5]	*[5]	Wirkungsgrad vorhanden[5]	Contra A[5]	*[5]	Pro C[5]	_	_	Hauptteil[9]	2. Data[20]	
8-20	757-766	niedriger	1. Richtig[5]	1. Angemessen[5]	1. Verständlich[5]	*[5]	Lebensdauer/Verfügbarkeit vorhanden[5]	*[5]	*[5]	*[5]	*[5]	Wirkungsgrad vorhanden[5]	Contra A[5]	*[5]	Pro C[5]	_	_	Hauptteil[9]	2. Data[20]	
8-21	767-770	ist	1. Richtig[5]	1. Angemessen[5]	1. Verständlich[5]	*[5]	Lebensdauer/Verfügbarkeit vorhanden[5]	*[5]	*[5]	*[5]	*[5]	Wirkungsgrad vorhanden[5]	Contra A[5]	*[5]	Pro C[5]	_	_	Hauptteil[9]	2. Data[20]	
8-22	771-774	als	1. Richtig[5]	1. Angemessen[5]	1. Verständlich[5]	*[5]	Lebensdauer/Verfügbarkeit vorhanden[5]	*[5]	*[5]	*[5]	*[5]	Wirkungsgrad vorhanden[5]	Contra A[5]	*[5]	Pro C[5]	_	_	Hauptteil[9]	2. Data[20]	
8-23	775-778	bei	1. Richtig[5]	1. Angemessen[5]	1. Verständlich[5]	*[5]	Lebensdauer/Verfügbarkeit vorhanden[5]	*[5]	*[5]	*[5]	*[5]	Wirkungsgrad vorhanden[5]	Contra A[5]	*[5]	Pro C[5]	_	_	Hauptteil[9]	2. Data[20]	
8-24	779-782	den	1. Richtig[5]	1. Angemessen[5]	1. Verständlich[5]	*[5]	Lebensdauer/Verfügbarkeit vorhanden[5]	*[5]	*[5]	*[5]	*[5]	Wirkungsgrad vorhanden[5]	Contra A[5]	*[5]	Pro C[5]	_	_	Hauptteil[9]	2. Data[20]	
8-25	783-796	Akkumulatoren	1. Richtig[5]	1. Angemessen[5]	1. Verständlich[5]	*[5]	Lebensdauer/Verfügbarkeit vorhanden[5]	*[5]	*[5]	*[5]	*[5]	Wirkungsgrad vorhanden[5]	Contra A[5]	*[5]	Pro C[5]	_	_	Hauptteil[9]	2. Data[20]	
8-26	796-797	.	1. Richtig[5]	1. Angemessen[5]	1. Verständlich[5]	*[5]	Lebensdauer/Verfügbarkeit vorhanden[5]	*[5]	*[5]	*[5]	*[5]	Wirkungsgrad vorhanden[5]	Contra A[5]	*[5]	Pro C[5]	_	_	Hauptteil[9]	2. Data[20]	

9-1	799-807	Trotzdem	_	_	_	_	_	_	_	_	_	_	_	_	_	3. Unbegründet[7]	Gesamtthese[7]	Schluss[10]	_	
9-2	808-815	befinde	_	_	_	_	_	_	_	_	_	_	_	_	_	3. Unbegründet[7]	Gesamtthese[7]	Schluss[10]	_	
9-3	816-819	ich	_	_	_	_	_	_	_	_	_	_	_	_	_	3. Unbegründet[7]	Gesamtthese[7]	Schluss[10]	_	
9-4	820-831	Wasserstoff	_	_	_	_	_	_	_	_	_	_	_	_	_	3. Unbegründet[7]	Gesamtthese[7]	Schluss[10]	_	
9-5	832-835	als	_	_	_	_	_	_	_	_	_	_	_	_	_	3. Unbegründet[7]	Gesamtthese[7]	Schluss[10]	_	
9-6	836-850	Zukunftslösung	_	_	_	_	_	_	_	_	_	_	_	_	_	3. Unbegründet[7]	Gesamtthese[7]	Schluss[10]	_	
9-7	851-855	nach	_	_	_	_	_	_	_	_	_	_	_	_	_	3. Unbegründet[7]	Gesamtthese[7]	Schluss[10]	_	
9-8	856-859	dem	_	_	_	_	_	_	_	_	_	_	_	_	_	3. Unbegründet[7]	Gesamtthese[7]	Schluss[10]	_	
9-9	860-866	Verbot	_	_	_	_	_	_	_	_	_	_	_	_	_	3. Unbegründet[7]	Gesamtthese[7]	Schluss[10]	_	
9-10	867-870	von	_	_	_	_	_	_	_	_	_	_	_	_	_	3. Unbegründet[7]	Gesamtthese[7]	Schluss[10]	_	
9-11	871-890	Verbrennungsmotoren	_	_	_	_	_	_	_	_	_	_	_	_	_	3. Unbegründet[7]	Gesamtthese[7]	Schluss[10]	_	
9-12	890-891	.	_	_	_	_	_	_	_	_	_	_	_	_	_	3. Unbegründet[7]	Gesamtthese[7]	Schluss[10]	_	
