#FORMAT=WebAnno TSV 3.3
#T_SP=webanno.custom.Argument|Accuracy|Adequacy|Clarity|KriteriumJahresertragEnergiedichte|KriteriumLebensdauerVerfgbarkeit|KriteriumLokaleEmissionenGeruschemissionen|KriteriumPreisBetrieb|KriteriumSonstiges|KriteriumTreibhausgasemissionen|KriteriumWirkungsgrad|OptionA|OptionB|OptionC
#T_SP=webanno.custom.DecisionMakingStrategies|Decision|Gesamtthese
#T_SP=webanno.custom.Struktur|Struktur
#T_SP=webanno.custom.StrukturTAP|TAPArgumente


1-1	0-6	Meiner	3. Nicht zutreffend[1]	3. Nicht zutreffend[1]	1. Verständlich[1]	*[1]	*[1]	*[1]	*[1]	Sonstiges vorhanden[1]	*[1]	*[1]	*[1]	Pro B[1]	Contra C[1]	2. Cut-off[4]	Gesamtthese[4]	Hauptteil[5]	1. Claim[6]	
1-2	7-14	Meinung	3. Nicht zutreffend[1]	3. Nicht zutreffend[1]	1. Verständlich[1]	*[1]	*[1]	*[1]	*[1]	Sonstiges vorhanden[1]	*[1]	*[1]	*[1]	Pro B[1]	Contra C[1]	2. Cut-off[4]	Gesamtthese[4]	Hauptteil[5]	1. Claim[6]	
1-3	15-19	nach	3. Nicht zutreffend[1]	3. Nicht zutreffend[1]	1. Verständlich[1]	*[1]	*[1]	*[1]	*[1]	Sonstiges vorhanden[1]	*[1]	*[1]	*[1]	Pro B[1]	Contra C[1]	2. Cut-off[4]	Gesamtthese[4]	Hauptteil[5]	1. Claim[6]	
1-4	20-25	wären	3. Nicht zutreffend[1]	3. Nicht zutreffend[1]	1. Verständlich[1]	*[1]	*[1]	*[1]	*[1]	Sonstiges vorhanden[1]	*[1]	*[1]	*[1]	Pro B[1]	Contra C[1]	2. Cut-off[4]	Gesamtthese[4]	Hauptteil[5]	1. Claim[6]	
1-5	26-33	e-fuels	3. Nicht zutreffend[1]	3. Nicht zutreffend[1]	1. Verständlich[1]	*[1]	*[1]	*[1]	*[1]	Sonstiges vorhanden[1]	*[1]	*[1]	*[1]	Pro B[1]	Contra C[1]	2. Cut-off[4]	Gesamtthese[4]	Hauptteil[5]	1. Claim[6]	
1-6	34-36	am	3. Nicht zutreffend[1]	3. Nicht zutreffend[1]	1. Verständlich[1]	*[1]	*[1]	*[1]	*[1]	Sonstiges vorhanden[1]	*[1]	*[1]	*[1]	Pro B[1]	Contra C[1]	2. Cut-off[4]	Gesamtthese[4]	Hauptteil[5]	1. Claim[6]	
1-7	37-51	nachhaltigsten	3. Nicht zutreffend[1]	3. Nicht zutreffend[1]	1. Verständlich[1]	*[1]	*[1]	*[1]	*[1]	Sonstiges vorhanden[1]	*[1]	*[1]	*[1]	Pro B[1]	Contra C[1]	2. Cut-off[4]	Gesamtthese[4]	Hauptteil[5]	1. Claim[6]	
1-8	52-54	da	3. Nicht zutreffend[1]	3. Nicht zutreffend[1]	1. Verständlich[1]	*[1]	*[1]	*[1]	*[1]	Sonstiges vorhanden[1]	*[1]	*[1]	*[1]	Pro B[1]	Contra C[1]	2. Cut-off[4]	Gesamtthese[4]	Hauptteil[5]	1. Claim[6]	
1-9	55-60	jeder	3. Nicht zutreffend[1]	3. Nicht zutreffend[1]	1. Verständlich[1]	*[1]	*[1]	*[1]	*[1]	Sonstiges vorhanden[1]	*[1]	*[1]	*[1]	Pro B[1]	Contra C[1]	2. Cut-off[4]	Gesamtthese[4]	Hauptteil[5]	1. Claim[6]	
1-10	61-65	sein	3. Nicht zutreffend[1]	3. Nicht zutreffend[1]	1. Verständlich[1]	*[1]	*[1]	*[1]	*[1]	Sonstiges vorhanden[1]	*[1]	*[1]	*[1]	Pro B[1]	Contra C[1]	2. Cut-off[4]	Gesamtthese[4]	Hauptteil[5]	1. Claim[6]	
1-11	66-70	auto	3. Nicht zutreffend[1]	3. Nicht zutreffend[1]	1. Verständlich[1]	*[1]	*[1]	*[1]	*[1]	Sonstiges vorhanden[1]	*[1]	*[1]	*[1]	Pro B[1]	Contra C[1]	2. Cut-off[4]	Gesamtthese[4]	Hauptteil[5]	1. Claim[6]	
1-12	71-79	behalten	3. Nicht zutreffend[1]	3. Nicht zutreffend[1]	1. Verständlich[1]	*[1]	*[1]	*[1]	*[1]	Sonstiges vorhanden[1]	*[1]	*[1]	*[1]	Pro B[1]	Contra C[1]	2. Cut-off[4]	Gesamtthese[4]	Hauptteil[5]	1. Claim[6]	
1-13	80-86	könnte	3. Nicht zutreffend[1]	3. Nicht zutreffend[1]	1. Verständlich[1]	*[1]	*[1]	*[1]	*[1]	Sonstiges vorhanden[1]	*[1]	*[1]	*[1]	Pro B[1]	Contra C[1]	2. Cut-off[4]	Gesamtthese[4]	Hauptteil[5]	1. Claim[6]	
1-14	87-90	und	3. Nicht zutreffend[1]	3. Nicht zutreffend[1]	1. Verständlich[1]	*[1]	*[1]	*[1]	*[1]	Sonstiges vorhanden[1]	*[1]	*[1]	*[1]	Pro B[1]	Contra C[1]	2. Cut-off[4]	Gesamtthese[4]	Hauptteil[5]	3. Warrant[7]	
1-15	91-96	somit	3. Nicht zutreffend[1]	3. Nicht zutreffend[1]	1. Verständlich[1]	*[1]	*[1]	*[1]	*[1]	Sonstiges vorhanden[1]	*[1]	*[1]	*[1]	Pro B[1]	Contra C[1]	2. Cut-off[4]	Gesamtthese[4]	Hauptteil[5]	3. Warrant[7]	
1-16	97-101	auch	3. Nicht zutreffend[1]	3. Nicht zutreffend[1]	1. Verständlich[1]	*[1]	*[1]	*[1]	*[1]	Sonstiges vorhanden[1]	*[1]	*[1]	*[1]	Pro B[1]	Contra C[1]	2. Cut-off[4]	Gesamtthese[4]	Hauptteil[5]	3. Warrant[7]	
1-17	102-110	Menschen	3. Nicht zutreffend[1]	3. Nicht zutreffend[1]	1. Verständlich[1]	*[1]	*[1]	*[1]	*[1]	Sonstiges vorhanden[1]	*[1]	*[1]	*[1]	Pro B[1]	Contra C[1]	2. Cut-off[4]	Gesamtthese[4]	Hauptteil[5]	3. Warrant[7]	
1-18	111-114	mit	3. Nicht zutreffend[1]	3. Nicht zutreffend[1]	1. Verständlich[1]	*[1]	*[1]	*[1]	*[1]	Sonstiges vorhanden[1]	*[1]	*[1]	*[1]	Pro B[1]	Contra C[1]	2. Cut-off[4]	Gesamtthese[4]	Hauptteil[5]	3. Warrant[7]	
1-19	115-120	einem	3. Nicht zutreffend[1]	3. Nicht zutreffend[1]	1. Verständlich[1]	*[1]	*[1]	*[1]	*[1]	Sonstiges vorhanden[1]	*[1]	*[1]	*[1]	Pro B[1]	Contra C[1]	2. Cut-off[4]	Gesamtthese[4]	Hauptteil[5]	3. Warrant[7]	
1-20	121-130	niedrigen	3. Nicht zutreffend[1]	3. Nicht zutreffend[1]	1. Verständlich[1]	*[1]	*[1]	*[1]	*[1]	Sonstiges vorhanden[1]	*[1]	*[1]	*[1]	Pro B[1]	Contra C[1]	2. Cut-off[4]	Gesamtthese[4]	Hauptteil[5]	3. Warrant[7]	
1-21	131-140	einkommen	3. Nicht zutreffend[1]	3. Nicht zutreffend[1]	1. Verständlich[1]	*[1]	*[1]	*[1]	*[1]	Sonstiges vorhanden[1]	*[1]	*[1]	*[1]	Pro B[1]	Contra C[1]	2. Cut-off[4]	Gesamtthese[4]	Hauptteil[5]	3. Warrant[7]	
1-22	141-146	mobil	3. Nicht zutreffend[1]	3. Nicht zutreffend[1]	1. Verständlich[1]	*[1]	*[1]	*[1]	*[1]	Sonstiges vorhanden[1]	*[1]	*[1]	*[1]	Pro B[1]	Contra C[1]	2. Cut-off[4]	Gesamtthese[4]	Hauptteil[5]	3. Warrant[7]	
1-23	147-154	bleiben	3. Nicht zutreffend[1]	3. Nicht zutreffend[1]	1. Verständlich[1]	*[1]	*[1]	*[1]	*[1]	Sonstiges vorhanden[1]	*[1]	*[1]	*[1]	Pro B[1]	Contra C[1]	2. Cut-off[4]	Gesamtthese[4]	Hauptteil[5]	3. Warrant[7]	
1-24	154-155	.	3. Nicht zutreffend[1]	3. Nicht zutreffend[1]	1. Verständlich[1]	*[1]	*[1]	*[1]	*[1]	Sonstiges vorhanden[1]	*[1]	*[1]	*[1]	Pro B[1]	Contra C[1]	2. Cut-off[4]	Gesamtthese[4]	Hauptteil[5]	3. Warrant[7]	
1-25	156-164	außerdem	3. Nicht zutreffend[1]	3. Nicht zutreffend[1]	1. Verständlich[1]	*[1]	*[1]	*[1]	*[1]	Sonstiges vorhanden[1]	*[1]	*[1]	*[1]	Pro B[1]	Contra C[1]	2. Cut-off[4]	Gesamtthese[4]	Hauptteil[5]	1. Claim[8]	
1-26	165-168	ist	3. Nicht zutreffend[1]	3. Nicht zutreffend[1]	1. Verständlich[1]	*[1]	*[1]	*[1]	*[1]	Sonstiges vorhanden[1]	*[1]	*[1]	*[1]	Pro B[1]	Contra C[1]	2. Cut-off[4]	Gesamtthese[4]	Hauptteil[5]	1. Claim[8]	
1-27	169-171	es	3. Nicht zutreffend[1]	3. Nicht zutreffend[1]	1. Verständlich[1]	*[1]	*[1]	*[1]	*[1]	Sonstiges vorhanden[1]	*[1]	*[1]	*[1]	Pro B[1]	Contra C[1]	2. Cut-off[4]	Gesamtthese[4]	Hauptteil[5]	1. Claim[8]	
1-28	172-183	Nachaltiger	3. Nicht zutreffend[1]	3. Nicht zutreffend[1]	1. Verständlich[1]	*[1]	*[1]	*[1]	*[1]	Sonstiges vorhanden[1]	*[1]	*[1]	*[1]	Pro B[1]	Contra C[1]	2. Cut-off[4]	Gesamtthese[4]	Hauptteil[5]	1. Claim[8]	
1-29	184-189	einen	3. Nicht zutreffend[1]	3. Nicht zutreffend[1]	1. Verständlich[1]	*[1]	*[1]	*[1]	*[1]	Sonstiges vorhanden[1]	*[1]	*[1]	*[1]	Pro B[1]	Contra C[1]	2. Cut-off[4]	Gesamtthese[4]	Hauptteil[5]	1. Claim[8]	
1-30	190-198	Oldtimer	3. Nicht zutreffend[1]	3. Nicht zutreffend[1]	1. Verständlich[1]	*[1]	*[1]	*[1]	*[1]	Sonstiges vorhanden[1]	*[1]	*[1]	*[1]	Pro B[1]	Contra C[1]	2. Cut-off[4]	Gesamtthese[4]	Hauptteil[5]	1. Claim[8]	
1-31	199-201	zu	3. Nicht zutreffend[1]	3. Nicht zutreffend[1]	1. Verständlich[1]	*[1]	*[1]	*[1]	*[1]	Sonstiges vorhanden[1]	*[1]	*[1]	*[1]	Pro B[1]	Contra C[1]	2. Cut-off[4]	Gesamtthese[4]	Hauptteil[5]	1. Claim[8]	
1-32	202-208	fahren	3. Nicht zutreffend[1]	3. Nicht zutreffend[1]	1. Verständlich[1]	*[1]	*[1]	*[1]	*[1]	Sonstiges vorhanden[1]	*[1]	*[1]	*[1]	Pro B[1]	Contra C[1]	2. Cut-off[4]	Gesamtthese[4]	Hauptteil[5]	1. Claim[8]	
1-33	209-212	und	3. Nicht zutreffend[1]	3. Nicht zutreffend[1]	1. Verständlich[1]	*[1]	*[1]	*[1]	*[1]	Sonstiges vorhanden[1]	*[1]	*[1]	*[1]	Pro B[1]	Contra C[1]	2. Cut-off[4]	Gesamtthese[4]	Hauptteil[5]	1. Claim[8]	
1-34	213-216	ihn	3. Nicht zutreffend[1]	3. Nicht zutreffend[1]	1. Verständlich[1]	*[1]	*[1]	*[1]	*[1]	Sonstiges vorhanden[1]	*[1]	*[1]	*[1]	Pro B[1]	Contra C[1]	2. Cut-off[4]	Gesamtthese[4]	Hauptteil[5]	1. Claim[8]	
1-35	217-219	zu	3. Nicht zutreffend[1]	3. Nicht zutreffend[1]	1. Verständlich[1]	*[1]	*[1]	*[1]	*[1]	Sonstiges vorhanden[1]	*[1]	*[1]	*[1]	Pro B[1]	Contra C[1]	2. Cut-off[4]	Gesamtthese[4]	Hauptteil[5]	1. Claim[8]	
1-36	220-230	reparieren	3. Nicht zutreffend[1]	3. Nicht zutreffend[1]	1. Verständlich[1]	*[1]	*[1]	*[1]	*[1]	Sonstiges vorhanden[1]	*[1]	*[1]	*[1]	Pro B[1]	Contra C[1]	2. Cut-off[4]	Gesamtthese[4]	Hauptteil[5]	1. Claim[8]	
1-37	231-234	als	3. Nicht zutreffend[1]	3. Nicht zutreffend[1]	1. Verständlich[1]	*[1]	*[1]	*[1]	*[1]	Sonstiges vorhanden[1]	*[1]	*[1]	*[1]	Pro B[1]	Contra C[1]	2. Cut-off[4]	Gesamtthese[4]	Hauptteil[5]	1. Claim[9]	
1-38	235-239	sich	3. Nicht zutreffend[1]	3. Nicht zutreffend[1]	1. Verständlich[1]	*[1]	*[1]	*[1]	*[1]	Sonstiges vorhanden[1]	*[1]	*[1]	*[1]	Pro B[1]	Contra C[1]	2. Cut-off[4]	Gesamtthese[4]	Hauptteil[5]	1. Claim[9]	
1-39	240-245	einen	3. Nicht zutreffend[1]	3. Nicht zutreffend[1]	1. Verständlich[1]	*[1]	*[1]	*[1]	*[1]	Sonstiges vorhanden[1]	*[1]	*[1]	*[1]	Pro B[1]	Contra C[1]	2. Cut-off[4]	Gesamtthese[4]	Hauptteil[5]	1. Claim[9]	
1-40	246-251	einen	3. Nicht zutreffend[1]	3. Nicht zutreffend[1]	1. Verständlich[1]	*[1]	*[1]	*[1]	*[1]	Sonstiges vorhanden[1]	*[1]	*[1]	*[1]	Pro B[1]	Contra C[1]	2. Cut-off[4]	Gesamtthese[4]	Hauptteil[5]	1. Claim[9]	
1-41	252-257	neuen	3. Nicht zutreffend[1]	3. Nicht zutreffend[1]	1. Verständlich[1]	*[1]	*[1]	*[1]	*[1]	Sonstiges vorhanden[1]	*[1]	*[1]	*[1]	Pro B[1]	Contra C[1]	2. Cut-off[4]	Gesamtthese[4]	Hauptteil[5]	1. Claim[9]	
1-42	258-263	tesla	3. Nicht zutreffend[1]	3. Nicht zutreffend[1]	1. Verständlich[1]	*[1]	*[1]	*[1]	*[1]	Sonstiges vorhanden[1]	*[1]	*[1]	*[1]	Pro B[1]	Contra C[1]	2. Cut-off[4]	Gesamtthese[4]	Hauptteil[5]	1. Claim[9]	
1-43	264-266	zu	3. Nicht zutreffend[1]	3. Nicht zutreffend[1]	1. Verständlich[1]	*[1]	*[1]	*[1]	*[1]	Sonstiges vorhanden[1]	*[1]	*[1]	*[1]	Pro B[1]	Contra C[1]	2. Cut-off[4]	Gesamtthese[4]	Hauptteil[5]	1. Claim[9]	
1-44	267-273	kaufen	3. Nicht zutreffend[1]	3. Nicht zutreffend[1]	1. Verständlich[1]	*[1]	*[1]	*[1]	*[1]	Sonstiges vorhanden[1]	*[1]	*[1]	*[1]	Pro B[1]	Contra C[1]	2. Cut-off[4]	Gesamtthese[4]	Hauptteil[5]	1. Claim[9]	
1-45	274-277	den	3. Nicht zutreffend[1]	3. Nicht zutreffend[1]	1. Verständlich[1]	*[1]	*[1]	*[1]	*[1]	Sonstiges vorhanden[1]	*[1]	*[1]	*[1]	Pro B[1]	Contra C[1]	2. Cut-off[4]	Gesamtthese[4]	Hauptteil[5]	1. Claim[9]	
1-46	278-282	sich	3. Nicht zutreffend[1]	3. Nicht zutreffend[1]	1. Verständlich[1]	*[1]	*[1]	*[1]	*[1]	Sonstiges vorhanden[1]	*[1]	*[1]	*[1]	Pro B[1]	Contra C[1]	2. Cut-off[4]	Gesamtthese[4]	Hauptteil[5]	1. Claim[9]	
1-47	283-285	eh	3. Nicht zutreffend[1]	3. Nicht zutreffend[1]	1. Verständlich[1]	*[1]	*[1]	*[1]	*[1]	Sonstiges vorhanden[1]	*[1]	*[1]	*[1]	Pro B[1]	Contra C[1]	2. Cut-off[4]	Gesamtthese[4]	Hauptteil[5]	1. Claim[9]	
1-48	286-292	keiner	3. Nicht zutreffend[1]	3. Nicht zutreffend[1]	1. Verständlich[1]	*[1]	*[1]	*[1]	*[1]	Sonstiges vorhanden[1]	*[1]	*[1]	*[1]	Pro B[1]	Contra C[1]	2. Cut-off[4]	Gesamtthese[4]	Hauptteil[5]	1. Claim[9]	
1-49	293-300	leisten	3. Nicht zutreffend[1]	3. Nicht zutreffend[1]	1. Verständlich[1]	*[1]	*[1]	*[1]	*[1]	Sonstiges vorhanden[1]	*[1]	*[1]	*[1]	Pro B[1]	Contra C[1]	2. Cut-off[4]	Gesamtthese[4]	Hauptteil[5]	1. Claim[9]	
1-50	301-305	kann	3. Nicht zutreffend[1]	3. Nicht zutreffend[1]	1. Verständlich[1]	*[1]	*[1]	*[1]	*[1]	Sonstiges vorhanden[1]	*[1]	*[1]	*[1]	Pro B[1]	Contra C[1]	2. Cut-off[4]	Gesamtthese[4]	Hauptteil[5]	1. Claim[9]	
1-51	305-306	…	3. Nicht zutreffend[1]	3. Nicht zutreffend[1]	1. Verständlich[1]	*[1]	*[1]	*[1]	*[1]	Sonstiges vorhanden[1]	*[1]	*[1]	*[1]	Pro B[1]	Contra C[1]	2. Cut-off[4]	Gesamtthese[4]	Hauptteil[5]	1. Claim[9]	
1-52	306-307	.	3. Nicht zutreffend[1]	3. Nicht zutreffend[1]	1. Verständlich[1]	*[1]	*[1]	*[1]	*[1]	Sonstiges vorhanden[1]	*[1]	*[1]	*[1]	Pro B[1]	Contra C[1]	2. Cut-off[4]	Gesamtthese[4]	Hauptteil[5]	1. Claim[9]	
1-53	307-308	.	3. Nicht zutreffend[1]	3. Nicht zutreffend[1]	1. Verständlich[1]	*[1]	*[1]	*[1]	*[1]	Sonstiges vorhanden[1]	*[1]	*[1]	*[1]	Pro B[1]	Contra C[1]	2. Cut-off[4]	Gesamtthese[4]	Hauptteil[5]	1. Claim[9]	

2-1	313-321	Außerdem	3. Nicht zutreffend[2]	3. Nicht zutreffend[2]	1. Verständlich[2]	*[2]	*[2]	*[2]	*[2]	Sonstiges vorhanden[2]	*[2]	*[2]	*[2]	Pro B[2]	Contra C[2]	_	_	Hauptteil[5]	1. Claim[10]	
2-2	322-326	wenn	3. Nicht zutreffend[2]	3. Nicht zutreffend[2]	1. Verständlich[2]	*[2]	*[2]	*[2]	*[2]	Sonstiges vorhanden[2]	*[2]	*[2]	*[2]	Pro B[2]	Contra C[2]	_	_	Hauptteil[5]	1. Claim[10]	
2-3	327-330	wir	3. Nicht zutreffend[2]	3. Nicht zutreffend[2]	1. Verständlich[2]	*[2]	*[2]	*[2]	*[2]	Sonstiges vorhanden[2]	*[2]	*[2]	*[2]	Pro B[2]	Contra C[2]	_	_	Hauptteil[5]	1. Claim[10]	
2-4	331-334	mal	3. Nicht zutreffend[2]	3. Nicht zutreffend[2]	1. Verständlich[2]	*[2]	*[2]	*[2]	*[2]	Sonstiges vorhanden[2]	*[2]	*[2]	*[2]	Pro B[2]	Contra C[2]	_	_	Hauptteil[5]	1. Claim[10]	
2-5	335-342	ehrlich	3. Nicht zutreffend[2]	3. Nicht zutreffend[2]	1. Verständlich[2]	*[2]	*[2]	*[2]	*[2]	Sonstiges vorhanden[2]	*[2]	*[2]	*[2]	Pro B[2]	Contra C[2]	_	_	Hauptteil[5]	1. Claim[10]	
2-6	343-347	sind	3. Nicht zutreffend[2]	3. Nicht zutreffend[2]	1. Verständlich[2]	*[2]	*[2]	*[2]	*[2]	Sonstiges vorhanden[2]	*[2]	*[2]	*[2]	Pro B[2]	Contra C[2]	_	_	Hauptteil[5]	1. Claim[10]	
2-7	348-353	sehen	3. Nicht zutreffend[2]	3. Nicht zutreffend[2]	1. Verständlich[2]	*[2]	*[2]	*[2]	*[2]	Sonstiges vorhanden[2]	*[2]	*[2]	*[2]	Pro B[2]	Contra C[2]	_	_	Hauptteil[5]	1. Claim[10]	
2-8	354-366	Elektroautos	3. Nicht zutreffend[2]	3. Nicht zutreffend[2]	1. Verständlich[2]	*[2]	*[2]	*[2]	*[2]	Sonstiges vorhanden[2]	*[2]	*[2]	*[2]	Pro B[2]	Contra C[2]	_	_	Hauptteil[5]	1. Claim[10]	
2-9	367-372	nicht	3. Nicht zutreffend[2]	3. Nicht zutreffend[2]	1. Verständlich[2]	*[2]	*[2]	*[2]	*[2]	Sonstiges vorhanden[2]	*[2]	*[2]	*[2]	Pro B[2]	Contra C[2]	_	_	Hauptteil[5]	1. Claim[10]	
2-10	373-376	nur	3. Nicht zutreffend[2]	3. Nicht zutreffend[2]	1. Verständlich[2]	*[2]	*[2]	*[2]	*[2]	Sonstiges vorhanden[2]	*[2]	*[2]	*[2]	Pro B[2]	Contra C[2]	_	_	Hauptteil[5]	1. Claim[10]	
2-11	377-384	scheiße	3. Nicht zutreffend[2]	3. Nicht zutreffend[2]	1. Verständlich[2]	*[2]	*[2]	*[2]	*[2]	Sonstiges vorhanden[2]	*[2]	*[2]	*[2]	Pro B[2]	Contra C[2]	_	_	Hauptteil[5]	1. Claim[10]	
2-12	385-388	aus	3. Nicht zutreffend[2]	3. Nicht zutreffend[2]	1. Verständlich[2]	*[2]	*[2]	*[2]	*[2]	Sonstiges vorhanden[2]	*[2]	*[2]	*[2]	Pro B[2]	Contra C[2]	_	_	Hauptteil[5]	1. Claim[10]	
2-13	389-392	sie	3. Nicht zutreffend[2]	3. Nicht zutreffend[2]	1. Verständlich[2]	*[2]	*[2]	*[2]	*[2]	Sonstiges vorhanden[2]	*[2]	*[2]	*[2]	Pro B[2]	Contra C[2]	_	_	Hauptteil[5]	1. Claim[11]	
2-14	393-398	haben	3. Nicht zutreffend[2]	3. Nicht zutreffend[2]	1. Verständlich[2]	*[2]	*[2]	*[2]	*[2]	Sonstiges vorhanden[2]	*[2]	*[2]	*[2]	Pro B[2]	Contra C[2]	_	_	Hauptteil[5]	1. Claim[11]	
2-15	399-403	auch	3. Nicht zutreffend[2]	3. Nicht zutreffend[2]	1. Verständlich[2]	*[2]	*[2]	*[2]	*[2]	Sonstiges vorhanden[2]	*[2]	*[2]	*[2]	Pro B[2]	Contra C[2]	_	_	Hauptteil[5]	1. Claim[11]	
2-16	404-410	keinen	3. Nicht zutreffend[2]	3. Nicht zutreffend[2]	1. Verständlich[2]	*[2]	*[2]	*[2]	*[2]	Sonstiges vorhanden[2]	*[2]	*[2]	*[2]	Pro B[2]	Contra C[2]	_	_	Hauptteil[5]	1. Claim[11]	
2-17	411-417	geilen	3. Nicht zutreffend[2]	3. Nicht zutreffend[2]	1. Verständlich[2]	*[2]	*[2]	*[2]	*[2]	Sonstiges vorhanden[2]	*[2]	*[2]	*[2]	Pro B[2]	Contra C[2]	_	_	Hauptteil[5]	1. Claim[11]	
2-18	418-420	V8	3. Nicht zutreffend[2]	3. Nicht zutreffend[2]	1. Verständlich[2]	*[2]	*[2]	*[2]	*[2]	Sonstiges vorhanden[2]	*[2]	*[2]	*[2]	Pro B[2]	Contra C[2]	_	_	Hauptteil[5]	1. Claim[11]	
2-19	421-426	sound	3. Nicht zutreffend[2]	3. Nicht zutreffend[2]	1. Verständlich[2]	*[2]	*[2]	*[2]	*[2]	Sonstiges vorhanden[2]	*[2]	*[2]	*[2]	Pro B[2]	Contra C[2]	_	_	Hauptteil[5]	1. Claim[11]	
2-20	427-430	der	3. Nicht zutreffend[2]	3. Nicht zutreffend[2]	1. Verständlich[2]	*[2]	*[2]	*[2]	*[2]	Sonstiges vorhanden[2]	*[2]	*[2]	*[2]	Pro B[2]	Contra C[2]	_	_	Hauptteil[5]	1. Claim[11]	
2-21	431-437	heftig	3. Nicht zutreffend[2]	3. Nicht zutreffend[2]	1. Verständlich[2]	*[2]	*[2]	*[2]	*[2]	Sonstiges vorhanden[2]	*[2]	*[2]	*[2]	Pro B[2]	Contra C[2]	_	_	Hauptteil[5]	1. Claim[11]	
2-22	438-445	ballert	3. Nicht zutreffend[2]	3. Nicht zutreffend[2]	1. Verständlich[2]	*[2]	*[2]	*[2]	*[2]	Sonstiges vorhanden[2]	*[2]	*[2]	*[2]	Pro B[2]	Contra C[2]	_	_	Hauptteil[5]	1. Claim[11]	
2-23	445-446	.	3. Nicht zutreffend[2]	3. Nicht zutreffend[2]	1. Verständlich[2]	*[2]	*[2]	*[2]	*[2]	Sonstiges vorhanden[2]	*[2]	*[2]	*[2]	Pro B[2]	Contra C[2]	_	_	Hauptteil[5]	1. Claim[11]	

3-1	449-454	Somit	3. Nicht zutreffend[2]	3. Nicht zutreffend[2]	1. Verständlich[2]	*[2]	*[2]	*[2]	*[2]	Sonstiges vorhanden[2]	*[2]	*[2]	*[2]	Pro B[2]	Contra C[2]	_	_	Hauptteil[5]	1. Claim[12]	
3-2	455-459	wäre	3. Nicht zutreffend[2]	3. Nicht zutreffend[2]	1. Verständlich[2]	*[2]	*[2]	*[2]	*[2]	Sonstiges vorhanden[2]	*[2]	*[2]	*[2]	Pro B[2]	Contra C[2]	_	_	Hauptteil[5]	1. Claim[12]	
3-3	460-465	durch	3. Nicht zutreffend[2]	3. Nicht zutreffend[2]	1. Verständlich[2]	*[2]	*[2]	*[2]	*[2]	Sonstiges vorhanden[2]	*[2]	*[2]	*[2]	Pro B[2]	Contra C[2]	_	_	Hauptteil[5]	1. Claim[12]	
3-4	466-469	die	3. Nicht zutreffend[2]	3. Nicht zutreffend[2]	1. Verständlich[2]	*[2]	*[2]	*[2]	*[2]	Sonstiges vorhanden[2]	*[2]	*[2]	*[2]	Pro B[2]	Contra C[2]	_	_	Hauptteil[5]	1. Claim[12]	
3-5	470-480	Verwendung	3. Nicht zutreffend[2]	3. Nicht zutreffend[2]	1. Verständlich[2]	*[2]	*[2]	*[2]	*[2]	Sonstiges vorhanden[2]	*[2]	*[2]	*[2]	Pro B[2]	Contra C[2]	_	_	Hauptteil[5]	1. Claim[12]	
3-6	481-484	von	3. Nicht zutreffend[2]	3. Nicht zutreffend[2]	1. Verständlich[2]	*[2]	*[2]	*[2]	*[2]	Sonstiges vorhanden[2]	*[2]	*[2]	*[2]	Pro B[2]	Contra C[2]	_	_	Hauptteil[5]	1. Claim[12]	
3-7	485-492	e-fuels	3. Nicht zutreffend[2]	3. Nicht zutreffend[2]	1. Verständlich[2]	*[2]	*[2]	*[2]	*[2]	Sonstiges vorhanden[2]	*[2]	*[2]	*[2]	Pro B[2]	Contra C[2]	_	_	Hauptteil[5]	1. Claim[12]	
3-8	493-498	immer	3. Nicht zutreffend[2]	3. Nicht zutreffend[2]	1. Verständlich[2]	*[2]	*[2]	*[2]	*[2]	Sonstiges vorhanden[2]	*[2]	*[2]	*[2]	Pro B[2]	Contra C[2]	_	_	Hauptteil[5]	1. Claim[12]	
3-9	499-503	noch	3. Nicht zutreffend[2]	3. Nicht zutreffend[2]	1. Verständlich[2]	*[2]	*[2]	*[2]	*[2]	Sonstiges vorhanden[2]	*[2]	*[2]	*[2]	Pro B[2]	Contra C[2]	_	_	Hauptteil[5]	1. Claim[12]	
3-10	504-508	eine	3. Nicht zutreffend[2]	3. Nicht zutreffend[2]	1. Verständlich[2]	*[2]	*[2]	*[2]	*[2]	Sonstiges vorhanden[2]	*[2]	*[2]	*[2]	Pro B[2]	Contra C[2]	_	_	Hauptteil[5]	1. Claim[12]	
3-11	509-516	freunde	3. Nicht zutreffend[2]	3. Nicht zutreffend[2]	1. Verständlich[2]	*[2]	*[2]	*[2]	*[2]	Sonstiges vorhanden[2]	*[2]	*[2]	*[2]	Pro B[2]	Contra C[2]	_	_	Hauptteil[5]	1. Claim[12]	
3-12	517-519	am	3. Nicht zutreffend[2]	3. Nicht zutreffend[2]	1. Verständlich[2]	*[2]	*[2]	*[2]	*[2]	Sonstiges vorhanden[2]	*[2]	*[2]	*[2]	Pro B[2]	Contra C[2]	_	_	Hauptteil[5]	1. Claim[12]	
3-13	520-526	fahren	3. Nicht zutreffend[2]	3. Nicht zutreffend[2]	1. Verständlich[2]	*[2]	*[2]	*[2]	*[2]	Sonstiges vorhanden[2]	*[2]	*[2]	*[2]	Pro B[2]	Contra C[2]	_	_	Hauptteil[5]	1. Claim[12]	
3-14	527-530	und	3. Nicht zutreffend[2]	3. Nicht zutreffend[2]	1. Verständlich[2]	*[2]	*[2]	*[2]	*[2]	Sonstiges vorhanden[2]	*[2]	*[2]	*[2]	Pro B[2]	Contra C[2]	_	_	Hauptteil[5]	1. Claim[12]	
3-15	531-533	an	3. Nicht zutreffend[2]	3. Nicht zutreffend[2]	1. Verständlich[2]	*[2]	*[2]	*[2]	*[2]	Sonstiges vorhanden[2]	*[2]	*[2]	*[2]	Pro B[2]	Contra C[2]	_	_	Hauptteil[5]	1. Claim[12]	
3-16	534-537	der	3. Nicht zutreffend[2]	3. Nicht zutreffend[2]	1. Verständlich[2]	*[2]	*[2]	*[2]	*[2]	Sonstiges vorhanden[2]	*[2]	*[2]	*[2]	Pro B[2]	Contra C[2]	_	_	Hauptteil[5]	1. Claim[12]	
3-17	538-545	Technik	3. Nicht zutreffend[2]	3. Nicht zutreffend[2]	1. Verständlich[2]	*[2]	*[2]	*[2]	*[2]	Sonstiges vorhanden[2]	*[2]	*[2]	*[2]	Pro B[2]	Contra C[2]	_	_	Hauptteil[5]	1. Claim[12]	
3-18	546-553	gegeben	3. Nicht zutreffend[2]	3. Nicht zutreffend[2]	1. Verständlich[2]	*[2]	*[2]	*[2]	*[2]	Sonstiges vorhanden[2]	*[2]	*[2]	*[2]	Pro B[2]	Contra C[2]	_	_	Hauptteil[5]	1. Claim[12]	
3-19	553-554	.	3. Nicht zutreffend[2]	3. Nicht zutreffend[2]	1. Verständlich[2]	*[2]	*[2]	*[2]	*[2]	Sonstiges vorhanden[2]	*[2]	*[2]	*[2]	Pro B[2]	Contra C[2]	_	_	Hauptteil[5]	1. Claim[12]	

4-1	557-562	Liebe	3. Nicht zutreffend[3]	3. Nicht zutreffend[3]	1. Verständlich[3]	*[3]	*[3]	*[3]	*[3]	Sonstiges vorhanden[3]	*[3]	*[3]	*[3]	*[3]	*[3]	_	_	Hauptteil[5]	5. Nicht zutreffend[13]	
4-2	563-568	Grüße	3. Nicht zutreffend[3]	3. Nicht zutreffend[3]	1. Verständlich[3]	*[3]	*[3]	*[3]	*[3]	Sonstiges vorhanden[3]	*[3]	*[3]	*[3]	*[3]	*[3]	_	_	Hauptteil[5]	5. Nicht zutreffend[13]	
4-3	568-569	.	3. Nicht zutreffend[3]	3. Nicht zutreffend[3]	1. Verständlich[3]	*[3]	*[3]	*[3]	*[3]	Sonstiges vorhanden[3]	*[3]	*[3]	*[3]	*[3]	*[3]	_	_	Hauptteil[5]	5. Nicht zutreffend[13]	
4-4	574-575	.	3. Nicht zutreffend[3]	3. Nicht zutreffend[3]	1. Verständlich[3]	*[3]	*[3]	*[3]	*[3]	Sonstiges vorhanden[3]	*[3]	*[3]	*[3]	*[3]	*[3]	_	_	Hauptteil[5]	_	

5-1	578-581	Ich	3. Nicht zutreffend[3]	3. Nicht zutreffend[3]	1. Verständlich[3]	*[3]	*[3]	*[3]	*[3]	Sonstiges vorhanden[3]	*[3]	*[3]	*[3]	*[3]	*[3]	_	_	Hauptteil[5]	5. Nicht zutreffend[14]	
5-2	582-586	habe	3. Nicht zutreffend[3]	3. Nicht zutreffend[3]	1. Verständlich[3]	*[3]	*[3]	*[3]	*[3]	Sonstiges vorhanden[3]	*[3]	*[3]	*[3]	*[3]	*[3]	_	_	Hauptteil[5]	5. Nicht zutreffend[14]	
5-3	587-592	meine	3. Nicht zutreffend[3]	3. Nicht zutreffend[3]	1. Verständlich[3]	*[3]	*[3]	*[3]	*[3]	Sonstiges vorhanden[3]	*[3]	*[3]	*[3]	*[3]	*[3]	_	_	Hauptteil[5]	5. Nicht zutreffend[14]	
5-4	593-600	Meinung	3. Nicht zutreffend[3]	3. Nicht zutreffend[3]	1. Verständlich[3]	*[3]	*[3]	*[3]	*[3]	Sonstiges vorhanden[3]	*[3]	*[3]	*[3]	*[3]	*[3]	_	_	Hauptteil[5]	5. Nicht zutreffend[14]	
5-5	601-606	nicht	3. Nicht zutreffend[3]	3. Nicht zutreffend[3]	1. Verständlich[3]	*[3]	*[3]	*[3]	*[3]	Sonstiges vorhanden[3]	*[3]	*[3]	*[3]	*[3]	*[3]	_	_	Hauptteil[5]	5. Nicht zutreffend[14]	
5-6	607-615	geändert	3. Nicht zutreffend[3]	3. Nicht zutreffend[3]	1. Verständlich[3]	*[3]	*[3]	*[3]	*[3]	Sonstiges vorhanden[3]	*[3]	*[3]	*[3]	*[3]	*[3]	_	_	Hauptteil[5]	5. Nicht zutreffend[14]	
5-7	616-621	schon	3. Nicht zutreffend[3]	3. Nicht zutreffend[3]	1. Verständlich[3]	*[3]	*[3]	*[3]	*[3]	Sonstiges vorhanden[3]	*[3]	*[3]	*[3]	*[3]	*[3]	_	_	Hauptteil[5]	5. Nicht zutreffend[14]	
5-8	622-630	bisschen	3. Nicht zutreffend[3]	3. Nicht zutreffend[3]	1. Verständlich[3]	*[3]	*[3]	*[3]	*[3]	Sonstiges vorhanden[3]	*[3]	*[3]	*[3]	*[3]	*[3]	_	_	Hauptteil[5]	5. Nicht zutreffend[14]	
5-9	631-634	SuS	3. Nicht zutreffend[3]	3. Nicht zutreffend[3]	1. Verständlich[3]	*[3]	*[3]	*[3]	*[3]	Sonstiges vorhanden[3]	*[3]	*[3]	*[3]	*[3]	*[3]	_	_	Hauptteil[5]	5. Nicht zutreffend[14]	
5-10	635-638	das	3. Nicht zutreffend[3]	3. Nicht zutreffend[3]	1. Verständlich[3]	*[3]	*[3]	*[3]	*[3]	Sonstiges vorhanden[3]	*[3]	*[3]	*[3]	*[3]	*[3]	_	_	Hauptteil[5]	5. Nicht zutreffend[14]	
5-11	639-644	ganze	3. Nicht zutreffend[3]	3. Nicht zutreffend[3]	1. Verständlich[3]	*[3]	*[3]	*[3]	*[3]	Sonstiges vorhanden[3]	*[3]	*[3]	*[3]	*[3]	*[3]	_	_	Hauptteil[5]	5. Nicht zutreffend[14]	
5-12	645-649	hier	3. Nicht zutreffend[3]	3. Nicht zutreffend[3]	1. Verständlich[3]	*[3]	*[3]	*[3]	*[3]	Sonstiges vorhanden[3]	*[3]	*[3]	*[3]	*[3]	*[3]	_	_	Hauptteil[5]	5. Nicht zutreffend[14]	
5-13	650-653	lan	3. Nicht zutreffend[3]	3. Nicht zutreffend[3]	1. Verständlich[3]	*[3]	*[3]	*[3]	*[3]	Sonstiges vorhanden[3]	*[3]	*[3]	*[3]	*[3]	*[3]	_	_	Hauptteil[5]	5. Nicht zutreffend[14]	
5-14	653-654	.	3. Nicht zutreffend[3]	3. Nicht zutreffend[3]	1. Verständlich[3]	*[3]	*[3]	*[3]	*[3]	Sonstiges vorhanden[3]	*[3]	*[3]	*[3]	*[3]	*[3]	_	_	Hauptteil[5]	5. Nicht zutreffend[14]	

6-1	659-664	Anbei	3. Nicht zutreffend[3]	3. Nicht zutreffend[3]	1. Verständlich[3]	*[3]	*[3]	*[3]	*[3]	Sonstiges vorhanden[3]	*[3]	*[3]	*[3]	*[3]	*[3]	_	_	Hauptteil[5]	5. Nicht zutreffend[15]	
6-2	665-669	noch	3. Nicht zutreffend[3]	3. Nicht zutreffend[3]	1. Verständlich[3]	*[3]	*[3]	*[3]	*[3]	Sonstiges vorhanden[3]	*[3]	*[3]	*[3]	*[3]	*[3]	_	_	Hauptteil[5]	5. Nicht zutreffend[15]	
6-3	670-675	eines	3. Nicht zutreffend[3]	3. Nicht zutreffend[3]	1. Verständlich[3]	*[3]	*[3]	*[3]	*[3]	Sonstiges vorhanden[3]	*[3]	*[3]	*[3]	*[3]	*[3]	_	_	Hauptteil[5]	5. Nicht zutreffend[15]	
6-4	676-682	meiner	3. Nicht zutreffend[3]	3. Nicht zutreffend[3]	1. Verständlich[3]	*[3]	*[3]	*[3]	*[3]	Sonstiges vorhanden[3]	*[3]	*[3]	*[3]	*[3]	*[3]	_	_	Hauptteil[5]	5. Nicht zutreffend[15]	
6-5	683-688	Werke	3. Nicht zutreffend[3]	3. Nicht zutreffend[3]	1. Verständlich[3]	*[3]	*[3]	*[3]	*[3]	Sonstiges vorhanden[3]	*[3]	*[3]	*[3]	*[3]	*[3]	_	_	Hauptteil[5]	5. Nicht zutreffend[15]	
6-6	689-695	welche	3. Nicht zutreffend[3]	3. Nicht zutreffend[3]	1. Verständlich[3]	*[3]	*[3]	*[3]	*[3]	Sonstiges vorhanden[3]	*[3]	*[3]	*[3]	*[3]	*[3]	_	_	Hauptteil[5]	5. Nicht zutreffend[15]	
6-7	696-699	ich	3. Nicht zutreffend[3]	3. Nicht zutreffend[3]	1. Verständlich[3]	*[3]	*[3]	*[3]	*[3]	Sonstiges vorhanden[3]	*[3]	*[3]	*[3]	*[3]	*[3]	_	_	Hauptteil[5]	5. Nicht zutreffend[15]	
6-8	700-702	im	3. Nicht zutreffend[3]	3. Nicht zutreffend[3]	1. Verständlich[3]	*[3]	*[3]	*[3]	*[3]	Sonstiges vorhanden[3]	*[3]	*[3]	*[3]	*[3]	*[3]	_	_	Hauptteil[5]	5. Nicht zutreffend[15]	
6-9	703-714	Videoformat	3. Nicht zutreffend[3]	3. Nicht zutreffend[3]	1. Verständlich[3]	*[3]	*[3]	*[3]	*[3]	Sonstiges vorhanden[3]	*[3]	*[3]	*[3]	*[3]	*[3]	_	_	Hauptteil[5]	5. Nicht zutreffend[15]	
6-10	715-733	veröffentlicheMUlm	3. Nicht zutreffend[3]	3. Nicht zutreffend[3]	1. Verständlich[3]	*[3]	*[3]	*[3]	*[3]	Sonstiges vorhanden[3]	*[3]	*[3]	*[3]	*[3]	*[3]	_	_	Hauptteil[5]	5. Nicht zutreffend[15]	
6-11	733-734	:	3. Nicht zutreffend[3]	3. Nicht zutreffend[3]	1. Verständlich[3]	*[3]	*[3]	*[3]	*[3]	Sonstiges vorhanden[3]	*[3]	*[3]	*[3]	*[3]	*[3]	_	_	Hauptteil[5]	5. Nicht zutreffend[15]	
6-12	735-740	https	3. Nicht zutreffend[3]	3. Nicht zutreffend[3]	1. Verständlich[3]	*[3]	*[3]	*[3]	*[3]	Sonstiges vorhanden[3]	*[3]	*[3]	*[3]	*[3]	*[3]	_	_	Hauptteil[5]	5. Nicht zutreffend[15]	
6-13	740-741	:	3. Nicht zutreffend[3]	3. Nicht zutreffend[3]	1. Verständlich[3]	*[3]	*[3]	*[3]	*[3]	Sonstiges vorhanden[3]	*[3]	*[3]	*[3]	*[3]	*[3]	_	_	Hauptteil[5]	5. Nicht zutreffend[15]	
6-14	741-742	/	3. Nicht zutreffend[3]	3. Nicht zutreffend[3]	1. Verständlich[3]	*[3]	*[3]	*[3]	*[3]	Sonstiges vorhanden[3]	*[3]	*[3]	*[3]	*[3]	*[3]	_	_	Hauptteil[5]	5. Nicht zutreffend[15]	
6-15	742-743	/	3. Nicht zutreffend[3]	3. Nicht zutreffend[3]	1. Verständlich[3]	*[3]	*[3]	*[3]	*[3]	Sonstiges vorhanden[3]	*[3]	*[3]	*[3]	*[3]	*[3]	_	_	Hauptteil[5]	5. Nicht zutreffend[15]	
6-16	743-748	youtu	3. Nicht zutreffend[3]	3. Nicht zutreffend[3]	1. Verständlich[3]	*[3]	*[3]	*[3]	*[3]	Sonstiges vorhanden[3]	*[3]	*[3]	*[3]	*[3]	*[3]	_	_	Hauptteil[5]	5. Nicht zutreffend[15]	
6-17	748-749	.	3. Nicht zutreffend[3]	3. Nicht zutreffend[3]	1. Verständlich[3]	*[3]	*[3]	*[3]	*[3]	Sonstiges vorhanden[3]	*[3]	*[3]	*[3]	*[3]	*[3]	_	_	Hauptteil[5]	5. Nicht zutreffend[15]	
6-18	750-752	be	3. Nicht zutreffend[3]	3. Nicht zutreffend[3]	1. Verständlich[3]	*[3]	*[3]	*[3]	*[3]	Sonstiges vorhanden[3]	*[3]	*[3]	*[3]	*[3]	*[3]	_	_	Hauptteil[5]	5. Nicht zutreffend[15]	
6-19	752-753	/	3. Nicht zutreffend[3]	3. Nicht zutreffend[3]	1. Verständlich[3]	*[3]	*[3]	*[3]	*[3]	Sonstiges vorhanden[3]	*[3]	*[3]	*[3]	*[3]	*[3]	_	_	Hauptteil[5]	5. Nicht zutreffend[15]	
6-20	753-754	_	3. Nicht zutreffend[3]	3. Nicht zutreffend[3]	1. Verständlich[3]	*[3]	*[3]	*[3]	*[3]	Sonstiges vorhanden[3]	*[3]	*[3]	*[3]	*[3]	*[3]	_	_	Hauptteil[5]	5. Nicht zutreffend[15]	
6-21	754-755	1	3. Nicht zutreffend[3]	3. Nicht zutreffend[3]	1. Verständlich[3]	*[3]	*[3]	*[3]	*[3]	Sonstiges vorhanden[3]	*[3]	*[3]	*[3]	*[3]	*[3]	_	_	Hauptteil[5]	5. Nicht zutreffend[15]	
6-22	755-756	-	3. Nicht zutreffend[3]	3. Nicht zutreffend[3]	1. Verständlich[3]	*[3]	*[3]	*[3]	*[3]	Sonstiges vorhanden[3]	*[3]	*[3]	*[3]	*[3]	*[3]	_	_	Hauptteil[5]	5. Nicht zutreffend[15]	
6-23	756-764	lwY-rsZ4	3. Nicht zutreffend[3]	3. Nicht zutreffend[3]	1. Verständlich[3]	*[3]	*[3]	*[3]	*[3]	Sonstiges vorhanden[3]	*[3]	*[3]	*[3]	*[3]	*[3]	_	_	Hauptteil[5]	5. Nicht zutreffend[15]	
6-24	764-765	.	3. Nicht zutreffend[3]	3. Nicht zutreffend[3]	1. Verständlich[3]	*[3]	*[3]	*[3]	*[3]	Sonstiges vorhanden[3]	*[3]	*[3]	*[3]	*[3]	*[3]	_	_	Hauptteil[5]	5. Nicht zutreffend[15]	
6-25	770-771	.	3. Nicht zutreffend[3]	3. Nicht zutreffend[3]	1. Verständlich[3]	*[3]	*[3]	*[3]	*[3]	Sonstiges vorhanden[3]	*[3]	*[3]	*[3]	*[3]	*[3]	_	_	Hauptteil[5]	5. Nicht zutreffend[15]	
6-26	776-777	.	3. Nicht zutreffend[3]	3. Nicht zutreffend[3]	1. Verständlich[3]	*[3]	*[3]	*[3]	*[3]	Sonstiges vorhanden[3]	*[3]	*[3]	*[3]	*[3]	*[3]	_	_	Hauptteil[5]	5. Nicht zutreffend[15]	
6-27	782-783	.	3. Nicht zutreffend[3]	3. Nicht zutreffend[3]	1. Verständlich[3]	*[3]	*[3]	*[3]	*[3]	Sonstiges vorhanden[3]	*[3]	*[3]	*[3]	*[3]	*[3]	_	_	Hauptteil[5]	5. Nicht zutreffend[15]	
