#FORMAT=WebAnno TSV 3.3
#T_SP=webanno.custom.Argument|Accuracy|Adequacy|Clarity|KriteriumJahresertragEnergiedichte|KriteriumLebensdauerVerfgbarkeit|KriteriumLokaleEmissionenGeruschemissionen|KriteriumPreisBetrieb|KriteriumSonstiges|KriteriumTreibhausgasemissionen|KriteriumWirkungsgrad|OptionA|OptionB|OptionC
#T_SP=webanno.custom.DecisionMakingStrategies|Decision|Gesamtthese
#T_SP=webanno.custom.Struktur|Struktur
#T_SP=webanno.custom.StrukturTAP|TAPArgumente


1-1	0-2	In	_	_	_	_	_	_	_	_	_	_	_	_	_	_	_	Einleitung[7]	_	
1-2	3-8	einem	_	_	_	_	_	_	_	_	_	_	_	_	_	_	_	Einleitung[7]	_	
1-3	9-15	Bezirk	_	_	_	_	_	_	_	_	_	_	_	_	_	_	_	Einleitung[7]	_	
1-4	16-18	in	_	_	_	_	_	_	_	_	_	_	_	_	_	_	_	Einleitung[7]	_	
1-5	19-34	Norddeutschland	_	_	_	_	_	_	_	_	_	_	_	_	_	_	_	Einleitung[7]	_	
1-6	35-39	soll	_	_	_	_	_	_	_	_	_	_	_	_	_	_	_	Einleitung[7]	_	
1-7	40-43	der	_	_	_	_	_	_	_	_	_	_	_	_	_	_	_	Einleitung[7]	_	
1-8	44-51	gesamte	_	_	_	_	_	_	_	_	_	_	_	_	_	_	_	Einleitung[7]	_	
1-9	52-65	Energiebedarf	_	_	_	_	_	_	_	_	_	_	_	_	_	_	_	Einleitung[7]	_	
1-10	66-71	durch	_	_	_	_	_	_	_	_	_	_	_	_	_	_	_	Einleitung[7]	_	
1-11	72-83	erneuerbare	_	_	_	_	_	_	_	_	_	_	_	_	_	_	_	Einleitung[7]	_	
1-12	84-91	Energie	_	_	_	_	_	_	_	_	_	_	_	_	_	_	_	Einleitung[7]	_	
1-13	92-98	ersetz	_	_	_	_	_	_	_	_	_	_	_	_	_	_	_	Einleitung[7]	_	
1-14	99-105	werden	_	_	_	_	_	_	_	_	_	_	_	_	_	_	_	Einleitung[7]	_	
1-15	105-106	.	_	_	_	_	_	_	_	_	_	_	_	_	_	_	_	Einleitung[7]	_	

2-1	107-110	Zur	_	_	_	_	_	_	_	_	_	_	_	_	_	_	_	Einleitung[7]	_	
2-2	111-118	Auswahl	_	_	_	_	_	_	_	_	_	_	_	_	_	_	_	Einleitung[7]	_	
2-3	119-125	stehen	_	_	_	_	_	_	_	_	_	_	_	_	_	_	_	Einleitung[7]	_	
2-4	126-129	Ein	_	_	_	_	_	_	_	_	_	_	_	_	_	_	_	Einleitung[7]	_	
2-5	130-138	Windpark	_	_	_	_	_	_	_	_	_	_	_	_	_	_	_	Einleitung[7]	_	
2-6	139-148	solarpark	_	_	_	_	_	_	_	_	_	_	_	_	_	_	_	Einleitung[7]	_	
2-7	149-152	und	_	_	_	_	_	_	_	_	_	_	_	_	_	_	_	Einleitung[7]	_	
2-8	153-157	eine	_	_	_	_	_	_	_	_	_	_	_	_	_	_	_	Einleitung[7]	_	
2-9	158-169	Wasserkraft	_	_	_	_	_	_	_	_	_	_	_	_	_	_	_	Einleitung[7]	_	
2-10	170-176	Anlage	_	_	_	_	_	_	_	_	_	_	_	_	_	_	_	Einleitung[7]	_	
2-11	176-177	.	_	_	_	_	_	_	_	_	_	_	_	_	_	_	_	Einleitung[7]	_	

3-1	179-184	Schon	3. Nicht zutreffend[1]	3. Nicht zutreffend[1]	1. Verständlich[1]	*[1]	*[1]	*[1]	*[1]	Sonstiges vorhanden[1]	*[1]	*[1]	Contra A[1]	*[1]	Pro C[1]	_	_	Hauptteil[8]	1. Claim[9]	
3-2	185-188	ein	3. Nicht zutreffend[1]	3. Nicht zutreffend[1]	1. Verständlich[1]	*[1]	*[1]	*[1]	*[1]	Sonstiges vorhanden[1]	*[1]	*[1]	Contra A[1]	*[1]	Pro C[1]	_	_	Hauptteil[8]	1. Claim[9]	
3-3	189-193	sehr	3. Nicht zutreffend[1]	3. Nicht zutreffend[1]	1. Verständlich[1]	*[1]	*[1]	*[1]	*[1]	Sonstiges vorhanden[1]	*[1]	*[1]	Contra A[1]	*[1]	Pro C[1]	_	_	Hauptteil[8]	1. Claim[9]	
3-4	194-200	großes	3. Nicht zutreffend[1]	3. Nicht zutreffend[1]	1. Verständlich[1]	*[1]	*[1]	*[1]	*[1]	Sonstiges vorhanden[1]	*[1]	*[1]	Contra A[1]	*[1]	Pro C[1]	_	_	Hauptteil[8]	1. Claim[9]	
3-5	201-208	Problem	3. Nicht zutreffend[1]	3. Nicht zutreffend[1]	1. Verständlich[1]	*[1]	*[1]	*[1]	*[1]	Sonstiges vorhanden[1]	*[1]	*[1]	Contra A[1]	*[1]	Pro C[1]	_	_	Hauptteil[8]	1. Claim[9]	
3-6	209-212	zum	3. Nicht zutreffend[1]	3. Nicht zutreffend[1]	1. Verständlich[1]	*[1]	*[1]	*[1]	*[1]	Sonstiges vorhanden[1]	*[1]	*[1]	Contra A[1]	*[1]	Pro C[1]	_	_	Hauptteil[8]	1. Claim[9]	
3-7	213-219	Anfang	3. Nicht zutreffend[1]	3. Nicht zutreffend[1]	1. Verständlich[1]	*[1]	*[1]	*[1]	*[1]	Sonstiges vorhanden[1]	*[1]	*[1]	Contra A[1]	*[1]	Pro C[1]	_	_	Hauptteil[8]	1. Claim[9]	
3-8	220-222	es	3. Nicht zutreffend[1]	3. Nicht zutreffend[1]	1. Verständlich[1]	*[1]	*[1]	*[1]	*[1]	Sonstiges vorhanden[1]	*[1]	*[1]	Contra A[1]	*[1]	Pro C[1]	_	_	Hauptteil[8]	1. Claim[9]	
3-9	223-227	gibt	3. Nicht zutreffend[1]	3. Nicht zutreffend[1]	1. Verständlich[1]	*[1]	*[1]	*[1]	*[1]	Sonstiges vorhanden[1]	*[1]	*[1]	Contra A[1]	*[1]	Pro C[1]	_	_	Hauptteil[8]	1. Claim[9]	
3-10	228-230	in	3. Nicht zutreffend[1]	3. Nicht zutreffend[1]	1. Verständlich[1]	*[1]	*[1]	*[1]	*[1]	Sonstiges vorhanden[1]	*[1]	*[1]	Contra A[1]	*[1]	Pro C[1]	_	_	Hauptteil[8]	1. Claim[9]	
3-11	231-246	Norddeutschland	3. Nicht zutreffend[1]	3. Nicht zutreffend[1]	1. Verständlich[1]	*[1]	*[1]	*[1]	*[1]	Sonstiges vorhanden[1]	*[1]	*[1]	Contra A[1]	*[1]	Pro C[1]	_	_	Hauptteil[8]	1. Claim[9]	
3-12	247-253	keinen	3. Nicht zutreffend[1]	3. Nicht zutreffend[1]	1. Verständlich[1]	*[1]	*[1]	*[1]	*[1]	Sonstiges vorhanden[1]	*[1]	*[1]	Contra A[1]	*[1]	Pro C[1]	_	_	Hauptteil[8]	1. Claim[9]	
3-13	254-260	großen	3. Nicht zutreffend[1]	3. Nicht zutreffend[1]	1. Verständlich[1]	*[1]	*[1]	*[1]	*[1]	Sonstiges vorhanden[1]	*[1]	*[1]	Contra A[1]	*[1]	Pro C[1]	_	_	Hauptteil[8]	1. Claim[9]	
3-14	261-266	Fluss	3. Nicht zutreffend[1]	3. Nicht zutreffend[1]	1. Verständlich[1]	*[1]	*[1]	*[1]	*[1]	Sonstiges vorhanden[1]	*[1]	*[1]	Contra A[1]	*[1]	Pro C[1]	_	_	Hauptteil[8]	1. Claim[9]	
3-15	267-269	wo	3. Nicht zutreffend[1]	3. Nicht zutreffend[1]	1. Verständlich[1]	*[1]	*[1]	*[1]	*[1]	Sonstiges vorhanden[1]	*[1]	*[1]	Contra A[1]	*[1]	Pro C[1]	_	_	Hauptteil[8]	1. Claim[9]	
3-16	270-274	sich	3. Nicht zutreffend[1]	3. Nicht zutreffend[1]	1. Verständlich[1]	*[1]	*[1]	*[1]	*[1]	Sonstiges vorhanden[1]	*[1]	*[1]	Contra A[1]	*[1]	Pro C[1]	_	_	Hauptteil[8]	1. Claim[9]	
3-17	275-278	ein	3. Nicht zutreffend[1]	3. Nicht zutreffend[1]	1. Verständlich[1]	*[1]	*[1]	*[1]	*[1]	Sonstiges vorhanden[1]	*[1]	*[1]	Contra A[1]	*[1]	Pro C[1]	_	_	Hauptteil[8]	1. Claim[9]	
3-18	279-294	Wasserkraftwerk	3. Nicht zutreffend[1]	3. Nicht zutreffend[1]	1. Verständlich[1]	*[1]	*[1]	*[1]	*[1]	Sonstiges vorhanden[1]	*[1]	*[1]	Contra A[1]	*[1]	Pro C[1]	_	_	Hauptteil[8]	1. Claim[9]	
3-19	295-301	lohnen	3. Nicht zutreffend[1]	3. Nicht zutreffend[1]	1. Verständlich[1]	*[1]	*[1]	*[1]	*[1]	Sonstiges vorhanden[1]	*[1]	*[1]	Contra A[1]	*[1]	Pro C[1]	_	_	Hauptteil[8]	1. Claim[9]	
3-20	302-307	würde	3. Nicht zutreffend[1]	3. Nicht zutreffend[1]	1. Verständlich[1]	*[1]	*[1]	*[1]	*[1]	Sonstiges vorhanden[1]	*[1]	*[1]	Contra A[1]	*[1]	Pro C[1]	_	_	Hauptteil[8]	1. Claim[9]	
3-21	307-308	.	3. Nicht zutreffend[1]	3. Nicht zutreffend[1]	1. Verständlich[1]	*[1]	*[1]	*[1]	*[1]	Sonstiges vorhanden[1]	*[1]	*[1]	Contra A[1]	*[1]	Pro C[1]	_	_	Hauptteil[8]	1. Claim[9]	

4-1	310-312	da	3. Nicht zutreffend[1]	3. Nicht zutreffend[1]	1. Verständlich[1]	*[1]	*[1]	*[1]	*[1]	Sonstiges vorhanden[1]	*[1]	*[1]	Contra A[1]	*[1]	Pro C[1]	_	_	Hauptteil[8]	1. Claim[10]	
4-2	313-315	es	3. Nicht zutreffend[1]	3. Nicht zutreffend[1]	1. Verständlich[1]	*[1]	*[1]	*[1]	*[1]	Sonstiges vorhanden[1]	*[1]	*[1]	Contra A[1]	*[1]	Pro C[1]	_	_	Hauptteil[8]	1. Claim[10]	
4-3	316-318	im	3. Nicht zutreffend[1]	3. Nicht zutreffend[1]	1. Verständlich[1]	*[1]	*[1]	*[1]	*[1]	Sonstiges vorhanden[1]	*[1]	*[1]	Contra A[1]	*[1]	Pro C[1]	_	_	Hauptteil[8]	1. Claim[10]	
4-4	319-325	norden	3. Nicht zutreffend[1]	3. Nicht zutreffend[1]	1. Verständlich[1]	*[1]	*[1]	*[1]	*[1]	Sonstiges vorhanden[1]	*[1]	*[1]	Contra A[1]	*[1]	Pro C[1]	_	_	Hauptteil[8]	1. Claim[10]	
4-5	326-336	eigentlich	3. Nicht zutreffend[1]	3. Nicht zutreffend[1]	1. Verständlich[1]	*[1]	*[1]	*[1]	*[1]	Sonstiges vorhanden[1]	*[1]	*[1]	Contra A[1]	*[1]	Pro C[1]	_	_	Hauptteil[8]	1. Claim[10]	
4-6	337-342	immer	3. Nicht zutreffend[1]	3. Nicht zutreffend[1]	1. Verständlich[1]	*[1]	*[1]	*[1]	*[1]	Sonstiges vorhanden[1]	*[1]	*[1]	Contra A[1]	*[1]	Pro C[1]	_	_	Hauptteil[8]	1. Claim[10]	
4-7	343-349	windig	3. Nicht zutreffend[1]	3. Nicht zutreffend[1]	1. Verständlich[1]	*[1]	*[1]	*[1]	*[1]	Sonstiges vorhanden[1]	*[1]	*[1]	Contra A[1]	*[1]	Pro C[1]	_	_	Hauptteil[8]	1. Claim[10]	
4-8	350-353	ist	3. Nicht zutreffend[1]	3. Nicht zutreffend[1]	1. Verständlich[1]	*[1]	*[1]	*[1]	*[1]	Sonstiges vorhanden[1]	*[1]	*[1]	Contra A[1]	*[1]	Pro C[1]	_	_	Hauptteil[8]	1. Claim[10]	
4-9	354-359	würde	3. Nicht zutreffend[1]	3. Nicht zutreffend[1]	1. Verständlich[1]	*[1]	*[1]	*[1]	*[1]	Sonstiges vorhanden[1]	*[1]	*[1]	Contra A[1]	*[1]	Pro C[1]	_	_	Hauptteil[8]	1. Claim[10]	
4-10	360-364	sich	3. Nicht zutreffend[1]	3. Nicht zutreffend[1]	1. Verständlich[1]	*[1]	*[1]	*[1]	*[1]	Sonstiges vorhanden[1]	*[1]	*[1]	Contra A[1]	*[1]	Pro C[1]	_	_	Hauptteil[8]	1. Claim[10]	
4-11	365-374	natürlich	3. Nicht zutreffend[1]	3. Nicht zutreffend[1]	1. Verständlich[1]	*[1]	*[1]	*[1]	*[1]	Sonstiges vorhanden[1]	*[1]	*[1]	Contra A[1]	*[1]	Pro C[1]	_	_	Hauptteil[8]	1. Claim[10]	
4-12	375-379	auch	3. Nicht zutreffend[1]	3. Nicht zutreffend[1]	1. Verständlich[1]	*[1]	*[1]	*[1]	*[1]	Sonstiges vorhanden[1]	*[1]	*[1]	Contra A[1]	*[1]	Pro C[1]	_	_	Hauptteil[8]	1. Claim[10]	
4-13	380-383	ein	3. Nicht zutreffend[1]	3. Nicht zutreffend[1]	1. Verständlich[1]	*[1]	*[1]	*[1]	*[1]	Sonstiges vorhanden[1]	*[1]	*[1]	Contra A[1]	*[1]	Pro C[1]	_	_	Hauptteil[8]	1. Claim[10]	
4-14	384-392	Windpark	3. Nicht zutreffend[1]	3. Nicht zutreffend[1]	1. Verständlich[1]	*[1]	*[1]	*[1]	*[1]	Sonstiges vorhanden[1]	*[1]	*[1]	Contra A[1]	*[1]	Pro C[1]	_	_	Hauptteil[8]	1. Claim[10]	
4-15	393-401	anbieten	3. Nicht zutreffend[1]	3. Nicht zutreffend[1]	1. Verständlich[1]	*[1]	*[1]	*[1]	*[1]	Sonstiges vorhanden[1]	*[1]	*[1]	Contra A[1]	*[1]	Pro C[1]	_	_	Hauptteil[8]	1. Claim[10]	
4-16	401-402	.	3. Nicht zutreffend[1]	3. Nicht zutreffend[1]	1. Verständlich[1]	*[1]	*[1]	*[1]	*[1]	Sonstiges vorhanden[1]	*[1]	*[1]	Contra A[1]	*[1]	Pro C[1]	_	_	Hauptteil[8]	1. Claim[10]	

5-1	404-406	Zu	1. Richtig[2]	1. Angemessen[2]	1. Verständlich[2]	Jahresertrag/Energiedichte Vorhanden[2]	*[2]	*[2]	*[2]	*[2]	*[2]	*[2]	Contra A[2]	Contra B[2]	Pro C[2]	_	_	Hauptteil[8]	2. Data[11]	
5-2	407-410	dem	1. Richtig[2]	1. Angemessen[2]	1. Verständlich[2]	Jahresertrag/Energiedichte Vorhanden[2]	*[2]	*[2]	*[2]	*[2]	*[2]	*[2]	Contra A[2]	Contra B[2]	Pro C[2]	_	_	Hauptteil[8]	2. Data[11]	
5-3	411-414	ist	1. Richtig[2]	1. Angemessen[2]	1. Verständlich[2]	Jahresertrag/Energiedichte Vorhanden[2]	*[2]	*[2]	*[2]	*[2]	*[2]	*[2]	Contra A[2]	Contra B[2]	Pro C[2]	_	_	Hauptteil[8]	2. Data[11]	
5-4	415-418	der	1. Richtig[2]	1. Angemessen[2]	1. Verständlich[2]	Jahresertrag/Energiedichte Vorhanden[2]	*[2]	*[2]	*[2]	*[2]	*[2]	*[2]	Contra A[2]	Contra B[2]	Pro C[2]	_	_	Hauptteil[8]	2. Data[11]	
5-5	419-427	Windpark	1. Richtig[2]	1. Angemessen[2]	1. Verständlich[2]	Jahresertrag/Energiedichte Vorhanden[2]	*[2]	*[2]	*[2]	*[2]	*[2]	*[2]	Contra A[2]	Contra B[2]	Pro C[2]	_	_	Hauptteil[8]	2. Data[11]	
5-6	428-432	auch	1. Richtig[2]	1. Angemessen[2]	1. Verständlich[2]	Jahresertrag/Energiedichte Vorhanden[2]	*[2]	*[2]	*[2]	*[2]	*[2]	*[2]	Contra A[2]	Contra B[2]	Pro C[2]	_	_	Hauptteil[8]	2. Data[11]	
5-7	433-437	noch	1. Richtig[2]	1. Angemessen[2]	1. Verständlich[2]	Jahresertrag/Energiedichte Vorhanden[2]	*[2]	*[2]	*[2]	*[2]	*[2]	*[2]	Contra A[2]	Contra B[2]	Pro C[2]	_	_	Hauptteil[8]	2. Data[11]	
5-8	438-440	im	1. Richtig[2]	1. Angemessen[2]	1. Verständlich[2]	Jahresertrag/Energiedichte Vorhanden[2]	*[2]	*[2]	*[2]	*[2]	*[2]	*[2]	Contra A[2]	Contra B[2]	Pro C[2]	_	_	Hauptteil[8]	2. Data[11]	
5-9	441-453	jahresertrag	1. Richtig[2]	1. Angemessen[2]	1. Verständlich[2]	Jahresertrag/Energiedichte Vorhanden[2]	*[2]	*[2]	*[2]	*[2]	*[2]	*[2]	Contra A[2]	Contra B[2]	Pro C[2]	_	_	Hauptteil[8]	2. Data[11]	
5-10	454-456	am	1. Richtig[2]	1. Angemessen[2]	1. Verständlich[2]	Jahresertrag/Energiedichte Vorhanden[2]	*[2]	*[2]	*[2]	*[2]	*[2]	*[2]	Contra A[2]	Contra B[2]	Pro C[2]	_	_	Hauptteil[8]	2. Data[11]	
5-11	457-463	besten	1. Richtig[2]	1. Angemessen[2]	1. Verständlich[2]	Jahresertrag/Energiedichte Vorhanden[2]	*[2]	*[2]	*[2]	*[2]	*[2]	*[2]	Contra A[2]	Contra B[2]	Pro C[2]	_	_	Hauptteil[8]	2. Data[11]	
5-12	464-468	dies	1. Richtig[2]	1. Angemessen[2]	1. Verständlich[2]	Jahresertrag/Energiedichte Vorhanden[2]	*[2]	*[2]	*[2]	*[2]	*[2]	*[2]	Contra A[2]	Contra B[2]	Pro C[2]	_	_	Hauptteil[8]	1. Claim[12]	
5-13	469-474	liegt	1. Richtig[2]	1. Angemessen[2]	1. Verständlich[2]	Jahresertrag/Energiedichte Vorhanden[2]	*[2]	*[2]	*[2]	*[2]	*[2]	*[2]	Contra A[2]	Contra B[2]	Pro C[2]	_	_	Hauptteil[8]	1. Claim[12]	
5-14	475-479	auch	1. Richtig[2]	1. Angemessen[2]	1. Verständlich[2]	Jahresertrag/Energiedichte Vorhanden[2]	*[2]	*[2]	*[2]	*[2]	*[2]	*[2]	Contra A[2]	Contra B[2]	Pro C[2]	_	_	Hauptteil[8]	1. Claim[12]	
5-15	480-485	daran	1. Richtig[2]	1. Angemessen[2]	1. Verständlich[2]	Jahresertrag/Energiedichte Vorhanden[2]	*[2]	*[2]	*[2]	*[2]	*[2]	*[2]	Contra A[2]	Contra B[2]	Pro C[2]	_	_	Hauptteil[8]	1. Claim[12]	
5-16	486-489	das	1. Richtig[2]	1. Angemessen[2]	1. Verständlich[2]	Jahresertrag/Energiedichte Vorhanden[2]	*[2]	*[2]	*[2]	*[2]	*[2]	*[2]	Contra A[2]	Contra B[2]	Pro C[2]	_	_	Hauptteil[8]	1. Claim[12]	
5-17	490-493	die	1. Richtig[2]	1. Angemessen[2]	1. Verständlich[2]	Jahresertrag/Energiedichte Vorhanden[2]	*[2]	*[2]	*[2]	*[2]	*[2]	*[2]	Contra A[2]	Contra B[2]	Pro C[2]	_	_	Hauptteil[8]	1. Claim[12]	
5-18	494-499	sonne	1. Richtig[2]	1. Angemessen[2]	1. Verständlich[2]	Jahresertrag/Energiedichte Vorhanden[2]	*[2]	*[2]	*[2]	*[2]	*[2]	*[2]	Contra A[2]	Contra B[2]	Pro C[2]	_	_	Hauptteil[8]	1. Claim[12]	
5-19	500-505	nicht	1. Richtig[2]	1. Angemessen[2]	1. Verständlich[2]	Jahresertrag/Energiedichte Vorhanden[2]	*[2]	*[2]	*[2]	*[2]	*[2]	*[2]	Contra A[2]	Contra B[2]	Pro C[2]	_	_	Hauptteil[8]	1. Claim[12]	
5-20	506-517	Durchgängig	1. Richtig[2]	1. Angemessen[2]	1. Verständlich[2]	Jahresertrag/Energiedichte Vorhanden[2]	*[2]	*[2]	*[2]	*[2]	*[2]	*[2]	Contra A[2]	Contra B[2]	Pro C[2]	_	_	Hauptteil[8]	1. Claim[12]	
5-21	518-525	scheint	1. Richtig[2]	1. Angemessen[2]	1. Verständlich[2]	Jahresertrag/Energiedichte Vorhanden[2]	*[2]	*[2]	*[2]	*[2]	*[2]	*[2]	Contra A[2]	Contra B[2]	Pro C[2]	_	_	Hauptteil[8]	1. Claim[12]	
5-22	525-526	.	1. Richtig[2]	1. Angemessen[2]	1. Verständlich[2]	Jahresertrag/Energiedichte Vorhanden[2]	*[2]	*[2]	*[2]	*[2]	*[2]	*[2]	Contra A[2]	Contra B[2]	Pro C[2]	_	_	Hauptteil[8]	1. Claim[12]	

6-1	528-532	zwar	1. Richtig[3]	1. Angemessen[3]	1. Verständlich[3]	*[3]	*[3]	Emissionen vorhanden[3]	*[3]	*[3]	*[3]	*[3]	*[3]	*[3]	Contra C[3]	_	_	Hauptteil[8]	2. Data[13]	
6-2	533-537	gibt	1. Richtig[3]	1. Angemessen[3]	1. Verständlich[3]	*[3]	*[3]	Emissionen vorhanden[3]	*[3]	*[3]	*[3]	*[3]	*[3]	*[3]	Contra C[3]	_	_	Hauptteil[8]	2. Data[13]	
6-3	538-540	es	1. Richtig[3]	1. Angemessen[3]	1. Verständlich[3]	*[3]	*[3]	Emissionen vorhanden[3]	*[3]	*[3]	*[3]	*[3]	*[3]	*[3]	Contra C[3]	_	_	Hauptteil[8]	2. Data[13]	
6-4	541-544	hör	1. Richtig[3]	1. Angemessen[3]	1. Verständlich[3]	*[3]	*[3]	Emissionen vorhanden[3]	*[3]	*[3]	*[3]	*[3]	*[3]	*[3]	Contra C[3]	_	_	Hauptteil[8]	2. Data[13]	
6-5	545-548	und	1. Richtig[3]	1. Angemessen[3]	1. Verständlich[3]	*[3]	*[3]	Emissionen vorhanden[3]	*[3]	*[3]	*[3]	*[3]	*[3]	*[3]	Contra C[3]	_	_	Hauptteil[8]	2. Data[13]	
6-6	549-560	Infraschall	1. Richtig[3]	1. Angemessen[3]	1. Verständlich[3]	*[3]	*[3]	Emissionen vorhanden[3]	*[3]	*[3]	*[3]	*[3]	*[3]	*[3]	Contra C[3]	_	_	Hauptteil[8]	2. Data[13]	
6-7	561-564	und	1. Richtig[3]	1. Angemessen[3]	1. Verständlich[3]	*[3]	*[3]	Emissionen vorhanden[3]	*[3]	*[3]	*[3]	*[3]	*[3]	*[3]	Contra C[3]	_	_	Hauptteil[8]	2. Data[13]	
6-8	565-573	schatten	1. Richtig[3]	1. Angemessen[3]	1. Verständlich[3]	*[3]	*[3]	Emissionen vorhanden[3]	*[3]	*[3]	*[3]	*[3]	*[3]	*[3]	Contra C[3]	_	_	Hauptteil[8]	2. Data[13]	
6-9	574-581	Bildung	1. Richtig[3]	1. Angemessen[3]	1. Verständlich[3]	*[3]	*[3]	Emissionen vorhanden[3]	*[3]	*[3]	*[3]	*[3]	*[3]	*[3]	Contra C[3]	_	_	Hauptteil[8]	2. Data[13]	
6-10	582-586	aber	1. Richtig[3]	1. Angemessen[3]	1. Verständlich[3]	*[3]	*[3]	Emissionen vorhanden[3]	*[3]	*[3]	*[3]	*[3]	*[3]	*[3]	Contra C[3]	_	_	Hauptteil[8]	4. Rebuttal[14]	
6-11	587-592	diese	1. Richtig[3]	1. Angemessen[3]	1. Verständlich[3]	*[3]	*[3]	Emissionen vorhanden[3]	*[3]	*[3]	*[3]	*[3]	*[3]	*[3]	Contra C[3]	_	_	Hauptteil[8]	4. Rebuttal[14]	
6-12	593-597	sind	1. Richtig[3]	1. Angemessen[3]	1. Verständlich[3]	*[3]	*[3]	Emissionen vorhanden[3]	*[3]	*[3]	*[3]	*[3]	*[3]	*[3]	Contra C[3]	_	_	Hauptteil[8]	4. Rebuttal[14]	
6-13	598-608	eigentlich	1. Richtig[3]	1. Angemessen[3]	1. Verständlich[3]	*[3]	*[3]	Emissionen vorhanden[3]	*[3]	*[3]	*[3]	*[3]	*[3]	*[3]	Contra C[3]	_	_	Hauptteil[8]	4. Rebuttal[14]	
6-14	609-611	so	1. Richtig[3]	1. Angemessen[3]	1. Verständlich[3]	*[3]	*[3]	Emissionen vorhanden[3]	*[3]	*[3]	*[3]	*[3]	*[3]	*[3]	Contra C[3]	_	_	Hauptteil[8]	4. Rebuttal[14]	
6-15	612-619	minimal	1. Richtig[3]	1. Angemessen[3]	1. Verständlich[3]	*[3]	*[3]	Emissionen vorhanden[3]	*[3]	*[3]	*[3]	*[3]	*[3]	*[3]	Contra C[3]	_	_	Hauptteil[8]	4. Rebuttal[14]	
6-16	620-623	das	1. Richtig[3]	1. Angemessen[3]	1. Verständlich[3]	*[3]	*[3]	Emissionen vorhanden[3]	*[3]	*[3]	*[3]	*[3]	*[3]	*[3]	Contra C[3]	_	_	Hauptteil[8]	4. Rebuttal[14]	
6-17	624-627	man	1. Richtig[3]	1. Angemessen[3]	1. Verständlich[3]	*[3]	*[3]	Emissionen vorhanden[3]	*[3]	*[3]	*[3]	*[3]	*[3]	*[3]	Contra C[3]	_	_	Hauptteil[8]	4. Rebuttal[14]	
6-18	628-631	sie	1. Richtig[3]	1. Angemessen[3]	1. Verständlich[3]	*[3]	*[3]	Emissionen vorhanden[3]	*[3]	*[3]	*[3]	*[3]	*[3]	*[3]	Contra C[3]	_	_	Hauptteil[8]	4. Rebuttal[14]	
6-19	632-636	nach	1. Richtig[3]	1. Angemessen[3]	1. Verständlich[3]	*[3]	*[3]	Emissionen vorhanden[3]	*[3]	*[3]	*[3]	*[3]	*[3]	*[3]	Contra C[3]	_	_	Hauptteil[8]	4. Rebuttal[14]	
6-20	637-644	einigen	1. Richtig[3]	1. Angemessen[3]	1. Verständlich[3]	*[3]	*[3]	Emissionen vorhanden[3]	*[3]	*[3]	*[3]	*[3]	*[3]	*[3]	Contra C[3]	_	_	Hauptteil[8]	4. Rebuttal[14]	
6-21	645-650	tagen	1. Richtig[3]	1. Angemessen[3]	1. Verständlich[3]	*[3]	*[3]	Emissionen vorhanden[3]	*[3]	*[3]	*[3]	*[3]	*[3]	*[3]	Contra C[3]	_	_	Hauptteil[8]	4. Rebuttal[14]	
6-22	651-654	gar	1. Richtig[3]	1. Angemessen[3]	1. Verständlich[3]	*[3]	*[3]	Emissionen vorhanden[3]	*[3]	*[3]	*[3]	*[3]	*[3]	*[3]	Contra C[3]	_	_	Hauptteil[8]	4. Rebuttal[14]	
6-23	655-660	nicht	1. Richtig[3]	1. Angemessen[3]	1. Verständlich[3]	*[3]	*[3]	Emissionen vorhanden[3]	*[3]	*[3]	*[3]	*[3]	*[3]	*[3]	Contra C[3]	_	_	Hauptteil[8]	4. Rebuttal[14]	
6-24	661-665	mehr	1. Richtig[3]	1. Angemessen[3]	1. Verständlich[3]	*[3]	*[3]	Emissionen vorhanden[3]	*[3]	*[3]	*[3]	*[3]	*[3]	*[3]	Contra C[3]	_	_	Hauptteil[8]	4. Rebuttal[14]	
6-25	666-670	hört	1. Richtig[3]	1. Angemessen[3]	1. Verständlich[3]	*[3]	*[3]	Emissionen vorhanden[3]	*[3]	*[3]	*[3]	*[3]	*[3]	*[3]	Contra C[3]	_	_	Hauptteil[8]	4. Rebuttal[14]	
6-26	670-671	.	1. Richtig[3]	1. Angemessen[3]	1. Verständlich[3]	*[3]	*[3]	Emissionen vorhanden[3]	*[3]	*[3]	*[3]	*[3]	*[3]	*[3]	Contra C[3]	_	_	Hauptteil[8]	4. Rebuttal[14]	

7-1	673-677	zwar	1. Richtig[4]	1. Angemessen[4]	1. Verständlich[4]	*[4]	*[4]	*[4]	Preis/Betrieb vorhanden[4]	*[4]	*[4]	*[4]	Contra A[4]	Pro B[4]	Contra C[4]	_	_	Hauptteil[8]	2. Data[15]	
7-2	678-681	ist	1. Richtig[4]	1. Angemessen[4]	1. Verständlich[4]	*[4]	*[4]	*[4]	Preis/Betrieb vorhanden[4]	*[4]	*[4]	*[4]	Contra A[4]	Pro B[4]	Contra C[4]	_	_	Hauptteil[8]	2. Data[15]	
7-3	682-685	ein	1. Richtig[4]	1. Angemessen[4]	1. Verständlich[4]	*[4]	*[4]	*[4]	Preis/Betrieb vorhanden[4]	*[4]	*[4]	*[4]	Contra A[4]	Pro B[4]	Contra C[4]	_	_	Hauptteil[8]	2. Data[15]	
7-4	686-694	Windpark	1. Richtig[4]	1. Angemessen[4]	1. Verständlich[4]	*[4]	*[4]	*[4]	Preis/Betrieb vorhanden[4]	*[4]	*[4]	*[4]	Contra A[4]	Pro B[4]	Contra C[4]	_	_	Hauptteil[8]	2. Data[15]	
7-5	695-698	mit	1. Richtig[4]	1. Angemessen[4]	1. Verständlich[4]	*[4]	*[4]	*[4]	Preis/Betrieb vorhanden[4]	*[4]	*[4]	*[4]	Contra A[4]	Pro B[4]	Contra C[4]	_	_	Hauptteil[8]	2. Data[15]	
7-6	699-704	14mio	1. Richtig[4]	1. Angemessen[4]	1. Verständlich[4]	*[4]	*[4]	*[4]	Preis/Betrieb vorhanden[4]	*[4]	*[4]	*[4]	Contra A[4]	Pro B[4]	Contra C[4]	_	_	Hauptteil[8]	2. Data[15]	
7-7	705-709	Euro	1. Richtig[4]	1. Angemessen[4]	1. Verständlich[4]	*[4]	*[4]	*[4]	Preis/Betrieb vorhanden[4]	*[4]	*[4]	*[4]	Contra A[4]	Pro B[4]	Contra C[4]	_	_	Hauptteil[8]	2. Data[15]	
7-8	710-715	nicht	1. Richtig[4]	1. Angemessen[4]	1. Verständlich[4]	*[4]	*[4]	*[4]	Preis/Betrieb vorhanden[4]	*[4]	*[4]	*[4]	Contra A[4]	Pro B[4]	Contra C[4]	_	_	Hauptteil[8]	2. Data[15]	
7-9	716-719	das	1. Richtig[4]	1. Angemessen[4]	1. Verständlich[4]	*[4]	*[4]	*[4]	Preis/Betrieb vorhanden[4]	*[4]	*[4]	*[4]	Contra A[4]	Pro B[4]	Contra C[4]	_	_	Hauptteil[8]	2. Data[15]	
7-10	720-729	billigste	1. Richtig[4]	1. Angemessen[4]	1. Verständlich[4]	*[4]	*[4]	*[4]	Preis/Betrieb vorhanden[4]	*[4]	*[4]	*[4]	Contra A[4]	Pro B[4]	Contra C[4]	_	_	Hauptteil[8]	2. Data[15]	
7-11	730-733	das	1. Richtig[4]	1. Angemessen[4]	1. Verständlich[4]	*[4]	*[4]	*[4]	Preis/Betrieb vorhanden[4]	*[4]	*[4]	*[4]	Contra A[4]	Pro B[4]	Contra C[4]	_	_	Hauptteil[8]	2. Data[15]	
7-12	734-737	ist	1. Richtig[4]	1. Angemessen[4]	1. Verständlich[4]	*[4]	*[4]	*[4]	Preis/Betrieb vorhanden[4]	*[4]	*[4]	*[4]	Contra A[4]	Pro B[4]	Contra C[4]	_	_	Hauptteil[8]	2. Data[15]	
7-13	738-741	der	1. Richtig[4]	1. Angemessen[4]	1. Verständlich[4]	*[4]	*[4]	*[4]	Preis/Betrieb vorhanden[4]	*[4]	*[4]	*[4]	Contra A[4]	Pro B[4]	Contra C[4]	_	_	Hauptteil[8]	2. Data[15]	
7-14	742-751	solarpark	1. Richtig[4]	1. Angemessen[4]	1. Verständlich[4]	*[4]	*[4]	*[4]	Preis/Betrieb vorhanden[4]	*[4]	*[4]	*[4]	Contra A[4]	Pro B[4]	Contra C[4]	_	_	Hauptteil[8]	2. Data[15]	
7-15	752-755	mit	1. Richtig[4]	1. Angemessen[4]	1. Verständlich[4]	*[4]	*[4]	*[4]	Preis/Betrieb vorhanden[4]	*[4]	*[4]	*[4]	Contra A[4]	Pro B[4]	Contra C[4]	_	_	Hauptteil[8]	2. Data[15]	
7-16	756-757	6	1. Richtig[4]	1. Angemessen[4]	1. Verständlich[4]	*[4]	*[4]	*[4]	Preis/Betrieb vorhanden[4]	*[4]	*[4]	*[4]	Contra A[4]	Pro B[4]	Contra C[4]	_	_	Hauptteil[8]	2. Data[15]	
7-17	758-761	Mio	1. Richtig[4]	1. Angemessen[4]	1. Verständlich[4]	*[4]	*[4]	*[4]	Preis/Betrieb vorhanden[4]	*[4]	*[4]	*[4]	Contra A[4]	Pro B[4]	Contra C[4]	_	_	Hauptteil[8]	2. Data[15]	
7-18	761-762	.	1. Richtig[4]	1. Angemessen[4]	1. Verständlich[4]	*[4]	*[4]	*[4]	Preis/Betrieb vorhanden[4]	*[4]	*[4]	*[4]	Contra A[4]	Pro B[4]	Contra C[4]	_	_	Hauptteil[8]	2. Data[15]	
7-19	763-767	euro	1. Richtig[4]	1. Angemessen[4]	1. Verständlich[4]	*[4]	*[4]	*[4]	Preis/Betrieb vorhanden[4]	*[4]	*[4]	*[4]	Contra A[4]	Pro B[4]	Contra C[4]	_	_	Hauptteil[8]	2. Data[15]	
7-20	768-772	aber	1. Richtig[4]	1. Angemessen[4]	1. Verständlich[4]	*[4]	*[4]	*[4]	Preis/Betrieb vorhanden[4]	*[4]	*[4]	*[4]	Contra A[4]	Pro B[4]	Contra C[4]	_	_	Hauptteil[8]	4. Rebuttal[16]	
7-21	773-781	immerhin	1. Richtig[4]	1. Angemessen[4]	1. Verständlich[4]	*[4]	*[4]	*[4]	Preis/Betrieb vorhanden[4]	*[4]	*[4]	*[4]	Contra A[4]	Pro B[4]	Contra C[4]	_	_	Hauptteil[8]	4. Rebuttal[16]	
7-22	782-786	noch	1. Richtig[4]	1. Angemessen[4]	1. Verständlich[4]	*[4]	*[4]	*[4]	Preis/Betrieb vorhanden[4]	*[4]	*[4]	*[4]	Contra A[4]	Pro B[4]	Contra C[4]	_	_	Hauptteil[8]	4. Rebuttal[16]	
7-23	787-795	deutlich	1. Richtig[4]	1. Angemessen[4]	1. Verständlich[4]	*[4]	*[4]	*[4]	Preis/Betrieb vorhanden[4]	*[4]	*[4]	*[4]	Contra A[4]	Pro B[4]	Contra C[4]	_	_	Hauptteil[8]	4. Rebuttal[16]	
7-24	796-804	billiger	1. Richtig[4]	1. Angemessen[4]	1. Verständlich[4]	*[4]	*[4]	*[4]	Preis/Betrieb vorhanden[4]	*[4]	*[4]	*[4]	Contra A[4]	Pro B[4]	Contra C[4]	_	_	Hauptteil[8]	4. Rebuttal[16]	
7-25	805-808	als	1. Richtig[4]	1. Angemessen[4]	1. Verständlich[4]	*[4]	*[4]	*[4]	Preis/Betrieb vorhanden[4]	*[4]	*[4]	*[4]	Contra A[4]	Pro B[4]	Contra C[4]	_	_	Hauptteil[8]	4. Rebuttal[16]	
7-26	809-812	die	1. Richtig[4]	1. Angemessen[4]	1. Verständlich[4]	*[4]	*[4]	*[4]	Preis/Betrieb vorhanden[4]	*[4]	*[4]	*[4]	Contra A[4]	Pro B[4]	Contra C[4]	_	_	Hauptteil[8]	4. Rebuttal[16]	
7-27	813-830	Wasserkarftanlage	1. Richtig[4]	1. Angemessen[4]	1. Verständlich[4]	*[4]	*[4]	*[4]	Preis/Betrieb vorhanden[4]	*[4]	*[4]	*[4]	Contra A[4]	Pro B[4]	Contra C[4]	_	_	Hauptteil[8]	4. Rebuttal[16]	
7-28	831-834	mit	1. Richtig[4]	1. Angemessen[4]	1. Verständlich[4]	*[4]	*[4]	*[4]	Preis/Betrieb vorhanden[4]	*[4]	*[4]	*[4]	Contra A[4]	Pro B[4]	Contra C[4]	_	_	Hauptteil[8]	4. Rebuttal[16]	
7-29	835-837	59	1. Richtig[4]	1. Angemessen[4]	1. Verständlich[4]	*[4]	*[4]	*[4]	Preis/Betrieb vorhanden[4]	*[4]	*[4]	*[4]	Contra A[4]	Pro B[4]	Contra C[4]	_	_	Hauptteil[8]	4. Rebuttal[16]	
7-30	838-841	mio	1. Richtig[4]	1. Angemessen[4]	1. Verständlich[4]	*[4]	*[4]	*[4]	Preis/Betrieb vorhanden[4]	*[4]	*[4]	*[4]	Contra A[4]	Pro B[4]	Contra C[4]	_	_	Hauptteil[8]	4. Rebuttal[16]	
7-31	841-842	.	1. Richtig[4]	1. Angemessen[4]	1. Verständlich[4]	*[4]	*[4]	*[4]	Preis/Betrieb vorhanden[4]	*[4]	*[4]	*[4]	Contra A[4]	Pro B[4]	Contra C[4]	_	_	Hauptteil[8]	4. Rebuttal[16]	

8-1	844-847	Der	1. Richtig[5]	1. Angemessen[5]	2. Schwer verständlich[5]	*[5]	Lebensdauer/Verfügbarkeit vorhanden[5]	*[5]	Preis/Betrieb vorhanden[5]	*[5]	*[5]	*[5]	Contra A[5]	Contra B[5]	Pro C[5]	_	_	Hauptteil[8]	2. Data[17]	
8-2	848-856	windpark	1. Richtig[5]	1. Angemessen[5]	2. Schwer verständlich[5]	*[5]	Lebensdauer/Verfügbarkeit vorhanden[5]	*[5]	Preis/Betrieb vorhanden[5]	*[5]	*[5]	*[5]	Contra A[5]	Contra B[5]	Pro C[5]	_	_	Hauptteil[8]	2. Data[17]	
8-3	857-860	hat	1. Richtig[5]	1. Angemessen[5]	2. Schwer verständlich[5]	*[5]	Lebensdauer/Verfügbarkeit vorhanden[5]	*[5]	Preis/Betrieb vorhanden[5]	*[5]	*[5]	*[5]	Contra A[5]	Contra B[5]	Pro C[5]	_	_	Hauptteil[8]	2. Data[17]	
8-4	861-865	auch	1. Richtig[5]	1. Angemessen[5]	2. Schwer verständlich[5]	*[5]	Lebensdauer/Verfügbarkeit vorhanden[5]	*[5]	Preis/Betrieb vorhanden[5]	*[5]	*[5]	*[5]	Contra A[5]	Contra B[5]	Pro C[5]	_	_	Hauptteil[8]	2. Data[17]	
8-5	866-868	am	1. Richtig[5]	1. Angemessen[5]	2. Schwer verständlich[5]	*[5]	Lebensdauer/Verfügbarkeit vorhanden[5]	*[5]	Preis/Betrieb vorhanden[5]	*[5]	*[5]	*[5]	Contra A[5]	Contra B[5]	Pro C[5]	_	_	Hauptteil[8]	2. Data[17]	
8-6	869-878	wenigsten	1. Richtig[5]	1. Angemessen[5]	2. Schwer verständlich[5]	*[5]	Lebensdauer/Verfügbarkeit vorhanden[5]	*[5]	Preis/Betrieb vorhanden[5]	*[5]	*[5]	*[5]	Contra A[5]	Contra B[5]	Pro C[5]	_	_	Hauptteil[8]	2. Data[17]	
8-7	879-897	Treibhausimmsionen	1. Richtig[5]	1. Angemessen[5]	2. Schwer verständlich[5]	*[5]	Lebensdauer/Verfügbarkeit vorhanden[5]	*[5]	Preis/Betrieb vorhanden[5]	*[5]	*[5]	*[5]	Contra A[5]	Contra B[5]	Pro C[5]	_	_	Hauptteil[8]	2. Data[17]	
8-8	898-902	beim	1. Richtig[5]	1. Angemessen[5]	2. Schwer verständlich[5]	*[5]	Lebensdauer/Verfügbarkeit vorhanden[5]	*[5]	Preis/Betrieb vorhanden[5]	*[5]	*[5]	*[5]	Contra A[5]	Contra B[5]	Pro C[5]	_	_	Hauptteil[8]	2. Data[17]	
8-9	903-911	aufbauen	1. Richtig[5]	1. Angemessen[5]	2. Schwer verständlich[5]	*[5]	Lebensdauer/Verfügbarkeit vorhanden[5]	*[5]	Preis/Betrieb vorhanden[5]	*[5]	*[5]	*[5]	Contra A[5]	Contra B[5]	Pro C[5]	_	_	Hauptteil[8]	2. Data[17]	
8-10	912-915	und	1. Richtig[5]	1. Angemessen[5]	2. Schwer verständlich[5]	*[5]	Lebensdauer/Verfügbarkeit vorhanden[5]	*[5]	Preis/Betrieb vorhanden[5]	*[5]	*[5]	*[5]	Contra A[5]	Contra B[5]	Pro C[5]	_	_	Hauptteil[8]	2. Data[17]	
8-11	916-925	kontieren	1. Richtig[5]	1. Angemessen[5]	2. Schwer verständlich[5]	*[5]	Lebensdauer/Verfügbarkeit vorhanden[5]	*[5]	Preis/Betrieb vorhanden[5]	*[5]	*[5]	*[5]	Contra A[5]	Contra B[5]	Pro C[5]	_	_	Hauptteil[8]	2. Data[17]	
8-12	926-932	währen	1. Richtig[5]	1. Angemessen[5]	2. Schwer verständlich[5]	*[5]	Lebensdauer/Verfügbarkeit vorhanden[5]	*[5]	Preis/Betrieb vorhanden[5]	*[5]	*[5]	*[5]	Contra A[5]	Contra B[5]	Pro C[5]	_	_	Hauptteil[8]	2. Data[18]	
8-13	933-936	bei	1. Richtig[5]	1. Angemessen[5]	2. Schwer verständlich[5]	*[5]	Lebensdauer/Verfügbarkeit vorhanden[5]	*[5]	Preis/Betrieb vorhanden[5]	*[5]	*[5]	*[5]	Contra A[5]	Contra B[5]	Pro C[5]	_	_	Hauptteil[8]	2. Data[18]	
8-14	937-940	der	1. Richtig[5]	1. Angemessen[5]	2. Schwer verständlich[5]	*[5]	Lebensdauer/Verfügbarkeit vorhanden[5]	*[5]	Preis/Betrieb vorhanden[5]	*[5]	*[5]	*[5]	Contra A[5]	Contra B[5]	Pro C[5]	_	_	Hauptteil[8]	2. Data[18]	
8-15	941-958	Wasserkarftanlage	1. Richtig[5]	1. Angemessen[5]	2. Schwer verständlich[5]	*[5]	Lebensdauer/Verfügbarkeit vorhanden[5]	*[5]	Preis/Betrieb vorhanden[5]	*[5]	*[5]	*[5]	Contra A[5]	Contra B[5]	Pro C[5]	_	_	Hauptteil[8]	2. Data[18]	
8-16	959-961	es	1. Richtig[5]	1. Angemessen[5]	2. Schwer verständlich[5]	*[5]	Lebensdauer/Verfügbarkeit vorhanden[5]	*[5]	Preis/Betrieb vorhanden[5]	*[5]	*[5]	*[5]	Contra A[5]	Contra B[5]	Pro C[5]	_	_	Hauptteil[8]	2. Data[18]	
8-17	962-964	am	1. Richtig[5]	1. Angemessen[5]	2. Schwer verständlich[5]	*[5]	Lebensdauer/Verfügbarkeit vorhanden[5]	*[5]	Preis/Betrieb vorhanden[5]	*[5]	*[5]	*[5]	Contra A[5]	Contra B[5]	Pro C[5]	_	_	Hauptteil[8]	2. Data[18]	
8-18	965-972	meisten	1. Richtig[5]	1. Angemessen[5]	2. Schwer verständlich[5]	*[5]	Lebensdauer/Verfügbarkeit vorhanden[5]	*[5]	Preis/Betrieb vorhanden[5]	*[5]	*[5]	*[5]	Contra A[5]	Contra B[5]	Pro C[5]	_	_	Hauptteil[8]	2. Data[18]	
8-19	973-977	sind	1. Richtig[5]	1. Angemessen[5]	2. Schwer verständlich[5]	*[5]	Lebensdauer/Verfügbarkeit vorhanden[5]	*[5]	Preis/Betrieb vorhanden[5]	*[5]	*[5]	*[5]	Contra A[5]	Contra B[5]	Pro C[5]	_	_	Hauptteil[8]	2. Data[18]	
8-20	977-978	.	1. Richtig[5]	1. Angemessen[5]	2. Schwer verständlich[5]	*[5]	Lebensdauer/Verfügbarkeit vorhanden[5]	*[5]	Preis/Betrieb vorhanden[5]	*[5]	*[5]	*[5]	Contra A[5]	Contra B[5]	Pro C[5]	_	_	Hauptteil[8]	2. Data[18]	

9-1	980-983	Die	1. Richtig[5]	1. Angemessen[5]	2. Schwer verständlich[5]	*[5]	Lebensdauer/Verfügbarkeit vorhanden[5]	*[5]	Preis/Betrieb vorhanden[5]	*[5]	*[5]	*[5]	Contra A[5]	Contra B[5]	Pro C[5]	_	_	Hauptteil[8]	2. Data[19]	
9-2	984-995	Lebensdauer	1. Richtig[5]	1. Angemessen[5]	2. Schwer verständlich[5]	*[5]	Lebensdauer/Verfügbarkeit vorhanden[5]	*[5]	Preis/Betrieb vorhanden[5]	*[5]	*[5]	*[5]	Contra A[5]	Contra B[5]	Pro C[5]	_	_	Hauptteil[8]	2. Data[19]	
9-3	996-999	des	1. Richtig[5]	1. Angemessen[5]	2. Schwer verständlich[5]	*[5]	Lebensdauer/Verfügbarkeit vorhanden[5]	*[5]	Preis/Betrieb vorhanden[5]	*[5]	*[5]	*[5]	Contra A[5]	Contra B[5]	Pro C[5]	_	_	Hauptteil[8]	2. Data[19]	
9-4	1000-1009	Windparks	1. Richtig[5]	1. Angemessen[5]	2. Schwer verständlich[5]	*[5]	Lebensdauer/Verfügbarkeit vorhanden[5]	*[5]	Preis/Betrieb vorhanden[5]	*[5]	*[5]	*[5]	Contra A[5]	Contra B[5]	Pro C[5]	_	_	Hauptteil[8]	2. Data[19]	
9-5	1010-1014	sind	1. Richtig[5]	1. Angemessen[5]	2. Schwer verständlich[5]	*[5]	Lebensdauer/Verfügbarkeit vorhanden[5]	*[5]	Preis/Betrieb vorhanden[5]	*[5]	*[5]	*[5]	Contra A[5]	Contra B[5]	Pro C[5]	_	_	Hauptteil[8]	2. Data[19]	
9-6	1015-1019	zwar	1. Richtig[5]	1. Angemessen[5]	2. Schwer verständlich[5]	*[5]	Lebensdauer/Verfügbarkeit vorhanden[5]	*[5]	Preis/Betrieb vorhanden[5]	*[5]	*[5]	*[5]	Contra A[5]	Contra B[5]	Pro C[5]	_	_	Hauptteil[8]	2. Data[19]	
9-7	1020-1023	nur	1. Richtig[5]	1. Angemessen[5]	2. Schwer verständlich[5]	*[5]	Lebensdauer/Verfügbarkeit vorhanden[5]	*[5]	Preis/Betrieb vorhanden[5]	*[5]	*[5]	*[5]	Contra A[5]	Contra B[5]	Pro C[5]	_	_	Hauptteil[8]	2. Data[19]	
9-8	1024-1026	20	1. Richtig[5]	1. Angemessen[5]	2. Schwer verständlich[5]	*[5]	Lebensdauer/Verfügbarkeit vorhanden[5]	*[5]	Preis/Betrieb vorhanden[5]	*[5]	*[5]	*[5]	Contra A[5]	Contra B[5]	Pro C[5]	_	_	Hauptteil[8]	2. Data[19]	
9-9	1027-1032	Jahre	1. Richtig[5]	1. Angemessen[5]	2. Schwer verständlich[5]	*[5]	Lebensdauer/Verfügbarkeit vorhanden[5]	*[5]	Preis/Betrieb vorhanden[5]	*[5]	*[5]	*[5]	Contra A[5]	Contra B[5]	Pro C[5]	_	_	Hauptteil[8]	2. Data[19]	
9-10	1033-1037	aber	1. Richtig[5]	1. Angemessen[5]	2. Schwer verständlich[5]	*[5]	Lebensdauer/Verfügbarkeit vorhanden[5]	*[5]	Preis/Betrieb vorhanden[5]	*[5]	*[5]	*[5]	Contra A[5]	Contra B[5]	Pro C[5]	_	_	Hauptteil[8]	4. Rebuttal[20]	
9-11	1038-1042	dies	1. Richtig[5]	1. Angemessen[5]	2. Schwer verständlich[5]	*[5]	Lebensdauer/Verfügbarkeit vorhanden[5]	*[5]	Preis/Betrieb vorhanden[5]	*[5]	*[5]	*[5]	Contra A[5]	Contra B[5]	Pro C[5]	_	_	Hauptteil[8]	4. Rebuttal[20]	
9-12	1043-1049	sollte	1. Richtig[5]	1. Angemessen[5]	2. Schwer verständlich[5]	*[5]	Lebensdauer/Verfügbarkeit vorhanden[5]	*[5]	Preis/Betrieb vorhanden[5]	*[5]	*[5]	*[5]	Contra A[5]	Contra B[5]	Pro C[5]	_	_	Hauptteil[8]	4. Rebuttal[20]	
9-13	1050-1056	reihen	1. Richtig[5]	1. Angemessen[5]	2. Schwer verständlich[5]	*[5]	Lebensdauer/Verfügbarkeit vorhanden[5]	*[5]	Preis/Betrieb vorhanden[5]	*[5]	*[5]	*[5]	Contra A[5]	Contra B[5]	Pro C[5]	_	_	Hauptteil[8]	4. Rebuttal[20]	
9-14	1057-1060	und	1. Richtig[5]	1. Angemessen[5]	2. Schwer verständlich[5]	*[5]	Lebensdauer/Verfügbarkeit vorhanden[5]	*[5]	Preis/Betrieb vorhanden[5]	*[5]	*[5]	*[5]	Contra A[5]	Contra B[5]	Pro C[5]	_	_	Hauptteil[8]	3. Warrant[21]	
9-15	1061-1063	zu	1. Richtig[5]	1. Angemessen[5]	2. Schwer verständlich[5]	*[5]	Lebensdauer/Verfügbarkeit vorhanden[5]	*[5]	Preis/Betrieb vorhanden[5]	*[5]	*[5]	*[5]	Contra A[5]	Contra B[5]	Pro C[5]	_	_	Hauptteil[8]	3. Warrant[21]	
9-16	1064-1067	not	1. Richtig[5]	1. Angemessen[5]	2. Schwer verständlich[5]	*[5]	Lebensdauer/Verfügbarkeit vorhanden[5]	*[5]	Preis/Betrieb vorhanden[5]	*[5]	*[5]	*[5]	Contra A[5]	Contra B[5]	Pro C[5]	_	_	Hauptteil[8]	3. Warrant[21]	
9-17	1068-1070	da	1. Richtig[5]	1. Angemessen[5]	2. Schwer verständlich[5]	*[5]	Lebensdauer/Verfügbarkeit vorhanden[5]	*[5]	Preis/Betrieb vorhanden[5]	*[5]	*[5]	*[5]	Contra A[5]	Contra B[5]	Pro C[5]	_	_	Hauptteil[8]	3. Warrant[21]	
9-18	1071-1074	man	1. Richtig[5]	1. Angemessen[5]	2. Schwer verständlich[5]	*[5]	Lebensdauer/Verfügbarkeit vorhanden[5]	*[5]	Preis/Betrieb vorhanden[5]	*[5]	*[5]	*[5]	Contra A[5]	Contra B[5]	Pro C[5]	_	_	Hauptteil[8]	3. Warrant[21]	
9-19	1075-1078	die	1. Richtig[5]	1. Angemessen[5]	2. Schwer verständlich[5]	*[5]	Lebensdauer/Verfügbarkeit vorhanden[5]	*[5]	Preis/Betrieb vorhanden[5]	*[5]	*[5]	*[5]	Contra A[5]	Contra B[5]	Pro C[5]	_	_	Hauptteil[8]	3. Warrant[21]	
9-20	1079-1085	kosten	1. Richtig[5]	1. Angemessen[5]	2. Schwer verständlich[5]	*[5]	Lebensdauer/Verfügbarkeit vorhanden[5]	*[5]	Preis/Betrieb vorhanden[5]	*[5]	*[5]	*[5]	Contra A[5]	Contra B[5]	Pro C[5]	_	_	Hauptteil[8]	3. Warrant[21]	
9-21	1086-1091	schon	1. Richtig[5]	1. Angemessen[5]	2. Schwer verständlich[5]	*[5]	Lebensdauer/Verfügbarkeit vorhanden[5]	*[5]	Preis/Betrieb vorhanden[5]	*[5]	*[5]	*[5]	Contra A[5]	Contra B[5]	Pro C[5]	_	_	Hauptteil[8]	3. Warrant[21]	
9-22	1092-1096	nach	1. Richtig[5]	1. Angemessen[5]	2. Schwer verständlich[5]	*[5]	Lebensdauer/Verfügbarkeit vorhanden[5]	*[5]	Preis/Betrieb vorhanden[5]	*[5]	*[5]	*[5]	Contra A[5]	Contra B[5]	Pro C[5]	_	_	Hauptteil[8]	3. Warrant[21]	
9-23	1097-1105	mehreren	1. Richtig[5]	1. Angemessen[5]	2. Schwer verständlich[5]	*[5]	Lebensdauer/Verfügbarkeit vorhanden[5]	*[5]	Preis/Betrieb vorhanden[5]	*[5]	*[5]	*[5]	Contra A[5]	Contra B[5]	Pro C[5]	_	_	Hauptteil[8]	3. Warrant[21]	
9-24	1106-1112	Jahren	1. Richtig[5]	1. Angemessen[5]	2. Schwer verständlich[5]	*[5]	Lebensdauer/Verfügbarkeit vorhanden[5]	*[5]	Preis/Betrieb vorhanden[5]	*[5]	*[5]	*[5]	Contra A[5]	Contra B[5]	Pro C[5]	_	_	Hauptteil[8]	3. Warrant[21]	
9-25	1113-1118	schon	1. Richtig[5]	1. Angemessen[5]	2. Schwer verständlich[5]	*[5]	Lebensdauer/Verfügbarkeit vorhanden[5]	*[5]	Preis/Betrieb vorhanden[5]	*[5]	*[5]	*[5]	Contra A[5]	Contra B[5]	Pro C[5]	_	_	Hauptteil[8]	3. Warrant[21]	
9-26	1119-1123	raus	1. Richtig[5]	1. Angemessen[5]	2. Schwer verständlich[5]	*[5]	Lebensdauer/Verfügbarkeit vorhanden[5]	*[5]	Preis/Betrieb vorhanden[5]	*[5]	*[5]	*[5]	Contra A[5]	Contra B[5]	Pro C[5]	_	_	Hauptteil[8]	3. Warrant[21]	
9-27	1124-1127	hat	1. Richtig[5]	1. Angemessen[5]	2. Schwer verständlich[5]	*[5]	Lebensdauer/Verfügbarkeit vorhanden[5]	*[5]	Preis/Betrieb vorhanden[5]	*[5]	*[5]	*[5]	Contra A[5]	Contra B[5]	Pro C[5]	_	_	Hauptteil[8]	3. Warrant[21]	
9-28	1128-1132	kann	1. Richtig[5]	1. Angemessen[5]	2. Schwer verständlich[5]	*[5]	Lebensdauer/Verfügbarkeit vorhanden[5]	*[5]	Preis/Betrieb vorhanden[5]	*[5]	*[5]	*[5]	Contra A[5]	Contra B[5]	Pro C[5]	_	_	Hauptteil[8]	3. Warrant[21]	
9-29	1133-1136	man	1. Richtig[5]	1. Angemessen[5]	2. Schwer verständlich[5]	*[5]	Lebensdauer/Verfügbarkeit vorhanden[5]	*[5]	Preis/Betrieb vorhanden[5]	*[5]	*[5]	*[5]	Contra A[5]	Contra B[5]	Pro C[5]	_	_	Hauptteil[8]	3. Warrant[21]	
9-30	1137-1140	die	1. Richtig[5]	1. Angemessen[5]	2. Schwer verständlich[5]	*[5]	Lebensdauer/Verfügbarkeit vorhanden[5]	*[5]	Preis/Betrieb vorhanden[5]	*[5]	*[5]	*[5]	Contra A[5]	Contra B[5]	Pro C[5]	_	_	Hauptteil[8]	3. Warrant[21]	
9-31	1141-1150	einzelnen	1. Richtig[5]	1. Angemessen[5]	2. Schwer verständlich[5]	*[5]	Lebensdauer/Verfügbarkeit vorhanden[5]	*[5]	Preis/Betrieb vorhanden[5]	*[5]	*[5]	*[5]	Contra A[5]	Contra B[5]	Pro C[5]	_	_	Hauptteil[8]	3. Warrant[21]	
9-32	1151-1167	windkraftanlagen	1. Richtig[5]	1. Angemessen[5]	2. Schwer verständlich[5]	*[5]	Lebensdauer/Verfügbarkeit vorhanden[5]	*[5]	Preis/Betrieb vorhanden[5]	*[5]	*[5]	*[5]	Contra A[5]	Contra B[5]	Pro C[5]	_	_	Hauptteil[8]	3. Warrant[21]	
9-33	1168-1175	einfach	1. Richtig[5]	1. Angemessen[5]	2. Schwer verständlich[5]	*[5]	Lebensdauer/Verfügbarkeit vorhanden[5]	*[5]	Preis/Betrieb vorhanden[5]	*[5]	*[5]	*[5]	Contra A[5]	Contra B[5]	Pro C[5]	_	_	Hauptteil[8]	3. Warrant[21]	
9-34	1176-1184	erneuern	1. Richtig[5]	1. Angemessen[5]	2. Schwer verständlich[5]	*[5]	Lebensdauer/Verfügbarkeit vorhanden[5]	*[5]	Preis/Betrieb vorhanden[5]	*[5]	*[5]	*[5]	Contra A[5]	Contra B[5]	Pro C[5]	_	_	Hauptteil[8]	3. Warrant[21]	
9-35	1184-1185	.	1. Richtig[5]	1. Angemessen[5]	2. Schwer verständlich[5]	*[5]	Lebensdauer/Verfügbarkeit vorhanden[5]	*[5]	Preis/Betrieb vorhanden[5]	*[5]	*[5]	*[5]	Contra A[5]	Contra B[5]	Pro C[5]	_	_	Hauptteil[8]	3. Warrant[21]	

10-1	1187-1191	Sehr	_	_	_	_	_	_	_	_	_	_	_	_	_	3. Unbegründet[6]	Gesamtthese[6]	Hauptteil[8]	1. Claim[22]	
10-2	1192-1199	geehrte	_	_	_	_	_	_	_	_	_	_	_	_	_	3. Unbegründet[6]	Gesamtthese[6]	Hauptteil[8]	1. Claim[22]	
10-3	1200-1209	Politiker	_	_	_	_	_	_	_	_	_	_	_	_	_	3. Unbegründet[6]	Gesamtthese[6]	Hauptteil[8]	1. Claim[22]	
10-4	1210-1222	Inverstieren	_	_	_	_	_	_	_	_	_	_	_	_	_	3. Unbegründet[6]	Gesamtthese[6]	Hauptteil[8]	1. Claim[22]	
10-5	1223-1226	sie	_	_	_	_	_	_	_	_	_	_	_	_	_	3. Unbegründet[6]	Gesamtthese[6]	Hauptteil[8]	1. Claim[22]	
10-6	1227-1232	bitte	_	_	_	_	_	_	_	_	_	_	_	_	_	3. Unbegründet[6]	Gesamtthese[6]	Hauptteil[8]	1. Claim[22]	
10-7	1233-1235	in	_	_	_	_	_	_	_	_	_	_	_	_	_	3. Unbegründet[6]	Gesamtthese[6]	Hauptteil[8]	1. Claim[22]	
10-8	1236-1239	den	_	_	_	_	_	_	_	_	_	_	_	_	_	3. Unbegründet[6]	Gesamtthese[6]	Hauptteil[8]	1. Claim[22]	
10-9	1240-1248	Windpark	_	_	_	_	_	_	_	_	_	_	_	_	_	3. Unbegründet[6]	Gesamtthese[6]	Hauptteil[8]	1. Claim[22]	
10-10	1248-1249	.	_	_	_	_	_	_	_	_	_	_	_	_	_	3. Unbegründet[6]	Gesamtthese[6]	Hauptteil[8]	1. Claim[22]	
