#FORMAT=WebAnno TSV 3.3
#T_SP=webanno.custom.Argument|Accuracy|Adequacy|Clarity|KriteriumJahresertragEnergiedichte|KriteriumLebensdauerVerfgbarkeit|KriteriumLokaleEmissionenGeruschemissionen|KriteriumPreisBetrieb|KriteriumSonstiges|KriteriumTreibhausgasemissionen|KriteriumWirkungsgrad|OptionA|OptionB|OptionC
#T_SP=webanno.custom.DecisionMakingStrategies|Decision|Gesamtthese
#T_SP=webanno.custom.Struktur|Struktur
#T_SP=webanno.custom.StrukturTAP|TAPArgumente


1-1	0-2	In	_	_	_	_	_	_	_	_	_	_	_	_	_	_	_	Einleitung[5]	_	
1-2	3-14	Deutschland	_	_	_	_	_	_	_	_	_	_	_	_	_	_	_	Einleitung[5]	_	
1-3	15-19	wird	_	_	_	_	_	_	_	_	_	_	_	_	_	_	_	Einleitung[5]	_	
1-4	20-27	beraten	_	_	_	_	_	_	_	_	_	_	_	_	_	_	_	Einleitung[5]	_	
1-5	28-34	welche	_	_	_	_	_	_	_	_	_	_	_	_	_	_	_	Einleitung[5]	_	
1-6	35-48	Energieträger	_	_	_	_	_	_	_	_	_	_	_	_	_	_	_	Einleitung[5]	_	
1-7	49-51	im	_	_	_	_	_	_	_	_	_	_	_	_	_	_	_	Einleitung[5]	_	
1-8	52-72	Personenennahverkehr	_	_	_	_	_	_	_	_	_	_	_	_	_	_	_	Einleitung[5]	_	
1-9	73-76	die	_	_	_	_	_	_	_	_	_	_	_	_	_	_	_	Einleitung[5]	_	
1-10	77-84	Zukunft	_	_	_	_	_	_	_	_	_	_	_	_	_	_	_	Einleitung[5]	_	
1-11	85-89	sein	_	_	_	_	_	_	_	_	_	_	_	_	_	_	_	Einleitung[5]	_	
1-12	90-94	soll	_	_	_	_	_	_	_	_	_	_	_	_	_	_	_	Einleitung[5]	_	
1-13	94-95	.	_	_	_	_	_	_	_	_	_	_	_	_	_	_	_	Einleitung[5]	_	

2-1	96-98	Im	_	_	_	_	_	_	_	_	_	_	_	_	_	_	_	Einleitung[5]	_	
2-2	99-107	Gespräch	_	_	_	_	_	_	_	_	_	_	_	_	_	_	_	Einleitung[5]	_	
2-3	108-112	sind	_	_	_	_	_	_	_	_	_	_	_	_	_	_	_	Einleitung[5]	_	
2-4	113-126	Akkumulatoren	_	_	_	_	_	_	_	_	_	_	_	_	_	_	_	Einleitung[5]	_	
2-5	126-127	,	_	_	_	_	_	_	_	_	_	_	_	_	_	_	_	Einleitung[5]	_	
2-6	128-139	Wasserstoff	_	_	_	_	_	_	_	_	_	_	_	_	_	_	_	Einleitung[5]	_	
2-7	140-143	und	_	_	_	_	_	_	_	_	_	_	_	_	_	_	_	Einleitung[5]	_	
2-8	144-151	E-Fuels	_	_	_	_	_	_	_	_	_	_	_	_	_	_	_	Einleitung[5]	_	
2-9	151-152	.	_	_	_	_	_	_	_	_	_	_	_	_	_	_	_	Einleitung[5]	_	

3-1	156-159	Uns	_	_	_	_	_	_	_	_	_	_	_	_	_	_	_	Einleitung[5]	_	
3-2	160-165	allen	_	_	_	_	_	_	_	_	_	_	_	_	_	_	_	Einleitung[5]	_	
3-3	166-169	ist	_	_	_	_	_	_	_	_	_	_	_	_	_	_	_	Einleitung[5]	_	
3-4	170-174	klar	_	_	_	_	_	_	_	_	_	_	_	_	_	_	_	Einleitung[5]	_	
3-5	175-178	das	_	_	_	_	_	_	_	_	_	_	_	_	_	_	_	Einleitung[5]	_	
3-6	179-182	wir	_	_	_	_	_	_	_	_	_	_	_	_	_	_	_	Einleitung[5]	_	
3-7	183-187	eine	_	_	_	_	_	_	_	_	_	_	_	_	_	_	_	Einleitung[5]	_	
3-8	188-192	neue	_	_	_	_	_	_	_	_	_	_	_	_	_	_	_	Einleitung[5]	_	
3-9	193-206	Energiequelle	_	_	_	_	_	_	_	_	_	_	_	_	_	_	_	Einleitung[5]	_	
3-10	207-210	für	_	_	_	_	_	_	_	_	_	_	_	_	_	_	_	Einleitung[5]	_	
3-11	211-214	den	_	_	_	_	_	_	_	_	_	_	_	_	_	_	_	Einleitung[5]	_	
3-12	215-230	Personenverkehr	_	_	_	_	_	_	_	_	_	_	_	_	_	_	_	Einleitung[5]	_	
3-13	231-239	brauchen	_	_	_	_	_	_	_	_	_	_	_	_	_	_	_	Einleitung[5]	_	
3-14	240-250	allerdings	_	_	_	_	_	_	_	_	_	_	_	_	_	_	_	Einleitung[5]	_	
3-15	251-257	sollte	_	_	_	_	_	_	_	_	_	_	_	_	_	_	_	Einleitung[5]	_	
3-16	258-261	man	_	_	_	_	_	_	_	_	_	_	_	_	_	_	_	Einleitung[5]	_	
3-17	262-266	auch	_	_	_	_	_	_	_	_	_	_	_	_	_	_	_	Einleitung[5]	_	
3-18	267-273	darauf	_	_	_	_	_	_	_	_	_	_	_	_	_	_	_	Einleitung[5]	_	
3-19	274-282	beachten	_	_	_	_	_	_	_	_	_	_	_	_	_	_	_	Einleitung[5]	_	
3-20	283-286	was	_	_	_	_	_	_	_	_	_	_	_	_	_	_	_	Einleitung[5]	_	
3-21	287-290	das	_	_	_	_	_	_	_	_	_	_	_	_	_	_	_	Einleitung[5]	_	
3-22	291-296	heißt	_	_	_	_	_	_	_	_	_	_	_	_	_	_	_	Einleitung[5]	_	
3-23	296-297	.	_	_	_	_	_	_	_	_	_	_	_	_	_	_	_	Einleitung[5]	_	

4-1	299-302	Bei	1. Richtig[1]	1. Angemessen[1]	1. Verständlich[1]	*[1]	*[1]	*[1]	*[1]	*[1]	Treibhausgasemissionen vorhanden[1]	*[1]	Contra A[1]	Pro B[1]	Contra C[1]	_	_	Hauptteil[6]	1. Claim[8]	
4-2	303-313	wassersoff	1. Richtig[1]	1. Angemessen[1]	1. Verständlich[1]	*[1]	*[1]	*[1]	*[1]	*[1]	Treibhausgasemissionen vorhanden[1]	*[1]	Contra A[1]	Pro B[1]	Contra C[1]	_	_	Hauptteil[6]	1. Claim[8]	
4-3	314-318	Wird	1. Richtig[1]	1. Angemessen[1]	1. Verständlich[1]	*[1]	*[1]	*[1]	*[1]	*[1]	Treibhausgasemissionen vorhanden[1]	*[1]	Contra A[1]	Pro B[1]	Contra C[1]	_	_	Hauptteil[6]	1. Claim[8]	
4-4	319-323	sehr	1. Richtig[1]	1. Angemessen[1]	1. Verständlich[1]	*[1]	*[1]	*[1]	*[1]	*[1]	Treibhausgasemissionen vorhanden[1]	*[1]	Contra A[1]	Pro B[1]	Contra C[1]	_	_	Hauptteil[6]	1. Claim[8]	
4-5	324-328	viel	1. Richtig[1]	1. Angemessen[1]	1. Verständlich[1]	*[1]	*[1]	*[1]	*[1]	*[1]	Treibhausgasemissionen vorhanden[1]	*[1]	Contra A[1]	Pro B[1]	Contra C[1]	_	_	Hauptteil[6]	1. Claim[8]	
4-6	329-332	Co2	1. Richtig[1]	1. Angemessen[1]	1. Verständlich[1]	*[1]	*[1]	*[1]	*[1]	*[1]	Treibhausgasemissionen vorhanden[1]	*[1]	Contra A[1]	Pro B[1]	Contra C[1]	_	_	Hauptteil[6]	1. Claim[8]	
4-7	333-336	bei	1. Richtig[1]	1. Angemessen[1]	1. Verständlich[1]	*[1]	*[1]	*[1]	*[1]	*[1]	Treibhausgasemissionen vorhanden[1]	*[1]	Contra A[1]	Pro B[1]	Contra C[1]	_	_	Hauptteil[6]	1. Claim[8]	
4-8	337-340	der	1. Richtig[1]	1. Angemessen[1]	1. Verständlich[1]	*[1]	*[1]	*[1]	*[1]	*[1]	Treibhausgasemissionen vorhanden[1]	*[1]	Contra A[1]	Pro B[1]	Contra C[1]	_	_	Hauptteil[6]	1. Claim[8]	
4-9	341-352	Herstellung	1. Richtig[1]	1. Angemessen[1]	1. Verständlich[1]	*[1]	*[1]	*[1]	*[1]	*[1]	Treibhausgasemissionen vorhanden[1]	*[1]	Contra A[1]	Pro B[1]	Contra C[1]	_	_	Hauptteil[6]	1. Claim[8]	
4-10	353-364	freigesetzt	1. Richtig[1]	1. Angemessen[1]	1. Verständlich[1]	*[1]	*[1]	*[1]	*[1]	*[1]	Treibhausgasemissionen vorhanden[1]	*[1]	Contra A[1]	Pro B[1]	Contra C[1]	_	_	Hauptteil[6]	1. Claim[8]	
4-11	364-365	,	1. Richtig[1]	1. Angemessen[1]	1. Verständlich[1]	*[1]	*[1]	*[1]	*[1]	*[1]	Treibhausgasemissionen vorhanden[1]	*[1]	Contra A[1]	Pro B[1]	Contra C[1]	_	_	Hauptteil[6]	1. Claim[8]	
4-12	366-369	ein	1. Richtig[1]	1. Angemessen[1]	1. Verständlich[1]	*[1]	*[1]	*[1]	*[1]	*[1]	Treibhausgasemissionen vorhanden[1]	*[1]	Contra A[1]	Pro B[1]	Contra C[1]	_	_	Hauptteil[6]	1. Claim[9]	
4-13	370-378	bisschen	1. Richtig[1]	1. Angemessen[1]	1. Verständlich[1]	*[1]	*[1]	*[1]	*[1]	*[1]	Treibhausgasemissionen vorhanden[1]	*[1]	Contra A[1]	Pro B[1]	Contra C[1]	_	_	Hauptteil[6]	1. Claim[9]	
4-14	379-387	weiniger	1. Richtig[1]	1. Angemessen[1]	1. Verständlich[1]	*[1]	*[1]	*[1]	*[1]	*[1]	Treibhausgasemissionen vorhanden[1]	*[1]	Contra A[1]	Pro B[1]	Contra C[1]	_	_	Hauptteil[6]	1. Claim[9]	
4-15	388-391	bei	1. Richtig[1]	1. Angemessen[1]	1. Verständlich[1]	*[1]	*[1]	*[1]	*[1]	*[1]	Treibhausgasemissionen vorhanden[1]	*[1]	Contra A[1]	Pro B[1]	Contra C[1]	_	_	Hauptteil[6]	1. Claim[9]	
4-16	392-405	Akkumulatoren	1. Richtig[1]	1. Angemessen[1]	1. Verständlich[1]	*[1]	*[1]	*[1]	*[1]	*[1]	Treibhausgasemissionen vorhanden[1]	*[1]	Contra A[1]	Pro B[1]	Contra C[1]	_	_	Hauptteil[6]	1. Claim[9]	
4-17	406-409	und	1. Richtig[1]	1. Angemessen[1]	1. Verständlich[1]	*[1]	*[1]	*[1]	*[1]	*[1]	Treibhausgasemissionen vorhanden[1]	*[1]	Contra A[1]	Pro B[1]	Contra C[1]	_	_	Hauptteil[6]	1. Claim[9]	
4-18	410-412	am	1. Richtig[1]	1. Angemessen[1]	1. Verständlich[1]	*[1]	*[1]	*[1]	*[1]	*[1]	Treibhausgasemissionen vorhanden[1]	*[1]	Contra A[1]	Pro B[1]	Contra C[1]	_	_	Hauptteil[6]	1. Claim[9]	
4-19	413-422	wenigsten	1. Richtig[1]	1. Angemessen[1]	1. Verständlich[1]	*[1]	*[1]	*[1]	*[1]	*[1]	Treibhausgasemissionen vorhanden[1]	*[1]	Contra A[1]	Pro B[1]	Contra C[1]	_	_	Hauptteil[6]	1. Claim[9]	
4-20	423-426	bei	1. Richtig[1]	1. Angemessen[1]	1. Verständlich[1]	*[1]	*[1]	*[1]	*[1]	*[1]	Treibhausgasemissionen vorhanden[1]	*[1]	Contra A[1]	Pro B[1]	Contra C[1]	_	_	Hauptteil[6]	1. Claim[9]	
4-21	427-430	den	1. Richtig[1]	1. Angemessen[1]	1. Verständlich[1]	*[1]	*[1]	*[1]	*[1]	*[1]	Treibhausgasemissionen vorhanden[1]	*[1]	Contra A[1]	Pro B[1]	Contra C[1]	_	_	Hauptteil[6]	1. Claim[9]	
4-22	431-438	E-fuels	1. Richtig[1]	1. Angemessen[1]	1. Verständlich[1]	*[1]	*[1]	*[1]	*[1]	*[1]	Treibhausgasemissionen vorhanden[1]	*[1]	Contra A[1]	Pro B[1]	Contra C[1]	_	_	Hauptteil[6]	1. Claim[9]	
4-23	438-439	.	1. Richtig[1]	1. Angemessen[1]	1. Verständlich[1]	*[1]	*[1]	*[1]	*[1]	*[1]	Treibhausgasemissionen vorhanden[1]	*[1]	Contra A[1]	Pro B[1]	Contra C[1]	_	_	Hauptteil[6]	1. Claim[9]	

5-1	440-450	Allerdings	1. Richtig[2]	1. Angemessen[2]	1. Verständlich[2]	Jahresertrag/Energiedichte Vorhanden[2]	*[2]	*[2]	*[2]	*[2]	*[2]	Wirkungsgrad vorhanden[2]	Unklar A[2]	Contra B[2]	Unklar C[2]	_	_	Hauptteil[6]	2. Data[10]	
5-2	451-454	ist	1. Richtig[2]	1. Angemessen[2]	1. Verständlich[2]	Jahresertrag/Energiedichte Vorhanden[2]	*[2]	*[2]	*[2]	*[2]	*[2]	Wirkungsgrad vorhanden[2]	Unklar A[2]	Contra B[2]	Unklar C[2]	_	_	Hauptteil[6]	2. Data[10]	
5-3	455-458	bei	1. Richtig[2]	1. Angemessen[2]	1. Verständlich[2]	Jahresertrag/Energiedichte Vorhanden[2]	*[2]	*[2]	*[2]	*[2]	*[2]	Wirkungsgrad vorhanden[2]	Unklar A[2]	Contra B[2]	Unklar C[2]	_	_	Hauptteil[6]	2. Data[10]	
5-4	459-470	Wasserstoff	1. Richtig[2]	1. Angemessen[2]	1. Verständlich[2]	Jahresertrag/Energiedichte Vorhanden[2]	*[2]	*[2]	*[2]	*[2]	*[2]	Wirkungsgrad vorhanden[2]	Unklar A[2]	Contra B[2]	Unklar C[2]	_	_	Hauptteil[6]	2. Data[10]	
5-5	471-474	die	1. Richtig[2]	1. Angemessen[2]	1. Verständlich[2]	Jahresertrag/Energiedichte Vorhanden[2]	*[2]	*[2]	*[2]	*[2]	*[2]	Wirkungsgrad vorhanden[2]	Unklar A[2]	Contra B[2]	Unklar C[2]	_	_	Hauptteil[6]	2. Data[10]	
5-6	475-482	Höchste	1. Richtig[2]	1. Angemessen[2]	1. Verständlich[2]	Jahresertrag/Energiedichte Vorhanden[2]	*[2]	*[2]	*[2]	*[2]	*[2]	Wirkungsgrad vorhanden[2]	Unklar A[2]	Contra B[2]	Unklar C[2]	_	_	Hauptteil[6]	2. Data[10]	
5-7	483-496	energiedichte	1. Richtig[2]	1. Angemessen[2]	1. Verständlich[2]	Jahresertrag/Energiedichte Vorhanden[2]	*[2]	*[2]	*[2]	*[2]	*[2]	Wirkungsgrad vorhanden[2]	Unklar A[2]	Contra B[2]	Unklar C[2]	_	_	Hauptteil[6]	2. Data[10]	
5-8	497-506	vorhanden	1. Richtig[2]	1. Angemessen[2]	1. Verständlich[2]	Jahresertrag/Energiedichte Vorhanden[2]	*[2]	*[2]	*[2]	*[2]	*[2]	Wirkungsgrad vorhanden[2]	Unklar A[2]	Contra B[2]	Unklar C[2]	_	_	Hauptteil[6]	2. Data[10]	
5-9	507-510	mit	1. Richtig[2]	1. Angemessen[2]	1. Verständlich[2]	Jahresertrag/Energiedichte Vorhanden[2]	*[2]	*[2]	*[2]	*[2]	*[2]	Wirkungsgrad vorhanden[2]	Unklar A[2]	Contra B[2]	Unklar C[2]	_	_	Hauptteil[6]	2. Data[10]	
5-10	511-514	120	1. Richtig[2]	1. Angemessen[2]	1. Verständlich[2]	Jahresertrag/Energiedichte Vorhanden[2]	*[2]	*[2]	*[2]	*[2]	*[2]	Wirkungsgrad vorhanden[2]	Unklar A[2]	Contra B[2]	Unklar C[2]	_	_	Hauptteil[6]	2. Data[10]	
5-11	515-517	MJ	1. Richtig[2]	1. Angemessen[2]	1. Verständlich[2]	Jahresertrag/Energiedichte Vorhanden[2]	*[2]	*[2]	*[2]	*[2]	*[2]	Wirkungsgrad vorhanden[2]	Unklar A[2]	Contra B[2]	Unklar C[2]	_	_	Hauptteil[6]	2. Data[10]	
5-12	517-518	/	1. Richtig[2]	1. Angemessen[2]	1. Verständlich[2]	Jahresertrag/Energiedichte Vorhanden[2]	*[2]	*[2]	*[2]	*[2]	*[2]	Wirkungsgrad vorhanden[2]	Unklar A[2]	Contra B[2]	Unklar C[2]	_	_	Hauptteil[6]	2. Data[10]	
5-13	518-520	kg	1. Richtig[2]	1. Angemessen[2]	1. Verständlich[2]	Jahresertrag/Energiedichte Vorhanden[2]	*[2]	*[2]	*[2]	*[2]	*[2]	Wirkungsgrad vorhanden[2]	Unklar A[2]	Contra B[2]	Unklar C[2]	_	_	Hauptteil[6]	2. Data[10]	
5-14	521-524	bei	1. Richtig[2]	1. Angemessen[2]	1. Verständlich[2]	Jahresertrag/Energiedichte Vorhanden[2]	*[2]	*[2]	*[2]	*[2]	*[2]	Wirkungsgrad vorhanden[2]	Unklar A[2]	Contra B[2]	Unklar C[2]	_	_	Hauptteil[6]	2. Data[10]	
5-15	525-526	E	1. Richtig[2]	1. Angemessen[2]	1. Verständlich[2]	Jahresertrag/Energiedichte Vorhanden[2]	*[2]	*[2]	*[2]	*[2]	*[2]	Wirkungsgrad vorhanden[2]	Unklar A[2]	Contra B[2]	Unklar C[2]	_	_	Hauptteil[6]	2. Data[10]	
5-16	526-527	-	1. Richtig[2]	1. Angemessen[2]	1. Verständlich[2]	Jahresertrag/Energiedichte Vorhanden[2]	*[2]	*[2]	*[2]	*[2]	*[2]	Wirkungsgrad vorhanden[2]	Unklar A[2]	Contra B[2]	Unklar C[2]	_	_	Hauptteil[6]	2. Data[10]	
5-17	528-533	Fuels	1. Richtig[2]	1. Angemessen[2]	1. Verständlich[2]	Jahresertrag/Energiedichte Vorhanden[2]	*[2]	*[2]	*[2]	*[2]	*[2]	Wirkungsgrad vorhanden[2]	Unklar A[2]	Contra B[2]	Unklar C[2]	_	_	Hauptteil[6]	2. Data[10]	
5-18	534-537	nur	1. Richtig[2]	1. Angemessen[2]	1. Verständlich[2]	Jahresertrag/Energiedichte Vorhanden[2]	*[2]	*[2]	*[2]	*[2]	*[2]	Wirkungsgrad vorhanden[2]	Unklar A[2]	Contra B[2]	Unklar C[2]	_	_	Hauptteil[6]	2. Data[10]	
5-19	538-542	46,4	1. Richtig[2]	1. Angemessen[2]	1. Verständlich[2]	Jahresertrag/Energiedichte Vorhanden[2]	*[2]	*[2]	*[2]	*[2]	*[2]	Wirkungsgrad vorhanden[2]	Unklar A[2]	Contra B[2]	Unklar C[2]	_	_	Hauptteil[6]	2. Data[10]	
5-20	543-545	MJ	1. Richtig[2]	1. Angemessen[2]	1. Verständlich[2]	Jahresertrag/Energiedichte Vorhanden[2]	*[2]	*[2]	*[2]	*[2]	*[2]	Wirkungsgrad vorhanden[2]	Unklar A[2]	Contra B[2]	Unklar C[2]	_	_	Hauptteil[6]	2. Data[10]	
5-21	545-546	/	1. Richtig[2]	1. Angemessen[2]	1. Verständlich[2]	Jahresertrag/Energiedichte Vorhanden[2]	*[2]	*[2]	*[2]	*[2]	*[2]	Wirkungsgrad vorhanden[2]	Unklar A[2]	Contra B[2]	Unklar C[2]	_	_	Hauptteil[6]	2. Data[10]	
5-22	546-548	kg	1. Richtig[2]	1. Angemessen[2]	1. Verständlich[2]	Jahresertrag/Energiedichte Vorhanden[2]	*[2]	*[2]	*[2]	*[2]	*[2]	Wirkungsgrad vorhanden[2]	Unklar A[2]	Contra B[2]	Unklar C[2]	_	_	Hauptteil[6]	2. Data[10]	
5-23	549-552	und	1. Richtig[2]	1. Angemessen[2]	1. Verständlich[2]	Jahresertrag/Energiedichte Vorhanden[2]	*[2]	*[2]	*[2]	*[2]	*[2]	Wirkungsgrad vorhanden[2]	Unklar A[2]	Contra B[2]	Unklar C[2]	_	_	Hauptteil[6]	2. Data[10]	
5-24	553-556	bei	1. Richtig[2]	1. Angemessen[2]	1. Verständlich[2]	Jahresertrag/Energiedichte Vorhanden[2]	*[2]	*[2]	*[2]	*[2]	*[2]	Wirkungsgrad vorhanden[2]	Unklar A[2]	Contra B[2]	Unklar C[2]	_	_	Hauptteil[6]	2. Data[10]	
5-25	557-560	den	1. Richtig[2]	1. Angemessen[2]	1. Verständlich[2]	Jahresertrag/Energiedichte Vorhanden[2]	*[2]	*[2]	*[2]	*[2]	*[2]	Wirkungsgrad vorhanden[2]	Unklar A[2]	Contra B[2]	Unklar C[2]	_	_	Hauptteil[6]	2. Data[10]	
5-26	561-574	Akkumulatoren	1. Richtig[2]	1. Angemessen[2]	1. Verständlich[2]	Jahresertrag/Energiedichte Vorhanden[2]	*[2]	*[2]	*[2]	*[2]	*[2]	Wirkungsgrad vorhanden[2]	Unklar A[2]	Contra B[2]	Unklar C[2]	_	_	Hauptteil[6]	2. Data[10]	
5-27	575-578	nur	1. Richtig[2]	1. Angemessen[2]	1. Verständlich[2]	Jahresertrag/Energiedichte Vorhanden[2]	*[2]	*[2]	*[2]	*[2]	*[2]	Wirkungsgrad vorhanden[2]	Unklar A[2]	Contra B[2]	Unklar C[2]	_	_	Hauptteil[6]	2. Data[10]	
5-28	579-583	0,88	1. Richtig[2]	1. Angemessen[2]	1. Verständlich[2]	Jahresertrag/Energiedichte Vorhanden[2]	*[2]	*[2]	*[2]	*[2]	*[2]	Wirkungsgrad vorhanden[2]	Unklar A[2]	Contra B[2]	Unklar C[2]	_	_	Hauptteil[6]	2. Data[10]	
5-29	584-586	MJ	1. Richtig[2]	1. Angemessen[2]	1. Verständlich[2]	Jahresertrag/Energiedichte Vorhanden[2]	*[2]	*[2]	*[2]	*[2]	*[2]	Wirkungsgrad vorhanden[2]	Unklar A[2]	Contra B[2]	Unklar C[2]	_	_	Hauptteil[6]	2. Data[10]	
5-30	586-587	/	1. Richtig[2]	1. Angemessen[2]	1. Verständlich[2]	Jahresertrag/Energiedichte Vorhanden[2]	*[2]	*[2]	*[2]	*[2]	*[2]	Wirkungsgrad vorhanden[2]	Unklar A[2]	Contra B[2]	Unklar C[2]	_	_	Hauptteil[6]	2. Data[10]	
5-31	587-589	kg	1. Richtig[2]	1. Angemessen[2]	1. Verständlich[2]	Jahresertrag/Energiedichte Vorhanden[2]	*[2]	*[2]	*[2]	*[2]	*[2]	Wirkungsgrad vorhanden[2]	Unklar A[2]	Contra B[2]	Unklar C[2]	_	_	Hauptteil[6]	2. Data[10]	
5-32	589-590	,	1. Richtig[2]	1. Angemessen[2]	1. Verständlich[2]	Jahresertrag/Energiedichte Vorhanden[2]	*[2]	*[2]	*[2]	*[2]	*[2]	Wirkungsgrad vorhanden[2]	Unklar A[2]	Contra B[2]	Unklar C[2]	_	_	Hauptteil[6]	2. Data[10]	
5-33	591-595	aber	1. Richtig[2]	1. Angemessen[2]	1. Verständlich[2]	Jahresertrag/Energiedichte Vorhanden[2]	*[2]	*[2]	*[2]	*[2]	*[2]	Wirkungsgrad vorhanden[2]	Unklar A[2]	Contra B[2]	Unklar C[2]	_	_	Hauptteil[6]	4. Rebuttal[11]	
5-34	596-599	bei	1. Richtig[2]	1. Angemessen[2]	1. Verständlich[2]	Jahresertrag/Energiedichte Vorhanden[2]	*[2]	*[2]	*[2]	*[2]	*[2]	Wirkungsgrad vorhanden[2]	Unklar A[2]	Contra B[2]	Unklar C[2]	_	_	Hauptteil[6]	4. Rebuttal[11]	
5-35	600-603	dem	1. Richtig[2]	1. Angemessen[2]	1. Verständlich[2]	Jahresertrag/Energiedichte Vorhanden[2]	*[2]	*[2]	*[2]	*[2]	*[2]	Wirkungsgrad vorhanden[2]	Unklar A[2]	Contra B[2]	Unklar C[2]	_	_	Hauptteil[6]	4. Rebuttal[11]	
5-36	604-617	Akkumulatoren	1. Richtig[2]	1. Angemessen[2]	1. Verständlich[2]	Jahresertrag/Energiedichte Vorhanden[2]	*[2]	*[2]	*[2]	*[2]	*[2]	Wirkungsgrad vorhanden[2]	Unklar A[2]	Contra B[2]	Unklar C[2]	_	_	Hauptteil[6]	4. Rebuttal[11]	
5-37	618-621	ist	1. Richtig[2]	1. Angemessen[2]	1. Verständlich[2]	Jahresertrag/Energiedichte Vorhanden[2]	*[2]	*[2]	*[2]	*[2]	*[2]	Wirkungsgrad vorhanden[2]	Unklar A[2]	Contra B[2]	Unklar C[2]	_	_	Hauptteil[6]	4. Rebuttal[11]	
5-38	622-625	der	1. Richtig[2]	1. Angemessen[2]	1. Verständlich[2]	Jahresertrag/Energiedichte Vorhanden[2]	*[2]	*[2]	*[2]	*[2]	*[2]	Wirkungsgrad vorhanden[2]	Unklar A[2]	Contra B[2]	Unklar C[2]	_	_	Hauptteil[6]	4. Rebuttal[11]	
5-39	626-638	Wirkungsgrad	1. Richtig[2]	1. Angemessen[2]	1. Verständlich[2]	Jahresertrag/Energiedichte Vorhanden[2]	*[2]	*[2]	*[2]	*[2]	*[2]	Wirkungsgrad vorhanden[2]	Unklar A[2]	Contra B[2]	Unklar C[2]	_	_	Hauptteil[6]	4. Rebuttal[11]	
5-40	639-641	am	1. Richtig[2]	1. Angemessen[2]	1. Verständlich[2]	Jahresertrag/Energiedichte Vorhanden[2]	*[2]	*[2]	*[2]	*[2]	*[2]	Wirkungsgrad vorhanden[2]	Unklar A[2]	Contra B[2]	Unklar C[2]	_	_	Hauptteil[6]	4. Rebuttal[11]	
5-41	642-650	höchsten	1. Richtig[2]	1. Angemessen[2]	1. Verständlich[2]	Jahresertrag/Energiedichte Vorhanden[2]	*[2]	*[2]	*[2]	*[2]	*[2]	Wirkungsgrad vorhanden[2]	Unklar A[2]	Contra B[2]	Unklar C[2]	_	_	Hauptteil[6]	4. Rebuttal[11]	
5-42	651-654	mit	1. Richtig[2]	1. Angemessen[2]	1. Verständlich[2]	Jahresertrag/Energiedichte Vorhanden[2]	*[2]	*[2]	*[2]	*[2]	*[2]	Wirkungsgrad vorhanden[2]	Unklar A[2]	Contra B[2]	Unklar C[2]	_	_	Hauptteil[6]	4. Rebuttal[11]	
5-43	655-658	70%	1. Richtig[2]	1. Angemessen[2]	1. Verständlich[2]	Jahresertrag/Energiedichte Vorhanden[2]	*[2]	*[2]	*[2]	*[2]	*[2]	Wirkungsgrad vorhanden[2]	Unklar A[2]	Contra B[2]	Unklar C[2]	_	_	Hauptteil[6]	4. Rebuttal[11]	
5-44	659-670	Wasserstoff	1. Richtig[2]	1. Angemessen[2]	1. Verständlich[2]	Jahresertrag/Energiedichte Vorhanden[2]	*[2]	*[2]	*[2]	*[2]	*[2]	Wirkungsgrad vorhanden[2]	Unklar A[2]	Contra B[2]	Unklar C[2]	_	_	Hauptteil[6]	4. Rebuttal[11]	
5-45	671-676	kommt	1. Richtig[2]	1. Angemessen[2]	1. Verständlich[2]	Jahresertrag/Energiedichte Vorhanden[2]	*[2]	*[2]	*[2]	*[2]	*[2]	Wirkungsgrad vorhanden[2]	Unklar A[2]	Contra B[2]	Unklar C[2]	_	_	Hauptteil[6]	4. Rebuttal[11]	
5-46	677-683	danach	1. Richtig[2]	1. Angemessen[2]	1. Verständlich[2]	Jahresertrag/Energiedichte Vorhanden[2]	*[2]	*[2]	*[2]	*[2]	*[2]	Wirkungsgrad vorhanden[2]	Unklar A[2]	Contra B[2]	Unklar C[2]	_	_	Hauptteil[6]	4. Rebuttal[11]	
5-47	684-687	mit	1. Richtig[2]	1. Angemessen[2]	1. Verständlich[2]	Jahresertrag/Energiedichte Vorhanden[2]	*[2]	*[2]	*[2]	*[2]	*[2]	Wirkungsgrad vorhanden[2]	Unklar A[2]	Contra B[2]	Unklar C[2]	_	_	Hauptteil[6]	4. Rebuttal[11]	
5-48	688-690	ca	1. Richtig[2]	1. Angemessen[2]	1. Verständlich[2]	Jahresertrag/Energiedichte Vorhanden[2]	*[2]	*[2]	*[2]	*[2]	*[2]	Wirkungsgrad vorhanden[2]	Unklar A[2]	Contra B[2]	Unklar C[2]	_	_	Hauptteil[6]	4. Rebuttal[11]	
5-49	690-691	.	1. Richtig[2]	1. Angemessen[2]	1. Verständlich[2]	Jahresertrag/Energiedichte Vorhanden[2]	*[2]	*[2]	*[2]	*[2]	*[2]	Wirkungsgrad vorhanden[2]	Unklar A[2]	Contra B[2]	Unklar C[2]	_	_	Hauptteil[6]	4. Rebuttal[11]	
5-50	692-695	25%	1. Richtig[2]	1. Angemessen[2]	1. Verständlich[2]	Jahresertrag/Energiedichte Vorhanden[2]	*[2]	*[2]	*[2]	*[2]	*[2]	Wirkungsgrad vorhanden[2]	Unklar A[2]	Contra B[2]	Unklar C[2]	_	_	Hauptteil[6]	4. Rebuttal[11]	
5-51	696-699	und	1. Richtig[2]	1. Angemessen[2]	1. Verständlich[2]	Jahresertrag/Energiedichte Vorhanden[2]	*[2]	*[2]	*[2]	*[2]	*[2]	Wirkungsgrad vorhanden[2]	Unklar A[2]	Contra B[2]	Unklar C[2]	_	_	Hauptteil[6]	4. Rebuttal[11]	
5-52	700-704	dann	1. Richtig[2]	1. Angemessen[2]	1. Verständlich[2]	Jahresertrag/Energiedichte Vorhanden[2]	*[2]	*[2]	*[2]	*[2]	*[2]	Wirkungsgrad vorhanden[2]	Unklar A[2]	Contra B[2]	Unklar C[2]	_	_	Hauptteil[6]	4. Rebuttal[11]	
5-53	705-708	die	1. Richtig[2]	1. Angemessen[2]	1. Verständlich[2]	Jahresertrag/Energiedichte Vorhanden[2]	*[2]	*[2]	*[2]	*[2]	*[2]	Wirkungsgrad vorhanden[2]	Unklar A[2]	Contra B[2]	Unklar C[2]	_	_	Hauptteil[6]	4. Rebuttal[11]	
5-54	709-716	E-fuels	1. Richtig[2]	1. Angemessen[2]	1. Verständlich[2]	Jahresertrag/Energiedichte Vorhanden[2]	*[2]	*[2]	*[2]	*[2]	*[2]	Wirkungsgrad vorhanden[2]	Unklar A[2]	Contra B[2]	Unklar C[2]	_	_	Hauptteil[6]	4. Rebuttal[11]	
5-55	717-720	mit	1. Richtig[2]	1. Angemessen[2]	1. Verständlich[2]	Jahresertrag/Energiedichte Vorhanden[2]	*[2]	*[2]	*[2]	*[2]	*[2]	Wirkungsgrad vorhanden[2]	Unklar A[2]	Contra B[2]	Unklar C[2]	_	_	Hauptteil[6]	4. Rebuttal[11]	
5-56	721-723	15	1. Richtig[2]	1. Angemessen[2]	1. Verständlich[2]	Jahresertrag/Energiedichte Vorhanden[2]	*[2]	*[2]	*[2]	*[2]	*[2]	Wirkungsgrad vorhanden[2]	Unklar A[2]	Contra B[2]	Unklar C[2]	_	_	Hauptteil[6]	4. Rebuttal[11]	
5-57	723-724	-	1. Richtig[2]	1. Angemessen[2]	1. Verständlich[2]	Jahresertrag/Energiedichte Vorhanden[2]	*[2]	*[2]	*[2]	*[2]	*[2]	Wirkungsgrad vorhanden[2]	Unklar A[2]	Contra B[2]	Unklar C[2]	_	_	Hauptteil[6]	4. Rebuttal[11]	
5-58	724-727	20%	1. Richtig[2]	1. Angemessen[2]	1. Verständlich[2]	Jahresertrag/Energiedichte Vorhanden[2]	*[2]	*[2]	*[2]	*[2]	*[2]	Wirkungsgrad vorhanden[2]	Unklar A[2]	Contra B[2]	Unklar C[2]	_	_	Hauptteil[6]	4. Rebuttal[11]	
5-59	727-728	.	1. Richtig[2]	1. Angemessen[2]	1. Verständlich[2]	Jahresertrag/Energiedichte Vorhanden[2]	*[2]	*[2]	*[2]	*[2]	*[2]	Wirkungsgrad vorhanden[2]	Unklar A[2]	Contra B[2]	Unklar C[2]	_	_	Hauptteil[6]	4. Rebuttal[11]	

6-1	730-733	Ein	1. Richtig[3]	1. Angemessen[3]	2. Schwer verständlich[3]	*[3]	Lebensdauer/Verfügbarkeit vorhanden[3]	*[3]	*[3]	*[3]	*[3]	*[3]	Contra A[3]	Pro B[3]	Contra C[3]	_	_	Hauptteil[6]	1. Claim[12]	
6-2	734-740	großes	1. Richtig[3]	1. Angemessen[3]	2. Schwer verständlich[3]	*[3]	Lebensdauer/Verfügbarkeit vorhanden[3]	*[3]	*[3]	*[3]	*[3]	*[3]	Contra A[3]	Pro B[3]	Contra C[3]	_	_	Hauptteil[6]	1. Claim[12]	
6-3	741-748	Problem	1. Richtig[3]	1. Angemessen[3]	2. Schwer verständlich[3]	*[3]	Lebensdauer/Verfügbarkeit vorhanden[3]	*[3]	*[3]	*[3]	*[3]	*[3]	Contra A[3]	Pro B[3]	Contra C[3]	_	_	Hauptteil[6]	1. Claim[12]	
6-4	749-752	bei	1. Richtig[3]	1. Angemessen[3]	2. Schwer verständlich[3]	*[3]	Lebensdauer/Verfügbarkeit vorhanden[3]	*[3]	*[3]	*[3]	*[3]	*[3]	Contra A[3]	Pro B[3]	Contra C[3]	_	_	Hauptteil[6]	1. Claim[12]	
6-5	753-756	den	1. Richtig[3]	1. Angemessen[3]	2. Schwer verständlich[3]	*[3]	Lebensdauer/Verfügbarkeit vorhanden[3]	*[3]	*[3]	*[3]	*[3]	*[3]	Contra A[3]	Pro B[3]	Contra C[3]	_	_	Hauptteil[6]	1. Claim[12]	
6-6	757-768	Wasserstoff	1. Richtig[3]	1. Angemessen[3]	2. Schwer verständlich[3]	*[3]	Lebensdauer/Verfügbarkeit vorhanden[3]	*[3]	*[3]	*[3]	*[3]	*[3]	Contra A[3]	Pro B[3]	Contra C[3]	_	_	Hauptteil[6]	1. Claim[12]	
6-7	769-779	Fahrzeugen	1. Richtig[3]	1. Angemessen[3]	2. Schwer verständlich[3]	*[3]	Lebensdauer/Verfügbarkeit vorhanden[3]	*[3]	*[3]	*[3]	*[3]	*[3]	Contra A[3]	Pro B[3]	Contra C[3]	_	_	Hauptteil[6]	1. Claim[12]	
6-8	780-783	ist	1. Richtig[3]	1. Angemessen[3]	2. Schwer verständlich[3]	*[3]	Lebensdauer/Verfügbarkeit vorhanden[3]	*[3]	*[3]	*[3]	*[3]	*[3]	Contra A[3]	Pro B[3]	Contra C[3]	_	_	Hauptteil[6]	1. Claim[12]	
6-9	784-785	,	1. Richtig[3]	1. Angemessen[3]	2. Schwer verständlich[3]	*[3]	Lebensdauer/Verfügbarkeit vorhanden[3]	*[3]	*[3]	*[3]	*[3]	*[3]	Contra A[3]	Pro B[3]	Contra C[3]	_	_	Hauptteil[6]	1. Claim[12]	
6-10	786-790	dass	1. Richtig[3]	1. Angemessen[3]	2. Schwer verständlich[3]	*[3]	Lebensdauer/Verfügbarkeit vorhanden[3]	*[3]	*[3]	*[3]	*[3]	*[3]	Contra A[3]	Pro B[3]	Contra C[3]	_	_	Hauptteil[6]	2. Data[13]	
6-11	791-793	es	1. Richtig[3]	1. Angemessen[3]	2. Schwer verständlich[3]	*[3]	Lebensdauer/Verfügbarkeit vorhanden[3]	*[3]	*[3]	*[3]	*[3]	*[3]	Contra A[3]	Pro B[3]	Contra C[3]	_	_	Hauptteil[6]	2. Data[13]	
6-12	794-802	momentan	1. Richtig[3]	1. Angemessen[3]	2. Schwer verständlich[3]	*[3]	Lebensdauer/Verfügbarkeit vorhanden[3]	*[3]	*[3]	*[3]	*[3]	*[3]	Contra A[3]	Pro B[3]	Contra C[3]	_	_	Hauptteil[6]	2. Data[13]	
6-13	803-807	noch	1. Richtig[3]	1. Angemessen[3]	2. Schwer verständlich[3]	*[3]	Lebensdauer/Verfügbarkeit vorhanden[3]	*[3]	*[3]	*[3]	*[3]	*[3]	Contra A[3]	Pro B[3]	Contra C[3]	_	_	Hauptteil[6]	2. Data[13]	
6-14	808-813	nicht	1. Richtig[3]	1. Angemessen[3]	2. Schwer verständlich[3]	*[3]	Lebensdauer/Verfügbarkeit vorhanden[3]	*[3]	*[3]	*[3]	*[3]	*[3]	Contra A[3]	Pro B[3]	Contra C[3]	_	_	Hauptteil[6]	2. Data[13]	
6-15	814-819	viele	1. Richtig[3]	1. Angemessen[3]	2. Schwer verständlich[3]	*[3]	Lebensdauer/Verfügbarkeit vorhanden[3]	*[3]	*[3]	*[3]	*[3]	*[3]	Contra A[3]	Pro B[3]	Contra C[3]	_	_	Hauptteil[6]	2. Data[13]	
6-16	820-826	modele	1. Richtig[3]	1. Angemessen[3]	2. Schwer verständlich[3]	*[3]	Lebensdauer/Verfügbarkeit vorhanden[3]	*[3]	*[3]	*[3]	*[3]	*[3]	Contra A[3]	Pro B[3]	Contra C[3]	_	_	Hauptteil[6]	2. Data[13]	
6-17	827-831	gibt	1. Richtig[3]	1. Angemessen[3]	2. Schwer verständlich[3]	*[3]	Lebensdauer/Verfügbarkeit vorhanden[3]	*[3]	*[3]	*[3]	*[3]	*[3]	Contra A[3]	Pro B[3]	Contra C[3]	_	_	Hauptteil[6]	2. Data[13]	
6-18	832-836	aber	1. Richtig[3]	1. Angemessen[3]	2. Schwer verständlich[3]	*[3]	Lebensdauer/Verfügbarkeit vorhanden[3]	*[3]	*[3]	*[3]	*[3]	*[3]	Contra A[3]	Pro B[3]	Contra C[3]	_	_	Hauptteil[6]	2. Data[13]	
6-19	837-840	bei	1. Richtig[3]	1. Angemessen[3]	2. Schwer verständlich[3]	*[3]	Lebensdauer/Verfügbarkeit vorhanden[3]	*[3]	*[3]	*[3]	*[3]	*[3]	Contra A[3]	Pro B[3]	Contra C[3]	_	_	Hauptteil[6]	2. Data[13]	
6-20	841-844	den	1. Richtig[3]	1. Angemessen[3]	2. Schwer verständlich[3]	*[3]	Lebensdauer/Verfügbarkeit vorhanden[3]	*[3]	*[3]	*[3]	*[3]	*[3]	Contra A[3]	Pro B[3]	Contra C[3]	_	_	Hauptteil[6]	2. Data[13]	
6-21	845-858	Akkumulatoren	1. Richtig[3]	1. Angemessen[3]	2. Schwer verständlich[3]	*[3]	Lebensdauer/Verfügbarkeit vorhanden[3]	*[3]	*[3]	*[3]	*[3]	*[3]	Contra A[3]	Pro B[3]	Contra C[3]	_	_	Hauptteil[6]	2. Data[13]	
6-22	858-859	,	1. Richtig[3]	1. Angemessen[3]	2. Schwer verständlich[3]	*[3]	Lebensdauer/Verfügbarkeit vorhanden[3]	*[3]	*[3]	*[3]	*[3]	*[3]	Contra A[3]	Pro B[3]	Contra C[3]	_	_	Hauptteil[6]	2. Data[13]	
6-23	860-863	bei	1. Richtig[3]	1. Angemessen[3]	2. Schwer verständlich[3]	*[3]	Lebensdauer/Verfügbarkeit vorhanden[3]	*[3]	*[3]	*[3]	*[3]	*[3]	Contra A[3]	Pro B[3]	Contra C[3]	_	_	Hauptteil[6]	2. Data[14]	
6-24	864-871	E-fuels	1. Richtig[3]	1. Angemessen[3]	2. Schwer verständlich[3]	*[3]	Lebensdauer/Verfügbarkeit vorhanden[3]	*[3]	*[3]	*[3]	*[3]	*[3]	Contra A[3]	Pro B[3]	Contra C[3]	_	_	Hauptteil[6]	2. Data[14]	
6-25	872-879	müssten	1. Richtig[3]	1. Angemessen[3]	2. Schwer verständlich[3]	*[3]	Lebensdauer/Verfügbarkeit vorhanden[3]	*[3]	*[3]	*[3]	*[3]	*[3]	Contra A[3]	Pro B[3]	Contra C[3]	_	_	Hauptteil[6]	2. Data[14]	
6-26	880-884	noch	1. Richtig[3]	1. Angemessen[3]	2. Schwer verständlich[3]	*[3]	Lebensdauer/Verfügbarkeit vorhanden[3]	*[3]	*[3]	*[3]	*[3]	*[3]	Contra A[3]	Pro B[3]	Contra C[3]	_	_	Hauptteil[6]	2. Data[14]	
6-27	885-890	nicht	1. Richtig[3]	1. Angemessen[3]	2. Schwer verständlich[3]	*[3]	Lebensdauer/Verfügbarkeit vorhanden[3]	*[3]	*[3]	*[3]	*[3]	*[3]	Contra A[3]	Pro B[3]	Contra C[3]	_	_	Hauptteil[6]	2. Data[14]	
6-28	891-894	mal	1. Richtig[3]	1. Angemessen[3]	2. Schwer verständlich[3]	*[3]	Lebensdauer/Verfügbarkeit vorhanden[3]	*[3]	*[3]	*[3]	*[3]	*[3]	Contra A[3]	Pro B[3]	Contra C[3]	_	_	Hauptteil[6]	2. Data[14]	
6-29	895-898	die	1. Richtig[3]	1. Angemessen[3]	2. Schwer verständlich[3]	*[3]	Lebensdauer/Verfügbarkeit vorhanden[3]	*[3]	*[3]	*[3]	*[3]	*[3]	Contra A[3]	Pro B[3]	Contra C[3]	_	_	Hauptteil[6]	2. Data[14]	
6-30	899-908	Fahrzeuge	1. Richtig[3]	1. Angemessen[3]	2. Schwer verständlich[3]	*[3]	Lebensdauer/Verfügbarkeit vorhanden[3]	*[3]	*[3]	*[3]	*[3]	*[3]	Contra A[3]	Pro B[3]	Contra C[3]	_	_	Hauptteil[6]	2. Data[14]	
6-31	909-921	ausgetauscht	1. Richtig[3]	1. Angemessen[3]	2. Schwer verständlich[3]	*[3]	Lebensdauer/Verfügbarkeit vorhanden[3]	*[3]	*[3]	*[3]	*[3]	*[3]	Contra A[3]	Pro B[3]	Contra C[3]	_	_	Hauptteil[6]	2. Data[14]	
6-32	922-928	werden	1. Richtig[3]	1. Angemessen[3]	2. Schwer verständlich[3]	*[3]	Lebensdauer/Verfügbarkeit vorhanden[3]	*[3]	*[3]	*[3]	*[3]	*[3]	Contra A[3]	Pro B[3]	Contra C[3]	_	_	Hauptteil[6]	2. Data[14]	
6-33	929-936	welches	1. Richtig[3]	1. Angemessen[3]	2. Schwer verständlich[3]	*[3]	Lebensdauer/Verfügbarkeit vorhanden[3]	*[3]	*[3]	*[3]	*[3]	*[3]	Contra A[3]	Pro B[3]	Contra C[3]	_	_	Hauptteil[6]	3. Warrant[15]	
6-34	937-944	weniger	1. Richtig[3]	1. Angemessen[3]	2. Schwer verständlich[3]	*[3]	Lebensdauer/Verfügbarkeit vorhanden[3]	*[3]	*[3]	*[3]	*[3]	*[3]	Contra A[3]	Pro B[3]	Contra C[3]	_	_	Hauptteil[6]	3. Warrant[15]	
6-35	945-951	kosten	1. Richtig[3]	1. Angemessen[3]	2. Schwer verständlich[3]	*[3]	Lebensdauer/Verfügbarkeit vorhanden[3]	*[3]	*[3]	*[3]	*[3]	*[3]	Contra A[3]	Pro B[3]	Contra C[3]	_	_	Hauptteil[6]	3. Warrant[15]	
6-36	952-960	bedeutet	1. Richtig[3]	1. Angemessen[3]	2. Schwer verständlich[3]	*[3]	Lebensdauer/Verfügbarkeit vorhanden[3]	*[3]	*[3]	*[3]	*[3]	*[3]	Contra A[3]	Pro B[3]	Contra C[3]	_	_	Hauptteil[6]	3. Warrant[15]	
6-37	960-961	.	1. Richtig[3]	1. Angemessen[3]	2. Schwer verständlich[3]	*[3]	Lebensdauer/Verfügbarkeit vorhanden[3]	*[3]	*[3]	*[3]	*[3]	*[3]	Contra A[3]	Pro B[3]	Contra C[3]	_	_	Hauptteil[6]	3. Warrant[15]	

7-1	963-966	Ich	_	_	_	_	_	_	_	_	_	_	_	_	_	1. Trade-off[4]	Gesamtthese[4]	Schluss[7]	_	
7-2	967-970	bin	_	_	_	_	_	_	_	_	_	_	_	_	_	1. Trade-off[4]	Gesamtthese[4]	Schluss[7]	_	
7-3	971-975	ganz	_	_	_	_	_	_	_	_	_	_	_	_	_	1. Trade-off[4]	Gesamtthese[4]	Schluss[7]	_	
7-4	976-980	klar	_	_	_	_	_	_	_	_	_	_	_	_	_	1. Trade-off[4]	Gesamtthese[4]	Schluss[7]	_	
7-5	981-984	für	_	_	_	_	_	_	_	_	_	_	_	_	_	1. Trade-off[4]	Gesamtthese[4]	Schluss[7]	_	
7-6	985-988	die	_	_	_	_	_	_	_	_	_	_	_	_	_	1. Trade-off[4]	Gesamtthese[4]	Schluss[7]	_	
7-7	989-990	e	_	_	_	_	_	_	_	_	_	_	_	_	_	1. Trade-off[4]	Gesamtthese[4]	Schluss[7]	_	
7-8	991-996	Fuels	_	_	_	_	_	_	_	_	_	_	_	_	_	1. Trade-off[4]	Gesamtthese[4]	Schluss[7]	_	
7-9	997-999	da	_	_	_	_	_	_	_	_	_	_	_	_	_	1. Trade-off[4]	Gesamtthese[4]	Schluss[7]	_	
7-10	1000-1005	diese	_	_	_	_	_	_	_	_	_	_	_	_	_	1. Trade-off[4]	Gesamtthese[4]	Schluss[7]	_	
7-11	1006-1008	am	_	_	_	_	_	_	_	_	_	_	_	_	_	1. Trade-off[4]	Gesamtthese[4]	Schluss[7]	_	
7-12	1009-1020	einfachsten	_	_	_	_	_	_	_	_	_	_	_	_	_	1. Trade-off[4]	Gesamtthese[4]	Schluss[7]	_	
7-13	1021-1023	zu	_	_	_	_	_	_	_	_	_	_	_	_	_	1. Trade-off[4]	Gesamtthese[4]	Schluss[7]	_	
7-14	1024-1035	integrieren	_	_	_	_	_	_	_	_	_	_	_	_	_	1. Trade-off[4]	Gesamtthese[4]	Schluss[7]	_	
7-15	1036-1040	sind	_	_	_	_	_	_	_	_	_	_	_	_	_	1. Trade-off[4]	Gesamtthese[4]	Schluss[7]	_	
7-16	1041-1043	am	_	_	_	_	_	_	_	_	_	_	_	_	_	1. Trade-off[4]	Gesamtthese[4]	Schluss[7]	_	
7-17	1044-1053	wenigsten	_	_	_	_	_	_	_	_	_	_	_	_	_	1. Trade-off[4]	Gesamtthese[4]	Schluss[7]	_	
7-18	1054-1057	co2	_	_	_	_	_	_	_	_	_	_	_	_	_	1. Trade-off[4]	Gesamtthese[4]	Schluss[7]	_	
7-19	1058-1060	in	_	_	_	_	_	_	_	_	_	_	_	_	_	1. Trade-off[4]	Gesamtthese[4]	Schluss[7]	_	
7-20	1061-1064	der	_	_	_	_	_	_	_	_	_	_	_	_	_	1. Trade-off[4]	Gesamtthese[4]	Schluss[7]	_	
7-21	1065-1075	Produktion	_	_	_	_	_	_	_	_	_	_	_	_	_	1. Trade-off[4]	Gesamtthese[4]	Schluss[7]	_	
7-22	1076-1085	ausstoßen	_	_	_	_	_	_	_	_	_	_	_	_	_	1. Trade-off[4]	Gesamtthese[4]	Schluss[7]	_	
7-23	1085-1086	.	_	_	_	_	_	_	_	_	_	_	_	_	_	1. Trade-off[4]	Gesamtthese[4]	Schluss[7]	_	

8-1	1087-1090	Die	_	_	_	_	_	_	_	_	_	_	_	_	_	_	_	Schluss[7]	_	
8-2	1091-1098	E-fuels	_	_	_	_	_	_	_	_	_	_	_	_	_	_	_	Schluss[7]	_	
8-3	1099-1103	sind	_	_	_	_	_	_	_	_	_	_	_	_	_	_	_	Schluss[7]	_	
8-4	1104-1108	zwar	_	_	_	_	_	_	_	_	_	_	_	_	_	_	_	Schluss[7]	_	
8-5	1109-1111	da	_	_	_	_	_	_	_	_	_	_	_	_	_	_	_	Schluss[7]	_	
8-6	1112-1115	sie	_	_	_	_	_	_	_	_	_	_	_	_	_	_	_	Schluss[7]	_	
8-7	1116-1119	auf	_	_	_	_	_	_	_	_	_	_	_	_	_	_	_	Schluss[7]	_	
8-8	1120-1123	den	_	_	_	_	_	_	_	_	_	_	_	_	_	_	_	Schluss[7]	_	
8-9	1124-1132	normalen	_	_	_	_	_	_	_	_	_	_	_	_	_	_	_	Schluss[7]	_	
8-10	1133-1140	Motoren	_	_	_	_	_	_	_	_	_	_	_	_	_	_	_	Schluss[7]	_	
8-11	1141-1149	basieren	_	_	_	_	_	_	_	_	_	_	_	_	_	_	_	Schluss[7]	_	
8-12	1150-1154	sind	_	_	_	_	_	_	_	_	_	_	_	_	_	_	_	Schluss[7]	_	
8-13	1155-1160	diese	_	_	_	_	_	_	_	_	_	_	_	_	_	_	_	Schluss[7]	_	
8-14	1161-1165	auch	_	_	_	_	_	_	_	_	_	_	_	_	_	_	_	Schluss[7]	_	
8-15	1166-1172	lauter	_	_	_	_	_	_	_	_	_	_	_	_	_	_	_	Schluss[7]	_	
8-16	1173-1176	als	_	_	_	_	_	_	_	_	_	_	_	_	_	_	_	Schluss[7]	_	
8-17	1177-1180	die	_	_	_	_	_	_	_	_	_	_	_	_	_	_	_	Schluss[7]	_	
8-18	1181-1188	anderen	_	_	_	_	_	_	_	_	_	_	_	_	_	_	_	Schluss[7]	_	
8-19	1189-1201	alternativen	_	_	_	_	_	_	_	_	_	_	_	_	_	_	_	Schluss[7]	_	
8-20	1202-1206	aber	_	_	_	_	_	_	_	_	_	_	_	_	_	_	_	Schluss[7]	_	
8-21	1207-1209	im	_	_	_	_	_	_	_	_	_	_	_	_	_	_	_	Schluss[7]	_	
8-22	1210-1218	gleichen	_	_	_	_	_	_	_	_	_	_	_	_	_	_	_	Schluss[7]	_	
8-23	1219-1222	Zug	_	_	_	_	_	_	_	_	_	_	_	_	_	_	_	Schluss[7]	_	
8-24	1223-1229	müssen	_	_	_	_	_	_	_	_	_	_	_	_	_	_	_	Schluss[7]	_	
8-25	1230-1233	sie	_	_	_	_	_	_	_	_	_	_	_	_	_	_	_	Schluss[7]	_	
8-26	1234-1239	nicht	_	_	_	_	_	_	_	_	_	_	_	_	_	_	_	Schluss[7]	_	
8-27	1240-1252	ausgetauscht	_	_	_	_	_	_	_	_	_	_	_	_	_	_	_	Schluss[7]	_	
8-28	1253-1259	werden	_	_	_	_	_	_	_	_	_	_	_	_	_	_	_	Schluss[7]	_	
8-29	1260-1264	weil	_	_	_	_	_	_	_	_	_	_	_	_	_	_	_	Schluss[7]	_	
8-30	1265-1268	die	_	_	_	_	_	_	_	_	_	_	_	_	_	_	_	Schluss[7]	_	
8-31	1269-1276	e-fuels	_	_	_	_	_	_	_	_	_	_	_	_	_	_	_	Schluss[7]	_	
8-32	1277-1280	mit	_	_	_	_	_	_	_	_	_	_	_	_	_	_	_	Schluss[7]	_	
8-33	1281-1294	herkömmlichen	_	_	_	_	_	_	_	_	_	_	_	_	_	_	_	Schluss[7]	_	
8-34	1295-1302	Motoren	_	_	_	_	_	_	_	_	_	_	_	_	_	_	_	Schluss[7]	_	
8-35	1303-1315	funktioniert	_	_	_	_	_	_	_	_	_	_	_	_	_	_	_	Schluss[7]	_	
8-36	1315-1316	.	_	_	_	_	_	_	_	_	_	_	_	_	_	_	_	Schluss[7]	_	

9-1	1318-1321	Ein	_	_	_	_	_	_	_	_	_	_	_	_	_	_	_	Schluss[7]	_	
9-2	1322-1330	weiterer	_	_	_	_	_	_	_	_	_	_	_	_	_	_	_	Schluss[7]	_	
9-3	1331-1338	Vorteil	_	_	_	_	_	_	_	_	_	_	_	_	_	_	_	Schluss[7]	_	
9-4	1339-1342	ist	_	_	_	_	_	_	_	_	_	_	_	_	_	_	_	Schluss[7]	_	
9-5	1343-1346	das	_	_	_	_	_	_	_	_	_	_	_	_	_	_	_	Schluss[7]	_	
9-6	1347-1350	sie	_	_	_	_	_	_	_	_	_	_	_	_	_	_	_	Schluss[7]	_	
9-7	1351-1355	fast	_	_	_	_	_	_	_	_	_	_	_	_	_	_	_	Schluss[7]	_	
9-8	1356-1361	genau	_	_	_	_	_	_	_	_	_	_	_	_	_	_	_	Schluss[7]	_	
9-9	1362-1365	die	_	_	_	_	_	_	_	_	_	_	_	_	_	_	_	Schluss[7]	_	
9-10	1366-1373	gleiche	_	_	_	_	_	_	_	_	_	_	_	_	_	_	_	Schluss[7]	_	
9-11	1374-1384	Reichweite	_	_	_	_	_	_	_	_	_	_	_	_	_	_	_	Schluss[7]	_	
9-12	1385-1390	haben	_	_	_	_	_	_	_	_	_	_	_	_	_	_	_	Schluss[7]	_	
9-13	1391-1394	wie	_	_	_	_	_	_	_	_	_	_	_	_	_	_	_	Schluss[7]	_	
9-14	1395-1398	mit	_	_	_	_	_	_	_	_	_	_	_	_	_	_	_	Schluss[7]	_	
9-15	1399-1412	herkömmlichen	_	_	_	_	_	_	_	_	_	_	_	_	_	_	_	Schluss[7]	_	
9-16	1413-1419	Benzin	_	_	_	_	_	_	_	_	_	_	_	_	_	_	_	Schluss[7]	_	
9-17	1419-1420	.	_	_	_	_	_	_	_	_	_	_	_	_	_	_	_	Schluss[7]	_	

10-1	1421-1424	Und	_	_	_	_	_	_	_	_	_	_	_	_	_	_	_	Schluss[7]	_	
10-2	1425-1428	die	_	_	_	_	_	_	_	_	_	_	_	_	_	_	_	Schluss[7]	_	
10-3	1429-1430	e	_	_	_	_	_	_	_	_	_	_	_	_	_	_	_	Schluss[7]	_	
10-4	1430-1431	-	_	_	_	_	_	_	_	_	_	_	_	_	_	_	_	Schluss[7]	_	
10-5	1432-1437	fuels	_	_	_	_	_	_	_	_	_	_	_	_	_	_	_	Schluss[7]	_	
10-6	1438-1442	sind	_	_	_	_	_	_	_	_	_	_	_	_	_	_	_	Schluss[7]	_	
10-7	1443-1447	auch	_	_	_	_	_	_	_	_	_	_	_	_	_	_	_	Schluss[7]	_	
10-8	1448-1451	ein	_	_	_	_	_	_	_	_	_	_	_	_	_	_	_	Schluss[7]	_	
10-9	1452-1458	Lösung	_	_	_	_	_	_	_	_	_	_	_	_	_	_	_	Schluss[7]	_	
10-10	1459-1462	für	_	_	_	_	_	_	_	_	_	_	_	_	_	_	_	Schluss[7]	_	
10-11	1463-1467	Pkws	_	_	_	_	_	_	_	_	_	_	_	_	_	_	_	Schluss[7]	_	
10-12	1468-1471	und	_	_	_	_	_	_	_	_	_	_	_	_	_	_	_	Schluss[7]	_	
10-13	1472-1476	Lkws	_	_	_	_	_	_	_	_	_	_	_	_	_	_	_	Schluss[7]	_	
10-14	1477-1479	da	_	_	_	_	_	_	_	_	_	_	_	_	_	_	_	Schluss[7]	_	
10-15	1480-1486	diesen	_	_	_	_	_	_	_	_	_	_	_	_	_	_	_	Schluss[7]	_	
10-16	1487-1490	den	_	_	_	_	_	_	_	_	_	_	_	_	_	_	_	Schluss[7]	_	
10-17	1491-1497	E-fuel	_	_	_	_	_	_	_	_	_	_	_	_	_	_	_	Schluss[7]	_	
10-18	1498-1502	auch	_	_	_	_	_	_	_	_	_	_	_	_	_	_	_	Schluss[7]	_	
10-19	1503-1509	tanken	_	_	_	_	_	_	_	_	_	_	_	_	_	_	_	Schluss[7]	_	
10-20	1510-1516	können	_	_	_	_	_	_	_	_	_	_	_	_	_	_	_	Schluss[7]	_	
10-21	1516-1517	.	_	_	_	_	_	_	_	_	_	_	_	_	_	_	_	Schluss[7]	_	

11-1	1519-1524	Liebe	_	_	_	_	_	_	_	_	_	_	_	_	_	_	_	Schluss[7]	_	
11-2	1525-1534	Politiker	_	_	_	_	_	_	_	_	_	_	_	_	_	_	_	Schluss[7]	_	
11-3	1535-1546	investieren	_	_	_	_	_	_	_	_	_	_	_	_	_	_	_	Schluss[7]	_	
11-4	1547-1550	sie	_	_	_	_	_	_	_	_	_	_	_	_	_	_	_	Schluss[7]	_	
11-5	1551-1553	in	_	_	_	_	_	_	_	_	_	_	_	_	_	_	_	Schluss[7]	_	
11-6	1554-1560	E-fuel	_	_	_	_	_	_	_	_	_	_	_	_	_	_	_	Schluss[7]	_	
11-7	1561-1564	das	_	_	_	_	_	_	_	_	_	_	_	_	_	_	_	Schluss[7]	_	
11-8	1565-1568	ist	_	_	_	_	_	_	_	_	_	_	_	_	_	_	_	Schluss[7]	_	
11-9	1569-1575	sowohl	_	_	_	_	_	_	_	_	_	_	_	_	_	_	_	Schluss[7]	_	
11-10	1576-1579	für	_	_	_	_	_	_	_	_	_	_	_	_	_	_	_	Schluss[7]	_	
11-11	1580-1586	privat	_	_	_	_	_	_	_	_	_	_	_	_	_	_	_	Schluss[7]	_	
11-12	1587-1590	als	_	_	_	_	_	_	_	_	_	_	_	_	_	_	_	Schluss[7]	_	
11-13	1591-1595	auch	_	_	_	_	_	_	_	_	_	_	_	_	_	_	_	Schluss[7]	_	
11-14	1596-1599	für	_	_	_	_	_	_	_	_	_	_	_	_	_	_	_	Schluss[7]	_	
11-15	1600-1611	öffentliche	_	_	_	_	_	_	_	_	_	_	_	_	_	_	_	Schluss[7]	_	
11-16	1612-1626	Verkehrsmittel	_	_	_	_	_	_	_	_	_	_	_	_	_	_	_	Schluss[7]	_	
11-17	1627-1629	am	_	_	_	_	_	_	_	_	_	_	_	_	_	_	_	Schluss[7]	_	
11-18	1630-1636	besten	_	_	_	_	_	_	_	_	_	_	_	_	_	_	_	Schluss[7]	_	
11-19	1636-1637	.	_	_	_	_	_	_	_	_	_	_	_	_	_	_	_	Schluss[7]	_	
11-20	1642-1643	.	_	_	_	_	_	_	_	_	_	_	_	_	_	_	_	Schluss[7]	_	
11-21	1651-1652	.	_	_	_	_	_	_	_	_	_	_	_	_	_	_	_	Schluss[7]	_	
