#FORMAT=WebAnno TSV 3.3
#T_SP=webanno.custom.Argument|Accuracy|Adequacy|Clarity|KriteriumJahresertragEnergiedichte|KriteriumLebensdauerVerfgbarkeit|KriteriumLokaleEmissionenGeruschemissionen|KriteriumPreisBetrieb|KriteriumSonstiges|KriteriumTreibhausgasemissionen|KriteriumWirkungsgrad|OptionA|OptionB|OptionC
#T_SP=webanno.custom.DecisionMakingStrategies|Decision|Gesamtthese
#T_SP=webanno.custom.Struktur|Struktur
#T_SP=webanno.custom.StrukturTAP|TAPArgumente


1-1	0-2	um	_	_	_	_	_	_	_	_	_	_	_	_	_	_	_	Einleitung[9]	_	
1-2	3-6	die	_	_	_	_	_	_	_	_	_	_	_	_	_	_	_	Einleitung[9]	_	
1-3	7-29	Treibhausgasemissionen	_	_	_	_	_	_	_	_	_	_	_	_	_	_	_	Einleitung[9]	_	
1-4	30-32	zu	_	_	_	_	_	_	_	_	_	_	_	_	_	_	_	Einleitung[9]	_	
1-5	33-43	verringern	_	_	_	_	_	_	_	_	_	_	_	_	_	_	_	Einleitung[9]	_	
1-6	44-48	soll	_	_	_	_	_	_	_	_	_	_	_	_	_	_	_	Einleitung[9]	_	
1-7	49-57	entweder	_	_	_	_	_	_	_	_	_	_	_	_	_	_	_	Einleitung[9]	_	
1-8	58-61	ein	_	_	_	_	_	_	_	_	_	_	_	_	_	_	_	Einleitung[9]	_	
1-9	62-70	Windpark	_	_	_	_	_	_	_	_	_	_	_	_	_	_	_	Einleitung[9]	_	
1-10	70-71	,	_	_	_	_	_	_	_	_	_	_	_	_	_	_	_	Einleitung[9]	_	
1-11	72-75	ein	_	_	_	_	_	_	_	_	_	_	_	_	_	_	_	Einleitung[9]	_	
1-12	76-85	Solarpark	_	_	_	_	_	_	_	_	_	_	_	_	_	_	_	Einleitung[9]	_	
1-13	86-90	oder	_	_	_	_	_	_	_	_	_	_	_	_	_	_	_	Einleitung[9]	_	
1-14	91-95	eine	_	_	_	_	_	_	_	_	_	_	_	_	_	_	_	Einleitung[9]	_	
1-15	96-113	Wasserkraftanlage	_	_	_	_	_	_	_	_	_	_	_	_	_	_	_	Einleitung[9]	_	
1-16	114-116	in	_	_	_	_	_	_	_	_	_	_	_	_	_	_	_	Einleitung[9]	_	
1-17	117-131	Norddeutchland	_	_	_	_	_	_	_	_	_	_	_	_	_	_	_	Einleitung[9]	_	
1-18	132-141	errichtet	_	_	_	_	_	_	_	_	_	_	_	_	_	_	_	Einleitung[9]	_	
1-19	142-148	werden	_	_	_	_	_	_	_	_	_	_	_	_	_	_	_	Einleitung[9]	_	
1-20	148-149	.	_	_	_	_	_	_	_	_	_	_	_	_	_	_	_	Einleitung[9]	_	

2-1	150-153	Die	_	_	_	_	_	_	_	_	_	_	_	_	_	_	_	Einleitung[9]	_	
2-2	154-163	Politiker	_	_	_	_	_	_	_	_	_	_	_	_	_	_	_	Einleitung[9]	_	
2-3	164-167	und	_	_	_	_	_	_	_	_	_	_	_	_	_	_	_	Einleitung[9]	_	
2-4	168-182	Politikerinnen	_	_	_	_	_	_	_	_	_	_	_	_	_	_	_	Einleitung[9]	_	
2-5	183-187	sind	_	_	_	_	_	_	_	_	_	_	_	_	_	_	_	Einleitung[9]	_	
2-6	188-190	am	_	_	_	_	_	_	_	_	_	_	_	_	_	_	_	Einleitung[9]	_	
2-7	191-202	diskutieren	_	_	_	_	_	_	_	_	_	_	_	_	_	_	_	Einleitung[9]	_	
2-8	202-203	,	_	_	_	_	_	_	_	_	_	_	_	_	_	_	_	Einleitung[9]	_	
2-9	204-210	welche	_	_	_	_	_	_	_	_	_	_	_	_	_	_	_	Einleitung[9]	_	
2-10	211-217	dieser	_	_	_	_	_	_	_	_	_	_	_	_	_	_	_	Einleitung[9]	_	
2-11	218-230	Alternativen	_	_	_	_	_	_	_	_	_	_	_	_	_	_	_	Einleitung[9]	_	
2-12	231-239	trotzdem	_	_	_	_	_	_	_	_	_	_	_	_	_	_	_	Einleitung[9]	_	
2-13	240-243	den	_	_	_	_	_	_	_	_	_	_	_	_	_	_	_	Einleitung[9]	_	
2-14	244-257	Energiebedarf	_	_	_	_	_	_	_	_	_	_	_	_	_	_	_	Einleitung[9]	_	
2-15	258-261	des	_	_	_	_	_	_	_	_	_	_	_	_	_	_	_	Einleitung[9]	_	
2-16	262-269	Bezirks	_	_	_	_	_	_	_	_	_	_	_	_	_	_	_	Einleitung[9]	_	
2-17	270-281	vollständig	_	_	_	_	_	_	_	_	_	_	_	_	_	_	_	Einleitung[9]	_	
2-18	282-287	durch	_	_	_	_	_	_	_	_	_	_	_	_	_	_	_	Einleitung[9]	_	
2-19	288-299	erneuerbare	_	_	_	_	_	_	_	_	_	_	_	_	_	_	_	Einleitung[9]	_	
2-20	300-307	Energie	_	_	_	_	_	_	_	_	_	_	_	_	_	_	_	Einleitung[9]	_	
2-21	308-315	abdeckt	_	_	_	_	_	_	_	_	_	_	_	_	_	_	_	Einleitung[9]	_	
2-22	315-316	.	_	_	_	_	_	_	_	_	_	_	_	_	_	_	_	Einleitung[9]	_	

3-1	317-320	Ein	1. Richtig[1]	1. Angemessen[1]	1. Verständlich[1]	*[1]	*[1]	*[1]	*[1]	*[1]	*[1]	Wirkungsgrad vorhanden[1]	Pro A[1]	Contra B[1]	Contra C[1]	_	_	Hauptteil[10]	1. Claim[11]	
3-2	321-330	Solarpark	1. Richtig[1]	1. Angemessen[1]	1. Verständlich[1]	*[1]	*[1]	*[1]	*[1]	*[1]	*[1]	Wirkungsgrad vorhanden[1]	Pro A[1]	Contra B[1]	Contra C[1]	_	_	Hauptteil[10]	1. Claim[11]	
3-3	331-336	kommt	1. Richtig[1]	1. Angemessen[1]	1. Verständlich[1]	*[1]	*[1]	*[1]	*[1]	*[1]	*[1]	Wirkungsgrad vorhanden[1]	Pro A[1]	Contra B[1]	Contra C[1]	_	_	Hauptteil[10]	1. Claim[11]	
3-4	337-343	meiner	1. Richtig[1]	1. Angemessen[1]	1. Verständlich[1]	*[1]	*[1]	*[1]	*[1]	*[1]	*[1]	Wirkungsgrad vorhanden[1]	Pro A[1]	Contra B[1]	Contra C[1]	_	_	Hauptteil[10]	1. Claim[11]	
3-5	344-351	Meinung	1. Richtig[1]	1. Angemessen[1]	1. Verständlich[1]	*[1]	*[1]	*[1]	*[1]	*[1]	*[1]	Wirkungsgrad vorhanden[1]	Pro A[1]	Contra B[1]	Contra C[1]	_	_	Hauptteil[10]	1. Claim[11]	
3-6	352-356	nach	1. Richtig[1]	1. Angemessen[1]	1. Verständlich[1]	*[1]	*[1]	*[1]	*[1]	*[1]	*[1]	Wirkungsgrad vorhanden[1]	Pro A[1]	Contra B[1]	Contra C[1]	_	_	Hauptteil[10]	1. Claim[11]	
3-7	357-362	nicht	1. Richtig[1]	1. Angemessen[1]	1. Verständlich[1]	*[1]	*[1]	*[1]	*[1]	*[1]	*[1]	Wirkungsgrad vorhanden[1]	Pro A[1]	Contra B[1]	Contra C[1]	_	_	Hauptteil[10]	1. Claim[11]	
3-8	363-365	zu	1. Richtig[1]	1. Angemessen[1]	1. Verständlich[1]	*[1]	*[1]	*[1]	*[1]	*[1]	*[1]	Wirkungsgrad vorhanden[1]	Pro A[1]	Contra B[1]	Contra C[1]	_	_	Hauptteil[10]	1. Claim[11]	
3-9	366-371	frage	1. Richtig[1]	1. Angemessen[1]	1. Verständlich[1]	*[1]	*[1]	*[1]	*[1]	*[1]	*[1]	Wirkungsgrad vorhanden[1]	Pro A[1]	Contra B[1]	Contra C[1]	_	_	Hauptteil[10]	1. Claim[11]	
3-10	371-372	,	1. Richtig[1]	1. Angemessen[1]	1. Verständlich[1]	*[1]	*[1]	*[1]	*[1]	*[1]	*[1]	Wirkungsgrad vorhanden[1]	Pro A[1]	Contra B[1]	Contra C[1]	_	_	Hauptteil[10]	1. Claim[11]	
3-11	373-375	da	1. Richtig[1]	1. Angemessen[1]	1. Verständlich[1]	*[1]	*[1]	*[1]	*[1]	*[1]	*[1]	Wirkungsgrad vorhanden[1]	Pro A[1]	Contra B[1]	Contra C[1]	_	_	Hauptteil[10]	2. Data[12]	
3-12	376-378	er	1. Richtig[1]	1. Angemessen[1]	1. Verständlich[1]	*[1]	*[1]	*[1]	*[1]	*[1]	*[1]	Wirkungsgrad vorhanden[1]	Pro A[1]	Contra B[1]	Contra C[1]	_	_	Hauptteil[10]	2. Data[12]	
3-13	379-381	im	1. Richtig[1]	1. Angemessen[1]	1. Verständlich[1]	*[1]	*[1]	*[1]	*[1]	*[1]	*[1]	Wirkungsgrad vorhanden[1]	Pro A[1]	Contra B[1]	Contra C[1]	_	_	Hauptteil[10]	2. Data[12]	
3-14	382-392	Verhältnis	1. Richtig[1]	1. Angemessen[1]	1. Verständlich[1]	*[1]	*[1]	*[1]	*[1]	*[1]	*[1]	Wirkungsgrad vorhanden[1]	Pro A[1]	Contra B[1]	Contra C[1]	_	_	Hauptteil[10]	2. Data[12]	
3-15	393-395	zu	1. Richtig[1]	1. Angemessen[1]	1. Verständlich[1]	*[1]	*[1]	*[1]	*[1]	*[1]	*[1]	Wirkungsgrad vorhanden[1]	Pro A[1]	Contra B[1]	Contra C[1]	_	_	Hauptteil[10]	2. Data[12]	
3-16	396-399	den	1. Richtig[1]	1. Angemessen[1]	1. Verständlich[1]	*[1]	*[1]	*[1]	*[1]	*[1]	*[1]	Wirkungsgrad vorhanden[1]	Pro A[1]	Contra B[1]	Contra C[1]	_	_	Hauptteil[10]	2. Data[12]	
3-17	400-407	anderen	1. Richtig[1]	1. Angemessen[1]	1. Verständlich[1]	*[1]	*[1]	*[1]	*[1]	*[1]	*[1]	Wirkungsgrad vorhanden[1]	Pro A[1]	Contra B[1]	Contra C[1]	_	_	Hauptteil[10]	2. Data[12]	
3-18	408-420	Alternativen	1. Richtig[1]	1. Angemessen[1]	1. Verständlich[1]	*[1]	*[1]	*[1]	*[1]	*[1]	*[1]	Wirkungsgrad vorhanden[1]	Pro A[1]	Contra B[1]	Contra C[1]	_	_	Hauptteil[10]	2. Data[12]	
3-19	421-424	nur	1. Richtig[1]	1. Angemessen[1]	1. Verständlich[1]	*[1]	*[1]	*[1]	*[1]	*[1]	*[1]	Wirkungsgrad vorhanden[1]	Pro A[1]	Contra B[1]	Contra C[1]	_	_	Hauptteil[10]	2. Data[12]	
3-20	425-430	einen	1. Richtig[1]	1. Angemessen[1]	1. Verständlich[1]	*[1]	*[1]	*[1]	*[1]	*[1]	*[1]	Wirkungsgrad vorhanden[1]	Pro A[1]	Contra B[1]	Contra C[1]	_	_	Hauptteil[10]	2. Data[12]	
3-21	431-434	21%	1. Richtig[1]	1. Angemessen[1]	1. Verständlich[1]	*[1]	*[1]	*[1]	*[1]	*[1]	*[1]	Wirkungsgrad vorhanden[1]	Pro A[1]	Contra B[1]	Contra C[1]	_	_	Hauptteil[10]	2. Data[12]	
3-22	435-439	igen	1. Richtig[1]	1. Angemessen[1]	1. Verständlich[1]	*[1]	*[1]	*[1]	*[1]	*[1]	*[1]	Wirkungsgrad vorhanden[1]	Pro A[1]	Contra B[1]	Contra C[1]	_	_	Hauptteil[10]	2. Data[12]	
3-23	440-452	Wirkungsgrad	1. Richtig[1]	1. Angemessen[1]	1. Verständlich[1]	*[1]	*[1]	*[1]	*[1]	*[1]	*[1]	Wirkungsgrad vorhanden[1]	Pro A[1]	Contra B[1]	Contra C[1]	_	_	Hauptteil[10]	2. Data[12]	
3-24	453-456	hat	1. Richtig[1]	1. Angemessen[1]	1. Verständlich[1]	*[1]	*[1]	*[1]	*[1]	*[1]	*[1]	Wirkungsgrad vorhanden[1]	Pro A[1]	Contra B[1]	Contra C[1]	_	_	Hauptteil[10]	2. Data[12]	
3-25	456-457	.	1. Richtig[1]	1. Angemessen[1]	1. Verständlich[1]	*[1]	*[1]	*[1]	*[1]	*[1]	*[1]	Wirkungsgrad vorhanden[1]	Pro A[1]	Contra B[1]	Contra C[1]	_	_	Hauptteil[10]	2. Data[12]	

4-1	458-461	Ein	1. Richtig[1]	1. Angemessen[1]	1. Verständlich[1]	*[1]	*[1]	*[1]	*[1]	*[1]	*[1]	Wirkungsgrad vorhanden[1]	Pro A[1]	Contra B[1]	Contra C[1]	_	_	Hauptteil[10]	2. Data[13]	
4-2	462-470	Windpark	1. Richtig[1]	1. Angemessen[1]	1. Verständlich[1]	*[1]	*[1]	*[1]	*[1]	*[1]	*[1]	Wirkungsgrad vorhanden[1]	Pro A[1]	Contra B[1]	Contra C[1]	_	_	Hauptteil[10]	2. Data[13]	
4-3	471-479	hingegen	1. Richtig[1]	1. Angemessen[1]	1. Verständlich[1]	*[1]	*[1]	*[1]	*[1]	*[1]	*[1]	Wirkungsgrad vorhanden[1]	Pro A[1]	Contra B[1]	Contra C[1]	_	_	Hauptteil[10]	2. Data[13]	
4-4	480-483	45%	1. Richtig[1]	1. Angemessen[1]	1. Verständlich[1]	*[1]	*[1]	*[1]	*[1]	*[1]	*[1]	Wirkungsgrad vorhanden[1]	Pro A[1]	Contra B[1]	Contra C[1]	_	_	Hauptteil[10]	2. Data[13]	
4-5	484-487	und	1. Richtig[1]	1. Angemessen[1]	1. Verständlich[1]	*[1]	*[1]	*[1]	*[1]	*[1]	*[1]	Wirkungsgrad vorhanden[1]	Pro A[1]	Contra B[1]	Contra C[1]	_	_	Hauptteil[10]	2. Data[14]	
4-6	488-492	eine	1. Richtig[1]	1. Angemessen[1]	1. Verständlich[1]	*[1]	*[1]	*[1]	*[1]	*[1]	*[1]	Wirkungsgrad vorhanden[1]	Pro A[1]	Contra B[1]	Contra C[1]	_	_	Hauptteil[10]	2. Data[14]	
4-7	493-510	WAsserkraftanlage	1. Richtig[1]	1. Angemessen[1]	1. Verständlich[1]	*[1]	*[1]	*[1]	*[1]	*[1]	*[1]	Wirkungsgrad vorhanden[1]	Pro A[1]	Contra B[1]	Contra C[1]	_	_	Hauptteil[10]	2. Data[14]	
4-8	511-516	sogar	1. Richtig[1]	1. Angemessen[1]	1. Verständlich[1]	*[1]	*[1]	*[1]	*[1]	*[1]	*[1]	Wirkungsgrad vorhanden[1]	Pro A[1]	Contra B[1]	Contra C[1]	_	_	Hauptteil[10]	2. Data[14]	
4-9	517-519	70	1. Richtig[1]	1. Angemessen[1]	1. Verständlich[1]	*[1]	*[1]	*[1]	*[1]	*[1]	*[1]	Wirkungsgrad vorhanden[1]	Pro A[1]	Contra B[1]	Contra C[1]	_	_	Hauptteil[10]	2. Data[14]	
4-10	519-520	-	1. Richtig[1]	1. Angemessen[1]	1. Verständlich[1]	*[1]	*[1]	*[1]	*[1]	*[1]	*[1]	Wirkungsgrad vorhanden[1]	Pro A[1]	Contra B[1]	Contra C[1]	_	_	Hauptteil[10]	2. Data[14]	
4-11	520-523	90%	1. Richtig[1]	1. Angemessen[1]	1. Verständlich[1]	*[1]	*[1]	*[1]	*[1]	*[1]	*[1]	Wirkungsgrad vorhanden[1]	Pro A[1]	Contra B[1]	Contra C[1]	_	_	Hauptteil[10]	2. Data[14]	
4-12	523-524	.	1. Richtig[1]	1. Angemessen[1]	1. Verständlich[1]	*[1]	*[1]	*[1]	*[1]	*[1]	*[1]	Wirkungsgrad vorhanden[1]	Pro A[1]	Contra B[1]	Contra C[1]	_	_	Hauptteil[10]	2. Data[14]	

5-1	525-530	Zudem	*[2]	1. Angemessen[2]	1. Verständlich[2]	*[2]	Lebensdauer/Verfügbarkeit vorhanden[2]	*[2]	Preis/Betrieb vorhanden[2]	*[2]	*[2]	*[2]	Unklar A[2]	Unklar B[2]	Unklar C[2]	_	_	Hauptteil[10]	2. Data[15]	
5-2	531-534	hat	*[2]	1. Angemessen[2]	1. Verständlich[2]	*[2]	Lebensdauer/Verfügbarkeit vorhanden[2]	*[2]	Preis/Betrieb vorhanden[2]	*[2]	*[2]	*[2]	Unklar A[2]	Unklar B[2]	Unklar C[2]	_	_	Hauptteil[10]	2. Data[15]	
5-3	535-538	ein	*[2]	1. Angemessen[2]	1. Verständlich[2]	*[2]	Lebensdauer/Verfügbarkeit vorhanden[2]	*[2]	Preis/Betrieb vorhanden[2]	*[2]	*[2]	*[2]	Unklar A[2]	Unklar B[2]	Unklar C[2]	_	_	Hauptteil[10]	2. Data[15]	
5-4	539-548	Solarpark	*[2]	1. Angemessen[2]	1. Verständlich[2]	*[2]	Lebensdauer/Verfügbarkeit vorhanden[2]	*[2]	Preis/Betrieb vorhanden[2]	*[2]	*[2]	*[2]	Unklar A[2]	Unklar B[2]	Unklar C[2]	_	_	Hauptteil[10]	2. Data[15]	
5-5	549-553	eine	*[2]	1. Angemessen[2]	1. Verständlich[2]	*[2]	Lebensdauer/Verfügbarkeit vorhanden[2]	*[2]	Preis/Betrieb vorhanden[2]	*[2]	*[2]	*[2]	Unklar A[2]	Unklar B[2]	Unklar C[2]	_	_	Hauptteil[10]	2. Data[15]	
5-6	554-563	ungefähre	*[2]	1. Angemessen[2]	1. Verständlich[2]	*[2]	Lebensdauer/Verfügbarkeit vorhanden[2]	*[2]	Preis/Betrieb vorhanden[2]	*[2]	*[2]	*[2]	Unklar A[2]	Unklar B[2]	Unklar C[2]	_	_	Hauptteil[10]	2. Data[15]	
5-7	564-575	Lebnesdauer	*[2]	1. Angemessen[2]	1. Verständlich[2]	*[2]	Lebensdauer/Verfügbarkeit vorhanden[2]	*[2]	Preis/Betrieb vorhanden[2]	*[2]	*[2]	*[2]	Unklar A[2]	Unklar B[2]	Unklar C[2]	_	_	Hauptteil[10]	2. Data[15]	
5-8	576-579	von	*[2]	1. Angemessen[2]	1. Verständlich[2]	*[2]	Lebensdauer/Verfügbarkeit vorhanden[2]	*[2]	Preis/Betrieb vorhanden[2]	*[2]	*[2]	*[2]	Unklar A[2]	Unklar B[2]	Unklar C[2]	_	_	Hauptteil[10]	2. Data[15]	
5-9	580-584	etwa	*[2]	1. Angemessen[2]	1. Verständlich[2]	*[2]	Lebensdauer/Verfügbarkeit vorhanden[2]	*[2]	Preis/Betrieb vorhanden[2]	*[2]	*[2]	*[2]	Unklar A[2]	Unklar B[2]	Unklar C[2]	_	_	Hauptteil[10]	2. Data[15]	
5-10	585-587	30	*[2]	1. Angemessen[2]	1. Verständlich[2]	*[2]	Lebensdauer/Verfügbarkeit vorhanden[2]	*[2]	Preis/Betrieb vorhanden[2]	*[2]	*[2]	*[2]	Unklar A[2]	Unklar B[2]	Unklar C[2]	_	_	Hauptteil[10]	2. Data[15]	
5-11	588-594	Jahren	*[2]	1. Angemessen[2]	1. Verständlich[2]	*[2]	Lebensdauer/Verfügbarkeit vorhanden[2]	*[2]	Preis/Betrieb vorhanden[2]	*[2]	*[2]	*[2]	Unklar A[2]	Unklar B[2]	Unklar C[2]	_	_	Hauptteil[10]	2. Data[15]	
5-12	594-595	,	*[2]	1. Angemessen[2]	1. Verständlich[2]	*[2]	Lebensdauer/Verfügbarkeit vorhanden[2]	*[2]	Preis/Betrieb vorhanden[2]	*[2]	*[2]	*[2]	Unklar A[2]	Unklar B[2]	Unklar C[2]	_	_	Hauptteil[10]	2. Data[15]	
5-13	596-599	ein	*[2]	1. Angemessen[2]	1. Verständlich[2]	*[2]	Lebensdauer/Verfügbarkeit vorhanden[2]	*[2]	Preis/Betrieb vorhanden[2]	*[2]	*[2]	*[2]	Unklar A[2]	Unklar B[2]	Unklar C[2]	_	_	Hauptteil[10]	2. Data[16]	
5-14	600-607	Winprak	*[2]	1. Angemessen[2]	1. Verständlich[2]	*[2]	Lebensdauer/Verfügbarkeit vorhanden[2]	*[2]	Preis/Betrieb vorhanden[2]	*[2]	*[2]	*[2]	Unklar A[2]	Unklar B[2]	Unklar C[2]	_	_	Hauptteil[10]	2. Data[16]	
5-15	608-616	hingegen	*[2]	1. Angemessen[2]	1. Verständlich[2]	*[2]	Lebensdauer/Verfügbarkeit vorhanden[2]	*[2]	Preis/Betrieb vorhanden[2]	*[2]	*[2]	*[2]	Unklar A[2]	Unklar B[2]	Unklar C[2]	_	_	Hauptteil[10]	2. Data[16]	
5-16	617-621	aber	*[2]	1. Angemessen[2]	1. Verständlich[2]	*[2]	Lebensdauer/Verfügbarkeit vorhanden[2]	*[2]	Preis/Betrieb vorhanden[2]	*[2]	*[2]	*[2]	Unklar A[2]	Unklar B[2]	Unklar C[2]	_	_	Hauptteil[10]	2. Data[16]	
5-17	622-625	nur	*[2]	1. Angemessen[2]	1. Verständlich[2]	*[2]	Lebensdauer/Verfügbarkeit vorhanden[2]	*[2]	Preis/Betrieb vorhanden[2]	*[2]	*[2]	*[2]	Unklar A[2]	Unklar B[2]	Unklar C[2]	_	_	Hauptteil[10]	2. Data[16]	
5-18	626-628	20	*[2]	1. Angemessen[2]	1. Verständlich[2]	*[2]	Lebensdauer/Verfügbarkeit vorhanden[2]	*[2]	Preis/Betrieb vorhanden[2]	*[2]	*[2]	*[2]	Unklar A[2]	Unklar B[2]	Unklar C[2]	_	_	Hauptteil[10]	2. Data[16]	
5-19	629-634	Jahre	*[2]	1. Angemessen[2]	1. Verständlich[2]	*[2]	Lebensdauer/Verfügbarkeit vorhanden[2]	*[2]	Preis/Betrieb vorhanden[2]	*[2]	*[2]	*[2]	Unklar A[2]	Unklar B[2]	Unklar C[2]	_	_	Hauptteil[10]	2. Data[16]	
5-20	634-635	.	*[2]	1. Angemessen[2]	1. Verständlich[2]	*[2]	Lebensdauer/Verfügbarkeit vorhanden[2]	*[2]	Preis/Betrieb vorhanden[2]	*[2]	*[2]	*[2]	Unklar A[2]	Unklar B[2]	Unklar C[2]	_	_	Hauptteil[10]	2. Data[16]	

6-1	636-640	Eine	*[2]	1. Angemessen[2]	1. Verständlich[2]	*[2]	Lebensdauer/Verfügbarkeit vorhanden[2]	*[2]	Preis/Betrieb vorhanden[2]	*[2]	*[2]	*[2]	Unklar A[2]	Unklar B[2]	Unklar C[2]	_	_	Hauptteil[10]	2. Data[17]	
6-2	641-658	Wasserkraftanlage	*[2]	1. Angemessen[2]	1. Verständlich[2]	*[2]	Lebensdauer/Verfügbarkeit vorhanden[2]	*[2]	Preis/Betrieb vorhanden[2]	*[2]	*[2]	*[2]	Unklar A[2]	Unklar B[2]	Unklar C[2]	_	_	Hauptteil[10]	2. Data[17]	
6-3	659-662	ist	*[2]	1. Angemessen[2]	1. Verständlich[2]	*[2]	Lebensdauer/Verfügbarkeit vorhanden[2]	*[2]	Preis/Betrieb vorhanden[2]	*[2]	*[2]	*[2]	Unklar A[2]	Unklar B[2]	Unklar C[2]	_	_	Hauptteil[10]	2. Data[17]	
6-4	663-668	dabei	*[2]	1. Angemessen[2]	1. Verständlich[2]	*[2]	Lebensdauer/Verfügbarkeit vorhanden[2]	*[2]	Preis/Betrieb vorhanden[2]	*[2]	*[2]	*[2]	Unklar A[2]	Unklar B[2]	Unklar C[2]	_	_	Hauptteil[10]	2. Data[17]	
6-5	669-672	die	*[2]	1. Angemessen[2]	1. Verständlich[2]	*[2]	Lebensdauer/Verfügbarkeit vorhanden[2]	*[2]	Preis/Betrieb vorhanden[2]	*[2]	*[2]	*[2]	Unklar A[2]	Unklar B[2]	Unklar C[2]	_	_	Hauptteil[10]	2. Data[17]	
6-6	673-687	Langfristigste	*[2]	1. Angemessen[2]	1. Verständlich[2]	*[2]	Lebensdauer/Verfügbarkeit vorhanden[2]	*[2]	Preis/Betrieb vorhanden[2]	*[2]	*[2]	*[2]	Unklar A[2]	Unklar B[2]	Unklar C[2]	_	_	Hauptteil[10]	2. Data[17]	
6-7	688-699	Alternative	*[2]	1. Angemessen[2]	1. Verständlich[2]	*[2]	Lebensdauer/Verfügbarkeit vorhanden[2]	*[2]	Preis/Betrieb vorhanden[2]	*[2]	*[2]	*[2]	Unklar A[2]	Unklar B[2]	Unklar C[2]	_	_	Hauptteil[10]	2. Data[17]	
6-8	699-700	,	*[2]	1. Angemessen[2]	1. Verständlich[2]	*[2]	Lebensdauer/Verfügbarkeit vorhanden[2]	*[2]	Preis/Betrieb vorhanden[2]	*[2]	*[2]	*[2]	Unklar A[2]	Unklar B[2]	Unklar C[2]	_	_	Hauptteil[10]	2. Data[17]	
6-9	701-706	wobei	*[2]	1. Angemessen[2]	1. Verständlich[2]	*[2]	Lebensdauer/Verfügbarkeit vorhanden[2]	*[2]	Preis/Betrieb vorhanden[2]	*[2]	*[2]	*[2]	Unklar A[2]	Unklar B[2]	Unklar C[2]	_	_	Hauptteil[10]	4. Rebuttal[18]	
6-10	707-716	dieseetwa	*[2]	1. Angemessen[2]	1. Verständlich[2]	*[2]	Lebensdauer/Verfügbarkeit vorhanden[2]	*[2]	Preis/Betrieb vorhanden[2]	*[2]	*[2]	*[2]	Unklar A[2]	Unklar B[2]	Unklar C[2]	_	_	Hauptteil[10]	4. Rebuttal[18]	
6-11	717-719	59	*[2]	1. Angemessen[2]	1. Verständlich[2]	*[2]	Lebensdauer/Verfügbarkeit vorhanden[2]	*[2]	Preis/Betrieb vorhanden[2]	*[2]	*[2]	*[2]	Unklar A[2]	Unklar B[2]	Unklar C[2]	_	_	Hauptteil[10]	4. Rebuttal[18]	
6-12	720-728	Milionen	*[2]	1. Angemessen[2]	1. Verständlich[2]	*[2]	Lebensdauer/Verfügbarkeit vorhanden[2]	*[2]	Preis/Betrieb vorhanden[2]	*[2]	*[2]	*[2]	Unklar A[2]	Unklar B[2]	Unklar C[2]	_	_	Hauptteil[10]	4. Rebuttal[18]	
6-13	729-733	euro	*[2]	1. Angemessen[2]	1. Verständlich[2]	*[2]	Lebensdauer/Verfügbarkeit vorhanden[2]	*[2]	Preis/Betrieb vorhanden[2]	*[2]	*[2]	*[2]	Unklar A[2]	Unklar B[2]	Unklar C[2]	_	_	Hauptteil[10]	4. Rebuttal[18]	
6-14	734-740	kosten	*[2]	1. Angemessen[2]	1. Verständlich[2]	*[2]	Lebensdauer/Verfügbarkeit vorhanden[2]	*[2]	Preis/Betrieb vorhanden[2]	*[2]	*[2]	*[2]	Unklar A[2]	Unklar B[2]	Unklar C[2]	_	_	Hauptteil[10]	4. Rebuttal[18]	
6-15	741-745	wird	*[2]	1. Angemessen[2]	1. Verständlich[2]	*[2]	Lebensdauer/Verfügbarkeit vorhanden[2]	*[2]	Preis/Betrieb vorhanden[2]	*[2]	*[2]	*[2]	Unklar A[2]	Unklar B[2]	Unklar C[2]	_	_	Hauptteil[10]	4. Rebuttal[18]	
6-16	745-746	,	*[2]	1. Angemessen[2]	1. Verständlich[2]	*[2]	Lebensdauer/Verfügbarkeit vorhanden[2]	*[2]	Preis/Betrieb vorhanden[2]	*[2]	*[2]	*[2]	Unklar A[2]	Unklar B[2]	Unklar C[2]	_	_	Hauptteil[10]	4. Rebuttal[18]	
6-17	747-750	ein	*[2]	1. Angemessen[2]	1. Verständlich[2]	*[2]	Lebensdauer/Verfügbarkeit vorhanden[2]	*[2]	Preis/Betrieb vorhanden[2]	*[2]	*[2]	*[2]	Unklar A[2]	Unklar B[2]	Unklar C[2]	_	_	Hauptteil[10]	2. Data[19]	
6-18	751-755	Wind	*[2]	1. Angemessen[2]	1. Verständlich[2]	*[2]	Lebensdauer/Verfügbarkeit vorhanden[2]	*[2]	Preis/Betrieb vorhanden[2]	*[2]	*[2]	*[2]	Unklar A[2]	Unklar B[2]	Unklar C[2]	_	_	Hauptteil[10]	2. Data[19]	
6-19	755-756	-	*[2]	1. Angemessen[2]	1. Verständlich[2]	*[2]	Lebensdauer/Verfügbarkeit vorhanden[2]	*[2]	Preis/Betrieb vorhanden[2]	*[2]	*[2]	*[2]	Unklar A[2]	Unklar B[2]	Unklar C[2]	_	_	Hauptteil[10]	2. Data[19]	
6-20	757-761	oder	*[2]	1. Angemessen[2]	1. Verständlich[2]	*[2]	Lebensdauer/Verfügbarkeit vorhanden[2]	*[2]	Preis/Betrieb vorhanden[2]	*[2]	*[2]	*[2]	Unklar A[2]	Unklar B[2]	Unklar C[2]	_	_	Hauptteil[10]	2. Data[19]	
6-21	762-771	Solarpark	*[2]	1. Angemessen[2]	1. Verständlich[2]	*[2]	Lebensdauer/Verfügbarkeit vorhanden[2]	*[2]	Preis/Betrieb vorhanden[2]	*[2]	*[2]	*[2]	Unklar A[2]	Unklar B[2]	Unklar C[2]	_	_	Hauptteil[10]	2. Data[19]	
6-22	772-775	ist	*[2]	1. Angemessen[2]	1. Verständlich[2]	*[2]	Lebensdauer/Verfügbarkeit vorhanden[2]	*[2]	Preis/Betrieb vorhanden[2]	*[2]	*[2]	*[2]	Unklar A[2]	Unklar B[2]	Unklar C[2]	_	_	Hauptteil[10]	2. Data[19]	
6-23	776-784	deutlich	*[2]	1. Angemessen[2]	1. Verständlich[2]	*[2]	Lebensdauer/Verfügbarkeit vorhanden[2]	*[2]	Preis/Betrieb vorhanden[2]	*[2]	*[2]	*[2]	Unklar A[2]	Unklar B[2]	Unklar C[2]	_	_	Hauptteil[10]	2. Data[19]	
6-24	785-800	kostengünstiger	*[2]	1. Angemessen[2]	1. Verständlich[2]	*[2]	Lebensdauer/Verfügbarkeit vorhanden[2]	*[2]	Preis/Betrieb vorhanden[2]	*[2]	*[2]	*[2]	Unklar A[2]	Unklar B[2]	Unklar C[2]	_	_	Hauptteil[10]	2. Data[19]	
6-25	801-804	mit	*[2]	1. Angemessen[2]	1. Verständlich[2]	*[2]	Lebensdauer/Verfügbarkeit vorhanden[2]	*[2]	Preis/Betrieb vorhanden[2]	*[2]	*[2]	*[2]	Unklar A[2]	Unklar B[2]	Unklar C[2]	_	_	Hauptteil[10]	2. Data[19]	
6-26	805-808	bis	*[2]	1. Angemessen[2]	1. Verständlich[2]	*[2]	Lebensdauer/Verfügbarkeit vorhanden[2]	*[2]	Preis/Betrieb vorhanden[2]	*[2]	*[2]	*[2]	Unklar A[2]	Unklar B[2]	Unklar C[2]	_	_	Hauptteil[10]	2. Data[19]	
6-27	809-811	zu	*[2]	1. Angemessen[2]	1. Verständlich[2]	*[2]	Lebensdauer/Verfügbarkeit vorhanden[2]	*[2]	Preis/Betrieb vorhanden[2]	*[2]	*[2]	*[2]	Unklar A[2]	Unklar B[2]	Unklar C[2]	_	_	Hauptteil[10]	2. Data[19]	
6-28	812-814	14	*[2]	1. Angemessen[2]	1. Verständlich[2]	*[2]	Lebensdauer/Verfügbarkeit vorhanden[2]	*[2]	Preis/Betrieb vorhanden[2]	*[2]	*[2]	*[2]	Unklar A[2]	Unklar B[2]	Unklar C[2]	_	_	Hauptteil[10]	2. Data[19]	
6-29	815-824	Millionen	*[2]	1. Angemessen[2]	1. Verständlich[2]	*[2]	Lebensdauer/Verfügbarkeit vorhanden[2]	*[2]	Preis/Betrieb vorhanden[2]	*[2]	*[2]	*[2]	Unklar A[2]	Unklar B[2]	Unklar C[2]	_	_	Hauptteil[10]	2. Data[19]	
6-30	825-829	euro	*[2]	1. Angemessen[2]	1. Verständlich[2]	*[2]	Lebensdauer/Verfügbarkeit vorhanden[2]	*[2]	Preis/Betrieb vorhanden[2]	*[2]	*[2]	*[2]	Unklar A[2]	Unklar B[2]	Unklar C[2]	_	_	Hauptteil[10]	2. Data[19]	
6-31	829-830	.	*[2]	1. Angemessen[2]	1. Verständlich[2]	*[2]	Lebensdauer/Verfügbarkeit vorhanden[2]	*[2]	Preis/Betrieb vorhanden[2]	*[2]	*[2]	*[2]	Unklar A[2]	Unklar B[2]	Unklar C[2]	_	_	Hauptteil[10]	2. Data[19]	

7-1	831-835	Mich	1. Richtig[3]	1. Angemessen[3]	1. Verständlich[3]	*[3]	Lebensdauer/Verfügbarkeit vorhanden[3]	*[3]	Preis/Betrieb vorhanden[3]	*[3]	*[3]	Wirkungsgrad vorhanden[3]	Pro A[3]	*[3]	*[3]	2. Cut-off[6]	Gesamtthese[6]	Hauptteil[10]	1. Claim[20]	
7-2	836-846	persönlich	1. Richtig[3]	1. Angemessen[3]	1. Verständlich[3]	*[3]	Lebensdauer/Verfügbarkeit vorhanden[3]	*[3]	Preis/Betrieb vorhanden[3]	*[3]	*[3]	Wirkungsgrad vorhanden[3]	Pro A[3]	*[3]	*[3]	2. Cut-off[6]	Gesamtthese[6]	Hauptteil[10]	1. Claim[20]	
7-3	847-856	überzeugt	1. Richtig[3]	1. Angemessen[3]	1. Verständlich[3]	*[3]	Lebensdauer/Verfügbarkeit vorhanden[3]	*[3]	Preis/Betrieb vorhanden[3]	*[3]	*[3]	Wirkungsgrad vorhanden[3]	Pro A[3]	*[3]	*[3]	2. Cut-off[6]	Gesamtthese[6]	Hauptteil[10]	1. Claim[20]	
7-4	857-860	die	1. Richtig[3]	1. Angemessen[3]	1. Verständlich[3]	*[3]	Lebensdauer/Verfügbarkeit vorhanden[3]	*[3]	Preis/Betrieb vorhanden[3]	*[3]	*[3]	Wirkungsgrad vorhanden[3]	Pro A[3]	*[3]	*[3]	2. Cut-off[6]	Gesamtthese[6]	Hauptteil[10]	1. Claim[20]	
7-5	861-878	Wasserkraftanlage	1. Richtig[3]	1. Angemessen[3]	1. Verständlich[3]	*[3]	Lebensdauer/Verfügbarkeit vorhanden[3]	*[3]	Preis/Betrieb vorhanden[3]	*[3]	*[3]	Wirkungsgrad vorhanden[3]	Pro A[3]	*[3]	*[3]	2. Cut-off[6]	Gesamtthese[6]	Hauptteil[10]	1. Claim[20]	
7-6	879-881	am	1. Richtig[3]	1. Angemessen[3]	1. Verständlich[3]	*[3]	Lebensdauer/Verfügbarkeit vorhanden[3]	*[3]	Preis/Betrieb vorhanden[3]	*[3]	*[3]	Wirkungsgrad vorhanden[3]	Pro A[3]	*[3]	*[3]	2. Cut-off[6]	Gesamtthese[6]	Hauptteil[10]	1. Claim[20]	
7-7	882-889	meisten	1. Richtig[3]	1. Angemessen[3]	1. Verständlich[3]	*[3]	Lebensdauer/Verfügbarkeit vorhanden[3]	*[3]	Preis/Betrieb vorhanden[3]	*[3]	*[3]	Wirkungsgrad vorhanden[3]	Pro A[3]	*[3]	*[3]	2. Cut-off[6]	Gesamtthese[6]	Hauptteil[10]	1. Claim[20]	
7-8	889-890	,	1. Richtig[3]	1. Angemessen[3]	1. Verständlich[3]	*[3]	Lebensdauer/Verfügbarkeit vorhanden[3]	*[3]	Preis/Betrieb vorhanden[3]	*[3]	*[3]	Wirkungsgrad vorhanden[3]	Pro A[3]	*[3]	*[3]	2. Cut-off[6]	Gesamtthese[6]	Hauptteil[10]	1. Claim[20]	
7-9	891-893	da	1. Richtig[3]	1. Angemessen[3]	1. Verständlich[3]	*[3]	Lebensdauer/Verfügbarkeit vorhanden[3]	*[3]	Preis/Betrieb vorhanden[3]	*[3]	*[3]	Wirkungsgrad vorhanden[3]	Pro A[3]	*[3]	*[3]	2. Cut-off[6]	Gesamtthese[6]	Hauptteil[10]	2. Data[21]	
7-10	894-897	sie	1. Richtig[3]	1. Angemessen[3]	1. Verständlich[3]	*[3]	Lebensdauer/Verfügbarkeit vorhanden[3]	*[3]	Preis/Betrieb vorhanden[3]	*[3]	*[3]	Wirkungsgrad vorhanden[3]	Pro A[3]	*[3]	*[3]	2. Cut-off[6]	Gesamtthese[6]	Hauptteil[10]	2. Data[21]	
7-11	898-901	den	1. Richtig[3]	1. Angemessen[3]	1. Verständlich[3]	*[3]	Lebensdauer/Verfügbarkeit vorhanden[3]	*[3]	Preis/Betrieb vorhanden[3]	*[3]	*[3]	Wirkungsgrad vorhanden[3]	Pro A[3]	*[3]	*[3]	2. Cut-off[6]	Gesamtthese[6]	Hauptteil[10]	2. Data[21]	
7-12	902-910	höchtsen	1. Richtig[3]	1. Angemessen[3]	1. Verständlich[3]	*[3]	Lebensdauer/Verfügbarkeit vorhanden[3]	*[3]	Preis/Betrieb vorhanden[3]	*[3]	*[3]	Wirkungsgrad vorhanden[3]	Pro A[3]	*[3]	*[3]	2. Cut-off[6]	Gesamtthese[6]	Hauptteil[10]	2. Data[21]	
7-13	911-923	Wirkungsgrad	1. Richtig[3]	1. Angemessen[3]	1. Verständlich[3]	*[3]	Lebensdauer/Verfügbarkeit vorhanden[3]	*[3]	Preis/Betrieb vorhanden[3]	*[3]	*[3]	Wirkungsgrad vorhanden[3]	Pro A[3]	*[3]	*[3]	2. Cut-off[6]	Gesamtthese[6]	Hauptteil[10]	2. Data[21]	
7-14	924-927	und	1. Richtig[3]	1. Angemessen[3]	1. Verständlich[3]	*[3]	Lebensdauer/Verfügbarkeit vorhanden[3]	*[3]	Preis/Betrieb vorhanden[3]	*[3]	*[3]	Wirkungsgrad vorhanden[3]	Pro A[3]	*[3]	*[3]	2. Cut-off[6]	Gesamtthese[6]	Hauptteil[10]	2. Data[22]	
7-15	928-931	die	1. Richtig[3]	1. Angemessen[3]	1. Verständlich[3]	*[3]	Lebensdauer/Verfügbarkeit vorhanden[3]	*[3]	Preis/Betrieb vorhanden[3]	*[3]	*[3]	Wirkungsgrad vorhanden[3]	Pro A[3]	*[3]	*[3]	2. Cut-off[6]	Gesamtthese[6]	Hauptteil[10]	2. Data[22]	
7-16	932-939	längste	1. Richtig[3]	1. Angemessen[3]	1. Verständlich[3]	*[3]	Lebensdauer/Verfügbarkeit vorhanden[3]	*[3]	Preis/Betrieb vorhanden[3]	*[3]	*[3]	Wirkungsgrad vorhanden[3]	Pro A[3]	*[3]	*[3]	2. Cut-off[6]	Gesamtthese[6]	Hauptteil[10]	2. Data[22]	
7-17	940-955	Lebneserwartung	1. Richtig[3]	1. Angemessen[3]	1. Verständlich[3]	*[3]	Lebensdauer/Verfügbarkeit vorhanden[3]	*[3]	Preis/Betrieb vorhanden[3]	*[3]	*[3]	Wirkungsgrad vorhanden[3]	Pro A[3]	*[3]	*[3]	2. Cut-off[6]	Gesamtthese[6]	Hauptteil[10]	2. Data[22]	
7-18	956-959	hat	1. Richtig[3]	1. Angemessen[3]	1. Verständlich[3]	*[3]	Lebensdauer/Verfügbarkeit vorhanden[3]	*[3]	Preis/Betrieb vorhanden[3]	*[3]	*[3]	Wirkungsgrad vorhanden[3]	Pro A[3]	*[3]	*[3]	2. Cut-off[6]	Gesamtthese[6]	Hauptteil[10]	2. Data[22]	
7-19	959-960	.	1. Richtig[3]	1. Angemessen[3]	1. Verständlich[3]	*[3]	Lebensdauer/Verfügbarkeit vorhanden[3]	*[3]	Preis/Betrieb vorhanden[3]	*[3]	*[3]	Wirkungsgrad vorhanden[3]	Pro A[3]	*[3]	*[3]	2. Cut-off[6]	Gesamtthese[6]	Hauptteil[10]	2. Data[22]	

8-1	961-964	Sie	1. Richtig[3]	1. Angemessen[3]	1. Verständlich[3]	*[3]	Lebensdauer/Verfügbarkeit vorhanden[3]	*[3]	Preis/Betrieb vorhanden[3]	*[3]	*[3]	Wirkungsgrad vorhanden[3]	Pro A[3]	*[3]	*[3]	_	_	Hauptteil[10]	2. Data[23]	
8-2	965-968	ist	1. Richtig[3]	1. Angemessen[3]	1. Verständlich[3]	*[3]	Lebensdauer/Verfügbarkeit vorhanden[3]	*[3]	Preis/Betrieb vorhanden[3]	*[3]	*[3]	Wirkungsgrad vorhanden[3]	Pro A[3]	*[3]	*[3]	_	_	Hauptteil[10]	2. Data[23]	
8-3	969-973	zwar	1. Richtig[3]	1. Angemessen[3]	1. Verständlich[3]	*[3]	Lebensdauer/Verfügbarkeit vorhanden[3]	*[3]	Preis/Betrieb vorhanden[3]	*[3]	*[3]	Wirkungsgrad vorhanden[3]	Pro A[3]	*[3]	*[3]	_	_	Hauptteil[10]	2. Data[23]	
8-4	974-977	die	1. Richtig[3]	1. Angemessen[3]	1. Verständlich[3]	*[3]	Lebensdauer/Verfügbarkeit vorhanden[3]	*[3]	Preis/Betrieb vorhanden[3]	*[3]	*[3]	Wirkungsgrad vorhanden[3]	Pro A[3]	*[3]	*[3]	_	_	Hauptteil[10]	2. Data[23]	
8-5	978-994	kostenspieligste	1. Richtig[3]	1. Angemessen[3]	1. Verständlich[3]	*[3]	Lebensdauer/Verfügbarkeit vorhanden[3]	*[3]	Preis/Betrieb vorhanden[3]	*[3]	*[3]	Wirkungsgrad vorhanden[3]	Pro A[3]	*[3]	*[3]	_	_	Hauptteil[10]	2. Data[23]	
8-6	995-1006	Alternative	1. Richtig[3]	1. Angemessen[3]	1. Verständlich[3]	*[3]	Lebensdauer/Verfügbarkeit vorhanden[3]	*[3]	Preis/Betrieb vorhanden[3]	*[3]	*[3]	Wirkungsgrad vorhanden[3]	Pro A[3]	*[3]	*[3]	_	_	Hauptteil[10]	2. Data[23]	
8-7	1007-1011	aber	1. Richtig[3]	1. Angemessen[3]	1. Verständlich[3]	*[3]	Lebensdauer/Verfügbarkeit vorhanden[3]	*[3]	Preis/Betrieb vorhanden[3]	*[3]	*[3]	Wirkungsgrad vorhanden[3]	Pro A[3]	*[3]	*[3]	_	_	Hauptteil[10]	4. Rebuttal[24]	
8-8	1012-1015	wie	1. Richtig[3]	1. Angemessen[3]	1. Verständlich[3]	*[3]	Lebensdauer/Verfügbarkeit vorhanden[3]	*[3]	Preis/Betrieb vorhanden[3]	*[3]	*[3]	Wirkungsgrad vorhanden[3]	Pro A[3]	*[3]	*[3]	_	_	Hauptteil[10]	4. Rebuttal[24]	
8-9	1016-1022	ewähnt	1. Richtig[3]	1. Angemessen[3]	1. Verständlich[3]	*[3]	Lebensdauer/Verfügbarkeit vorhanden[3]	*[3]	Preis/Betrieb vorhanden[3]	*[3]	*[3]	Wirkungsgrad vorhanden[3]	Pro A[3]	*[3]	*[3]	_	_	Hauptteil[10]	4. Rebuttal[24]	
8-10	1023-1027	auch	1. Richtig[3]	1. Angemessen[3]	1. Verständlich[3]	*[3]	Lebensdauer/Verfügbarkeit vorhanden[3]	*[3]	Preis/Betrieb vorhanden[3]	*[3]	*[3]	Wirkungsgrad vorhanden[3]	Pro A[3]	*[3]	*[3]	_	_	Hauptteil[10]	4. Rebuttal[24]	
8-11	1028-1031	die	1. Richtig[3]	1. Angemessen[3]	1. Verständlich[3]	*[3]	Lebensdauer/Verfügbarkeit vorhanden[3]	*[3]	Preis/Betrieb vorhanden[3]	*[3]	*[3]	Wirkungsgrad vorhanden[3]	Pro A[3]	*[3]	*[3]	_	_	Hauptteil[10]	4. Rebuttal[24]	
8-12	1032-1044	Langlebigste	1. Richtig[3]	1. Angemessen[3]	1. Verständlich[3]	*[3]	Lebensdauer/Verfügbarkeit vorhanden[3]	*[3]	Preis/Betrieb vorhanden[3]	*[3]	*[3]	Wirkungsgrad vorhanden[3]	Pro A[3]	*[3]	*[3]	_	_	Hauptteil[10]	4. Rebuttal[24]	
8-13	1044-1045	.	1. Richtig[3]	1. Angemessen[3]	1. Verständlich[3]	*[3]	Lebensdauer/Verfügbarkeit vorhanden[3]	*[3]	Preis/Betrieb vorhanden[3]	*[3]	*[3]	Wirkungsgrad vorhanden[3]	Pro A[3]	*[3]	*[3]	_	_	Hauptteil[10]	4. Rebuttal[24]	

9-1	1046-1053	Liebeer	1. Richtig[3]	1. Angemessen[3]	1. Verständlich[3]	*[3]	Lebensdauer/Verfügbarkeit vorhanden[3]	*[3]	Preis/Betrieb vorhanden[3]	*[3]	*[3]	Wirkungsgrad vorhanden[3]	Pro A[3]	*[3]	*[3]	_	_	Hauptteil[10]	1. Claim[25]	
9-2	1054-1060	einmal	1. Richtig[3]	1. Angemessen[3]	1. Verständlich[3]	*[3]	Lebensdauer/Verfügbarkeit vorhanden[3]	*[3]	Preis/Betrieb vorhanden[3]	*[3]	*[3]	Wirkungsgrad vorhanden[3]	Pro A[3]	*[3]	*[3]	_	_	Hauptteil[10]	1. Claim[25]	
9-3	1061-1065	mehr	1. Richtig[3]	1. Angemessen[3]	1. Verständlich[3]	*[3]	Lebensdauer/Verfügbarkeit vorhanden[3]	*[3]	Preis/Betrieb vorhanden[3]	*[3]	*[3]	Wirkungsgrad vorhanden[3]	Pro A[3]	*[3]	*[3]	_	_	Hauptteil[10]	1. Claim[25]	
9-4	1066-1070	Geld	1. Richtig[3]	1. Angemessen[3]	1. Verständlich[3]	*[3]	Lebensdauer/Verfügbarkeit vorhanden[3]	*[3]	Preis/Betrieb vorhanden[3]	*[3]	*[3]	Wirkungsgrad vorhanden[3]	Pro A[3]	*[3]	*[3]	_	_	Hauptteil[10]	1. Claim[25]	
9-5	1071-1073	in	1. Richtig[3]	1. Angemessen[3]	1. Verständlich[3]	*[3]	Lebensdauer/Verfügbarkeit vorhanden[3]	*[3]	Preis/Betrieb vorhanden[3]	*[3]	*[3]	Wirkungsgrad vorhanden[3]	Pro A[3]	*[3]	*[3]	_	_	Hauptteil[10]	1. Claim[25]	
9-6	1074-1077	die	1. Richtig[3]	1. Angemessen[3]	1. Verständlich[3]	*[3]	Lebensdauer/Verfügbarkeit vorhanden[3]	*[3]	Preis/Betrieb vorhanden[3]	*[3]	*[3]	Wirkungsgrad vorhanden[3]	Pro A[3]	*[3]	*[3]	_	_	Hauptteil[10]	1. Claim[25]	
9-7	1078-1088	Handnehmen	1. Richtig[3]	1. Angemessen[3]	1. Verständlich[3]	*[3]	Lebensdauer/Verfügbarkeit vorhanden[3]	*[3]	Preis/Betrieb vorhanden[3]	*[3]	*[3]	Wirkungsgrad vorhanden[3]	Pro A[3]	*[3]	*[3]	_	_	Hauptteil[10]	1. Claim[25]	
9-8	1089-1096	anstatt	1. Richtig[3]	1. Angemessen[3]	1. Verständlich[3]	*[3]	Lebensdauer/Verfügbarkeit vorhanden[3]	*[3]	Preis/Betrieb vorhanden[3]	*[3]	*[3]	Wirkungsgrad vorhanden[3]	Pro A[3]	*[3]	*[3]	_	_	Hauptteil[10]	1. Claim[25]	
9-9	1097-1101	alle	1. Richtig[3]	1. Angemessen[3]	1. Verständlich[3]	*[3]	Lebensdauer/Verfügbarkeit vorhanden[3]	*[3]	Preis/Betrieb vorhanden[3]	*[3]	*[3]	Wirkungsgrad vorhanden[3]	Pro A[3]	*[3]	*[3]	_	_	Hauptteil[10]	1. Claim[25]	
9-10	1102-1104	20	1. Richtig[3]	1. Angemessen[3]	1. Verständlich[3]	*[3]	Lebensdauer/Verfügbarkeit vorhanden[3]	*[3]	Preis/Betrieb vorhanden[3]	*[3]	*[3]	Wirkungsgrad vorhanden[3]	Pro A[3]	*[3]	*[3]	_	_	Hauptteil[10]	1. Claim[25]	
9-11	1105-1110	JAhre	1. Richtig[3]	1. Angemessen[3]	1. Verständlich[3]	*[3]	Lebensdauer/Verfügbarkeit vorhanden[3]	*[3]	Preis/Betrieb vorhanden[3]	*[3]	*[3]	Wirkungsgrad vorhanden[3]	Pro A[3]	*[3]	*[3]	_	_	Hauptteil[10]	1. Claim[25]	
9-12	1111-1116	etwas	1. Richtig[3]	1. Angemessen[3]	1. Verständlich[3]	*[3]	Lebensdauer/Verfügbarkeit vorhanden[3]	*[3]	Preis/Betrieb vorhanden[3]	*[3]	*[3]	Wirkungsgrad vorhanden[3]	Pro A[3]	*[3]	*[3]	_	_	Hauptteil[10]	1. Claim[25]	
9-13	1117-1122	neues	1. Richtig[3]	1. Angemessen[3]	1. Verständlich[3]	*[3]	Lebensdauer/Verfügbarkeit vorhanden[3]	*[3]	Preis/Betrieb vorhanden[3]	*[3]	*[3]	Wirkungsgrad vorhanden[3]	Pro A[3]	*[3]	*[3]	_	_	Hauptteil[10]	1. Claim[25]	
9-14	1123-1125	zu	1. Richtig[3]	1. Angemessen[3]	1. Verständlich[3]	*[3]	Lebensdauer/Verfügbarkeit vorhanden[3]	*[3]	Preis/Betrieb vorhanden[3]	*[3]	*[3]	Wirkungsgrad vorhanden[3]	Pro A[3]	*[3]	*[3]	_	_	Hauptteil[10]	1. Claim[25]	
9-15	1126-1131	bauen	1. Richtig[3]	1. Angemessen[3]	1. Verständlich[3]	*[3]	Lebensdauer/Verfügbarkeit vorhanden[3]	*[3]	Preis/Betrieb vorhanden[3]	*[3]	*[3]	Wirkungsgrad vorhanden[3]	Pro A[3]	*[3]	*[3]	_	_	Hauptteil[10]	1. Claim[25]	
9-16	1131-1132	.	1. Richtig[3]	1. Angemessen[3]	1. Verständlich[3]	*[3]	Lebensdauer/Verfügbarkeit vorhanden[3]	*[3]	Preis/Betrieb vorhanden[3]	*[3]	*[3]	Wirkungsgrad vorhanden[3]	Pro A[3]	*[3]	*[3]	_	_	Hauptteil[10]	1. Claim[25]	

10-1	1133-1136	Ich	1. Richtig[4]	1. Angemessen[4]	1. Verständlich[4]	*[4]	*[4]	*[4]	*[4]	*[4]	Treibhausgasemissionen vorhanden[4]	*[4]	Pro A[4]	*[4]	*[4]	2. Cut-off[7]	Gesamtthese[7]	Hauptteil[10]	1. Claim[26]	
10-2	1137-1145	empfehle	1. Richtig[4]	1. Angemessen[4]	1. Verständlich[4]	*[4]	*[4]	*[4]	*[4]	*[4]	Treibhausgasemissionen vorhanden[4]	*[4]	Pro A[4]	*[4]	*[4]	2. Cut-off[7]	Gesamtthese[7]	Hauptteil[10]	1. Claim[26]	
10-3	1146-1151	somit	1. Richtig[4]	1. Angemessen[4]	1. Verständlich[4]	*[4]	*[4]	*[4]	*[4]	*[4]	Treibhausgasemissionen vorhanden[4]	*[4]	Pro A[4]	*[4]	*[4]	2. Cut-off[7]	Gesamtthese[7]	Hauptteil[10]	1. Claim[26]	
10-4	1152-1155	die	1. Richtig[4]	1. Angemessen[4]	1. Verständlich[4]	*[4]	*[4]	*[4]	*[4]	*[4]	Treibhausgasemissionen vorhanden[4]	*[4]	Pro A[4]	*[4]	*[4]	2. Cut-off[7]	Gesamtthese[7]	Hauptteil[10]	1. Claim[26]	
10-5	1156-1173	Wasserkraftanlage	1. Richtig[4]	1. Angemessen[4]	1. Verständlich[4]	*[4]	*[4]	*[4]	*[4]	*[4]	Treibhausgasemissionen vorhanden[4]	*[4]	Pro A[4]	*[4]	*[4]	2. Cut-off[7]	Gesamtthese[7]	Hauptteil[10]	1. Claim[26]	
10-6	1174-1177	zur	1. Richtig[4]	1. Angemessen[4]	1. Verständlich[4]	*[4]	*[4]	*[4]	*[4]	*[4]	Treibhausgasemissionen vorhanden[4]	*[4]	Pro A[4]	*[4]	*[4]	2. Cut-off[7]	Gesamtthese[7]	Hauptteil[10]	1. Claim[26]	
10-7	1178-1187	Förderung	1. Richtig[4]	1. Angemessen[4]	1. Verständlich[4]	*[4]	*[4]	*[4]	*[4]	*[4]	Treibhausgasemissionen vorhanden[4]	*[4]	Pro A[4]	*[4]	*[4]	2. Cut-off[7]	Gesamtthese[7]	Hauptteil[10]	1. Claim[26]	
10-8	1187-1188	,	1. Richtig[4]	1. Angemessen[4]	1. Verständlich[4]	*[4]	*[4]	*[4]	*[4]	*[4]	Treibhausgasemissionen vorhanden[4]	*[4]	Pro A[4]	*[4]	*[4]	2. Cut-off[7]	Gesamtthese[7]	Hauptteil[10]	1. Claim[26]	
10-9	1189-1193	denn	1. Richtig[4]	1. Angemessen[4]	1. Verständlich[4]	*[4]	*[4]	*[4]	*[4]	*[4]	Treibhausgasemissionen vorhanden[4]	*[4]	Pro A[4]	*[4]	*[4]	2. Cut-off[7]	Gesamtthese[7]	Hauptteil[10]	2. Data[27]	
10-10	1194-1197	sie	1. Richtig[4]	1. Angemessen[4]	1. Verständlich[4]	*[4]	*[4]	*[4]	*[4]	*[4]	Treibhausgasemissionen vorhanden[4]	*[4]	Pro A[4]	*[4]	*[4]	2. Cut-off[7]	Gesamtthese[7]	Hauptteil[10]	2. Data[27]	
10-11	1198-1201	hat	1. Richtig[4]	1. Angemessen[4]	1. Verständlich[4]	*[4]	*[4]	*[4]	*[4]	*[4]	Treibhausgasemissionen vorhanden[4]	*[4]	Pro A[4]	*[4]	*[4]	2. Cut-off[7]	Gesamtthese[7]	Hauptteil[10]	2. Data[27]	
10-12	1202-1208	12,000	1. Richtig[4]	1. Angemessen[4]	1. Verständlich[4]	*[4]	*[4]	*[4]	*[4]	*[4]	Treibhausgasemissionen vorhanden[4]	*[4]	Pro A[4]	*[4]	*[4]	2. Cut-off[7]	Gesamtthese[7]	Hauptteil[10]	2. Data[27]	
10-13	1209-1210	t	1. Richtig[4]	1. Angemessen[4]	1. Verständlich[4]	*[4]	*[4]	*[4]	*[4]	*[4]	Treibhausgasemissionen vorhanden[4]	*[4]	Pro A[4]	*[4]	*[4]	2. Cut-off[7]	Gesamtthese[7]	Hauptteil[10]	2. Data[27]	
10-14	1211-1214	CO2	1. Richtig[4]	1. Angemessen[4]	1. Verständlich[4]	*[4]	*[4]	*[4]	*[4]	*[4]	Treibhausgasemissionen vorhanden[4]	*[4]	Pro A[4]	*[4]	*[4]	2. Cut-off[7]	Gesamtthese[7]	Hauptteil[10]	2. Data[27]	
10-15	1214-1215	-	1. Richtig[4]	1. Angemessen[4]	1. Verständlich[4]	*[4]	*[4]	*[4]	*[4]	*[4]	Treibhausgasemissionen vorhanden[4]	*[4]	Pro A[4]	*[4]	*[4]	2. Cut-off[7]	Gesamtthese[7]	Hauptteil[10]	2. Data[27]	
10-16	1215-1225	Äquivalent	1. Richtig[4]	1. Angemessen[4]	1. Verständlich[4]	*[4]	*[4]	*[4]	*[4]	*[4]	Treibhausgasemissionen vorhanden[4]	*[4]	Pro A[4]	*[4]	*[4]	2. Cut-off[7]	Gesamtthese[7]	Hauptteil[10]	2. Data[27]	
10-17	1226-1231	gegen	1. Richtig[4]	1. Angemessen[4]	1. Verständlich[4]	*[4]	*[4]	*[4]	*[4]	*[4]	Treibhausgasemissionen vorhanden[4]	*[4]	Pro A[4]	*[4]	*[4]	2. Cut-off[7]	Gesamtthese[7]	Hauptteil[10]	2. Data[27]	
10-18	1232-1235	die	1. Richtig[4]	1. Angemessen[4]	1. Verständlich[4]	*[4]	*[4]	*[4]	*[4]	*[4]	Treibhausgasemissionen vorhanden[4]	*[4]	Pro A[4]	*[4]	*[4]	2. Cut-off[7]	Gesamtthese[7]	Hauptteil[10]	2. Data[27]	
10-19	1236-1258	Treibhausgasemissionen	1. Richtig[4]	1. Angemessen[4]	1. Verständlich[4]	*[4]	*[4]	*[4]	*[4]	*[4]	Treibhausgasemissionen vorhanden[4]	*[4]	Pro A[4]	*[4]	*[4]	2. Cut-off[7]	Gesamtthese[7]	Hauptteil[10]	2. Data[27]	
10-20	1258-1259	,	1. Richtig[4]	1. Angemessen[4]	1. Verständlich[4]	*[4]	*[4]	*[4]	*[4]	*[4]	Treibhausgasemissionen vorhanden[4]	*[4]	Pro A[4]	*[4]	*[4]	2. Cut-off[7]	Gesamtthese[7]	Hauptteil[10]	2. Data[27]	
10-21	1260-1264	also	1. Richtig[4]	1. Angemessen[4]	1. Verständlich[4]	*[4]	*[4]	*[4]	*[4]	*[4]	Treibhausgasemissionen vorhanden[4]	*[4]	Pro A[4]	*[4]	*[4]	2. Cut-off[7]	Gesamtthese[7]	Hauptteil[10]	1. Claim[28]	
10-22	1265-1268	gut	1. Richtig[4]	1. Angemessen[4]	1. Verständlich[4]	*[4]	*[4]	*[4]	*[4]	*[4]	Treibhausgasemissionen vorhanden[4]	*[4]	Pro A[4]	*[4]	*[4]	2. Cut-off[7]	Gesamtthese[7]	Hauptteil[10]	1. Claim[28]	
10-23	1268-1269	.	1. Richtig[4]	1. Angemessen[4]	1. Verständlich[4]	*[4]	*[4]	*[4]	*[4]	*[4]	Treibhausgasemissionen vorhanden[4]	*[4]	Pro A[4]	*[4]	*[4]	2. Cut-off[7]	Gesamtthese[7]	Hauptteil[10]	1. Claim[28]	

11-1	1270-1275	Zudem	1. Richtig[5]	1. Angemessen[5]	1. Verständlich[5]	Jahresertrag/Energiedichte Vorhanden[5]	*[5]	Emissionen vorhanden[5]	*[5]	*[5]	*[5]	*[5]	Pro A[5]	Contra B[5]	Contra C[5]	_	_	Hauptteil[10]	2. Data[29]	
11-2	1276-1279	hat	1. Richtig[5]	1. Angemessen[5]	1. Verständlich[5]	Jahresertrag/Energiedichte Vorhanden[5]	*[5]	Emissionen vorhanden[5]	*[5]	*[5]	*[5]	*[5]	Pro A[5]	Contra B[5]	Contra C[5]	_	_	Hauptteil[10]	2. Data[29]	
11-3	1280-1283	sie	1. Richtig[5]	1. Angemessen[5]	1. Verständlich[5]	Jahresertrag/Energiedichte Vorhanden[5]	*[5]	Emissionen vorhanden[5]	*[5]	*[5]	*[5]	*[5]	Pro A[5]	Contra B[5]	Contra C[5]	_	_	Hauptteil[10]	2. Data[29]	
11-4	1284-1287	nur	1. Richtig[5]	1. Angemessen[5]	1. Verständlich[5]	Jahresertrag/Energiedichte Vorhanden[5]	*[5]	Emissionen vorhanden[5]	*[5]	*[5]	*[5]	*[5]	Pro A[5]	Contra B[5]	Contra C[5]	_	_	Hauptteil[10]	2. Data[29]	
11-5	1288-1293	einen	1. Richtig[5]	1. Angemessen[5]	1. Verständlich[5]	Jahresertrag/Energiedichte Vorhanden[5]	*[5]	Emissionen vorhanden[5]	*[5]	*[5]	*[5]	*[5]	Pro A[5]	Contra B[5]	Contra C[5]	_	_	Hauptteil[10]	2. Data[29]	
11-6	1294-1297	Hör	1. Richtig[5]	1. Angemessen[5]	1. Verständlich[5]	Jahresertrag/Energiedichte Vorhanden[5]	*[5]	Emissionen vorhanden[5]	*[5]	*[5]	*[5]	*[5]	Pro A[5]	Contra B[5]	Contra C[5]	_	_	Hauptteil[10]	2. Data[29]	
11-7	1297-1298	-	1. Richtig[5]	1. Angemessen[5]	1. Verständlich[5]	Jahresertrag/Energiedichte Vorhanden[5]	*[5]	Emissionen vorhanden[5]	*[5]	*[5]	*[5]	*[5]	Pro A[5]	Contra B[5]	Contra C[5]	_	_	Hauptteil[10]	2. Data[29]	
11-8	1299-1302	und	1. Richtig[5]	1. Angemessen[5]	1. Verständlich[5]	Jahresertrag/Energiedichte Vorhanden[5]	*[5]	Emissionen vorhanden[5]	*[5]	*[5]	*[5]	*[5]	Pro A[5]	Contra B[5]	Contra C[5]	_	_	Hauptteil[10]	2. Data[29]	
11-9	1303-1314	Infraschall	1. Richtig[5]	1. Angemessen[5]	1. Verständlich[5]	Jahresertrag/Energiedichte Vorhanden[5]	*[5]	Emissionen vorhanden[5]	*[5]	*[5]	*[5]	*[5]	Pro A[5]	Contra B[5]	Contra C[5]	_	_	Hauptteil[10]	2. Data[29]	
11-10	1315-1318	und	1. Richtig[5]	1. Angemessen[5]	1. Verständlich[5]	Jahresertrag/Energiedichte Vorhanden[5]	*[5]	Emissionen vorhanden[5]	*[5]	*[5]	*[5]	*[5]	Pro A[5]	Contra B[5]	Contra C[5]	_	_	Hauptteil[10]	2. Data[30]	
11-11	1319-1324	nicht	1. Richtig[5]	1. Angemessen[5]	1. Verständlich[5]	Jahresertrag/Energiedichte Vorhanden[5]	*[5]	Emissionen vorhanden[5]	*[5]	*[5]	*[5]	*[5]	Pro A[5]	Contra B[5]	Contra C[5]	_	_	Hauptteil[10]	2. Data[30]	
11-12	1325-1329	auch	1. Richtig[5]	1. Angemessen[5]	1. Verständlich[5]	Jahresertrag/Energiedichte Vorhanden[5]	*[5]	Emissionen vorhanden[5]	*[5]	*[5]	*[5]	*[5]	Pro A[5]	Contra B[5]	Contra C[5]	_	_	Hauptteil[10]	2. Data[30]	
11-13	1330-1334	noch	1. Richtig[5]	1. Angemessen[5]	1. Verständlich[5]	Jahresertrag/Energiedichte Vorhanden[5]	*[5]	Emissionen vorhanden[5]	*[5]	*[5]	*[5]	*[5]	Pro A[5]	Contra B[5]	Contra C[5]	_	_	Hauptteil[10]	2. Data[30]	
11-14	1335-1340	einen	1. Richtig[5]	1. Angemessen[5]	1. Verständlich[5]	Jahresertrag/Energiedichte Vorhanden[5]	*[5]	Emissionen vorhanden[5]	*[5]	*[5]	*[5]	*[5]	Pro A[5]	Contra B[5]	Contra C[5]	_	_	Hauptteil[10]	2. Data[30]	
11-15	1341-1353	Schattenwurf	1. Richtig[5]	1. Angemessen[5]	1. Verständlich[5]	Jahresertrag/Energiedichte Vorhanden[5]	*[5]	Emissionen vorhanden[5]	*[5]	*[5]	*[5]	*[5]	Pro A[5]	Contra B[5]	Contra C[5]	_	_	Hauptteil[10]	2. Data[30]	
11-16	1353-1354	,	1. Richtig[5]	1. Angemessen[5]	1. Verständlich[5]	Jahresertrag/Energiedichte Vorhanden[5]	*[5]	Emissionen vorhanden[5]	*[5]	*[5]	*[5]	*[5]	Pro A[5]	Contra B[5]	Contra C[5]	_	_	Hauptteil[10]	2. Data[30]	
11-17	1355-1357	so	1. Richtig[5]	1. Angemessen[5]	1. Verständlich[5]	Jahresertrag/Energiedichte Vorhanden[5]	*[5]	Emissionen vorhanden[5]	*[5]	*[5]	*[5]	*[5]	Pro A[5]	Contra B[5]	Contra C[5]	_	_	Hauptteil[10]	2. Data[30]	
11-18	1358-1361	wie	1. Richtig[5]	1. Angemessen[5]	1. Verständlich[5]	Jahresertrag/Energiedichte Vorhanden[5]	*[5]	Emissionen vorhanden[5]	*[5]	*[5]	*[5]	*[5]	Pro A[5]	Contra B[5]	Contra C[5]	_	_	Hauptteil[10]	2. Data[30]	
11-19	1362-1365	der	1. Richtig[5]	1. Angemessen[5]	1. Verständlich[5]	Jahresertrag/Energiedichte Vorhanden[5]	*[5]	Emissionen vorhanden[5]	*[5]	*[5]	*[5]	*[5]	Pro A[5]	Contra B[5]	Contra C[5]	_	_	Hauptteil[10]	2. Data[30]	
11-20	1366-1374	Windpark	1. Richtig[5]	1. Angemessen[5]	1. Verständlich[5]	Jahresertrag/Energiedichte Vorhanden[5]	*[5]	Emissionen vorhanden[5]	*[5]	*[5]	*[5]	*[5]	Pro A[5]	Contra B[5]	Contra C[5]	_	_	Hauptteil[10]	2. Data[30]	
11-21	1374-1375	.	1. Richtig[5]	1. Angemessen[5]	1. Verständlich[5]	Jahresertrag/Energiedichte Vorhanden[5]	*[5]	Emissionen vorhanden[5]	*[5]	*[5]	*[5]	*[5]	Pro A[5]	Contra B[5]	Contra C[5]	_	_	Hauptteil[10]	2. Data[30]	

12-1	1376-1379	Die	1. Richtig[5]	1. Angemessen[5]	1. Verständlich[5]	Jahresertrag/Energiedichte Vorhanden[5]	*[5]	Emissionen vorhanden[5]	*[5]	*[5]	*[5]	*[5]	Pro A[5]	Contra B[5]	Contra C[5]	_	_	Hauptteil[10]	1. Claim[31]	
12-2	1380-1397	Wasserkraftanlage	1. Richtig[5]	1. Angemessen[5]	1. Verständlich[5]	Jahresertrag/Energiedichte Vorhanden[5]	*[5]	Emissionen vorhanden[5]	*[5]	*[5]	*[5]	*[5]	Pro A[5]	Contra B[5]	Contra C[5]	_	_	Hauptteil[10]	1. Claim[31]	
12-3	1398-1401	ist	1. Richtig[5]	1. Angemessen[5]	1. Verständlich[5]	Jahresertrag/Energiedichte Vorhanden[5]	*[5]	Emissionen vorhanden[5]	*[5]	*[5]	*[5]	*[5]	Pro A[5]	Contra B[5]	Contra C[5]	_	_	Hauptteil[10]	1. Claim[31]	
12-4	1402-1407	somit	1. Richtig[5]	1. Angemessen[5]	1. Verständlich[5]	Jahresertrag/Energiedichte Vorhanden[5]	*[5]	Emissionen vorhanden[5]	*[5]	*[5]	*[5]	*[5]	Pro A[5]	Contra B[5]	Contra C[5]	_	_	Hauptteil[10]	1. Claim[31]	
12-5	1408-1417	geigneter	1. Richtig[5]	1. Angemessen[5]	1. Verständlich[5]	Jahresertrag/Energiedichte Vorhanden[5]	*[5]	Emissionen vorhanden[5]	*[5]	*[5]	*[5]	*[5]	Pro A[5]	Contra B[5]	Contra C[5]	_	_	Hauptteil[10]	1. Claim[31]	
12-6	1418-1421	als	1. Richtig[5]	1. Angemessen[5]	1. Verständlich[5]	Jahresertrag/Energiedichte Vorhanden[5]	*[5]	Emissionen vorhanden[5]	*[5]	*[5]	*[5]	*[5]	Pro A[5]	Contra B[5]	Contra C[5]	_	_	Hauptteil[10]	1. Claim[31]	
12-7	1422-1425	die	1. Richtig[5]	1. Angemessen[5]	1. Verständlich[5]	Jahresertrag/Energiedichte Vorhanden[5]	*[5]	Emissionen vorhanden[5]	*[5]	*[5]	*[5]	*[5]	Pro A[5]	Contra B[5]	Contra C[5]	_	_	Hauptteil[10]	1. Claim[31]	
12-8	1426-1430	Wind	1. Richtig[5]	1. Angemessen[5]	1. Verständlich[5]	Jahresertrag/Energiedichte Vorhanden[5]	*[5]	Emissionen vorhanden[5]	*[5]	*[5]	*[5]	*[5]	Pro A[5]	Contra B[5]	Contra C[5]	_	_	Hauptteil[10]	1. Claim[31]	
12-9	1430-1431	-	1. Richtig[5]	1. Angemessen[5]	1. Verständlich[5]	Jahresertrag/Energiedichte Vorhanden[5]	*[5]	Emissionen vorhanden[5]	*[5]	*[5]	*[5]	*[5]	Pro A[5]	Contra B[5]	Contra C[5]	_	_	Hauptteil[10]	1. Claim[31]	
12-10	1432-1436	oder	1. Richtig[5]	1. Angemessen[5]	1. Verständlich[5]	Jahresertrag/Energiedichte Vorhanden[5]	*[5]	Emissionen vorhanden[5]	*[5]	*[5]	*[5]	*[5]	Pro A[5]	Contra B[5]	Contra C[5]	_	_	Hauptteil[10]	1. Claim[31]	
12-11	1437-1447	Solarparks	1. Richtig[5]	1. Angemessen[5]	1. Verständlich[5]	Jahresertrag/Energiedichte Vorhanden[5]	*[5]	Emissionen vorhanden[5]	*[5]	*[5]	*[5]	*[5]	Pro A[5]	Contra B[5]	Contra C[5]	_	_	Hauptteil[10]	1. Claim[31]	
12-12	1447-1448	.	1. Richtig[5]	1. Angemessen[5]	1. Verständlich[5]	Jahresertrag/Energiedichte Vorhanden[5]	*[5]	Emissionen vorhanden[5]	*[5]	*[5]	*[5]	*[5]	Pro A[5]	Contra B[5]	Contra C[5]	_	_	Hauptteil[10]	1. Claim[31]	
12-13	1449-1452	die	1. Richtig[5]	1. Angemessen[5]	1. Verständlich[5]	Jahresertrag/Energiedichte Vorhanden[5]	*[5]	Emissionen vorhanden[5]	*[5]	*[5]	*[5]	*[5]	Pro A[5]	Contra B[5]	Contra C[5]	_	_	Hauptteil[10]	2. Data[32]	
12-14	1453-1465	Wasseranlage	1. Richtig[5]	1. Angemessen[5]	1. Verständlich[5]	Jahresertrag/Energiedichte Vorhanden[5]	*[5]	Emissionen vorhanden[5]	*[5]	*[5]	*[5]	*[5]	Pro A[5]	Contra B[5]	Contra C[5]	_	_	Hauptteil[10]	2. Data[32]	
12-15	1466-1469	hat	1. Richtig[5]	1. Angemessen[5]	1. Verständlich[5]	Jahresertrag/Energiedichte Vorhanden[5]	*[5]	Emissionen vorhanden[5]	*[5]	*[5]	*[5]	*[5]	Pro A[5]	Contra B[5]	Contra C[5]	_	_	Hauptteil[10]	2. Data[32]	
12-16	1470-1475	einen	1. Richtig[5]	1. Angemessen[5]	1. Verständlich[5]	Jahresertrag/Energiedichte Vorhanden[5]	*[5]	Emissionen vorhanden[5]	*[5]	*[5]	*[5]	*[5]	Pro A[5]	Contra B[5]	Contra C[5]	_	_	Hauptteil[10]	2. Data[32]	
12-17	1476-1488	jahresertrag	1. Richtig[5]	1. Angemessen[5]	1. Verständlich[5]	Jahresertrag/Energiedichte Vorhanden[5]	*[5]	Emissionen vorhanden[5]	*[5]	*[5]	*[5]	*[5]	Pro A[5]	Contra B[5]	Contra C[5]	_	_	Hauptteil[10]	2. Data[32]	
12-18	1489-1492	von	1. Richtig[5]	1. Angemessen[5]	1. Verständlich[5]	Jahresertrag/Energiedichte Vorhanden[5]	*[5]	Emissionen vorhanden[5]	*[5]	*[5]	*[5]	*[5]	Pro A[5]	Contra B[5]	Contra C[5]	_	_	Hauptteil[10]	2. Data[32]	
12-19	1493-1495	39	1. Richtig[5]	1. Angemessen[5]	1. Verständlich[5]	Jahresertrag/Energiedichte Vorhanden[5]	*[5]	Emissionen vorhanden[5]	*[5]	*[5]	*[5]	*[5]	Pro A[5]	Contra B[5]	Contra C[5]	_	_	Hauptteil[10]	2. Data[32]	
12-20	1496-1499	GWh	1. Richtig[5]	1. Angemessen[5]	1. Verständlich[5]	Jahresertrag/Energiedichte Vorhanden[5]	*[5]	Emissionen vorhanden[5]	*[5]	*[5]	*[5]	*[5]	Pro A[5]	Contra B[5]	Contra C[5]	_	_	Hauptteil[10]	2. Data[32]	
12-21	1499-1500	.	1. Richtig[5]	1. Angemessen[5]	1. Verständlich[5]	Jahresertrag/Energiedichte Vorhanden[5]	*[5]	Emissionen vorhanden[5]	*[5]	*[5]	*[5]	*[5]	Pro A[5]	Contra B[5]	Contra C[5]	_	_	Hauptteil[10]	2. Data[32]	

13-1	1502-1505	Ich	1. Richtig[5]	1. Angemessen[5]	1. Verständlich[5]	Jahresertrag/Energiedichte Vorhanden[5]	*[5]	Emissionen vorhanden[5]	*[5]	*[5]	*[5]	*[5]	Pro A[5]	Contra B[5]	Contra C[5]	3. Unbegründet[8]	Gesamtthese[8]	Hauptteil[10]	1. Claim[33]	
13-2	1506-1514	empfehle	1. Richtig[5]	1. Angemessen[5]	1. Verständlich[5]	Jahresertrag/Energiedichte Vorhanden[5]	*[5]	Emissionen vorhanden[5]	*[5]	*[5]	*[5]	*[5]	Pro A[5]	Contra B[5]	Contra C[5]	3. Unbegründet[8]	Gesamtthese[8]	Hauptteil[10]	1. Claim[33]	
13-3	1515-1518	die	1. Richtig[5]	1. Angemessen[5]	1. Verständlich[5]	Jahresertrag/Energiedichte Vorhanden[5]	*[5]	Emissionen vorhanden[5]	*[5]	*[5]	*[5]	*[5]	Pro A[5]	Contra B[5]	Contra C[5]	3. Unbegründet[8]	Gesamtthese[8]	Hauptteil[10]	1. Claim[33]	
13-4	1519-1536	wasserkraftanlage	1. Richtig[5]	1. Angemessen[5]	1. Verständlich[5]	Jahresertrag/Energiedichte Vorhanden[5]	*[5]	Emissionen vorhanden[5]	*[5]	*[5]	*[5]	*[5]	Pro A[5]	Contra B[5]	Contra C[5]	3. Unbegründet[8]	Gesamtthese[8]	Hauptteil[10]	1. Claim[33]	
13-5	1536-1537	!	1. Richtig[5]	1. Angemessen[5]	1. Verständlich[5]	Jahresertrag/Energiedichte Vorhanden[5]	*[5]	Emissionen vorhanden[5]	*[5]	*[5]	*[5]	*[5]	Pro A[5]	Contra B[5]	Contra C[5]	3. Unbegründet[8]	Gesamtthese[8]	Hauptteil[10]	1. Claim[33]	
13-6	1537-1538	.	1. Richtig[5]	1. Angemessen[5]	1. Verständlich[5]	Jahresertrag/Energiedichte Vorhanden[5]	*[5]	Emissionen vorhanden[5]	*[5]	*[5]	*[5]	*[5]	Pro A[5]	Contra B[5]	Contra C[5]	3. Unbegründet[8]	Gesamtthese[8]	Hauptteil[10]	1. Claim[33]	

14-1	1543-1547	Ende	1. Richtig[5]	1. Angemessen[5]	1. Verständlich[5]	Jahresertrag/Energiedichte Vorhanden[5]	*[5]	Emissionen vorhanden[5]	*[5]	*[5]	*[5]	*[5]	Pro A[5]	Contra B[5]	Contra C[5]	_	_	Hauptteil[10]	5. Nicht zutreffend[34]	
14-2	1548-1549	<	1. Richtig[5]	1. Angemessen[5]	1. Verständlich[5]	Jahresertrag/Energiedichte Vorhanden[5]	*[5]	Emissionen vorhanden[5]	*[5]	*[5]	*[5]	*[5]	Pro A[5]	Contra B[5]	Contra C[5]	_	_	Hauptteil[10]	5. Nicht zutreffend[34]	
14-3	1549-1550	3	1. Richtig[5]	1. Angemessen[5]	1. Verständlich[5]	Jahresertrag/Energiedichte Vorhanden[5]	*[5]	Emissionen vorhanden[5]	*[5]	*[5]	*[5]	*[5]	Pro A[5]	Contra B[5]	Contra C[5]	_	_	Hauptteil[10]	5. Nicht zutreffend[34]	
14-4	1550-1551	.	1. Richtig[5]	1. Angemessen[5]	1. Verständlich[5]	Jahresertrag/Energiedichte Vorhanden[5]	*[5]	Emissionen vorhanden[5]	*[5]	*[5]	*[5]	*[5]	Pro A[5]	Contra B[5]	Contra C[5]	_	_	Hauptteil[10]	5. Nicht zutreffend[34]	
