#FORMAT=WebAnno TSV 3.3
#T_SP=webanno.custom.Argument|Accuracy|Adequacy|Clarity|KriteriumJahresertragEnergiedichte|KriteriumLebensdauerVerfgbarkeit|KriteriumLokaleEmissionenGeruschemissionen|KriteriumPreisBetrieb|KriteriumSonstiges|KriteriumTreibhausgasemissionen|KriteriumWirkungsgrad|OptionA|OptionB|OptionC
#T_SP=webanno.custom.Struktur|Struktur
#T_SP=webanno.custom.StrukturTAP|TAPArgumente


1-1	0-2	Im	_	_	_	_	_	_	_	_	_	_	_	_	_	Einleitung[6]	_	
1-2	3-12	Folgenden	_	_	_	_	_	_	_	_	_	_	_	_	_	Einleitung[6]	_	
1-3	13-17	wird	_	_	_	_	_	_	_	_	_	_	_	_	_	Einleitung[6]	_	
1-4	18-28	diskutiert	_	_	_	_	_	_	_	_	_	_	_	_	_	Einleitung[6]	_	
1-5	28-29	,	_	_	_	_	_	_	_	_	_	_	_	_	_	Einleitung[6]	_	
1-6	30-32	ob	_	_	_	_	_	_	_	_	_	_	_	_	_	Einleitung[6]	_	
1-7	33-36	die	_	_	_	_	_	_	_	_	_	_	_	_	_	Einleitung[6]	_	
1-8	37-48	Reduzierung	_	_	_	_	_	_	_	_	_	_	_	_	_	Einleitung[6]	_	
1-9	49-52	der	_	_	_	_	_	_	_	_	_	_	_	_	_	Einleitung[6]	_	
1-10	53-74	Treibhausgasmissionen	_	_	_	_	_	_	_	_	_	_	_	_	_	Einleitung[6]	_	
1-11	75-78	des	_	_	_	_	_	_	_	_	_	_	_	_	_	Einleitung[6]	_	
1-12	79-95	Personenverkehrs	_	_	_	_	_	_	_	_	_	_	_	_	_	Einleitung[6]	_	
1-13	96-99	und	_	_	_	_	_	_	_	_	_	_	_	_	_	Einleitung[6]	_	
1-14	100-103	das	_	_	_	_	_	_	_	_	_	_	_	_	_	Einleitung[6]	_	
1-15	104-110	Verbot	_	_	_	_	_	_	_	_	_	_	_	_	_	Einleitung[6]	_	
1-16	111-114	von	_	_	_	_	_	_	_	_	_	_	_	_	_	Einleitung[6]	_	
1-17	115-123	Neuwagen	_	_	_	_	_	_	_	_	_	_	_	_	_	Einleitung[6]	_	
1-18	124-127	mit	_	_	_	_	_	_	_	_	_	_	_	_	_	Einleitung[6]	_	
1-19	128-133	einem	_	_	_	_	_	_	_	_	_	_	_	_	_	Einleitung[6]	_	
1-20	134-144	Benzin-und	_	_	_	_	_	_	_	_	_	_	_	_	_	Einleitung[6]	_	
1-21	145-156	Dieselmotor	_	_	_	_	_	_	_	_	_	_	_	_	_	Einleitung[6]	_	
1-22	157-159	ab	_	_	_	_	_	_	_	_	_	_	_	_	_	Einleitung[6]	_	
1-23	160-163	dem	_	_	_	_	_	_	_	_	_	_	_	_	_	Einleitung[6]	_	
1-24	164-168	Jahr	_	_	_	_	_	_	_	_	_	_	_	_	_	Einleitung[6]	_	
1-25	169-173	2035	_	_	_	_	_	_	_	_	_	_	_	_	_	Einleitung[6]	_	
1-26	173-174	,	_	_	_	_	_	_	_	_	_	_	_	_	_	Einleitung[6]	_	
1-27	175-177	zu	_	_	_	_	_	_	_	_	_	_	_	_	_	Einleitung[6]	_	
1-28	178-183	einer	_	_	_	_	_	_	_	_	_	_	_	_	_	Einleitung[6]	_	
1-29	184-200	Klimaneutralität	_	_	_	_	_	_	_	_	_	_	_	_	_	Einleitung[6]	_	
1-30	201-206	führt	_	_	_	_	_	_	_	_	_	_	_	_	_	Einleitung[6]	_	
1-31	206-207	.	_	_	_	_	_	_	_	_	_	_	_	_	_	Einleitung[6]	_	
1-32	209-210	.	_	_	_	_	_	_	_	_	_	_	_	_	_	Einleitung[6]	_	

2-1	213-216	Als	1. Richtig[1]	1. Angemessen[1]	1. Verständlich[1]	Jahresertrag/Energiedichte Vorhanden[1]	*[1]	*[1]	*[1]	*[1]	*[1]	*[1]	Pro A[1]	Contra B[1]	Contra C[1]	Hauptteil[7]	1. Claim[8]	
2-2	217-223	erstes	1. Richtig[1]	1. Angemessen[1]	1. Verständlich[1]	Jahresertrag/Energiedichte Vorhanden[1]	*[1]	*[1]	*[1]	*[1]	*[1]	*[1]	Pro A[1]	Contra B[1]	Contra C[1]	Hauptteil[7]	1. Claim[8]	
2-3	224-230	sollte	1. Richtig[1]	1. Angemessen[1]	1. Verständlich[1]	Jahresertrag/Energiedichte Vorhanden[1]	*[1]	*[1]	*[1]	*[1]	*[1]	*[1]	Pro A[1]	Contra B[1]	Contra C[1]	Hauptteil[7]	1. Claim[8]	
2-4	231-234	man	1. Richtig[1]	1. Angemessen[1]	1. Verständlich[1]	Jahresertrag/Energiedichte Vorhanden[1]	*[1]	*[1]	*[1]	*[1]	*[1]	*[1]	Pro A[1]	Contra B[1]	Contra C[1]	Hauptteil[7]	1. Claim[8]	
2-5	235-239	sich	1. Richtig[1]	1. Angemessen[1]	1. Verständlich[1]	Jahresertrag/Energiedichte Vorhanden[1]	*[1]	*[1]	*[1]	*[1]	*[1]	*[1]	Pro A[1]	Contra B[1]	Contra C[1]	Hauptteil[7]	1. Claim[8]	
2-6	240-243	die	1. Richtig[1]	1. Angemessen[1]	1. Verständlich[1]	Jahresertrag/Energiedichte Vorhanden[1]	*[1]	*[1]	*[1]	*[1]	*[1]	*[1]	Pro A[1]	Contra B[1]	Contra C[1]	Hauptteil[7]	1. Claim[8]	
2-7	244-253	Kriterien	1. Richtig[1]	1. Angemessen[1]	1. Verständlich[1]	Jahresertrag/Energiedichte Vorhanden[1]	*[1]	*[1]	*[1]	*[1]	*[1]	*[1]	Pro A[1]	Contra B[1]	Contra C[1]	Hauptteil[7]	1. Claim[8]	
2-8	254-257	für	1. Richtig[1]	1. Angemessen[1]	1. Verständlich[1]	Jahresertrag/Energiedichte Vorhanden[1]	*[1]	*[1]	*[1]	*[1]	*[1]	*[1]	Pro A[1]	Contra B[1]	Contra C[1]	Hauptteil[7]	1. Claim[8]	
2-9	258-261	die	1. Richtig[1]	1. Angemessen[1]	1. Verständlich[1]	Jahresertrag/Energiedichte Vorhanden[1]	*[1]	*[1]	*[1]	*[1]	*[1]	*[1]	Pro A[1]	Contra B[1]	Contra C[1]	Hauptteil[7]	1. Claim[8]	
2-10	262-276	Massenbezogene	1. Richtig[1]	1. Angemessen[1]	1. Verständlich[1]	Jahresertrag/Energiedichte Vorhanden[1]	*[1]	*[1]	*[1]	*[1]	*[1]	*[1]	Pro A[1]	Contra B[1]	Contra C[1]	Hauptteil[7]	1. Claim[8]	
2-11	277-292	Energiedichtung	1. Richtig[1]	1. Angemessen[1]	1. Verständlich[1]	Jahresertrag/Energiedichte Vorhanden[1]	*[1]	*[1]	*[1]	*[1]	*[1]	*[1]	Pro A[1]	Contra B[1]	Contra C[1]	Hauptteil[7]	1. Claim[8]	
2-12	293-300	ansehen	1. Richtig[1]	1. Angemessen[1]	1. Verständlich[1]	Jahresertrag/Energiedichte Vorhanden[1]	*[1]	*[1]	*[1]	*[1]	*[1]	*[1]	Pro A[1]	Contra B[1]	Contra C[1]	Hauptteil[7]	1. Claim[8]	
2-13	300-301	,	1. Richtig[1]	1. Angemessen[1]	1. Verständlich[1]	Jahresertrag/Energiedichte Vorhanden[1]	*[1]	*[1]	*[1]	*[1]	*[1]	*[1]	Pro A[1]	Contra B[1]	Contra C[1]	Hauptteil[7]	1. Claim[8]	
2-14	302-304	da	1. Richtig[1]	1. Angemessen[1]	1. Verständlich[1]	Jahresertrag/Energiedichte Vorhanden[1]	*[1]	*[1]	*[1]	*[1]	*[1]	*[1]	Pro A[1]	Contra B[1]	Contra C[1]	Hauptteil[7]	3. Warrant[9]	
2-15	305-310	diese	1. Richtig[1]	1. Angemessen[1]	1. Verständlich[1]	Jahresertrag/Energiedichte Vorhanden[1]	*[1]	*[1]	*[1]	*[1]	*[1]	*[1]	Pro A[1]	Contra B[1]	Contra C[1]	Hauptteil[7]	3. Warrant[9]	
2-16	311-317	verrät	1. Richtig[1]	1. Angemessen[1]	1. Verständlich[1]	Jahresertrag/Energiedichte Vorhanden[1]	*[1]	*[1]	*[1]	*[1]	*[1]	*[1]	Pro A[1]	Contra B[1]	Contra C[1]	Hauptteil[7]	3. Warrant[9]	
2-17	318-321	wie	1. Richtig[1]	1. Angemessen[1]	1. Verständlich[1]	Jahresertrag/Energiedichte Vorhanden[1]	*[1]	*[1]	*[1]	*[1]	*[1]	*[1]	Pro A[1]	Contra B[1]	Contra C[1]	Hauptteil[7]	3. Warrant[9]	
2-18	322-326	viel	1. Richtig[1]	1. Angemessen[1]	1. Verständlich[1]	Jahresertrag/Energiedichte Vorhanden[1]	*[1]	*[1]	*[1]	*[1]	*[1]	*[1]	Pro A[1]	Contra B[1]	Contra C[1]	Hauptteil[7]	3. Warrant[9]	
2-19	327-334	Energie	1. Richtig[1]	1. Angemessen[1]	1. Verständlich[1]	Jahresertrag/Energiedichte Vorhanden[1]	*[1]	*[1]	*[1]	*[1]	*[1]	*[1]	Pro A[1]	Contra B[1]	Contra C[1]	Hauptteil[7]	3. Warrant[9]	
2-20	335-338	pro	1. Richtig[1]	1. Angemessen[1]	1. Verständlich[1]	Jahresertrag/Energiedichte Vorhanden[1]	*[1]	*[1]	*[1]	*[1]	*[1]	*[1]	Pro A[1]	Contra B[1]	Contra C[1]	Hauptteil[7]	3. Warrant[9]	
2-21	339-344	Masse	1. Richtig[1]	1. Angemessen[1]	1. Verständlich[1]	Jahresertrag/Energiedichte Vorhanden[1]	*[1]	*[1]	*[1]	*[1]	*[1]	*[1]	Pro A[1]	Contra B[1]	Contra C[1]	Hauptteil[7]	3. Warrant[9]	
2-22	345-350	eines	1. Richtig[1]	1. Angemessen[1]	1. Verständlich[1]	Jahresertrag/Energiedichte Vorhanden[1]	*[1]	*[1]	*[1]	*[1]	*[1]	*[1]	Pro A[1]	Contra B[1]	Contra C[1]	Hauptteil[7]	3. Warrant[9]	
2-23	351-358	stoffes	1. Richtig[1]	1. Angemessen[1]	1. Verständlich[1]	Jahresertrag/Energiedichte Vorhanden[1]	*[1]	*[1]	*[1]	*[1]	*[1]	*[1]	Pro A[1]	Contra B[1]	Contra C[1]	Hauptteil[7]	3. Warrant[9]	
2-24	359-363	oder	1. Richtig[1]	1. Angemessen[1]	1. Verständlich[1]	Jahresertrag/Energiedichte Vorhanden[1]	*[1]	*[1]	*[1]	*[1]	*[1]	*[1]	Pro A[1]	Contra B[1]	Contra C[1]	Hauptteil[7]	3. Warrant[9]	
2-25	364-369	eines	1. Richtig[1]	1. Angemessen[1]	1. Verständlich[1]	Jahresertrag/Energiedichte Vorhanden[1]	*[1]	*[1]	*[1]	*[1]	*[1]	*[1]	Pro A[1]	Contra B[1]	Contra C[1]	Hauptteil[7]	3. Warrant[9]	
2-26	370-377	Systems	1. Richtig[1]	1. Angemessen[1]	1. Verständlich[1]	Jahresertrag/Energiedichte Vorhanden[1]	*[1]	*[1]	*[1]	*[1]	*[1]	*[1]	Pro A[1]	Contra B[1]	Contra C[1]	Hauptteil[7]	3. Warrant[9]	
2-27	378-389	gespiechert	1. Richtig[1]	1. Angemessen[1]	1. Verständlich[1]	Jahresertrag/Energiedichte Vorhanden[1]	*[1]	*[1]	*[1]	*[1]	*[1]	*[1]	Pro A[1]	Contra B[1]	Contra C[1]	Hauptteil[7]	3. Warrant[9]	
2-28	390-396	werden	1. Richtig[1]	1. Angemessen[1]	1. Verständlich[1]	Jahresertrag/Energiedichte Vorhanden[1]	*[1]	*[1]	*[1]	*[1]	*[1]	*[1]	Pro A[1]	Contra B[1]	Contra C[1]	Hauptteil[7]	3. Warrant[9]	
2-29	397-401	kann	1. Richtig[1]	1. Angemessen[1]	1. Verständlich[1]	Jahresertrag/Energiedichte Vorhanden[1]	*[1]	*[1]	*[1]	*[1]	*[1]	*[1]	Pro A[1]	Contra B[1]	Contra C[1]	Hauptteil[7]	3. Warrant[9]	
2-30	401-402	.	1. Richtig[1]	1. Angemessen[1]	1. Verständlich[1]	Jahresertrag/Energiedichte Vorhanden[1]	*[1]	*[1]	*[1]	*[1]	*[1]	*[1]	Pro A[1]	Contra B[1]	Contra C[1]	Hauptteil[7]	3. Warrant[9]	

3-1	403-407	Also	1. Richtig[1]	1. Angemessen[1]	1. Verständlich[1]	Jahresertrag/Energiedichte Vorhanden[1]	*[1]	*[1]	*[1]	*[1]	*[1]	*[1]	Pro A[1]	Contra B[1]	Contra C[1]	Hauptteil[7]	3. Warrant[10]	
3-2	408-410	je	1. Richtig[1]	1. Angemessen[1]	1. Verständlich[1]	Jahresertrag/Energiedichte Vorhanden[1]	*[1]	*[1]	*[1]	*[1]	*[1]	*[1]	Pro A[1]	Contra B[1]	Contra C[1]	Hauptteil[7]	3. Warrant[10]	
3-3	411-416	höher	1. Richtig[1]	1. Angemessen[1]	1. Verständlich[1]	Jahresertrag/Energiedichte Vorhanden[1]	*[1]	*[1]	*[1]	*[1]	*[1]	*[1]	Pro A[1]	Contra B[1]	Contra C[1]	Hauptteil[7]	3. Warrant[10]	
3-4	417-420	die	1. Richtig[1]	1. Angemessen[1]	1. Verständlich[1]	Jahresertrag/Energiedichte Vorhanden[1]	*[1]	*[1]	*[1]	*[1]	*[1]	*[1]	Pro A[1]	Contra B[1]	Contra C[1]	Hauptteil[7]	3. Warrant[10]	
3-5	421-434	Energiedichte	1. Richtig[1]	1. Angemessen[1]	1. Verständlich[1]	Jahresertrag/Energiedichte Vorhanden[1]	*[1]	*[1]	*[1]	*[1]	*[1]	*[1]	Pro A[1]	Contra B[1]	Contra C[1]	Hauptteil[7]	3. Warrant[10]	
3-6	435-438	ist	1. Richtig[1]	1. Angemessen[1]	1. Verständlich[1]	Jahresertrag/Energiedichte Vorhanden[1]	*[1]	*[1]	*[1]	*[1]	*[1]	*[1]	Pro A[1]	Contra B[1]	Contra C[1]	Hauptteil[7]	3. Warrant[10]	
3-7	438-439	,	1. Richtig[1]	1. Angemessen[1]	1. Verständlich[1]	Jahresertrag/Energiedichte Vorhanden[1]	*[1]	*[1]	*[1]	*[1]	*[1]	*[1]	Pro A[1]	Contra B[1]	Contra C[1]	Hauptteil[7]	3. Warrant[10]	
3-8	440-445	desto	1. Richtig[1]	1. Angemessen[1]	1. Verständlich[1]	Jahresertrag/Energiedichte Vorhanden[1]	*[1]	*[1]	*[1]	*[1]	*[1]	*[1]	Pro A[1]	Contra B[1]	Contra C[1]	Hauptteil[7]	3. Warrant[10]	
3-9	446-450	mehr	1. Richtig[1]	1. Angemessen[1]	1. Verständlich[1]	Jahresertrag/Energiedichte Vorhanden[1]	*[1]	*[1]	*[1]	*[1]	*[1]	*[1]	Pro A[1]	Contra B[1]	Contra C[1]	Hauptteil[7]	3. Warrant[10]	
3-10	451-458	Energie	1. Richtig[1]	1. Angemessen[1]	1. Verständlich[1]	Jahresertrag/Energiedichte Vorhanden[1]	*[1]	*[1]	*[1]	*[1]	*[1]	*[1]	Pro A[1]	Contra B[1]	Contra C[1]	Hauptteil[7]	3. Warrant[10]	
3-11	459-463	kann	1. Richtig[1]	1. Angemessen[1]	1. Verständlich[1]	Jahresertrag/Energiedichte Vorhanden[1]	*[1]	*[1]	*[1]	*[1]	*[1]	*[1]	Pro A[1]	Contra B[1]	Contra C[1]	Hauptteil[7]	3. Warrant[10]	
3-12	464-466	in	1. Richtig[1]	1. Angemessen[1]	1. Verständlich[1]	Jahresertrag/Energiedichte Vorhanden[1]	*[1]	*[1]	*[1]	*[1]	*[1]	*[1]	Pro A[1]	Contra B[1]	Contra C[1]	Hauptteil[7]	3. Warrant[10]	
3-13	467-470	der	1. Richtig[1]	1. Angemessen[1]	1. Verständlich[1]	Jahresertrag/Energiedichte Vorhanden[1]	*[1]	*[1]	*[1]	*[1]	*[1]	*[1]	Pro A[1]	Contra B[1]	Contra C[1]	Hauptteil[7]	3. Warrant[10]	
3-14	471-479	gleichen	1. Richtig[1]	1. Angemessen[1]	1. Verständlich[1]	Jahresertrag/Energiedichte Vorhanden[1]	*[1]	*[1]	*[1]	*[1]	*[1]	*[1]	Pro A[1]	Contra B[1]	Contra C[1]	Hauptteil[7]	3. Warrant[10]	
3-15	480-485	Masse	1. Richtig[1]	1. Angemessen[1]	1. Verständlich[1]	Jahresertrag/Energiedichte Vorhanden[1]	*[1]	*[1]	*[1]	*[1]	*[1]	*[1]	Pro A[1]	Contra B[1]	Contra C[1]	Hauptteil[7]	3. Warrant[10]	
3-16	486-494	verteilt	1. Richtig[1]	1. Angemessen[1]	1. Verständlich[1]	Jahresertrag/Energiedichte Vorhanden[1]	*[1]	*[1]	*[1]	*[1]	*[1]	*[1]	Pro A[1]	Contra B[1]	Contra C[1]	Hauptteil[7]	3. Warrant[10]	
3-17	495-501	werden	1. Richtig[1]	1. Angemessen[1]	1. Verständlich[1]	Jahresertrag/Energiedichte Vorhanden[1]	*[1]	*[1]	*[1]	*[1]	*[1]	*[1]	Pro A[1]	Contra B[1]	Contra C[1]	Hauptteil[7]	3. Warrant[10]	
3-18	501-502	.	1. Richtig[1]	1. Angemessen[1]	1. Verständlich[1]	Jahresertrag/Energiedichte Vorhanden[1]	*[1]	*[1]	*[1]	*[1]	*[1]	*[1]	Pro A[1]	Contra B[1]	Contra C[1]	Hauptteil[7]	3. Warrant[10]	

4-1	504-508	Wenn	1. Richtig[1]	1. Angemessen[1]	1. Verständlich[1]	Jahresertrag/Energiedichte Vorhanden[1]	*[1]	*[1]	*[1]	*[1]	*[1]	*[1]	Pro A[1]	Contra B[1]	Contra C[1]	Hauptteil[7]	2. Data[11]	
4-2	509-512	man	1. Richtig[1]	1. Angemessen[1]	1. Verständlich[1]	Jahresertrag/Energiedichte Vorhanden[1]	*[1]	*[1]	*[1]	*[1]	*[1]	*[1]	Pro A[1]	Contra B[1]	Contra C[1]	Hauptteil[7]	2. Data[11]	
4-3	513-517	dies	1. Richtig[1]	1. Angemessen[1]	1. Verständlich[1]	Jahresertrag/Energiedichte Vorhanden[1]	*[1]	*[1]	*[1]	*[1]	*[1]	*[1]	Pro A[1]	Contra B[1]	Contra C[1]	Hauptteil[7]	2. Data[11]	
4-4	518-521	auf	1. Richtig[1]	1. Angemessen[1]	1. Verständlich[1]	Jahresertrag/Energiedichte Vorhanden[1]	*[1]	*[1]	*[1]	*[1]	*[1]	*[1]	Pro A[1]	Contra B[1]	Contra C[1]	Hauptteil[7]	2. Data[11]	
4-5	522-527	unser	1. Richtig[1]	1. Angemessen[1]	1. Verständlich[1]	Jahresertrag/Energiedichte Vorhanden[1]	*[1]	*[1]	*[1]	*[1]	*[1]	*[1]	Pro A[1]	Contra B[1]	Contra C[1]	Hauptteil[7]	2. Data[11]	
4-6	528-536	Beispiel	1. Richtig[1]	1. Angemessen[1]	1. Verständlich[1]	Jahresertrag/Energiedichte Vorhanden[1]	*[1]	*[1]	*[1]	*[1]	*[1]	*[1]	Pro A[1]	Contra B[1]	Contra C[1]	Hauptteil[7]	2. Data[11]	
4-7	537-544	bezieht	1. Richtig[1]	1. Angemessen[1]	1. Verständlich[1]	Jahresertrag/Energiedichte Vorhanden[1]	*[1]	*[1]	*[1]	*[1]	*[1]	*[1]	Pro A[1]	Contra B[1]	Contra C[1]	Hauptteil[7]	2. Data[11]	
4-8	545-549	dann	1. Richtig[1]	1. Angemessen[1]	1. Verständlich[1]	Jahresertrag/Energiedichte Vorhanden[1]	*[1]	*[1]	*[1]	*[1]	*[1]	*[1]	Pro A[1]	Contra B[1]	Contra C[1]	Hauptteil[7]	2. Data[11]	
4-9	550-554	kann	1. Richtig[1]	1. Angemessen[1]	1. Verständlich[1]	Jahresertrag/Energiedichte Vorhanden[1]	*[1]	*[1]	*[1]	*[1]	*[1]	*[1]	Pro A[1]	Contra B[1]	Contra C[1]	Hauptteil[7]	2. Data[11]	
4-10	555-558	man	1. Richtig[1]	1. Angemessen[1]	1. Verständlich[1]	Jahresertrag/Energiedichte Vorhanden[1]	*[1]	*[1]	*[1]	*[1]	*[1]	*[1]	Pro A[1]	Contra B[1]	Contra C[1]	Hauptteil[7]	2. Data[11]	
4-11	559-564	sehen	1. Richtig[1]	1. Angemessen[1]	1. Verständlich[1]	Jahresertrag/Energiedichte Vorhanden[1]	*[1]	*[1]	*[1]	*[1]	*[1]	*[1]	Pro A[1]	Contra B[1]	Contra C[1]	Hauptteil[7]	2. Data[11]	
4-12	565-568	das	1. Richtig[1]	1. Angemessen[1]	1. Verständlich[1]	Jahresertrag/Energiedichte Vorhanden[1]	*[1]	*[1]	*[1]	*[1]	*[1]	*[1]	Pro A[1]	Contra B[1]	Contra C[1]	Hauptteil[7]	2. Data[11]	
4-13	569-572	die	1. Richtig[1]	1. Angemessen[1]	1. Verständlich[1]	Jahresertrag/Energiedichte Vorhanden[1]	*[1]	*[1]	*[1]	*[1]	*[1]	*[1]	Pro A[1]	Contra B[1]	Contra C[1]	Hauptteil[7]	2. Data[11]	
4-14	573-586	Akkumulatoren	1. Richtig[1]	1. Angemessen[1]	1. Verständlich[1]	Jahresertrag/Energiedichte Vorhanden[1]	*[1]	*[1]	*[1]	*[1]	*[1]	*[1]	Pro A[1]	Contra B[1]	Contra C[1]	Hauptteil[7]	2. Data[11]	
4-15	587-595	ungefähr	1. Richtig[1]	1. Angemessen[1]	1. Verständlich[1]	Jahresertrag/Energiedichte Vorhanden[1]	*[1]	*[1]	*[1]	*[1]	*[1]	*[1]	Pro A[1]	Contra B[1]	Contra C[1]	Hauptteil[7]	2. Data[11]	
4-16	596-600	0,88	1. Richtig[1]	1. Angemessen[1]	1. Verständlich[1]	Jahresertrag/Energiedichte Vorhanden[1]	*[1]	*[1]	*[1]	*[1]	*[1]	*[1]	Pro A[1]	Contra B[1]	Contra C[1]	Hauptteil[7]	2. Data[11]	
4-17	601-603	mj	1. Richtig[1]	1. Angemessen[1]	1. Verständlich[1]	Jahresertrag/Energiedichte Vorhanden[1]	*[1]	*[1]	*[1]	*[1]	*[1]	*[1]	Pro A[1]	Contra B[1]	Contra C[1]	Hauptteil[7]	2. Data[11]	
4-18	603-604	/	1. Richtig[1]	1. Angemessen[1]	1. Verständlich[1]	Jahresertrag/Energiedichte Vorhanden[1]	*[1]	*[1]	*[1]	*[1]	*[1]	*[1]	Pro A[1]	Contra B[1]	Contra C[1]	Hauptteil[7]	2. Data[11]	
4-19	604-606	kg	1. Richtig[1]	1. Angemessen[1]	1. Verständlich[1]	Jahresertrag/Energiedichte Vorhanden[1]	*[1]	*[1]	*[1]	*[1]	*[1]	*[1]	Pro A[1]	Contra B[1]	Contra C[1]	Hauptteil[7]	2. Data[11]	
4-20	607-608	,	1. Richtig[1]	1. Angemessen[1]	1. Verständlich[1]	Jahresertrag/Energiedichte Vorhanden[1]	*[1]	*[1]	*[1]	*[1]	*[1]	*[1]	Pro A[1]	Contra B[1]	Contra C[1]	Hauptteil[7]	2. Data[11]	
4-21	609-614	120mj	1. Richtig[1]	1. Angemessen[1]	1. Verständlich[1]	Jahresertrag/Energiedichte Vorhanden[1]	*[1]	*[1]	*[1]	*[1]	*[1]	*[1]	Pro A[1]	Contra B[1]	Contra C[1]	Hauptteil[7]	2. Data[11]	
4-22	614-615	/	1. Richtig[1]	1. Angemessen[1]	1. Verständlich[1]	Jahresertrag/Energiedichte Vorhanden[1]	*[1]	*[1]	*[1]	*[1]	*[1]	*[1]	Pro A[1]	Contra B[1]	Contra C[1]	Hauptteil[7]	2. Data[11]	
4-23	615-617	kg	1. Richtig[1]	1. Angemessen[1]	1. Verständlich[1]	Jahresertrag/Energiedichte Vorhanden[1]	*[1]	*[1]	*[1]	*[1]	*[1]	*[1]	Pro A[1]	Contra B[1]	Contra C[1]	Hauptteil[7]	2. Data[11]	
4-24	618-629	wasserstoff	1. Richtig[1]	1. Angemessen[1]	1. Verständlich[1]	Jahresertrag/Energiedichte Vorhanden[1]	*[1]	*[1]	*[1]	*[1]	*[1]	*[1]	Pro A[1]	Contra B[1]	Contra C[1]	Hauptteil[7]	2. Data[11]	
4-25	630-633	und	1. Richtig[1]	1. Angemessen[1]	1. Verständlich[1]	Jahresertrag/Energiedichte Vorhanden[1]	*[1]	*[1]	*[1]	*[1]	*[1]	*[1]	Pro A[1]	Contra B[1]	Contra C[1]	Hauptteil[7]	2. Data[11]	
4-26	634-640	46,4mj	1. Richtig[1]	1. Angemessen[1]	1. Verständlich[1]	Jahresertrag/Energiedichte Vorhanden[1]	*[1]	*[1]	*[1]	*[1]	*[1]	*[1]	Pro A[1]	Contra B[1]	Contra C[1]	Hauptteil[7]	2. Data[11]	
4-27	640-641	/	1. Richtig[1]	1. Angemessen[1]	1. Verständlich[1]	Jahresertrag/Energiedichte Vorhanden[1]	*[1]	*[1]	*[1]	*[1]	*[1]	*[1]	Pro A[1]	Contra B[1]	Contra C[1]	Hauptteil[7]	2. Data[11]	
4-28	641-643	kg	1. Richtig[1]	1. Angemessen[1]	1. Verständlich[1]	Jahresertrag/Energiedichte Vorhanden[1]	*[1]	*[1]	*[1]	*[1]	*[1]	*[1]	Pro A[1]	Contra B[1]	Contra C[1]	Hauptteil[7]	2. Data[11]	
4-29	644-655	verbrauchen	1. Richtig[1]	1. Angemessen[1]	1. Verständlich[1]	Jahresertrag/Energiedichte Vorhanden[1]	*[1]	*[1]	*[1]	*[1]	*[1]	*[1]	Pro A[1]	Contra B[1]	Contra C[1]	Hauptteil[7]	2. Data[11]	
4-30	655-656	,	1. Richtig[1]	1. Angemessen[1]	1. Verständlich[1]	Jahresertrag/Energiedichte Vorhanden[1]	*[1]	*[1]	*[1]	*[1]	*[1]	*[1]	Pro A[1]	Contra B[1]	Contra C[1]	Hauptteil[7]	2. Data[11]	
4-31	656-657	.	1. Richtig[1]	1. Angemessen[1]	1. Verständlich[1]	Jahresertrag/Energiedichte Vorhanden[1]	*[1]	*[1]	*[1]	*[1]	*[1]	*[1]	Pro A[1]	Contra B[1]	Contra C[1]	Hauptteil[7]	2. Data[11]	

5-1	660-664	Wenn	1. Richtig[2]	1. Angemessen[2]	1. Verständlich[2]	*[2]	*[2]	*[2]	*[2]	*[2]	*[2]	Wirkungsgrad vorhanden[2]	Contra A[2]	Contra B[2]	Pro C[2]	Hauptteil[7]	5. Nicht zutreffend[12]	
5-2	665-668	man	1. Richtig[2]	1. Angemessen[2]	1. Verständlich[2]	*[2]	*[2]	*[2]	*[2]	*[2]	*[2]	Wirkungsgrad vorhanden[2]	Contra A[2]	Contra B[2]	Pro C[2]	Hauptteil[7]	5. Nicht zutreffend[12]	
5-3	669-672	dem	1. Richtig[2]	1. Angemessen[2]	1. Verständlich[2]	*[2]	*[2]	*[2]	*[2]	*[2]	*[2]	Wirkungsgrad vorhanden[2]	Contra A[2]	Contra B[2]	Pro C[2]	Hauptteil[7]	5. Nicht zutreffend[12]	
5-4	673-680	bewusst	1. Richtig[2]	1. Angemessen[2]	1. Verständlich[2]	*[2]	*[2]	*[2]	*[2]	*[2]	*[2]	Wirkungsgrad vorhanden[2]	Contra A[2]	Contra B[2]	Pro C[2]	Hauptteil[7]	5. Nicht zutreffend[12]	
5-5	681-684	ist	1. Richtig[2]	1. Angemessen[2]	1. Verständlich[2]	*[2]	*[2]	*[2]	*[2]	*[2]	*[2]	Wirkungsgrad vorhanden[2]	Contra A[2]	Contra B[2]	Pro C[2]	Hauptteil[7]	5. Nicht zutreffend[12]	
5-6	685-691	sollte	1. Richtig[2]	1. Angemessen[2]	1. Verständlich[2]	*[2]	*[2]	*[2]	*[2]	*[2]	*[2]	Wirkungsgrad vorhanden[2]	Contra A[2]	Contra B[2]	Pro C[2]	Hauptteil[7]	5. Nicht zutreffend[12]	
5-7	692-695	man	1. Richtig[2]	1. Angemessen[2]	1. Verständlich[2]	*[2]	*[2]	*[2]	*[2]	*[2]	*[2]	Wirkungsgrad vorhanden[2]	Contra A[2]	Contra B[2]	Pro C[2]	Hauptteil[7]	5. Nicht zutreffend[12]	
5-8	696-700	sich	1. Richtig[2]	1. Angemessen[2]	1. Verständlich[2]	*[2]	*[2]	*[2]	*[2]	*[2]	*[2]	Wirkungsgrad vorhanden[2]	Contra A[2]	Contra B[2]	Pro C[2]	Hauptteil[7]	5. Nicht zutreffend[12]	
5-9	701-704	auf	1. Richtig[2]	1. Angemessen[2]	1. Verständlich[2]	*[2]	*[2]	*[2]	*[2]	*[2]	*[2]	Wirkungsgrad vorhanden[2]	Contra A[2]	Contra B[2]	Pro C[2]	Hauptteil[7]	5. Nicht zutreffend[12]	
5-10	705-708	das	1. Richtig[2]	1. Angemessen[2]	1. Verständlich[2]	*[2]	*[2]	*[2]	*[2]	*[2]	*[2]	Wirkungsgrad vorhanden[2]	Contra A[2]	Contra B[2]	Pro C[2]	Hauptteil[7]	5. Nicht zutreffend[12]	
5-11	709-716	nächste	1. Richtig[2]	1. Angemessen[2]	1. Verständlich[2]	*[2]	*[2]	*[2]	*[2]	*[2]	*[2]	Wirkungsgrad vorhanden[2]	Contra A[2]	Contra B[2]	Pro C[2]	Hauptteil[7]	5. Nicht zutreffend[12]	
5-12	717-722	Thema	1. Richtig[2]	1. Angemessen[2]	1. Verständlich[2]	*[2]	*[2]	*[2]	*[2]	*[2]	*[2]	Wirkungsgrad vorhanden[2]	Contra A[2]	Contra B[2]	Pro C[2]	Hauptteil[7]	5. Nicht zutreffend[12]	
5-13	723-736	konzentrieren	1. Richtig[2]	1. Angemessen[2]	1. Verständlich[2]	*[2]	*[2]	*[2]	*[2]	*[2]	*[2]	Wirkungsgrad vorhanden[2]	Contra A[2]	Contra B[2]	Pro C[2]	Hauptteil[7]	5. Nicht zutreffend[12]	
5-14	736-737	.	1. Richtig[2]	1. Angemessen[2]	1. Verständlich[2]	*[2]	*[2]	*[2]	*[2]	*[2]	*[2]	Wirkungsgrad vorhanden[2]	Contra A[2]	Contra B[2]	Pro C[2]	Hauptteil[7]	5. Nicht zutreffend[12]	

6-1	739-742	Der	1. Richtig[2]	1. Angemessen[2]	1. Verständlich[2]	*[2]	*[2]	*[2]	*[2]	*[2]	*[2]	Wirkungsgrad vorhanden[2]	Contra A[2]	Contra B[2]	Pro C[2]	Hauptteil[7]	1. Claim[13]	
6-2	743-761	Gesamtwirkungsgrad	1. Richtig[2]	1. Angemessen[2]	1. Verständlich[2]	*[2]	*[2]	*[2]	*[2]	*[2]	*[2]	Wirkungsgrad vorhanden[2]	Contra A[2]	Contra B[2]	Pro C[2]	Hauptteil[7]	1. Claim[13]	
6-3	761-762	.	1. Richtig[2]	1. Angemessen[2]	1. Verständlich[2]	*[2]	*[2]	*[2]	*[2]	*[2]	*[2]	Wirkungsgrad vorhanden[2]	Contra A[2]	Contra B[2]	Pro C[2]	Hauptteil[7]	1. Claim[13]	
6-4	763-769	dieser	1. Richtig[2]	1. Angemessen[2]	1. Verständlich[2]	*[2]	*[2]	*[2]	*[2]	*[2]	*[2]	Wirkungsgrad vorhanden[2]	Contra A[2]	Contra B[2]	Pro C[2]	Hauptteil[7]	3. Warrant[14]	
6-5	770-777	bezieht	1. Richtig[2]	1. Angemessen[2]	1. Verständlich[2]	*[2]	*[2]	*[2]	*[2]	*[2]	*[2]	Wirkungsgrad vorhanden[2]	Contra A[2]	Contra B[2]	Pro C[2]	Hauptteil[7]	3. Warrant[14]	
6-6	778-782	sich	1. Richtig[2]	1. Angemessen[2]	1. Verständlich[2]	*[2]	*[2]	*[2]	*[2]	*[2]	*[2]	Wirkungsgrad vorhanden[2]	Contra A[2]	Contra B[2]	Pro C[2]	Hauptteil[7]	3. Warrant[14]	
6-7	783-789	darauf	1. Richtig[2]	1. Angemessen[2]	1. Verständlich[2]	*[2]	*[2]	*[2]	*[2]	*[2]	*[2]	Wirkungsgrad vorhanden[2]	Contra A[2]	Contra B[2]	Pro C[2]	Hauptteil[7]	3. Warrant[14]	
6-8	790-793	wie	1. Richtig[2]	1. Angemessen[2]	1. Verständlich[2]	*[2]	*[2]	*[2]	*[2]	*[2]	*[2]	Wirkungsgrad vorhanden[2]	Contra A[2]	Contra B[2]	Pro C[2]	Hauptteil[7]	3. Warrant[14]	
6-9	794-803	effizient	1. Richtig[2]	1. Angemessen[2]	1. Verständlich[2]	*[2]	*[2]	*[2]	*[2]	*[2]	*[2]	Wirkungsgrad vorhanden[2]	Contra A[2]	Contra B[2]	Pro C[2]	Hauptteil[7]	3. Warrant[14]	
6-10	804-807	die	1. Richtig[2]	1. Angemessen[2]	1. Verständlich[2]	*[2]	*[2]	*[2]	*[2]	*[2]	*[2]	Wirkungsgrad vorhanden[2]	Contra A[2]	Contra B[2]	Pro C[2]	Hauptteil[7]	3. Warrant[14]	
6-11	808-819	elektrische	1. Richtig[2]	1. Angemessen[2]	1. Verständlich[2]	*[2]	*[2]	*[2]	*[2]	*[2]	*[2]	Wirkungsgrad vorhanden[2]	Contra A[2]	Contra B[2]	Pro C[2]	Hauptteil[7]	3. Warrant[14]	
6-12	820-827	Energie	1. Richtig[2]	1. Angemessen[2]	1. Verständlich[2]	*[2]	*[2]	*[2]	*[2]	*[2]	*[2]	Wirkungsgrad vorhanden[2]	Contra A[2]	Contra B[2]	Pro C[2]	Hauptteil[7]	3. Warrant[14]	
6-13	828-831	der	1. Richtig[2]	1. Angemessen[2]	1. Verständlich[2]	*[2]	*[2]	*[2]	*[2]	*[2]	*[2]	Wirkungsgrad vorhanden[2]	Contra A[2]	Contra B[2]	Pro C[2]	Hauptteil[7]	3. Warrant[14]	
6-14	832-844	erneuerbaren	1. Richtig[2]	1. Angemessen[2]	1. Verständlich[2]	*[2]	*[2]	*[2]	*[2]	*[2]	*[2]	Wirkungsgrad vorhanden[2]	Contra A[2]	Contra B[2]	Pro C[2]	Hauptteil[7]	3. Warrant[14]	
6-15	845-853	Energien	1. Richtig[2]	1. Angemessen[2]	1. Verständlich[2]	*[2]	*[2]	*[2]	*[2]	*[2]	*[2]	Wirkungsgrad vorhanden[2]	Contra A[2]	Contra B[2]	Pro C[2]	Hauptteil[7]	3. Warrant[14]	
6-16	854-857	zum	1. Richtig[2]	1. Angemessen[2]	1. Verständlich[2]	*[2]	*[2]	*[2]	*[2]	*[2]	*[2]	Wirkungsgrad vorhanden[2]	Contra A[2]	Contra B[2]	Pro C[2]	Hauptteil[7]	3. Warrant[14]	
6-17	858-868	Autofahren	1. Richtig[2]	1. Angemessen[2]	1. Verständlich[2]	*[2]	*[2]	*[2]	*[2]	*[2]	*[2]	Wirkungsgrad vorhanden[2]	Contra A[2]	Contra B[2]	Pro C[2]	Hauptteil[7]	3. Warrant[14]	
6-18	869-876	genutzt	1. Richtig[2]	1. Angemessen[2]	1. Verständlich[2]	*[2]	*[2]	*[2]	*[2]	*[2]	*[2]	Wirkungsgrad vorhanden[2]	Contra A[2]	Contra B[2]	Pro C[2]	Hauptteil[7]	3. Warrant[14]	
6-19	877-881	wird	1. Richtig[2]	1. Angemessen[2]	1. Verständlich[2]	*[2]	*[2]	*[2]	*[2]	*[2]	*[2]	Wirkungsgrad vorhanden[2]	Contra A[2]	Contra B[2]	Pro C[2]	Hauptteil[7]	3. Warrant[14]	
6-20	881-882	.	1. Richtig[2]	1. Angemessen[2]	1. Verständlich[2]	*[2]	*[2]	*[2]	*[2]	*[2]	*[2]	Wirkungsgrad vorhanden[2]	Contra A[2]	Contra B[2]	Pro C[2]	Hauptteil[7]	3. Warrant[14]	

7-1	883-886	BEi	1. Richtig[2]	1. Angemessen[2]	1. Verständlich[2]	*[2]	*[2]	*[2]	*[2]	*[2]	*[2]	Wirkungsgrad vorhanden[2]	Contra A[2]	Contra B[2]	Pro C[2]	Hauptteil[7]	2. Data[15]	
7-2	887-894	unserem	1. Richtig[2]	1. Angemessen[2]	1. Verständlich[2]	*[2]	*[2]	*[2]	*[2]	*[2]	*[2]	Wirkungsgrad vorhanden[2]	Contra A[2]	Contra B[2]	Pro C[2]	Hauptteil[7]	2. Data[15]	
7-3	895-903	Beisliel	1. Richtig[2]	1. Angemessen[2]	1. Verständlich[2]	*[2]	*[2]	*[2]	*[2]	*[2]	*[2]	Wirkungsgrad vorhanden[2]	Contra A[2]	Contra B[2]	Pro C[2]	Hauptteil[7]	2. Data[15]	
7-4	904-909	seiht	1. Richtig[2]	1. Angemessen[2]	1. Verständlich[2]	*[2]	*[2]	*[2]	*[2]	*[2]	*[2]	Wirkungsgrad vorhanden[2]	Contra A[2]	Contra B[2]	Pro C[2]	Hauptteil[7]	2. Data[15]	
7-5	910-913	man	1. Richtig[2]	1. Angemessen[2]	1. Verständlich[2]	*[2]	*[2]	*[2]	*[2]	*[2]	*[2]	Wirkungsgrad vorhanden[2]	Contra A[2]	Contra B[2]	Pro C[2]	Hauptteil[7]	2. Data[15]	
7-6	914-917	das	1. Richtig[2]	1. Angemessen[2]	1. Verständlich[2]	*[2]	*[2]	*[2]	*[2]	*[2]	*[2]	Wirkungsgrad vorhanden[2]	Contra A[2]	Contra B[2]	Pro C[2]	Hauptteil[7]	2. Data[15]	
7-7	918-921	70%	1. Richtig[2]	1. Angemessen[2]	1. Verständlich[2]	*[2]	*[2]	*[2]	*[2]	*[2]	*[2]	Wirkungsgrad vorhanden[2]	Contra A[2]	Contra B[2]	Pro C[2]	Hauptteil[7]	2. Data[15]	
7-8	922-925	für	1. Richtig[2]	1. Angemessen[2]	1. Verständlich[2]	*[2]	*[2]	*[2]	*[2]	*[2]	*[2]	Wirkungsgrad vorhanden[2]	Contra A[2]	Contra B[2]	Pro C[2]	Hauptteil[7]	2. Data[15]	
7-9	926-929	die	1. Richtig[2]	1. Angemessen[2]	1. Verständlich[2]	*[2]	*[2]	*[2]	*[2]	*[2]	*[2]	Wirkungsgrad vorhanden[2]	Contra A[2]	Contra B[2]	Pro C[2]	Hauptteil[7]	2. Data[15]	
7-10	930-943	Akkumukatoren	1. Richtig[2]	1. Angemessen[2]	1. Verständlich[2]	*[2]	*[2]	*[2]	*[2]	*[2]	*[2]	Wirkungsgrad vorhanden[2]	Contra A[2]	Contra B[2]	Pro C[2]	Hauptteil[7]	2. Data[15]	
7-11	943-944	,	1. Richtig[2]	1. Angemessen[2]	1. Verständlich[2]	*[2]	*[2]	*[2]	*[2]	*[2]	*[2]	Wirkungsgrad vorhanden[2]	Contra A[2]	Contra B[2]	Pro C[2]	Hauptteil[7]	2. Data[15]	
7-12	945-947	25	1. Richtig[2]	1. Angemessen[2]	1. Verständlich[2]	*[2]	*[2]	*[2]	*[2]	*[2]	*[2]	Wirkungsgrad vorhanden[2]	Contra A[2]	Contra B[2]	Pro C[2]	Hauptteil[7]	2. Data[15]	
7-13	947-948	-	1. Richtig[2]	1. Angemessen[2]	1. Verständlich[2]	*[2]	*[2]	*[2]	*[2]	*[2]	*[2]	Wirkungsgrad vorhanden[2]	Contra A[2]	Contra B[2]	Pro C[2]	Hauptteil[7]	2. Data[15]	
7-14	948-951	28%	1. Richtig[2]	1. Angemessen[2]	1. Verständlich[2]	*[2]	*[2]	*[2]	*[2]	*[2]	*[2]	Wirkungsgrad vorhanden[2]	Contra A[2]	Contra B[2]	Pro C[2]	Hauptteil[7]	2. Data[15]	
7-15	952-955	für	1. Richtig[2]	1. Angemessen[2]	1. Verständlich[2]	*[2]	*[2]	*[2]	*[2]	*[2]	*[2]	Wirkungsgrad vorhanden[2]	Contra A[2]	Contra B[2]	Pro C[2]	Hauptteil[7]	2. Data[15]	
7-16	956-967	Wasserstoff	1. Richtig[2]	1. Angemessen[2]	1. Verständlich[2]	*[2]	*[2]	*[2]	*[2]	*[2]	*[2]	Wirkungsgrad vorhanden[2]	Contra A[2]	Contra B[2]	Pro C[2]	Hauptteil[7]	2. Data[15]	
7-17	968-971	und	1. Richtig[2]	1. Angemessen[2]	1. Verständlich[2]	*[2]	*[2]	*[2]	*[2]	*[2]	*[2]	Wirkungsgrad vorhanden[2]	Contra A[2]	Contra B[2]	Pro C[2]	Hauptteil[7]	2. Data[15]	
7-18	972-974	15	1. Richtig[2]	1. Angemessen[2]	1. Verständlich[2]	*[2]	*[2]	*[2]	*[2]	*[2]	*[2]	Wirkungsgrad vorhanden[2]	Contra A[2]	Contra B[2]	Pro C[2]	Hauptteil[7]	2. Data[15]	
7-19	974-975	-	1. Richtig[2]	1. Angemessen[2]	1. Verständlich[2]	*[2]	*[2]	*[2]	*[2]	*[2]	*[2]	Wirkungsgrad vorhanden[2]	Contra A[2]	Contra B[2]	Pro C[2]	Hauptteil[7]	2. Data[15]	
7-20	975-978	20%	1. Richtig[2]	1. Angemessen[2]	1. Verständlich[2]	*[2]	*[2]	*[2]	*[2]	*[2]	*[2]	Wirkungsgrad vorhanden[2]	Contra A[2]	Contra B[2]	Pro C[2]	Hauptteil[7]	2. Data[15]	
7-21	979-982	für	1. Richtig[2]	1. Angemessen[2]	1. Verständlich[2]	*[2]	*[2]	*[2]	*[2]	*[2]	*[2]	Wirkungsgrad vorhanden[2]	Contra A[2]	Contra B[2]	Pro C[2]	Hauptteil[7]	2. Data[15]	
7-22	983-986	die	1. Richtig[2]	1. Angemessen[2]	1. Verständlich[2]	*[2]	*[2]	*[2]	*[2]	*[2]	*[2]	Wirkungsgrad vorhanden[2]	Contra A[2]	Contra B[2]	Pro C[2]	Hauptteil[7]	2. Data[15]	
7-23	987-994	E-fuels	1. Richtig[2]	1. Angemessen[2]	1. Verständlich[2]	*[2]	*[2]	*[2]	*[2]	*[2]	*[2]	Wirkungsgrad vorhanden[2]	Contra A[2]	Contra B[2]	Pro C[2]	Hauptteil[7]	2. Data[15]	
7-24	995-1002	genutzt	1. Richtig[2]	1. Angemessen[2]	1. Verständlich[2]	*[2]	*[2]	*[2]	*[2]	*[2]	*[2]	Wirkungsgrad vorhanden[2]	Contra A[2]	Contra B[2]	Pro C[2]	Hauptteil[7]	2. Data[15]	
7-25	1003-1007	wird	1. Richtig[2]	1. Angemessen[2]	1. Verständlich[2]	*[2]	*[2]	*[2]	*[2]	*[2]	*[2]	Wirkungsgrad vorhanden[2]	Contra A[2]	Contra B[2]	Pro C[2]	Hauptteil[7]	2. Data[15]	
7-26	1007-1008	,	1. Richtig[2]	1. Angemessen[2]	1. Verständlich[2]	*[2]	*[2]	*[2]	*[2]	*[2]	*[2]	Wirkungsgrad vorhanden[2]	Contra A[2]	Contra B[2]	Pro C[2]	Hauptteil[7]	2. Data[15]	
7-27	1009-1012	was	1. Richtig[2]	1. Angemessen[2]	1. Verständlich[2]	*[2]	*[2]	*[2]	*[2]	*[2]	*[2]	Wirkungsgrad vorhanden[2]	Contra A[2]	Contra B[2]	Pro C[2]	Hauptteil[7]	2. Data[15]	
7-28	1013-1018	zeigt	1. Richtig[2]	1. Angemessen[2]	1. Verständlich[2]	*[2]	*[2]	*[2]	*[2]	*[2]	*[2]	Wirkungsgrad vorhanden[2]	Contra A[2]	Contra B[2]	Pro C[2]	Hauptteil[7]	2. Data[15]	
7-29	1019-1022	wie	1. Richtig[2]	1. Angemessen[2]	1. Verständlich[2]	*[2]	*[2]	*[2]	*[2]	*[2]	*[2]	Wirkungsgrad vorhanden[2]	Contra A[2]	Contra B[2]	Pro C[2]	Hauptteil[7]	2. Data[15]	
7-30	1023-1032	effizient	1. Richtig[2]	1. Angemessen[2]	1. Verständlich[2]	*[2]	*[2]	*[2]	*[2]	*[2]	*[2]	Wirkungsgrad vorhanden[2]	Contra A[2]	Contra B[2]	Pro C[2]	Hauptteil[7]	2. Data[15]	
7-31	1033-1037	dies	1. Richtig[2]	1. Angemessen[2]	1. Verständlich[2]	*[2]	*[2]	*[2]	*[2]	*[2]	*[2]	Wirkungsgrad vorhanden[2]	Contra A[2]	Contra B[2]	Pro C[2]	Hauptteil[7]	2. Data[15]	
7-32	1038-1042	wäre	1. Richtig[2]	1. Angemessen[2]	1. Verständlich[2]	*[2]	*[2]	*[2]	*[2]	*[2]	*[2]	Wirkungsgrad vorhanden[2]	Contra A[2]	Contra B[2]	Pro C[2]	Hauptteil[7]	2. Data[15]	
7-33	1042-1043	.	1. Richtig[2]	1. Angemessen[2]	1. Verständlich[2]	*[2]	*[2]	*[2]	*[2]	*[2]	*[2]	Wirkungsgrad vorhanden[2]	Contra A[2]	Contra B[2]	Pro C[2]	Hauptteil[7]	2. Data[15]	

8-1	1047-1050	als	1. Richtig[3]	2. Unangemessen[3]	1. Verständlich[3]	*[3]	*[3]	*[3]	*[3]	*[3]	Treibhausgasemissionen vorhanden[3]	*[3]	Unklar A[3]	Unklar B[3]	Unklar C[3]	Hauptteil[7]	1. Claim[16]	
8-2	1051-1059	nächstes	1. Richtig[3]	2. Unangemessen[3]	1. Verständlich[3]	*[3]	*[3]	*[3]	*[3]	*[3]	Treibhausgasemissionen vorhanden[3]	*[3]	Unklar A[3]	Unklar B[3]	Unklar C[3]	Hauptteil[7]	1. Claim[16]	
8-3	1060-1066	widmen	1. Richtig[3]	2. Unangemessen[3]	1. Verständlich[3]	*[3]	*[3]	*[3]	*[3]	*[3]	Treibhausgasemissionen vorhanden[3]	*[3]	Unklar A[3]	Unklar B[3]	Unklar C[3]	Hauptteil[7]	1. Claim[16]	
8-4	1067-1070	wir	1. Richtig[3]	2. Unangemessen[3]	1. Verständlich[3]	*[3]	*[3]	*[3]	*[3]	*[3]	Treibhausgasemissionen vorhanden[3]	*[3]	Unklar A[3]	Unklar B[3]	Unklar C[3]	Hauptteil[7]	1. Claim[16]	
8-5	1071-1074	uns	1. Richtig[3]	2. Unangemessen[3]	1. Verständlich[3]	*[3]	*[3]	*[3]	*[3]	*[3]	Treibhausgasemissionen vorhanden[3]	*[3]	Unklar A[3]	Unklar B[3]	Unklar C[3]	Hauptteil[7]	1. Claim[16]	
8-6	1075-1078	der	1. Richtig[3]	2. Unangemessen[3]	1. Verständlich[3]	*[3]	*[3]	*[3]	*[3]	*[3]	Treibhausgasemissionen vorhanden[3]	*[3]	Unklar A[3]	Unklar B[3]	Unklar C[3]	Hauptteil[7]	1. Claim[16]	
8-7	1079-1099	Treibhausgasemmision	1. Richtig[3]	2. Unangemessen[3]	1. Verständlich[3]	*[3]	*[3]	*[3]	*[3]	*[3]	Treibhausgasemissionen vorhanden[3]	*[3]	Unklar A[3]	Unklar B[3]	Unklar C[3]	Hauptteil[7]	1. Claim[16]	
8-8	1100-1103	bei	1. Richtig[3]	2. Unangemessen[3]	1. Verständlich[3]	*[3]	*[3]	*[3]	*[3]	*[3]	Treibhausgasemissionen vorhanden[3]	*[3]	Unklar A[3]	Unklar B[3]	Unklar C[3]	Hauptteil[7]	1. Claim[16]	
8-9	1104-1107	der	1. Richtig[3]	2. Unangemessen[3]	1. Verständlich[3]	*[3]	*[3]	*[3]	*[3]	*[3]	Treibhausgasemissionen vorhanden[3]	*[3]	Unklar A[3]	Unklar B[3]	Unklar C[3]	Hauptteil[7]	1. Claim[16]	
8-10	1108-1118	Produktion	1. Richtig[3]	2. Unangemessen[3]	1. Verständlich[3]	*[3]	*[3]	*[3]	*[3]	*[3]	Treibhausgasemissionen vorhanden[3]	*[3]	Unklar A[3]	Unklar B[3]	Unklar C[3]	Hauptteil[7]	1. Claim[16]	
8-11	1119-1121	wo	1. Richtig[3]	2. Unangemessen[3]	1. Verständlich[3]	*[3]	*[3]	*[3]	*[3]	*[3]	Treibhausgasemissionen vorhanden[3]	*[3]	Unklar A[3]	Unklar B[3]	Unklar C[3]	Hauptteil[7]	2. Data[17]	
8-12	1122-1125	die	1. Richtig[3]	2. Unangemessen[3]	1. Verständlich[3]	*[3]	*[3]	*[3]	*[3]	*[3]	Treibhausgasemissionen vorhanden[3]	*[3]	Unklar A[3]	Unklar B[3]	Unklar C[3]	Hauptteil[7]	2. Data[17]	
8-13	1126-1131	werte	1. Richtig[3]	2. Unangemessen[3]	1. Verständlich[3]	*[3]	*[3]	*[3]	*[3]	*[3]	Treibhausgasemissionen vorhanden[3]	*[3]	Unklar A[3]	Unklar B[3]	Unklar C[3]	Hauptteil[7]	2. Data[17]	
8-14	1132-1140	folgende	1. Richtig[3]	2. Unangemessen[3]	1. Verständlich[3]	*[3]	*[3]	*[3]	*[3]	*[3]	Treibhausgasemissionen vorhanden[3]	*[3]	Unklar A[3]	Unklar B[3]	Unklar C[3]	Hauptteil[7]	2. Data[17]	
8-15	1141-1145	sind	1. Richtig[3]	2. Unangemessen[3]	1. Verständlich[3]	*[3]	*[3]	*[3]	*[3]	*[3]	Treibhausgasemissionen vorhanden[3]	*[3]	Unklar A[3]	Unklar B[3]	Unklar C[3]	Hauptteil[7]	2. Data[17]	
8-16	1145-1146	:	1. Richtig[3]	2. Unangemessen[3]	1. Verständlich[3]	*[3]	*[3]	*[3]	*[3]	*[3]	Treibhausgasemissionen vorhanden[3]	*[3]	Unklar A[3]	Unklar B[3]	Unklar C[3]	Hauptteil[7]	2. Data[17]	
8-17	1147-1151	13,1	1. Richtig[3]	2. Unangemessen[3]	1. Verständlich[3]	*[3]	*[3]	*[3]	*[3]	*[3]	Treibhausgasemissionen vorhanden[3]	*[3]	Unklar A[3]	Unklar B[3]	Unklar C[3]	Hauptteil[7]	2. Data[17]	
8-18	1152-1153	t	1. Richtig[3]	2. Unangemessen[3]	1. Verständlich[3]	*[3]	*[3]	*[3]	*[3]	*[3]	Treibhausgasemissionen vorhanden[3]	*[3]	Unklar A[3]	Unklar B[3]	Unklar C[3]	Hauptteil[7]	2. Data[17]	
8-19	1154-1157	CO2	1. Richtig[3]	2. Unangemessen[3]	1. Verständlich[3]	*[3]	*[3]	*[3]	*[3]	*[3]	Treibhausgasemissionen vorhanden[3]	*[3]	Unklar A[3]	Unklar B[3]	Unklar C[3]	Hauptteil[7]	2. Data[17]	
8-20	1157-1158	-	1. Richtig[3]	2. Unangemessen[3]	1. Verständlich[3]	*[3]	*[3]	*[3]	*[3]	*[3]	Treibhausgasemissionen vorhanden[3]	*[3]	Unklar A[3]	Unklar B[3]	Unklar C[3]	Hauptteil[7]	2. Data[17]	
8-21	1158-1168	Äquivalent	1. Richtig[3]	2. Unangemessen[3]	1. Verständlich[3]	*[3]	*[3]	*[3]	*[3]	*[3]	Treibhausgasemissionen vorhanden[3]	*[3]	Unklar A[3]	Unklar B[3]	Unklar C[3]	Hauptteil[7]	2. Data[17]	
8-22	1169-1173	13,6	1. Richtig[3]	2. Unangemessen[3]	1. Verständlich[3]	*[3]	*[3]	*[3]	*[3]	*[3]	Treibhausgasemissionen vorhanden[3]	*[3]	Unklar A[3]	Unklar B[3]	Unklar C[3]	Hauptteil[7]	2. Data[17]	
8-23	1174-1175	t	1. Richtig[3]	2. Unangemessen[3]	1. Verständlich[3]	*[3]	*[3]	*[3]	*[3]	*[3]	Treibhausgasemissionen vorhanden[3]	*[3]	Unklar A[3]	Unklar B[3]	Unklar C[3]	Hauptteil[7]	2. Data[17]	
8-24	1176-1179	CO2	1. Richtig[3]	2. Unangemessen[3]	1. Verständlich[3]	*[3]	*[3]	*[3]	*[3]	*[3]	Treibhausgasemissionen vorhanden[3]	*[3]	Unklar A[3]	Unklar B[3]	Unklar C[3]	Hauptteil[7]	2. Data[17]	
8-25	1179-1180	-	1. Richtig[3]	2. Unangemessen[3]	1. Verständlich[3]	*[3]	*[3]	*[3]	*[3]	*[3]	Treibhausgasemissionen vorhanden[3]	*[3]	Unklar A[3]	Unklar B[3]	Unklar C[3]	Hauptteil[7]	2. Data[17]	
8-26	1180-1190	Äquivalent	1. Richtig[3]	2. Unangemessen[3]	1. Verständlich[3]	*[3]	*[3]	*[3]	*[3]	*[3]	Treibhausgasemissionen vorhanden[3]	*[3]	Unklar A[3]	Unklar B[3]	Unklar C[3]	Hauptteil[7]	2. Data[17]	
8-27	1191-1194	7,8	1. Richtig[3]	2. Unangemessen[3]	1. Verständlich[3]	*[3]	*[3]	*[3]	*[3]	*[3]	Treibhausgasemissionen vorhanden[3]	*[3]	Unklar A[3]	Unklar B[3]	Unklar C[3]	Hauptteil[7]	2. Data[17]	
8-28	1195-1196	t	1. Richtig[3]	2. Unangemessen[3]	1. Verständlich[3]	*[3]	*[3]	*[3]	*[3]	*[3]	Treibhausgasemissionen vorhanden[3]	*[3]	Unklar A[3]	Unklar B[3]	Unklar C[3]	Hauptteil[7]	2. Data[17]	
8-29	1197-1200	CO2	1. Richtig[3]	2. Unangemessen[3]	1. Verständlich[3]	*[3]	*[3]	*[3]	*[3]	*[3]	Treibhausgasemissionen vorhanden[3]	*[3]	Unklar A[3]	Unklar B[3]	Unklar C[3]	Hauptteil[7]	2. Data[17]	
8-30	1200-1201	-	1. Richtig[3]	2. Unangemessen[3]	1. Verständlich[3]	*[3]	*[3]	*[3]	*[3]	*[3]	Treibhausgasemissionen vorhanden[3]	*[3]	Unklar A[3]	Unklar B[3]	Unklar C[3]	Hauptteil[7]	2. Data[17]	
8-31	1201-1211	Äquivalent	1. Richtig[3]	2. Unangemessen[3]	1. Verständlich[3]	*[3]	*[3]	*[3]	*[3]	*[3]	Treibhausgasemissionen vorhanden[3]	*[3]	Unklar A[3]	Unklar B[3]	Unklar C[3]	Hauptteil[7]	2. Data[17]	
8-32	1211-1212	.	1. Richtig[3]	2. Unangemessen[3]	1. Verständlich[3]	*[3]	*[3]	*[3]	*[3]	*[3]	Treibhausgasemissionen vorhanden[3]	*[3]	Unklar A[3]	Unklar B[3]	Unklar C[3]	Hauptteil[7]	2. Data[17]	

9-1	1216-1219	Die	1. Richtig[4]	1. Angemessen[4]	1. Verständlich[4]	*[4]	Lebensdauer/Verfügbarkeit vorhanden[4]	*[4]	*[4]	*[4]	*[4]	*[4]	Contra A[4]	Pro B[4]	Pro C[4]	Hauptteil[7]	2. Data[18]	
9-2	1220-1233	Verfügbarkeit	1. Richtig[4]	1. Angemessen[4]	1. Verständlich[4]	*[4]	Lebensdauer/Verfügbarkeit vorhanden[4]	*[4]	*[4]	*[4]	*[4]	*[4]	Contra A[4]	Pro B[4]	Pro C[4]	Hauptteil[7]	2. Data[18]	
9-3	1234-1237	ISt	1. Richtig[4]	1. Angemessen[4]	1. Verständlich[4]	*[4]	Lebensdauer/Verfügbarkeit vorhanden[4]	*[4]	*[4]	*[4]	*[4]	*[4]	Contra A[4]	Pro B[4]	Pro C[4]	Hauptteil[7]	2. Data[18]	
9-4	1238-1241	bei	1. Richtig[4]	1. Angemessen[4]	1. Verständlich[4]	*[4]	Lebensdauer/Verfügbarkeit vorhanden[4]	*[4]	*[4]	*[4]	*[4]	*[4]	Contra A[4]	Pro B[4]	Pro C[4]	Hauptteil[7]	2. Data[18]	
9-5	1242-1245	der	1. Richtig[4]	1. Angemessen[4]	1. Verständlich[4]	*[4]	Lebensdauer/Verfügbarkeit vorhanden[4]	*[4]	*[4]	*[4]	*[4]	*[4]	Contra A[4]	Pro B[4]	Pro C[4]	Hauptteil[7]	2. Data[18]	
9-6	1246-1259	Akkumulatoren	1. Richtig[4]	1. Angemessen[4]	1. Verständlich[4]	*[4]	Lebensdauer/Verfügbarkeit vorhanden[4]	*[4]	*[4]	*[4]	*[4]	*[4]	Contra A[4]	Pro B[4]	Pro C[4]	Hauptteil[7]	2. Data[18]	
9-7	1260-1275	Massenfertigung	1. Richtig[4]	1. Angemessen[4]	1. Verständlich[4]	*[4]	Lebensdauer/Verfügbarkeit vorhanden[4]	*[4]	*[4]	*[4]	*[4]	*[4]	Contra A[4]	Pro B[4]	Pro C[4]	Hauptteil[7]	2. Data[18]	
9-8	1276-1279	bei	1. Richtig[4]	1. Angemessen[4]	1. Verständlich[4]	*[4]	Lebensdauer/Verfügbarkeit vorhanden[4]	*[4]	*[4]	*[4]	*[4]	*[4]	Contra A[4]	Pro B[4]	Pro C[4]	Hauptteil[7]	2. Data[18]	
9-9	1280-1291	Wasserstoff	1. Richtig[4]	1. Angemessen[4]	1. Verständlich[4]	*[4]	Lebensdauer/Verfügbarkeit vorhanden[4]	*[4]	*[4]	*[4]	*[4]	*[4]	Contra A[4]	Pro B[4]	Pro C[4]	Hauptteil[7]	2. Data[18]	
9-10	1292-1312	Kleinserienfertigung	1. Richtig[4]	1. Angemessen[4]	1. Verständlich[4]	*[4]	Lebensdauer/Verfügbarkeit vorhanden[4]	*[4]	*[4]	*[4]	*[4]	*[4]	Contra A[4]	Pro B[4]	Pro C[4]	Hauptteil[7]	2. Data[18]	
9-11	1313-1316	und	1. Richtig[4]	1. Angemessen[4]	1. Verständlich[4]	*[4]	Lebensdauer/Verfügbarkeit vorhanden[4]	*[4]	*[4]	*[4]	*[4]	*[4]	Contra A[4]	Pro B[4]	Pro C[4]	Hauptteil[7]	2. Data[18]	
9-12	1317-1324	E-Fuels	1. Richtig[4]	1. Angemessen[4]	1. Verständlich[4]	*[4]	Lebensdauer/Verfügbarkeit vorhanden[4]	*[4]	*[4]	*[4]	*[4]	*[4]	Contra A[4]	Pro B[4]	Pro C[4]	Hauptteil[7]	2. Data[18]	
9-13	1325-1340	Massenfertigung	1. Richtig[4]	1. Angemessen[4]	1. Verständlich[4]	*[4]	Lebensdauer/Verfügbarkeit vorhanden[4]	*[4]	*[4]	*[4]	*[4]	*[4]	Contra A[4]	Pro B[4]	Pro C[4]	Hauptteil[7]	2. Data[18]	
9-14	1340-1341	.	1. Richtig[4]	1. Angemessen[4]	1. Verständlich[4]	*[4]	Lebensdauer/Verfügbarkeit vorhanden[4]	*[4]	*[4]	*[4]	*[4]	*[4]	Contra A[4]	Pro B[4]	Pro C[4]	Hauptteil[7]	2. Data[18]	

10-1	1343-1345	Es	3. Nicht zutreffend[5]	3. Nicht zutreffend[5]	1. Verständlich[5]	*[5]	*[5]	*[5]	*[5]	Sonstiges vorhanden[5]	*[5]	*[5]	*[5]	*[5]	Contra C[5]	Hauptteil[7]	1. Claim[19]	
10-2	1346-1350	gitb	3. Nicht zutreffend[5]	3. Nicht zutreffend[5]	1. Verständlich[5]	*[5]	*[5]	*[5]	*[5]	Sonstiges vorhanden[5]	*[5]	*[5]	*[5]	*[5]	Contra C[5]	Hauptteil[7]	1. Claim[19]	
10-3	1351-1364	darüberhinaus	3. Nicht zutreffend[5]	3. Nicht zutreffend[5]	1. Verständlich[5]	*[5]	*[5]	*[5]	*[5]	Sonstiges vorhanden[5]	*[5]	*[5]	*[5]	*[5]	Contra C[5]	Hauptteil[7]	1. Claim[19]	
10-4	1365-1369	noch	3. Nicht zutreffend[5]	3. Nicht zutreffend[5]	1. Verständlich[5]	*[5]	*[5]	*[5]	*[5]	Sonstiges vorhanden[5]	*[5]	*[5]	*[5]	*[5]	Contra C[5]	Hauptteil[7]	1. Claim[19]	
10-5	1370-1376	andere	3. Nicht zutreffend[5]	3. Nicht zutreffend[5]	1. Verständlich[5]	*[5]	*[5]	*[5]	*[5]	Sonstiges vorhanden[5]	*[5]	*[5]	*[5]	*[5]	Contra C[5]	Hauptteil[7]	1. Claim[19]	
10-6	1377-1386	kritieren	3. Nicht zutreffend[5]	3. Nicht zutreffend[5]	1. Verständlich[5]	*[5]	*[5]	*[5]	*[5]	Sonstiges vorhanden[5]	*[5]	*[5]	*[5]	*[5]	Contra C[5]	Hauptteil[7]	1. Claim[19]	
10-7	1387-1389	zu	3. Nicht zutreffend[5]	3. Nicht zutreffend[5]	1. Verständlich[5]	*[5]	*[5]	*[5]	*[5]	Sonstiges vorhanden[5]	*[5]	*[5]	*[5]	*[5]	Contra C[5]	Hauptteil[7]	1. Claim[19]	
10-8	1390-1398	beachten	3. Nicht zutreffend[5]	3. Nicht zutreffend[5]	1. Verständlich[5]	*[5]	*[5]	*[5]	*[5]	Sonstiges vorhanden[5]	*[5]	*[5]	*[5]	*[5]	Contra C[5]	Hauptteil[7]	1. Claim[19]	
10-9	1399-1403	aber	3. Nicht zutreffend[5]	3. Nicht zutreffend[5]	1. Verständlich[5]	*[5]	*[5]	*[5]	*[5]	Sonstiges vorhanden[5]	*[5]	*[5]	*[5]	*[5]	Contra C[5]	Hauptteil[7]	1. Claim[19]	
10-10	1404-1407	daa	3. Nicht zutreffend[5]	3. Nicht zutreffend[5]	1. Verständlich[5]	*[5]	*[5]	*[5]	*[5]	Sonstiges vorhanden[5]	*[5]	*[5]	*[5]	*[5]	Contra C[5]	Hauptteil[7]	1. Claim[19]	
10-11	1408-1411	mir	3. Nicht zutreffend[5]	3. Nicht zutreffend[5]	1. Verständlich[5]	*[5]	*[5]	*[5]	*[5]	Sonstiges vorhanden[5]	*[5]	*[5]	*[5]	*[5]	Contra C[5]	Hauptteil[7]	1. Claim[19]	
10-12	1412-1415	die	3. Nicht zutreffend[5]	3. Nicht zutreffend[5]	1. Verständlich[5]	*[5]	*[5]	*[5]	*[5]	Sonstiges vorhanden[5]	*[5]	*[5]	*[5]	*[5]	Contra C[5]	Hauptteil[7]	1. Claim[19]	
10-13	1416-1420	Zeit	3. Nicht zutreffend[5]	3. Nicht zutreffend[5]	1. Verständlich[5]	*[5]	*[5]	*[5]	*[5]	Sonstiges vorhanden[5]	*[5]	*[5]	*[5]	*[5]	Contra C[5]	Hauptteil[7]	1. Claim[19]	
10-14	1421-1426	fehlt	3. Nicht zutreffend[5]	3. Nicht zutreffend[5]	1. Verständlich[5]	*[5]	*[5]	*[5]	*[5]	Sonstiges vorhanden[5]	*[5]	*[5]	*[5]	*[5]	Contra C[5]	Hauptteil[7]	1. Claim[19]	
10-15	1427-1433	sollte	3. Nicht zutreffend[5]	3. Nicht zutreffend[5]	1. Verständlich[5]	*[5]	*[5]	*[5]	*[5]	Sonstiges vorhanden[5]	*[5]	*[5]	*[5]	*[5]	Contra C[5]	Hauptteil[7]	1. Claim[19]	
10-16	1434-1437	man	3. Nicht zutreffend[5]	3. Nicht zutreffend[5]	1. Verständlich[5]	*[5]	*[5]	*[5]	*[5]	Sonstiges vorhanden[5]	*[5]	*[5]	*[5]	*[5]	Contra C[5]	Hauptteil[7]	1. Claim[19]	
10-17	1438-1442	sich	3. Nicht zutreffend[5]	3. Nicht zutreffend[5]	1. Verständlich[5]	*[5]	*[5]	*[5]	*[5]	Sonstiges vorhanden[5]	*[5]	*[5]	*[5]	*[5]	Contra C[5]	Hauptteil[7]	1. Claim[19]	
10-18	1443-1446	auf	3. Nicht zutreffend[5]	3. Nicht zutreffend[5]	1. Verständlich[5]	*[5]	*[5]	*[5]	*[5]	Sonstiges vorhanden[5]	*[5]	*[5]	*[5]	*[5]	Contra C[5]	Hauptteil[7]	1. Claim[19]	
10-19	1447-1450	die	3. Nicht zutreffend[5]	3. Nicht zutreffend[5]	1. Verständlich[5]	*[5]	*[5]	*[5]	*[5]	Sonstiges vorhanden[5]	*[5]	*[5]	*[5]	*[5]	Contra C[5]	Hauptteil[7]	1. Claim[19]	
10-20	1451-1460	wichtigen	3. Nicht zutreffend[5]	3. Nicht zutreffend[5]	1. Verständlich[5]	*[5]	*[5]	*[5]	*[5]	Sonstiges vorhanden[5]	*[5]	*[5]	*[5]	*[5]	Contra C[5]	Hauptteil[7]	1. Claim[19]	
10-21	1461-1470	kriterien	3. Nicht zutreffend[5]	3. Nicht zutreffend[5]	1. Verständlich[5]	*[5]	*[5]	*[5]	*[5]	Sonstiges vorhanden[5]	*[5]	*[5]	*[5]	*[5]	Contra C[5]	Hauptteil[7]	1. Claim[19]	
10-22	1471-1483	konzentirern	3. Nicht zutreffend[5]	3. Nicht zutreffend[5]	1. Verständlich[5]	*[5]	*[5]	*[5]	*[5]	Sonstiges vorhanden[5]	*[5]	*[5]	*[5]	*[5]	Contra C[5]	Hauptteil[7]	1. Claim[19]	
10-23	1483-1484	.	3. Nicht zutreffend[5]	3. Nicht zutreffend[5]	1. Verständlich[5]	*[5]	*[5]	*[5]	*[5]	Sonstiges vorhanden[5]	*[5]	*[5]	*[5]	*[5]	Contra C[5]	Hauptteil[7]	1. Claim[19]	
10-24	1487-1488	.	3. Nicht zutreffend[5]	3. Nicht zutreffend[5]	1. Verständlich[5]	*[5]	*[5]	*[5]	*[5]	Sonstiges vorhanden[5]	*[5]	*[5]	*[5]	*[5]	Contra C[5]	Hauptteil[7]	5. Nicht zutreffend	

11-1	1493-1501	zunächst	3. Nicht zutreffend[5]	3. Nicht zutreffend[5]	1. Verständlich[5]	*[5]	*[5]	*[5]	*[5]	Sonstiges vorhanden[5]	*[5]	*[5]	*[5]	*[5]	Contra C[5]	Hauptteil[7]	1. Claim[20]	
11-2	1502-1506	muss	3. Nicht zutreffend[5]	3. Nicht zutreffend[5]	1. Verständlich[5]	*[5]	*[5]	*[5]	*[5]	Sonstiges vorhanden[5]	*[5]	*[5]	*[5]	*[5]	Contra C[5]	Hauptteil[7]	1. Claim[20]	
11-3	1507-1512	einem	3. Nicht zutreffend[5]	3. Nicht zutreffend[5]	1. Verständlich[5]	*[5]	*[5]	*[5]	*[5]	Sonstiges vorhanden[5]	*[5]	*[5]	*[5]	*[5]	Contra C[5]	Hauptteil[7]	1. Claim[20]	
11-4	1513-1523	Klarwerden	3. Nicht zutreffend[5]	3. Nicht zutreffend[5]	1. Verständlich[5]	*[5]	*[5]	*[5]	*[5]	Sonstiges vorhanden[5]	*[5]	*[5]	*[5]	*[5]	Contra C[5]	Hauptteil[7]	1. Claim[20]	
11-5	1524-1527	das	3. Nicht zutreffend[5]	3. Nicht zutreffend[5]	1. Verständlich[5]	*[5]	*[5]	*[5]	*[5]	Sonstiges vorhanden[5]	*[5]	*[5]	*[5]	*[5]	Contra C[5]	Hauptteil[7]	1. Claim[20]	
11-6	1528-1531	die	3. Nicht zutreffend[5]	3. Nicht zutreffend[5]	1. Verständlich[5]	*[5]	*[5]	*[5]	*[5]	Sonstiges vorhanden[5]	*[5]	*[5]	*[5]	*[5]	Contra C[5]	Hauptteil[7]	1. Claim[20]	
11-7	1532-1535	man	3. Nicht zutreffend[5]	3. Nicht zutreffend[5]	1. Verständlich[5]	*[5]	*[5]	*[5]	*[5]	Sonstiges vorhanden[5]	*[5]	*[5]	*[5]	*[5]	Contra C[5]	Hauptteil[7]	1. Claim[20]	
11-8	1536-1539	für	3. Nicht zutreffend[5]	3. Nicht zutreffend[5]	1. Verständlich[5]	*[5]	*[5]	*[5]	*[5]	Sonstiges vorhanden[5]	*[5]	*[5]	*[5]	*[5]	Contra C[5]	Hauptteil[7]	1. Claim[20]	
11-9	1540-1542	so	3. Nicht zutreffend[5]	3. Nicht zutreffend[5]	1. Verständlich[5]	*[5]	*[5]	*[5]	*[5]	Sonstiges vorhanden[5]	*[5]	*[5]	*[5]	*[5]	Contra C[5]	Hauptteil[7]	1. Claim[20]	
11-10	1543-1546	ein	3. Nicht zutreffend[5]	3. Nicht zutreffend[5]	1. Verständlich[5]	*[5]	*[5]	*[5]	*[5]	Sonstiges vorhanden[5]	*[5]	*[5]	*[5]	*[5]	Contra C[5]	Hauptteil[7]	1. Claim[20]	
11-11	1547-1553	Verbot	3. Nicht zutreffend[5]	3. Nicht zutreffend[5]	1. Verständlich[5]	*[5]	*[5]	*[5]	*[5]	Sonstiges vorhanden[5]	*[5]	*[5]	*[5]	*[5]	Contra C[5]	Hauptteil[7]	1. Claim[20]	
11-12	1554-1566	alternativen	3. Nicht zutreffend[5]	3. Nicht zutreffend[5]	1. Verständlich[5]	*[5]	*[5]	*[5]	*[5]	Sonstiges vorhanden[5]	*[5]	*[5]	*[5]	*[5]	Contra C[5]	Hauptteil[7]	1. Claim[20]	
11-13	1567-1580	bereitstellen	3. Nicht zutreffend[5]	3. Nicht zutreffend[5]	1. Verständlich[5]	*[5]	*[5]	*[5]	*[5]	Sonstiges vorhanden[5]	*[5]	*[5]	*[5]	*[5]	Contra C[5]	Hauptteil[7]	1. Claim[20]	
11-14	1581-1585	muss	3. Nicht zutreffend[5]	3. Nicht zutreffend[5]	1. Verständlich[5]	*[5]	*[5]	*[5]	*[5]	Sonstiges vorhanden[5]	*[5]	*[5]	*[5]	*[5]	Contra C[5]	Hauptteil[7]	1. Claim[20]	
11-15	1585-1586	,	3. Nicht zutreffend[5]	3. Nicht zutreffend[5]	1. Verständlich[5]	*[5]	*[5]	*[5]	*[5]	Sonstiges vorhanden[5]	*[5]	*[5]	*[5]	*[5]	Contra C[5]	Hauptteil[7]	1. Claim[20]	
11-16	1587-1589	da	3. Nicht zutreffend[5]	3. Nicht zutreffend[5]	1. Verständlich[5]	*[5]	*[5]	*[5]	*[5]	Sonstiges vorhanden[5]	*[5]	*[5]	*[5]	*[5]	Contra C[5]	Hauptteil[7]	1. Claim[21]	
11-17	1590-1595	Autos	3. Nicht zutreffend[5]	3. Nicht zutreffend[5]	1. Verständlich[5]	*[5]	*[5]	*[5]	*[5]	Sonstiges vorhanden[5]	*[5]	*[5]	*[5]	*[5]	Contra C[5]	Hauptteil[7]	1. Claim[21]	
11-18	1596-1599	mit	3. Nicht zutreffend[5]	3. Nicht zutreffend[5]	1. Verständlich[5]	*[5]	*[5]	*[5]	*[5]	Sonstiges vorhanden[5]	*[5]	*[5]	*[5]	*[5]	Contra C[5]	Hauptteil[7]	1. Claim[21]	
11-19	1600-1614	Stromverbrauch	3. Nicht zutreffend[5]	3. Nicht zutreffend[5]	1. Verständlich[5]	*[5]	*[5]	*[5]	*[5]	Sonstiges vorhanden[5]	*[5]	*[5]	*[5]	*[5]	Contra C[5]	Hauptteil[7]	1. Claim[21]	
11-20	1615-1617	um	3. Nicht zutreffend[5]	3. Nicht zutreffend[5]	1. Verständlich[5]	*[5]	*[5]	*[5]	*[5]	Sonstiges vorhanden[5]	*[5]	*[5]	*[5]	*[5]	Contra C[5]	Hauptteil[7]	1. Claim[21]	
11-21	1618-1625	einiges	3. Nicht zutreffend[5]	3. Nicht zutreffend[5]	1. Verständlich[5]	*[5]	*[5]	*[5]	*[5]	Sonstiges vorhanden[5]	*[5]	*[5]	*[5]	*[5]	Contra C[5]	Hauptteil[7]	1. Claim[21]	
11-22	1626-1630	mehr	3. Nicht zutreffend[5]	3. Nicht zutreffend[5]	1. Verständlich[5]	*[5]	*[5]	*[5]	*[5]	Sonstiges vorhanden[5]	*[5]	*[5]	*[5]	*[5]	Contra C[5]	Hauptteil[7]	1. Claim[21]	
11-23	1631-1637	kosten	3. Nicht zutreffend[5]	3. Nicht zutreffend[5]	1. Verständlich[5]	*[5]	*[5]	*[5]	*[5]	Sonstiges vorhanden[5]	*[5]	*[5]	*[5]	*[5]	Contra C[5]	Hauptteil[7]	1. Claim[21]	
11-24	1638-1641	und	3. Nicht zutreffend[5]	3. Nicht zutreffend[5]	1. Verständlich[5]	*[5]	*[5]	*[5]	*[5]	Sonstiges vorhanden[5]	*[5]	*[5]	*[5]	*[5]	Contra C[5]	Hauptteil[7]	1. Claim[22]	
11-25	1642-1647	nicht	3. Nicht zutreffend[5]	3. Nicht zutreffend[5]	1. Verständlich[5]	*[5]	*[5]	*[5]	*[5]	Sonstiges vorhanden[5]	*[5]	*[5]	*[5]	*[5]	Contra C[5]	Hauptteil[7]	1. Claim[22]	
11-26	1648-1653	jeder	3. Nicht zutreffend[5]	3. Nicht zutreffend[5]	1. Verständlich[5]	*[5]	*[5]	*[5]	*[5]	Sonstiges vorhanden[5]	*[5]	*[5]	*[5]	*[5]	Contra C[5]	Hauptteil[7]	1. Claim[22]	
11-27	1654-1657	das	3. Nicht zutreffend[5]	3. Nicht zutreffend[5]	1. Verständlich[5]	*[5]	*[5]	*[5]	*[5]	Sonstiges vorhanden[5]	*[5]	*[5]	*[5]	*[5]	Contra C[5]	Hauptteil[7]	1. Claim[22]	
11-28	1658-1666	bezahlen	3. Nicht zutreffend[5]	3. Nicht zutreffend[5]	1. Verständlich[5]	*[5]	*[5]	*[5]	*[5]	Sonstiges vorhanden[5]	*[5]	*[5]	*[5]	*[5]	Contra C[5]	Hauptteil[7]	1. Claim[22]	
11-29	1667-1671	kann	3. Nicht zutreffend[5]	3. Nicht zutreffend[5]	1. Verständlich[5]	*[5]	*[5]	*[5]	*[5]	Sonstiges vorhanden[5]	*[5]	*[5]	*[5]	*[5]	Contra C[5]	Hauptteil[7]	1. Claim[22]	
11-30	1671-1672	.	3. Nicht zutreffend[5]	3. Nicht zutreffend[5]	1. Verständlich[5]	*[5]	*[5]	*[5]	*[5]	Sonstiges vorhanden[5]	*[5]	*[5]	*[5]	*[5]	Contra C[5]	Hauptteil[7]	1. Claim[22]	
11-31	1673-1678	somit	3. Nicht zutreffend[5]	3. Nicht zutreffend[5]	1. Verständlich[5]	*[5]	*[5]	*[5]	*[5]	Sonstiges vorhanden[5]	*[5]	*[5]	*[5]	*[5]	Contra C[5]	Hauptteil[7]	1. Claim[23]	
11-32	1679-1682	ist	3. Nicht zutreffend[5]	3. Nicht zutreffend[5]	1. Verständlich[5]	*[5]	*[5]	*[5]	*[5]	Sonstiges vorhanden[5]	*[5]	*[5]	*[5]	*[5]	Contra C[5]	Hauptteil[7]	1. Claim[23]	
11-33	1683-1686	der	3. Nicht zutreffend[5]	3. Nicht zutreffend[5]	1. Verständlich[5]	*[5]	*[5]	*[5]	*[5]	Sonstiges vorhanden[5]	*[5]	*[5]	*[5]	*[5]	Contra C[5]	Hauptteil[7]	1. Claim[23]	
11-34	1687-1694	soziale	3. Nicht zutreffend[5]	3. Nicht zutreffend[5]	1. Verständlich[5]	*[5]	*[5]	*[5]	*[5]	Sonstiges vorhanden[5]	*[5]	*[5]	*[5]	*[5]	Contra C[5]	Hauptteil[7]	1. Claim[23]	
11-35	1695-1701	aspekt	3. Nicht zutreffend[5]	3. Nicht zutreffend[5]	1. Verständlich[5]	*[5]	*[5]	*[5]	*[5]	Sonstiges vorhanden[5]	*[5]	*[5]	*[5]	*[5]	Contra C[5]	Hauptteil[7]	1. Claim[23]	
11-36	1702-1707	nicht	3. Nicht zutreffend[5]	3. Nicht zutreffend[5]	1. Verständlich[5]	*[5]	*[5]	*[5]	*[5]	Sonstiges vorhanden[5]	*[5]	*[5]	*[5]	*[5]	Contra C[5]	Hauptteil[7]	1. Claim[23]	
11-37	1708-1717	verträten	3. Nicht zutreffend[5]	3. Nicht zutreffend[5]	1. Verständlich[5]	*[5]	*[5]	*[5]	*[5]	Sonstiges vorhanden[5]	*[5]	*[5]	*[5]	*[5]	Contra C[5]	Hauptteil[7]	1. Claim[23]	
11-38	1717-1718	.	3. Nicht zutreffend[5]	3. Nicht zutreffend[5]	1. Verständlich[5]	*[5]	*[5]	*[5]	*[5]	Sonstiges vorhanden[5]	*[5]	*[5]	*[5]	*[5]	Contra C[5]	Hauptteil[7]	1. Claim[23]	
