#FORMAT=WebAnno TSV 3.3
#T_SP=webanno.custom.Argument|Accuracy|Adequacy|Clarity|KriteriumJahresertragEnergiedichte|KriteriumLebensdauerVerfgbarkeit|KriteriumLokaleEmissionenGeruschemissionen|KriteriumPreisBetrieb|KriteriumSonstiges|KriteriumTreibhausgasemissionen|KriteriumWirkungsgrad|OptionA|OptionB|OptionC
#T_SP=webanno.custom.DecisionMakingStrategies|Decision|Gesamtthese
#T_SP=webanno.custom.Struktur|Struktur
#T_SP=webanno.custom.StrukturTAP|TAPArgumente


1-1	0-3	Ich	1. Richtig[1]	1. Angemessen[1]	1. Verständlich[1]	*[1]	*[1]	*[1]	*[1]	*[1]	*[1]	Wirkungsgrad vorhanden[1]	Pro A[1]	Contra B[1]	Contra C[1]	2. Cut-off[6]	Gesamtthese[6]	Hauptteil[7]	1. Claim[8]	
1-2	4-9	denke	1. Richtig[1]	1. Angemessen[1]	1. Verständlich[1]	*[1]	*[1]	*[1]	*[1]	*[1]	*[1]	Wirkungsgrad vorhanden[1]	Pro A[1]	Contra B[1]	Contra C[1]	2. Cut-off[6]	Gesamtthese[6]	Hauptteil[7]	1. Claim[8]	
1-3	9-10	,	1. Richtig[1]	1. Angemessen[1]	1. Verständlich[1]	*[1]	*[1]	*[1]	*[1]	*[1]	*[1]	Wirkungsgrad vorhanden[1]	Pro A[1]	Contra B[1]	Contra C[1]	2. Cut-off[6]	Gesamtthese[6]	Hauptteil[7]	1. Claim[8]	
1-4	11-15	dass	1. Richtig[1]	1. Angemessen[1]	1. Verständlich[1]	*[1]	*[1]	*[1]	*[1]	*[1]	*[1]	Wirkungsgrad vorhanden[1]	Pro A[1]	Contra B[1]	Contra C[1]	2. Cut-off[6]	Gesamtthese[6]	Hauptteil[7]	1. Claim[8]	
1-5	16-19	die	1. Richtig[1]	1. Angemessen[1]	1. Verständlich[1]	*[1]	*[1]	*[1]	*[1]	*[1]	*[1]	Wirkungsgrad vorhanden[1]	Pro A[1]	Contra B[1]	Contra C[1]	2. Cut-off[6]	Gesamtthese[6]	Hauptteil[7]	1. Claim[8]	
1-6	20-37	Wasserkraftanlage	1. Richtig[1]	1. Angemessen[1]	1. Verständlich[1]	*[1]	*[1]	*[1]	*[1]	*[1]	*[1]	Wirkungsgrad vorhanden[1]	Pro A[1]	Contra B[1]	Contra C[1]	2. Cut-off[6]	Gesamtthese[6]	Hauptteil[7]	1. Claim[8]	
1-7	38-40	am	1. Richtig[1]	1. Angemessen[1]	1. Verständlich[1]	*[1]	*[1]	*[1]	*[1]	*[1]	*[1]	Wirkungsgrad vorhanden[1]	Pro A[1]	Contra B[1]	Contra C[1]	2. Cut-off[6]	Gesamtthese[6]	Hauptteil[7]	1. Claim[8]	
1-8	41-47	Besten	1. Richtig[1]	1. Angemessen[1]	1. Verständlich[1]	*[1]	*[1]	*[1]	*[1]	*[1]	*[1]	Wirkungsgrad vorhanden[1]	Pro A[1]	Contra B[1]	Contra C[1]	2. Cut-off[6]	Gesamtthese[6]	Hauptteil[7]	1. Claim[8]	
1-9	48-52	wäre	1. Richtig[1]	1. Angemessen[1]	1. Verständlich[1]	*[1]	*[1]	*[1]	*[1]	*[1]	*[1]	Wirkungsgrad vorhanden[1]	Pro A[1]	Contra B[1]	Contra C[1]	2. Cut-off[6]	Gesamtthese[6]	Hauptteil[7]	1. Claim[8]	
1-10	52-53	,	1. Richtig[1]	1. Angemessen[1]	1. Verständlich[1]	*[1]	*[1]	*[1]	*[1]	*[1]	*[1]	Wirkungsgrad vorhanden[1]	Pro A[1]	Contra B[1]	Contra C[1]	2. Cut-off[6]	Gesamtthese[6]	Hauptteil[7]	1. Claim[8]	
1-11	54-56	da	1. Richtig[1]	1. Angemessen[1]	1. Verständlich[1]	*[1]	*[1]	*[1]	*[1]	*[1]	*[1]	Wirkungsgrad vorhanden[1]	Pro A[1]	Contra B[1]	Contra C[1]	2. Cut-off[6]	Gesamtthese[6]	Hauptteil[7]	2. Data[9]	
1-12	57-60	sie	1. Richtig[1]	1. Angemessen[1]	1. Verständlich[1]	*[1]	*[1]	*[1]	*[1]	*[1]	*[1]	Wirkungsgrad vorhanden[1]	Pro A[1]	Contra B[1]	Contra C[1]	2. Cut-off[6]	Gesamtthese[6]	Hauptteil[7]	2. Data[9]	
1-13	61-66	einen	1. Richtig[1]	1. Angemessen[1]	1. Verständlich[1]	*[1]	*[1]	*[1]	*[1]	*[1]	*[1]	Wirkungsgrad vorhanden[1]	Pro A[1]	Contra B[1]	Contra C[1]	2. Cut-off[6]	Gesamtthese[6]	Hauptteil[7]	2. Data[9]	
1-14	67-79	Wirkungsgrad	1. Richtig[1]	1. Angemessen[1]	1. Verständlich[1]	*[1]	*[1]	*[1]	*[1]	*[1]	*[1]	Wirkungsgrad vorhanden[1]	Pro A[1]	Contra B[1]	Contra C[1]	2. Cut-off[6]	Gesamtthese[6]	Hauptteil[7]	2. Data[9]	
1-15	80-83	von	1. Richtig[1]	1. Angemessen[1]	1. Verständlich[1]	*[1]	*[1]	*[1]	*[1]	*[1]	*[1]	Wirkungsgrad vorhanden[1]	Pro A[1]	Contra B[1]	Contra C[1]	2. Cut-off[6]	Gesamtthese[6]	Hauptteil[7]	2. Data[9]	
1-16	84-86	70	1. Richtig[1]	1. Angemessen[1]	1. Verständlich[1]	*[1]	*[1]	*[1]	*[1]	*[1]	*[1]	Wirkungsgrad vorhanden[1]	Pro A[1]	Contra B[1]	Contra C[1]	2. Cut-off[6]	Gesamtthese[6]	Hauptteil[7]	2. Data[9]	
1-17	86-87	-	1. Richtig[1]	1. Angemessen[1]	1. Verständlich[1]	*[1]	*[1]	*[1]	*[1]	*[1]	*[1]	Wirkungsgrad vorhanden[1]	Pro A[1]	Contra B[1]	Contra C[1]	2. Cut-off[6]	Gesamtthese[6]	Hauptteil[7]	2. Data[9]	
1-18	87-90	90%	1. Richtig[1]	1. Angemessen[1]	1. Verständlich[1]	*[1]	*[1]	*[1]	*[1]	*[1]	*[1]	Wirkungsgrad vorhanden[1]	Pro A[1]	Contra B[1]	Contra C[1]	2. Cut-off[6]	Gesamtthese[6]	Hauptteil[7]	2. Data[9]	
1-19	91-94	hat	1. Richtig[1]	1. Angemessen[1]	1. Verständlich[1]	*[1]	*[1]	*[1]	*[1]	*[1]	*[1]	Wirkungsgrad vorhanden[1]	Pro A[1]	Contra B[1]	Contra C[1]	2. Cut-off[6]	Gesamtthese[6]	Hauptteil[7]	2. Data[9]	
1-20	95-98	und	1. Richtig[1]	1. Angemessen[1]	1. Verständlich[1]	*[1]	*[1]	*[1]	*[1]	*[1]	*[1]	Wirkungsgrad vorhanden[1]	Pro A[1]	Contra B[1]	Contra C[1]	2. Cut-off[6]	Gesamtthese[6]	Hauptteil[7]	2. Data[9]	
1-21	99-104	somit	1. Richtig[1]	1. Angemessen[1]	1. Verständlich[1]	*[1]	*[1]	*[1]	*[1]	*[1]	*[1]	Wirkungsgrad vorhanden[1]	Pro A[1]	Contra B[1]	Contra C[1]	2. Cut-off[6]	Gesamtthese[6]	Hauptteil[7]	2. Data[9]	
1-22	105-107	am	1. Richtig[1]	1. Angemessen[1]	1. Verständlich[1]	*[1]	*[1]	*[1]	*[1]	*[1]	*[1]	Wirkungsgrad vorhanden[1]	Pro A[1]	Contra B[1]	Contra C[1]	2. Cut-off[6]	Gesamtthese[6]	Hauptteil[7]	2. Data[9]	
1-23	108-122	Effizientesten	1. Richtig[1]	1. Angemessen[1]	1. Verständlich[1]	*[1]	*[1]	*[1]	*[1]	*[1]	*[1]	Wirkungsgrad vorhanden[1]	Pro A[1]	Contra B[1]	Contra C[1]	2. Cut-off[6]	Gesamtthese[6]	Hauptteil[7]	2. Data[9]	
1-24	123-126	ist	1. Richtig[1]	1. Angemessen[1]	1. Verständlich[1]	*[1]	*[1]	*[1]	*[1]	*[1]	*[1]	Wirkungsgrad vorhanden[1]	Pro A[1]	Contra B[1]	Contra C[1]	2. Cut-off[6]	Gesamtthese[6]	Hauptteil[7]	2. Data[9]	
1-25	126-127	.	1. Richtig[1]	1. Angemessen[1]	1. Verständlich[1]	*[1]	*[1]	*[1]	*[1]	*[1]	*[1]	Wirkungsgrad vorhanden[1]	Pro A[1]	Contra B[1]	Contra C[1]	2. Cut-off[6]	Gesamtthese[6]	Hauptteil[7]	2. Data[9]	

2-1	128-131	Als	1. Richtig[2]	1. Angemessen[2]	1. Verständlich[2]	*[2]	*[2]	Emissionen vorhanden[2]	*[2]	*[2]	*[2]	*[2]	Unklar A[2]	*[2]	*[2]	_	_	Hauptteil[7]	2. Data[10]	
2-2	132-138	lokale	1. Richtig[2]	1. Angemessen[2]	1. Verständlich[2]	*[2]	*[2]	Emissionen vorhanden[2]	*[2]	*[2]	*[2]	*[2]	Unklar A[2]	*[2]	*[2]	_	_	Hauptteil[7]	2. Data[10]	
2-3	139-148	Emissinen	1. Richtig[2]	1. Angemessen[2]	1. Verständlich[2]	*[2]	*[2]	Emissionen vorhanden[2]	*[2]	*[2]	*[2]	*[2]	Unklar A[2]	*[2]	*[2]	_	_	Hauptteil[7]	2. Data[10]	
2-4	149-155	kommen	1. Richtig[2]	1. Angemessen[2]	1. Verständlich[2]	*[2]	*[2]	Emissionen vorhanden[2]	*[2]	*[2]	*[2]	*[2]	Unklar A[2]	*[2]	*[2]	_	_	Hauptteil[7]	2. Data[10]	
2-5	156-159	nur	1. Richtig[2]	1. Angemessen[2]	1. Verständlich[2]	*[2]	*[2]	Emissionen vorhanden[2]	*[2]	*[2]	*[2]	*[2]	Unklar A[2]	*[2]	*[2]	_	_	Hauptteil[7]	2. Data[10]	
2-6	160-163	Hör	1. Richtig[2]	1. Angemessen[2]	1. Verständlich[2]	*[2]	*[2]	Emissionen vorhanden[2]	*[2]	*[2]	*[2]	*[2]	Unklar A[2]	*[2]	*[2]	_	_	Hauptteil[7]	2. Data[10]	
2-7	163-164	-	1. Richtig[2]	1. Angemessen[2]	1. Verständlich[2]	*[2]	*[2]	Emissionen vorhanden[2]	*[2]	*[2]	*[2]	*[2]	Unklar A[2]	*[2]	*[2]	_	_	Hauptteil[7]	2. Data[10]	
2-8	165-168	und	1. Richtig[2]	1. Angemessen[2]	1. Verständlich[2]	*[2]	*[2]	Emissionen vorhanden[2]	*[2]	*[2]	*[2]	*[2]	Unklar A[2]	*[2]	*[2]	_	_	Hauptteil[7]	2. Data[10]	
2-9	169-180	Infraschall	1. Richtig[2]	1. Angemessen[2]	1. Verständlich[2]	*[2]	*[2]	Emissionen vorhanden[2]	*[2]	*[2]	*[2]	*[2]	Unklar A[2]	*[2]	*[2]	_	_	Hauptteil[7]	2. Data[10]	
2-10	181-184	auf	1. Richtig[2]	1. Angemessen[2]	1. Verständlich[2]	*[2]	*[2]	Emissionen vorhanden[2]	*[2]	*[2]	*[2]	*[2]	Unklar A[2]	*[2]	*[2]	_	_	Hauptteil[7]	2. Data[10]	
2-11	184-185	,	1. Richtig[2]	1. Angemessen[2]	1. Verständlich[2]	*[2]	*[2]	Emissionen vorhanden[2]	*[2]	*[2]	*[2]	*[2]	Unklar A[2]	*[2]	*[2]	_	_	Hauptteil[7]	2. Data[10]	
2-12	186-192	welche	1. Richtig[2]	1. Angemessen[2]	1. Verständlich[2]	*[2]	*[2]	Emissionen vorhanden[2]	*[2]	*[2]	*[2]	*[2]	Unklar A[2]	*[2]	*[2]	_	_	Hauptteil[7]	1. Claim[11]	
2-13	193-197	aber	1. Richtig[2]	1. Angemessen[2]	1. Verständlich[2]	*[2]	*[2]	Emissionen vorhanden[2]	*[2]	*[2]	*[2]	*[2]	Unklar A[2]	*[2]	*[2]	_	_	Hauptteil[7]	1. Claim[11]	
2-14	198-203	nicht	1. Richtig[2]	1. Angemessen[2]	1. Verständlich[2]	*[2]	*[2]	Emissionen vorhanden[2]	*[2]	*[2]	*[2]	*[2]	Unklar A[2]	*[2]	*[2]	_	_	Hauptteil[7]	1. Claim[11]	
2-15	204-206	so	1. Richtig[2]	1. Angemessen[2]	1. Verständlich[2]	*[2]	*[2]	Emissionen vorhanden[2]	*[2]	*[2]	*[2]	*[2]	Unklar A[2]	*[2]	*[2]	_	_	Hauptteil[7]	1. Claim[11]	
2-16	207-220	schwerwiegend	1. Richtig[2]	1. Angemessen[2]	1. Verständlich[2]	*[2]	*[2]	Emissionen vorhanden[2]	*[2]	*[2]	*[2]	*[2]	Unklar A[2]	*[2]	*[2]	_	_	Hauptteil[7]	1. Claim[11]	
2-17	221-225	sind	1. Richtig[2]	1. Angemessen[2]	1. Verständlich[2]	*[2]	*[2]	Emissionen vorhanden[2]	*[2]	*[2]	*[2]	*[2]	Unklar A[2]	*[2]	*[2]	_	_	Hauptteil[7]	1. Claim[11]	
2-18	225-226	,	1. Richtig[2]	1. Angemessen[2]	1. Verständlich[2]	*[2]	*[2]	Emissionen vorhanden[2]	*[2]	*[2]	*[2]	*[2]	Unklar A[2]	*[2]	*[2]	_	_	Hauptteil[7]	1. Claim[11]	
2-19	227-229	da	1. Richtig[2]	1. Angemessen[2]	1. Verständlich[2]	*[2]	*[2]	Emissionen vorhanden[2]	*[2]	*[2]	*[2]	*[2]	Unklar A[2]	*[2]	*[2]	_	_	Hauptteil[7]	1. Claim[11]	
2-20	230-248	Wasserkraftanlagen	1. Richtig[2]	1. Angemessen[2]	1. Verständlich[2]	*[2]	*[2]	Emissionen vorhanden[2]	*[2]	*[2]	*[2]	*[2]	Unklar A[2]	*[2]	*[2]	_	_	Hauptteil[7]	1. Claim[11]	
2-21	249-254	meist	1. Richtig[2]	1. Angemessen[2]	1. Verständlich[2]	*[2]	*[2]	Emissionen vorhanden[2]	*[2]	*[2]	*[2]	*[2]	Unklar A[2]	*[2]	*[2]	_	_	Hauptteil[7]	1. Claim[11]	
2-22	255-264	außerhalb	1. Richtig[2]	1. Angemessen[2]	1. Verständlich[2]	*[2]	*[2]	Emissionen vorhanden[2]	*[2]	*[2]	*[2]	*[2]	Unklar A[2]	*[2]	*[2]	_	_	Hauptteil[7]	1. Claim[11]	
2-23	265-272	gelegen	1. Richtig[2]	1. Angemessen[2]	1. Verständlich[2]	*[2]	*[2]	Emissionen vorhanden[2]	*[2]	*[2]	*[2]	*[2]	Unklar A[2]	*[2]	*[2]	_	_	Hauptteil[7]	1. Claim[11]	
2-24	273-277	sind	1. Richtig[2]	1. Angemessen[2]	1. Verständlich[2]	*[2]	*[2]	Emissionen vorhanden[2]	*[2]	*[2]	*[2]	*[2]	Unklar A[2]	*[2]	*[2]	_	_	Hauptteil[7]	1. Claim[11]	
2-25	277-278	.	1. Richtig[2]	1. Angemessen[2]	1. Verständlich[2]	*[2]	*[2]	Emissionen vorhanden[2]	*[2]	*[2]	*[2]	*[2]	Unklar A[2]	*[2]	*[2]	_	_	Hauptteil[7]	1. Claim[11]	

3-1	279-297	Wasserkraftanlagen	1. Richtig[3]	1. Angemessen[3]	1. Verständlich[3]	*[3]	Lebensdauer/Verfügbarkeit vorhanden[3]	*[3]	Preis/Betrieb vorhanden[3]	*[3]	*[3]	*[3]	Pro A[3]	Contra B[3]	Contra C[3]	_	_	Hauptteil[7]	2. Data[12]	
3-2	298-302	sind	1. Richtig[3]	1. Angemessen[3]	1. Verständlich[3]	*[3]	Lebensdauer/Verfügbarkeit vorhanden[3]	*[3]	Preis/Betrieb vorhanden[3]	*[3]	*[3]	*[3]	Pro A[3]	Contra B[3]	Contra C[3]	_	_	Hauptteil[7]	2. Data[12]	
3-3	303-305	im	1. Richtig[3]	1. Angemessen[3]	1. Verständlich[3]	*[3]	Lebensdauer/Verfügbarkeit vorhanden[3]	*[3]	Preis/Betrieb vorhanden[3]	*[3]	*[3]	*[3]	Pro A[3]	Contra B[3]	Contra C[3]	_	_	Hauptteil[7]	2. Data[12]	
3-4	306-315	Vergleich	1. Richtig[3]	1. Angemessen[3]	1. Verständlich[3]	*[3]	Lebensdauer/Verfügbarkeit vorhanden[3]	*[3]	Preis/Betrieb vorhanden[3]	*[3]	*[3]	*[3]	Pro A[3]	Contra B[3]	Contra C[3]	_	_	Hauptteil[7]	2. Data[12]	
3-5	316-318	zu	1. Richtig[3]	1. Angemessen[3]	1. Verständlich[3]	*[3]	Lebensdauer/Verfügbarkeit vorhanden[3]	*[3]	Preis/Betrieb vorhanden[3]	*[3]	*[3]	*[3]	Pro A[3]	Contra B[3]	Contra C[3]	_	_	Hauptteil[7]	2. Data[12]	
3-6	319-322	den	1. Richtig[3]	1. Angemessen[3]	1. Verständlich[3]	*[3]	Lebensdauer/Verfügbarkeit vorhanden[3]	*[3]	Preis/Betrieb vorhanden[3]	*[3]	*[3]	*[3]	Pro A[3]	Contra B[3]	Contra C[3]	_	_	Hauptteil[7]	2. Data[12]	
3-7	323-330	anderen	1. Richtig[3]	1. Angemessen[3]	1. Verständlich[3]	*[3]	Lebensdauer/Verfügbarkeit vorhanden[3]	*[3]	Preis/Betrieb vorhanden[3]	*[3]	*[3]	*[3]	Pro A[3]	Contra B[3]	Contra C[3]	_	_	Hauptteil[7]	2. Data[12]	
3-8	331-345	Mögleichkeiten	1. Richtig[3]	1. Angemessen[3]	1. Verständlich[3]	*[3]	Lebensdauer/Verfügbarkeit vorhanden[3]	*[3]	Preis/Betrieb vorhanden[3]	*[3]	*[3]	*[3]	Pro A[3]	Contra B[3]	Contra C[3]	_	_	Hauptteil[7]	2. Data[12]	
3-9	346-350	sehr	1. Richtig[3]	1. Angemessen[3]	1. Verständlich[3]	*[3]	Lebensdauer/Verfügbarkeit vorhanden[3]	*[3]	Preis/Betrieb vorhanden[3]	*[3]	*[3]	*[3]	Pro A[3]	Contra B[3]	Contra C[3]	_	_	Hauptteil[7]	2. Data[12]	
3-10	351-356	teuer	1. Richtig[3]	1. Angemessen[3]	1. Verständlich[3]	*[3]	Lebensdauer/Verfügbarkeit vorhanden[3]	*[3]	Preis/Betrieb vorhanden[3]	*[3]	*[3]	*[3]	Pro A[3]	Contra B[3]	Contra C[3]	_	_	Hauptteil[7]	2. Data[12]	
3-11	357-360	mit	1. Richtig[3]	1. Angemessen[3]	1. Verständlich[3]	*[3]	Lebensdauer/Verfügbarkeit vorhanden[3]	*[3]	Preis/Betrieb vorhanden[3]	*[3]	*[3]	*[3]	Pro A[3]	Contra B[3]	Contra C[3]	_	_	Hauptteil[7]	2. Data[12]	
3-12	361-363	59	1. Richtig[3]	1. Angemessen[3]	1. Verständlich[3]	*[3]	Lebensdauer/Verfügbarkeit vorhanden[3]	*[3]	Preis/Betrieb vorhanden[3]	*[3]	*[3]	*[3]	Pro A[3]	Contra B[3]	Contra C[3]	_	_	Hauptteil[7]	2. Data[12]	
3-13	364-367	Mio	1. Richtig[3]	1. Angemessen[3]	1. Verständlich[3]	*[3]	Lebensdauer/Verfügbarkeit vorhanden[3]	*[3]	Preis/Betrieb vorhanden[3]	*[3]	*[3]	*[3]	Pro A[3]	Contra B[3]	Contra C[3]	_	_	Hauptteil[7]	2. Data[12]	
3-14	367-368	.	1. Richtig[3]	1. Angemessen[3]	1. Verständlich[3]	*[3]	Lebensdauer/Verfügbarkeit vorhanden[3]	*[3]	Preis/Betrieb vorhanden[3]	*[3]	*[3]	*[3]	Pro A[3]	Contra B[3]	Contra C[3]	_	_	Hauptteil[7]	2. Data[12]	

4-1	369-373	Euro	1. Richtig[3]	1. Angemessen[3]	1. Verständlich[3]	*[3]	Lebensdauer/Verfügbarkeit vorhanden[3]	*[3]	Preis/Betrieb vorhanden[3]	*[3]	*[3]	*[3]	Pro A[3]	Contra B[3]	Contra C[3]	_	_	Hauptteil[7]	2. Data[12]	
4-2	374-378	aber	1. Richtig[3]	1. Angemessen[3]	1. Verständlich[3]	*[3]	Lebensdauer/Verfügbarkeit vorhanden[3]	*[3]	Preis/Betrieb vorhanden[3]	*[3]	*[3]	*[3]	Pro A[3]	Contra B[3]	Contra C[3]	_	_	Hauptteil[7]	4. Rebuttal[13]	
4-3	379-384	haben	1. Richtig[3]	1. Angemessen[3]	1. Verständlich[3]	*[3]	Lebensdauer/Verfügbarkeit vorhanden[3]	*[3]	Preis/Betrieb vorhanden[3]	*[3]	*[3]	*[3]	Pro A[3]	Contra B[3]	Contra C[3]	_	_	Hauptteil[7]	4. Rebuttal[13]	
4-4	385-389	auch	1. Richtig[3]	1. Angemessen[3]	1. Verständlich[3]	*[3]	Lebensdauer/Verfügbarkeit vorhanden[3]	*[3]	Preis/Betrieb vorhanden[3]	*[3]	*[3]	*[3]	Pro A[3]	Contra B[3]	Contra C[3]	_	_	Hauptteil[7]	4. Rebuttal[13]	
4-5	390-393	die	1. Richtig[3]	1. Angemessen[3]	1. Verständlich[3]	*[3]	Lebensdauer/Verfügbarkeit vorhanden[3]	*[3]	Preis/Betrieb vorhanden[3]	*[3]	*[3]	*[3]	Pro A[3]	Contra B[3]	Contra C[3]	_	_	Hauptteil[7]	4. Rebuttal[13]	
4-6	394-401	längste	1. Richtig[3]	1. Angemessen[3]	1. Verständlich[3]	*[3]	Lebensdauer/Verfügbarkeit vorhanden[3]	*[3]	Preis/Betrieb vorhanden[3]	*[3]	*[3]	*[3]	Pro A[3]	Contra B[3]	Contra C[3]	_	_	Hauptteil[7]	4. Rebuttal[13]	
4-7	402-413	Lebensdauer	1. Richtig[3]	1. Angemessen[3]	1. Verständlich[3]	*[3]	Lebensdauer/Verfügbarkeit vorhanden[3]	*[3]	Preis/Betrieb vorhanden[3]	*[3]	*[3]	*[3]	Pro A[3]	Contra B[3]	Contra C[3]	_	_	Hauptteil[7]	4. Rebuttal[13]	
4-8	414-417	von	1. Richtig[3]	1. Angemessen[3]	1. Verständlich[3]	*[3]	Lebensdauer/Verfügbarkeit vorhanden[3]	*[3]	Preis/Betrieb vorhanden[3]	*[3]	*[3]	*[3]	Pro A[3]	Contra B[3]	Contra C[3]	_	_	Hauptteil[7]	4. Rebuttal[13]	
4-9	418-420	80	1. Richtig[3]	1. Angemessen[3]	1. Verständlich[3]	*[3]	Lebensdauer/Verfügbarkeit vorhanden[3]	*[3]	Preis/Betrieb vorhanden[3]	*[3]	*[3]	*[3]	Pro A[3]	Contra B[3]	Contra C[3]	_	_	Hauptteil[7]	4. Rebuttal[13]	
4-10	421-427	Jahren	1. Richtig[3]	1. Angemessen[3]	1. Verständlich[3]	*[3]	Lebensdauer/Verfügbarkeit vorhanden[3]	*[3]	Preis/Betrieb vorhanden[3]	*[3]	*[3]	*[3]	Pro A[3]	Contra B[3]	Contra C[3]	_	_	Hauptteil[7]	4. Rebuttal[13]	
4-11	427-428	.	1. Richtig[3]	1. Angemessen[3]	1. Verständlich[3]	*[3]	Lebensdauer/Verfügbarkeit vorhanden[3]	*[3]	Preis/Betrieb vorhanden[3]	*[3]	*[3]	*[3]	Pro A[3]	Contra B[3]	Contra C[3]	_	_	Hauptteil[7]	4. Rebuttal[13]	

5-1	429-437	Außerdem	3. Nicht zutreffend[4]	3. Nicht zutreffend[4]	1. Verständlich[4]	*[4]	*[4]	*[4]	*[4]	Sonstiges vorhanden[4]	*[4]	*[4]	Pro A[4]	Contra B[4]	Contra C[4]	_	_	Hauptteil[7]	1. Claim[14]	
5-2	438-444	nehmen	3. Nicht zutreffend[4]	3. Nicht zutreffend[4]	1. Verständlich[4]	*[4]	*[4]	*[4]	*[4]	Sonstiges vorhanden[4]	*[4]	*[4]	Pro A[4]	Contra B[4]	Contra C[4]	_	_	Hauptteil[7]	1. Claim[14]	
5-3	445-448	sie	3. Nicht zutreffend[4]	3. Nicht zutreffend[4]	1. Verständlich[4]	*[4]	*[4]	*[4]	*[4]	Sonstiges vorhanden[4]	*[4]	*[4]	Pro A[4]	Contra B[4]	Contra C[4]	_	_	Hauptteil[7]	1. Claim[14]	
5-4	449-454	nicht	3. Nicht zutreffend[4]	3. Nicht zutreffend[4]	1. Verständlich[4]	*[4]	*[4]	*[4]	*[4]	Sonstiges vorhanden[4]	*[4]	*[4]	Pro A[4]	Contra B[4]	Contra C[4]	_	_	Hauptteil[7]	1. Claim[14]	
5-5	455-457	so	3. Nicht zutreffend[4]	3. Nicht zutreffend[4]	1. Verständlich[4]	*[4]	*[4]	*[4]	*[4]	Sonstiges vorhanden[4]	*[4]	*[4]	Pro A[4]	Contra B[4]	Contra C[4]	_	_	Hauptteil[7]	1. Claim[14]	
5-6	458-462	viel	3. Nicht zutreffend[4]	3. Nicht zutreffend[4]	1. Verständlich[4]	*[4]	*[4]	*[4]	*[4]	Sonstiges vorhanden[4]	*[4]	*[4]	Pro A[4]	Contra B[4]	Contra C[4]	_	_	Hauptteil[7]	1. Claim[14]	
5-7	463-468	Platz	3. Nicht zutreffend[4]	3. Nicht zutreffend[4]	1. Verständlich[4]	*[4]	*[4]	*[4]	*[4]	Sonstiges vorhanden[4]	*[4]	*[4]	Pro A[4]	Contra B[4]	Contra C[4]	_	_	Hauptteil[7]	1. Claim[14]	
5-8	469-472	weg	3. Nicht zutreffend[4]	3. Nicht zutreffend[4]	1. Verständlich[4]	*[4]	*[4]	*[4]	*[4]	Sonstiges vorhanden[4]	*[4]	*[4]	Pro A[4]	Contra B[4]	Contra C[4]	_	_	Hauptteil[7]	1. Claim[14]	
5-9	473-476	wie	3. Nicht zutreffend[4]	3. Nicht zutreffend[4]	1. Verständlich[4]	*[4]	*[4]	*[4]	*[4]	Sonstiges vorhanden[4]	*[4]	*[4]	Pro A[4]	Contra B[4]	Contra C[4]	_	_	Hauptteil[7]	1. Claim[14]	
5-10	477-488	eingesamter	3. Nicht zutreffend[4]	3. Nicht zutreffend[4]	1. Verständlich[4]	*[4]	*[4]	*[4]	*[4]	Sonstiges vorhanden[4]	*[4]	*[4]	Pro A[4]	Contra B[4]	Contra C[4]	_	_	Hauptteil[7]	1. Claim[14]	
5-11	489-497	Windpark	3. Nicht zutreffend[4]	3. Nicht zutreffend[4]	1. Verständlich[4]	*[4]	*[4]	*[4]	*[4]	Sonstiges vorhanden[4]	*[4]	*[4]	Pro A[4]	Contra B[4]	Contra C[4]	_	_	Hauptteil[7]	1. Claim[14]	
5-12	498-502	oder	3. Nicht zutreffend[4]	3. Nicht zutreffend[4]	1. Verständlich[4]	*[4]	*[4]	*[4]	*[4]	Sonstiges vorhanden[4]	*[4]	*[4]	Pro A[4]	Contra B[4]	Contra C[4]	_	_	Hauptteil[7]	1. Claim[14]	
5-13	503-506	ein	3. Nicht zutreffend[4]	3. Nicht zutreffend[4]	1. Verständlich[4]	*[4]	*[4]	*[4]	*[4]	Sonstiges vorhanden[4]	*[4]	*[4]	Pro A[4]	Contra B[4]	Contra C[4]	_	_	Hauptteil[7]	1. Claim[14]	
5-14	507-519	großfächiger	3. Nicht zutreffend[4]	3. Nicht zutreffend[4]	1. Verständlich[4]	*[4]	*[4]	*[4]	*[4]	Sonstiges vorhanden[4]	*[4]	*[4]	Pro A[4]	Contra B[4]	Contra C[4]	_	_	Hauptteil[7]	1. Claim[14]	
5-15	520-529	Solarpark	3. Nicht zutreffend[4]	3. Nicht zutreffend[4]	1. Verständlich[4]	*[4]	*[4]	*[4]	*[4]	Sonstiges vorhanden[4]	*[4]	*[4]	Pro A[4]	Contra B[4]	Contra C[4]	_	_	Hauptteil[7]	1. Claim[14]	
5-16	529-530	.	3. Nicht zutreffend[4]	3. Nicht zutreffend[4]	1. Verständlich[4]	*[4]	*[4]	*[4]	*[4]	Sonstiges vorhanden[4]	*[4]	*[4]	Pro A[4]	Contra B[4]	Contra C[4]	_	_	Hauptteil[7]	1. Claim[14]	

6-1	531-536	Zudem	1. Richtig[5]	1. Angemessen[5]	1. Verständlich[5]	Jahresertrag/Energiedichte Vorhanden[5]	*[5]	*[5]	*[5]	*[5]	*[5]	*[5]	Contra A[5]	Contra B[5]	Pro C[5]	_	_	Hauptteil[7]	2. Data[15]	
6-2	537-542	kommt	1. Richtig[5]	1. Angemessen[5]	1. Verständlich[5]	Jahresertrag/Energiedichte Vorhanden[5]	*[5]	*[5]	*[5]	*[5]	*[5]	*[5]	Contra A[5]	Contra B[5]	Pro C[5]	_	_	Hauptteil[7]	2. Data[15]	
6-3	543-547	dass	1. Richtig[5]	1. Angemessen[5]	1. Verständlich[5]	Jahresertrag/Energiedichte Vorhanden[5]	*[5]	*[5]	*[5]	*[5]	*[5]	*[5]	Contra A[5]	Contra B[5]	Pro C[5]	_	_	Hauptteil[7]	2. Data[15]	
6-4	548-551	der	1. Richtig[5]	1. Angemessen[5]	1. Verständlich[5]	Jahresertrag/Energiedichte Vorhanden[5]	*[5]	*[5]	*[5]	*[5]	*[5]	*[5]	Contra A[5]	Contra B[5]	Pro C[5]	_	_	Hauptteil[7]	2. Data[15]	
6-5	552-564	Jahresertrag	1. Richtig[5]	1. Angemessen[5]	1. Verständlich[5]	Jahresertrag/Energiedichte Vorhanden[5]	*[5]	*[5]	*[5]	*[5]	*[5]	*[5]	Contra A[5]	Contra B[5]	Pro C[5]	_	_	Hauptteil[7]	2. Data[15]	
6-6	565-573	deutlich	1. Richtig[5]	1. Angemessen[5]	1. Verständlich[5]	Jahresertrag/Energiedichte Vorhanden[5]	*[5]	*[5]	*[5]	*[5]	*[5]	*[5]	Contra A[5]	Contra B[5]	Pro C[5]	_	_	Hauptteil[7]	2. Data[15]	
6-7	574-579	höher	1. Richtig[5]	1. Angemessen[5]	1. Verständlich[5]	Jahresertrag/Energiedichte Vorhanden[5]	*[5]	*[5]	*[5]	*[5]	*[5]	*[5]	Contra A[5]	Contra B[5]	Pro C[5]	_	_	Hauptteil[7]	2. Data[15]	
6-8	580-583	als	1. Richtig[5]	1. Angemessen[5]	1. Verständlich[5]	Jahresertrag/Energiedichte Vorhanden[5]	*[5]	*[5]	*[5]	*[5]	*[5]	*[5]	Contra A[5]	Contra B[5]	Pro C[5]	_	_	Hauptteil[7]	2. Data[15]	
6-9	584-587	der	1. Richtig[5]	1. Angemessen[5]	1. Verständlich[5]	Jahresertrag/Energiedichte Vorhanden[5]	*[5]	*[5]	*[5]	*[5]	*[5]	*[5]	Contra A[5]	Contra B[5]	Pro C[5]	_	_	Hauptteil[7]	2. Data[15]	
6-10	588-591	der	1. Richtig[5]	1. Angemessen[5]	1. Verständlich[5]	Jahresertrag/Energiedichte Vorhanden[5]	*[5]	*[5]	*[5]	*[5]	*[5]	*[5]	Contra A[5]	Contra B[5]	Pro C[5]	_	_	Hauptteil[7]	2. Data[15]	
6-11	592-602	Solarparks	1. Richtig[5]	1. Angemessen[5]	1. Verständlich[5]	Jahresertrag/Energiedichte Vorhanden[5]	*[5]	*[5]	*[5]	*[5]	*[5]	*[5]	Contra A[5]	Contra B[5]	Pro C[5]	_	_	Hauptteil[7]	2. Data[15]	
6-12	603-606	und	1. Richtig[5]	1. Angemessen[5]	1. Verständlich[5]	Jahresertrag/Energiedichte Vorhanden[5]	*[5]	*[5]	*[5]	*[5]	*[5]	*[5]	Contra A[5]	Contra B[5]	Pro C[5]	_	_	Hauptteil[7]	2. Data[16]	
6-13	607-614	minimal	1. Richtig[5]	1. Angemessen[5]	1. Verständlich[5]	Jahresertrag/Energiedichte Vorhanden[5]	*[5]	*[5]	*[5]	*[5]	*[5]	*[5]	Contra A[5]	Contra B[5]	Pro C[5]	_	_	Hauptteil[7]	2. Data[16]	
6-14	615-622	weniger	1. Richtig[5]	1. Angemessen[5]	1. Verständlich[5]	Jahresertrag/Energiedichte Vorhanden[5]	*[5]	*[5]	*[5]	*[5]	*[5]	*[5]	Contra A[5]	Contra B[5]	Pro C[5]	_	_	Hauptteil[7]	2. Data[16]	
6-15	623-626	ist	1. Richtig[5]	1. Angemessen[5]	1. Verständlich[5]	Jahresertrag/Energiedichte Vorhanden[5]	*[5]	*[5]	*[5]	*[5]	*[5]	*[5]	Contra A[5]	Contra B[5]	Pro C[5]	_	_	Hauptteil[7]	2. Data[16]	
6-16	626-627	,	1. Richtig[5]	1. Angemessen[5]	1. Verständlich[5]	Jahresertrag/Energiedichte Vorhanden[5]	*[5]	*[5]	*[5]	*[5]	*[5]	*[5]	Contra A[5]	Contra B[5]	Pro C[5]	_	_	Hauptteil[7]	2. Data[16]	
6-17	628-631	als	1. Richtig[5]	1. Angemessen[5]	1. Verständlich[5]	Jahresertrag/Energiedichte Vorhanden[5]	*[5]	*[5]	*[5]	*[5]	*[5]	*[5]	Contra A[5]	Contra B[5]	Pro C[5]	_	_	Hauptteil[7]	2. Data[16]	
6-18	632-635	der	1. Richtig[5]	1. Angemessen[5]	1. Verständlich[5]	Jahresertrag/Energiedichte Vorhanden[5]	*[5]	*[5]	*[5]	*[5]	*[5]	*[5]	Contra A[5]	Contra B[5]	Pro C[5]	_	_	Hauptteil[7]	2. Data[16]	
6-19	636-639	der	1. Richtig[5]	1. Angemessen[5]	1. Verständlich[5]	Jahresertrag/Energiedichte Vorhanden[5]	*[5]	*[5]	*[5]	*[5]	*[5]	*[5]	Contra A[5]	Contra B[5]	Pro C[5]	_	_	Hauptteil[7]	2. Data[16]	
6-20	640-649	Windparks	1. Richtig[5]	1. Angemessen[5]	1. Verständlich[5]	Jahresertrag/Energiedichte Vorhanden[5]	*[5]	*[5]	*[5]	*[5]	*[5]	*[5]	Contra A[5]	Contra B[5]	Pro C[5]	_	_	Hauptteil[7]	2. Data[16]	
6-21	649-650	.	1. Richtig[5]	1. Angemessen[5]	1. Verständlich[5]	Jahresertrag/Energiedichte Vorhanden[5]	*[5]	*[5]	*[5]	*[5]	*[5]	*[5]	Contra A[5]	Contra B[5]	Pro C[5]	_	_	Hauptteil[7]	2. Data[16]	
