#FORMAT=WebAnno TSV 3.3
#T_SP=webanno.custom.Argument|Accuracy|Adequacy|Clarity|KriteriumJahresertragEnergiedichte|KriteriumLebensdauerVerfgbarkeit|KriteriumLokaleEmissionenGeruschemissionen|KriteriumPreisBetrieb|KriteriumSonstiges|KriteriumTreibhausgasemissionen|KriteriumWirkungsgrad|OptionA|OptionB|OptionC
#T_SP=webanno.custom.DecisionMakingStrategies|Decision|Gesamtthese
#T_SP=webanno.custom.Struktur|Struktur
#T_SP=webanno.custom.StrukturTAP|TAPArgumente


1-1	0-3	Ich	1. Richtig[1]	1. Angemessen[1]	1. Verständlich[1]	*[1]	*[1]	*[1]	*[1]	Sonstiges vorhanden[1]	*[1]	*[1]	Contra A[1]	Pro B[1]	Contra C[1]	2. Cut-off[4]	Gesamtthese[4]	Hauptteil[5]	1. Claim[6]	
1-2	4-9	denke	1. Richtig[1]	1. Angemessen[1]	1. Verständlich[1]	*[1]	*[1]	*[1]	*[1]	Sonstiges vorhanden[1]	*[1]	*[1]	Contra A[1]	Pro B[1]	Contra C[1]	2. Cut-off[4]	Gesamtthese[4]	Hauptteil[5]	1. Claim[6]	
1-3	9-10	,	1. Richtig[1]	1. Angemessen[1]	1. Verständlich[1]	*[1]	*[1]	*[1]	*[1]	Sonstiges vorhanden[1]	*[1]	*[1]	Contra A[1]	Pro B[1]	Contra C[1]	2. Cut-off[4]	Gesamtthese[4]	Hauptteil[5]	1. Claim[6]	
1-4	11-15	dass	1. Richtig[1]	1. Angemessen[1]	1. Verständlich[1]	*[1]	*[1]	*[1]	*[1]	Sonstiges vorhanden[1]	*[1]	*[1]	Contra A[1]	Pro B[1]	Contra C[1]	2. Cut-off[4]	Gesamtthese[4]	Hauptteil[5]	1. Claim[6]	
1-5	16-23	E-Fuels	1. Richtig[1]	1. Angemessen[1]	1. Verständlich[1]	*[1]	*[1]	*[1]	*[1]	Sonstiges vorhanden[1]	*[1]	*[1]	Contra A[1]	Pro B[1]	Contra C[1]	2. Cut-off[4]	Gesamtthese[4]	Hauptteil[5]	1. Claim[6]	
1-6	24-27	mit	1. Richtig[1]	1. Angemessen[1]	1. Verständlich[1]	*[1]	*[1]	*[1]	*[1]	Sonstiges vorhanden[1]	*[1]	*[1]	Contra A[1]	Pro B[1]	Contra C[1]	2. Cut-off[4]	Gesamtthese[4]	Hauptteil[5]	1. Claim[6]	
1-7	28-33	einer	1. Richtig[1]	1. Angemessen[1]	1. Verständlich[1]	*[1]	*[1]	*[1]	*[1]	Sonstiges vorhanden[1]	*[1]	*[1]	Contra A[1]	Pro B[1]	Contra C[1]	2. Cut-off[4]	Gesamtthese[4]	Hauptteil[5]	1. Claim[6]	
1-8	34-37	der	1. Richtig[1]	1. Angemessen[1]	1. Verständlich[1]	*[1]	*[1]	*[1]	*[1]	Sonstiges vorhanden[1]	*[1]	*[1]	Contra A[1]	Pro B[1]	Contra C[1]	2. Cut-off[4]	Gesamtthese[4]	Hauptteil[5]	1. Claim[6]	
1-9	38-44	besten	1. Richtig[1]	1. Angemessen[1]	1. Verständlich[1]	*[1]	*[1]	*[1]	*[1]	Sonstiges vorhanden[1]	*[1]	*[1]	Contra A[1]	Pro B[1]	Contra C[1]	2. Cut-off[4]	Gesamtthese[4]	Hauptteil[5]	1. Claim[6]	
1-10	45-53	Lösungen	1. Richtig[1]	1. Angemessen[1]	1. Verständlich[1]	*[1]	*[1]	*[1]	*[1]	Sonstiges vorhanden[1]	*[1]	*[1]	Contra A[1]	Pro B[1]	Contra C[1]	2. Cut-off[4]	Gesamtthese[4]	Hauptteil[5]	1. Claim[6]	
1-11	54-57	ist	1. Richtig[1]	1. Angemessen[1]	1. Verständlich[1]	*[1]	*[1]	*[1]	*[1]	Sonstiges vorhanden[1]	*[1]	*[1]	Contra A[1]	Pro B[1]	Contra C[1]	2. Cut-off[4]	Gesamtthese[4]	Hauptteil[5]	1. Claim[6]	
1-12	57-58	,	1. Richtig[1]	1. Angemessen[1]	1. Verständlich[1]	*[1]	*[1]	*[1]	*[1]	Sonstiges vorhanden[1]	*[1]	*[1]	Contra A[1]	Pro B[1]	Contra C[1]	2. Cut-off[4]	Gesamtthese[4]	Hauptteil[5]	1. Claim[6]	
1-13	59-63	weil	1. Richtig[1]	1. Angemessen[1]	1. Verständlich[1]	*[1]	*[1]	*[1]	*[1]	Sonstiges vorhanden[1]	*[1]	*[1]	Contra A[1]	Pro B[1]	Contra C[1]	2. Cut-off[4]	Gesamtthese[4]	Hauptteil[5]	2. Data[7]	
1-14	64-67	man	1. Richtig[1]	1. Angemessen[1]	1. Verständlich[1]	*[1]	*[1]	*[1]	*[1]	Sonstiges vorhanden[1]	*[1]	*[1]	Contra A[1]	Pro B[1]	Contra C[1]	2. Cut-off[4]	Gesamtthese[4]	Hauptteil[5]	2. Data[7]	
1-15	68-76	trotzdem	1. Richtig[1]	1. Angemessen[1]	1. Verständlich[1]	*[1]	*[1]	*[1]	*[1]	Sonstiges vorhanden[1]	*[1]	*[1]	Contra A[1]	Pro B[1]	Contra C[1]	2. Cut-off[4]	Gesamtthese[4]	Hauptteil[5]	2. Data[7]	
1-16	77-80	die	1. Richtig[1]	1. Angemessen[1]	1. Verständlich[1]	*[1]	*[1]	*[1]	*[1]	Sonstiges vorhanden[1]	*[1]	*[1]	Contra A[1]	Pro B[1]	Contra C[1]	2. Cut-off[4]	Gesamtthese[4]	Hauptteil[5]	2. Data[7]	
1-17	81-86	Autos	1. Richtig[1]	1. Angemessen[1]	1. Verständlich[1]	*[1]	*[1]	*[1]	*[1]	Sonstiges vorhanden[1]	*[1]	*[1]	Contra A[1]	Pro B[1]	Contra C[1]	2. Cut-off[4]	Gesamtthese[4]	Hauptteil[5]	2. Data[7]	
1-18	87-90	von	1. Richtig[1]	1. Angemessen[1]	1. Verständlich[1]	*[1]	*[1]	*[1]	*[1]	Sonstiges vorhanden[1]	*[1]	*[1]	Contra A[1]	Pro B[1]	Contra C[1]	2. Cut-off[4]	Gesamtthese[4]	Hauptteil[5]	2. Data[7]	
1-19	91-97	vorher	1. Richtig[1]	1. Angemessen[1]	1. Verständlich[1]	*[1]	*[1]	*[1]	*[1]	Sonstiges vorhanden[1]	*[1]	*[1]	Contra A[1]	Pro B[1]	Contra C[1]	2. Cut-off[4]	Gesamtthese[4]	Hauptteil[5]	2. Data[7]	
1-20	98-104	nehmen	1. Richtig[1]	1. Angemessen[1]	1. Verständlich[1]	*[1]	*[1]	*[1]	*[1]	Sonstiges vorhanden[1]	*[1]	*[1]	Contra A[1]	Pro B[1]	Contra C[1]	2. Cut-off[4]	Gesamtthese[4]	Hauptteil[5]	2. Data[7]	
1-21	105-109	kann	1. Richtig[1]	1. Angemessen[1]	1. Verständlich[1]	*[1]	*[1]	*[1]	*[1]	Sonstiges vorhanden[1]	*[1]	*[1]	Contra A[1]	Pro B[1]	Contra C[1]	2. Cut-off[4]	Gesamtthese[4]	Hauptteil[5]	2. Data[7]	
1-22	110-113	und	1. Richtig[1]	1. Angemessen[1]	1. Verständlich[1]	*[1]	*[1]	*[1]	*[1]	Sonstiges vorhanden[1]	*[1]	*[1]	Contra A[1]	Pro B[1]	Contra C[1]	2. Cut-off[4]	Gesamtthese[4]	Hauptteil[5]	2. Data[7]	
1-23	114-119	nicht	1. Richtig[1]	1. Angemessen[1]	1. Verständlich[1]	*[1]	*[1]	*[1]	*[1]	Sonstiges vorhanden[1]	*[1]	*[1]	Contra A[1]	Pro B[1]	Contra C[1]	2. Cut-off[4]	Gesamtthese[4]	Hauptteil[5]	2. Data[7]	
1-24	120-124	viel	1. Richtig[1]	1. Angemessen[1]	1. Verständlich[1]	*[1]	*[1]	*[1]	*[1]	Sonstiges vorhanden[1]	*[1]	*[1]	Contra A[1]	Pro B[1]	Contra C[1]	2. Cut-off[4]	Gesamtthese[4]	Hauptteil[5]	2. Data[7]	
1-25	125-129	Geld	1. Richtig[1]	1. Angemessen[1]	1. Verständlich[1]	*[1]	*[1]	*[1]	*[1]	Sonstiges vorhanden[1]	*[1]	*[1]	Contra A[1]	Pro B[1]	Contra C[1]	2. Cut-off[4]	Gesamtthese[4]	Hauptteil[5]	2. Data[7]	
1-26	130-132	in	1. Richtig[1]	1. Angemessen[1]	1. Verständlich[1]	*[1]	*[1]	*[1]	*[1]	Sonstiges vorhanden[1]	*[1]	*[1]	Contra A[1]	Pro B[1]	Contra C[1]	2. Cut-off[4]	Gesamtthese[4]	Hauptteil[5]	2. Data[7]	
1-27	133-137	neue	1. Richtig[1]	1. Angemessen[1]	1. Verständlich[1]	*[1]	*[1]	*[1]	*[1]	Sonstiges vorhanden[1]	*[1]	*[1]	Contra A[1]	Pro B[1]	Contra C[1]	2. Cut-off[4]	Gesamtthese[4]	Hauptteil[5]	2. Data[7]	
1-28	138-151	Elektro-Autos	1. Richtig[1]	1. Angemessen[1]	1. Verständlich[1]	*[1]	*[1]	*[1]	*[1]	Sonstiges vorhanden[1]	*[1]	*[1]	Contra A[1]	Pro B[1]	Contra C[1]	2. Cut-off[4]	Gesamtthese[4]	Hauptteil[5]	2. Data[7]	
1-29	152-159	stecken	1. Richtig[1]	1. Angemessen[1]	1. Verständlich[1]	*[1]	*[1]	*[1]	*[1]	Sonstiges vorhanden[1]	*[1]	*[1]	Contra A[1]	Pro B[1]	Contra C[1]	2. Cut-off[4]	Gesamtthese[4]	Hauptteil[5]	2. Data[7]	
1-30	160-164	muss	1. Richtig[1]	1. Angemessen[1]	1. Verständlich[1]	*[1]	*[1]	*[1]	*[1]	Sonstiges vorhanden[1]	*[1]	*[1]	Contra A[1]	Pro B[1]	Contra C[1]	2. Cut-off[4]	Gesamtthese[4]	Hauptteil[5]	2. Data[7]	
1-31	164-165	.	1. Richtig[1]	1. Angemessen[1]	1. Verständlich[1]	*[1]	*[1]	*[1]	*[1]	Sonstiges vorhanden[1]	*[1]	*[1]	Contra A[1]	Pro B[1]	Contra C[1]	2. Cut-off[4]	Gesamtthese[4]	Hauptteil[5]	2. Data[7]	

2-1	166-169	Bei	1. Richtig[1]	1. Angemessen[1]	1. Verständlich[1]	*[1]	*[1]	*[1]	*[1]	Sonstiges vorhanden[1]	*[1]	*[1]	Contra A[1]	Pro B[1]	Contra C[1]	_	_	Hauptteil[5]	2. Data[8]	
2-2	170-173	den	1. Richtig[1]	1. Angemessen[1]	1. Verständlich[1]	*[1]	*[1]	*[1]	*[1]	Sonstiges vorhanden[1]	*[1]	*[1]	Contra A[1]	Pro B[1]	Contra C[1]	_	_	Hauptteil[5]	2. Data[8]	
2-3	174-181	anderen	1. Richtig[1]	1. Angemessen[1]	1. Verständlich[1]	*[1]	*[1]	*[1]	*[1]	Sonstiges vorhanden[1]	*[1]	*[1]	Contra A[1]	Pro B[1]	Contra C[1]	_	_	Hauptteil[5]	2. Data[8]	
2-4	182-189	müssten	1. Richtig[1]	1. Angemessen[1]	1. Verständlich[1]	*[1]	*[1]	*[1]	*[1]	Sonstiges vorhanden[1]	*[1]	*[1]	Contra A[1]	Pro B[1]	Contra C[1]	_	_	Hauptteil[5]	2. Data[8]	
2-5	190-198	komplett	1. Richtig[1]	1. Angemessen[1]	1. Verständlich[1]	*[1]	*[1]	*[1]	*[1]	Sonstiges vorhanden[1]	*[1]	*[1]	Contra A[1]	Pro B[1]	Contra C[1]	_	_	Hauptteil[5]	2. Data[8]	
2-6	199-203	neue	1. Richtig[1]	1. Angemessen[1]	1. Verständlich[1]	*[1]	*[1]	*[1]	*[1]	Sonstiges vorhanden[1]	*[1]	*[1]	Contra A[1]	Pro B[1]	Contra C[1]	_	_	Hauptteil[5]	2. Data[8]	
2-7	204-209	Autos	1. Richtig[1]	1. Angemessen[1]	1. Verständlich[1]	*[1]	*[1]	*[1]	*[1]	Sonstiges vorhanden[1]	*[1]	*[1]	Contra A[1]	Pro B[1]	Contra C[1]	_	_	Hauptteil[5]	2. Data[8]	
2-8	210-221	hergestellt	1. Richtig[1]	1. Angemessen[1]	1. Verständlich[1]	*[1]	*[1]	*[1]	*[1]	Sonstiges vorhanden[1]	*[1]	*[1]	Contra A[1]	Pro B[1]	Contra C[1]	_	_	Hauptteil[5]	2. Data[8]	
2-9	222-228	werden	1. Richtig[1]	1. Angemessen[1]	1. Verständlich[1]	*[1]	*[1]	*[1]	*[1]	Sonstiges vorhanden[1]	*[1]	*[1]	Contra A[1]	Pro B[1]	Contra C[1]	_	_	Hauptteil[5]	2. Data[8]	
2-10	228-229	.	1. Richtig[1]	1. Angemessen[1]	1. Verständlich[1]	*[1]	*[1]	*[1]	*[1]	Sonstiges vorhanden[1]	*[1]	*[1]	Contra A[1]	Pro B[1]	Contra C[1]	_	_	Hauptteil[5]	2. Data[8]	

3-1	230-238	Außerdem	1. Richtig[2]	1. Angemessen[2]	1. Verständlich[2]	*[2]	*[2]	*[2]	*[2]	Sonstiges vorhanden[2]	*[2]	*[2]	*[2]	Pro B[2]	*[2]	_	_	Hauptteil[5]	2. Data[9]	
3-2	239-250	verbrauchen	1. Richtig[2]	1. Angemessen[2]	1. Verständlich[2]	*[2]	*[2]	*[2]	*[2]	Sonstiges vorhanden[2]	*[2]	*[2]	*[2]	Pro B[2]	*[2]	_	_	Hauptteil[5]	2. Data[9]	
3-3	251-254	sie	1. Richtig[2]	1. Angemessen[2]	1. Verständlich[2]	*[2]	*[2]	*[2]	*[2]	Sonstiges vorhanden[2]	*[2]	*[2]	*[2]	Pro B[2]	*[2]	_	_	Hauptteil[5]	2. Data[9]	
3-4	255-260	genau	1. Richtig[2]	1. Angemessen[2]	1. Verständlich[2]	*[2]	*[2]	*[2]	*[2]	Sonstiges vorhanden[2]	*[2]	*[2]	*[2]	Pro B[2]	*[2]	_	_	Hauptteil[5]	2. Data[9]	
3-5	261-263	so	1. Richtig[2]	1. Angemessen[2]	1. Verständlich[2]	*[2]	*[2]	*[2]	*[2]	Sonstiges vorhanden[2]	*[2]	*[2]	*[2]	Pro B[2]	*[2]	_	_	Hauptteil[5]	2. Data[9]	
3-6	264-268	viel	1. Richtig[2]	1. Angemessen[2]	1. Verständlich[2]	*[2]	*[2]	*[2]	*[2]	Sonstiges vorhanden[2]	*[2]	*[2]	*[2]	Pro B[2]	*[2]	_	_	Hauptteil[5]	2. Data[9]	
3-7	269-286	Kohlenstoffdioxid	1. Richtig[2]	1. Angemessen[2]	1. Verständlich[2]	*[2]	*[2]	*[2]	*[2]	Sonstiges vorhanden[2]	*[2]	*[2]	*[2]	Pro B[2]	*[2]	_	_	Hauptteil[5]	2. Data[9]	
3-8	287-290	wie	1. Richtig[2]	1. Angemessen[2]	1. Verständlich[2]	*[2]	*[2]	*[2]	*[2]	Sonstiges vorhanden[2]	*[2]	*[2]	*[2]	Pro B[2]	*[2]	_	_	Hauptteil[5]	2. Data[9]	
3-9	291-302	ausgestoßen	1. Richtig[2]	1. Angemessen[2]	1. Verständlich[2]	*[2]	*[2]	*[2]	*[2]	Sonstiges vorhanden[2]	*[2]	*[2]	*[2]	Pro B[2]	*[2]	_	_	Hauptteil[5]	2. Data[9]	
3-10	303-307	wird	1. Richtig[2]	1. Angemessen[2]	1. Verständlich[2]	*[2]	*[2]	*[2]	*[2]	Sonstiges vorhanden[2]	*[2]	*[2]	*[2]	Pro B[2]	*[2]	_	_	Hauptteil[5]	2. Data[9]	
3-11	307-308	.	1. Richtig[2]	1. Angemessen[2]	1. Verständlich[2]	*[2]	*[2]	*[2]	*[2]	Sonstiges vorhanden[2]	*[2]	*[2]	*[2]	Pro B[2]	*[2]	_	_	Hauptteil[5]	2. Data[9]	

4-1	309-322	Akkumulatoren	1. Richtig[3]	1. Angemessen[3]	1. Verständlich[3]	*[3]	*[3]	*[3]	*[3]	Sonstiges vorhanden[3]	*[3]	*[3]	*[3]	*[3]	Contra C[3]	_	_	Hauptteil[5]	1. Claim[10]	
4-2	323-327	sind	1. Richtig[3]	1. Angemessen[3]	1. Verständlich[3]	*[3]	*[3]	*[3]	*[3]	Sonstiges vorhanden[3]	*[3]	*[3]	*[3]	*[3]	Contra C[3]	_	_	Hauptteil[5]	1. Claim[10]	
4-3	328-332	auch	1. Richtig[3]	1. Angemessen[3]	1. Verständlich[3]	*[3]	*[3]	*[3]	*[3]	Sonstiges vorhanden[3]	*[3]	*[3]	*[3]	*[3]	Contra C[3]	_	_	Hauptteil[5]	1. Claim[10]	
4-4	333-337	sehr	1. Richtig[3]	1. Angemessen[3]	1. Verständlich[3]	*[3]	*[3]	*[3]	*[3]	Sonstiges vorhanden[3]	*[3]	*[3]	*[3]	*[3]	Contra C[3]	_	_	Hauptteil[5]	1. Claim[10]	
4-5	338-347	effizient	1. Richtig[3]	1. Angemessen[3]	1. Verständlich[3]	*[3]	*[3]	*[3]	*[3]	Sonstiges vorhanden[3]	*[3]	*[3]	*[3]	*[3]	Contra C[3]	_	_	Hauptteil[5]	1. Claim[10]	
4-6	347-348	,	1. Richtig[3]	1. Angemessen[3]	1. Verständlich[3]	*[3]	*[3]	*[3]	*[3]	Sonstiges vorhanden[3]	*[3]	*[3]	*[3]	*[3]	Contra C[3]	_	_	Hauptteil[5]	1. Claim[10]	
4-7	349-352	nur	1. Richtig[3]	1. Angemessen[3]	1. Verständlich[3]	*[3]	*[3]	*[3]	*[3]	Sonstiges vorhanden[3]	*[3]	*[3]	*[3]	*[3]	Contra C[3]	_	_	Hauptteil[5]	2. Data[11]	
4-8	353-359	müssen	1. Richtig[3]	1. Angemessen[3]	1. Verständlich[3]	*[3]	*[3]	*[3]	*[3]	Sonstiges vorhanden[3]	*[3]	*[3]	*[3]	*[3]	Contra C[3]	_	_	Hauptteil[5]	2. Data[11]	
4-9	360-363	sie	1. Richtig[3]	1. Angemessen[3]	1. Verständlich[3]	*[3]	*[3]	*[3]	*[3]	Sonstiges vorhanden[3]	*[3]	*[3]	*[3]	*[3]	Contra C[3]	_	_	Hauptteil[5]	2. Data[11]	
4-10	364-367	ans	1. Richtig[3]	1. Angemessen[3]	1. Verständlich[3]	*[3]	*[3]	*[3]	*[3]	Sonstiges vorhanden[3]	*[3]	*[3]	*[3]	*[3]	Contra C[3]	_	_	Hauptteil[5]	2. Data[11]	
4-11	368-377	Stromnetz	1. Richtig[3]	1. Angemessen[3]	1. Verständlich[3]	*[3]	*[3]	*[3]	*[3]	Sonstiges vorhanden[3]	*[3]	*[3]	*[3]	*[3]	Contra C[3]	_	_	Hauptteil[5]	2. Data[11]	
4-12	378-391	angeschlossen	1. Richtig[3]	1. Angemessen[3]	1. Verständlich[3]	*[3]	*[3]	*[3]	*[3]	Sonstiges vorhanden[3]	*[3]	*[3]	*[3]	*[3]	Contra C[3]	_	_	Hauptteil[5]	2. Data[11]	
4-13	392-398	werden	1. Richtig[3]	1. Angemessen[3]	1. Verständlich[3]	*[3]	*[3]	*[3]	*[3]	Sonstiges vorhanden[3]	*[3]	*[3]	*[3]	*[3]	Contra C[3]	_	_	Hauptteil[5]	2. Data[11]	
4-14	398-399	,	1. Richtig[3]	1. Angemessen[3]	1. Verständlich[3]	*[3]	*[3]	*[3]	*[3]	Sonstiges vorhanden[3]	*[3]	*[3]	*[3]	*[3]	Contra C[3]	_	_	Hauptteil[5]	2. Data[11]	
4-15	400-403	was	1. Richtig[3]	1. Angemessen[3]	1. Verständlich[3]	*[3]	*[3]	*[3]	*[3]	Sonstiges vorhanden[3]	*[3]	*[3]	*[3]	*[3]	Contra C[3]	_	_	Hauptteil[5]	3. Warrant[12]	
4-16	404-407	die	1. Richtig[3]	1. Angemessen[3]	1. Verständlich[3]	*[3]	*[3]	*[3]	*[3]	Sonstiges vorhanden[3]	*[3]	*[3]	*[3]	*[3]	Contra C[3]	_	_	Hauptteil[5]	3. Warrant[12]	
4-17	408-414	Umwelt	1. Richtig[3]	1. Angemessen[3]	1. Verständlich[3]	*[3]	*[3]	*[3]	*[3]	Sonstiges vorhanden[3]	*[3]	*[3]	*[3]	*[3]	Contra C[3]	_	_	Hauptteil[5]	3. Warrant[12]	
4-18	415-423	belastet	1. Richtig[3]	1. Angemessen[3]	1. Verständlich[3]	*[3]	*[3]	*[3]	*[3]	Sonstiges vorhanden[3]	*[3]	*[3]	*[3]	*[3]	Contra C[3]	_	_	Hauptteil[5]	3. Warrant[12]	
4-19	423-424	,	1. Richtig[3]	1. Angemessen[3]	1. Verständlich[3]	*[3]	*[3]	*[3]	*[3]	Sonstiges vorhanden[3]	*[3]	*[3]	*[3]	*[3]	Contra C[3]	_	_	Hauptteil[5]	3. Warrant[12]	
4-20	425-429	weil	1. Richtig[3]	1. Angemessen[3]	1. Verständlich[3]	*[3]	*[3]	*[3]	*[3]	Sonstiges vorhanden[3]	*[3]	*[3]	*[3]	*[3]	Contra C[3]	_	_	Hauptteil[5]	3. Warrant[12]	
4-21	430-434	mehr	1. Richtig[3]	1. Angemessen[3]	1. Verständlich[3]	*[3]	*[3]	*[3]	*[3]	Sonstiges vorhanden[3]	*[3]	*[3]	*[3]	*[3]	Contra C[3]	_	_	Hauptteil[5]	3. Warrant[12]	
4-22	435-442	Energie	1. Richtig[3]	1. Angemessen[3]	1. Verständlich[3]	*[3]	*[3]	*[3]	*[3]	Sonstiges vorhanden[3]	*[3]	*[3]	*[3]	*[3]	Contra C[3]	_	_	Hauptteil[5]	3. Warrant[12]	
4-23	443-451	benötigt	1. Richtig[3]	1. Angemessen[3]	1. Verständlich[3]	*[3]	*[3]	*[3]	*[3]	Sonstiges vorhanden[3]	*[3]	*[3]	*[3]	*[3]	Contra C[3]	_	_	Hauptteil[5]	3. Warrant[12]	
4-24	452-456	wird	1. Richtig[3]	1. Angemessen[3]	1. Verständlich[3]	*[3]	*[3]	*[3]	*[3]	Sonstiges vorhanden[3]	*[3]	*[3]	*[3]	*[3]	Contra C[3]	_	_	Hauptteil[5]	3. Warrant[12]	
4-25	456-457	.	1. Richtig[3]	1. Angemessen[3]	1. Verständlich[3]	*[3]	*[3]	*[3]	*[3]	Sonstiges vorhanden[3]	*[3]	*[3]	*[3]	*[3]	Contra C[3]	_	_	Hauptteil[5]	3. Warrant[12]	
