#FORMAT=WebAnno TSV 3.3
#T_SP=webanno.custom.Argument|Accuracy|Adequacy|Clarity|KriteriumJahresertragEnergiedichte|KriteriumLebensdauerVerfgbarkeit|KriteriumLokaleEmissionenGeruschemissionen|KriteriumPreisBetrieb|KriteriumSonstiges|KriteriumTreibhausgasemissionen|KriteriumWirkungsgrad|OptionA|OptionB|OptionC
#T_SP=webanno.custom.DecisionMakingStrategies|Decision|Gesamtthese
#T_SP=webanno.custom.Struktur|Struktur
#T_SP=webanno.custom.StrukturTAP|TAPArgumente


1-1	0-2	Um	3. Nicht zutreffend[1]	3. Nicht zutreffend[1]	1. Verständlich[1]	*[1]	*[1]	*[1]	*[1]	Sonstiges vorhanden[1]	*[1]	*[1]	*[1]	Contra B[1]	*[1]	3. Unbegründet[6]	Gesamtthese[6]	Hauptteil[7]	1. Claim[8]	
1-2	3-6	den	3. Nicht zutreffend[1]	3. Nicht zutreffend[1]	1. Verständlich[1]	*[1]	*[1]	*[1]	*[1]	Sonstiges vorhanden[1]	*[1]	*[1]	*[1]	Contra B[1]	*[1]	3. Unbegründet[6]	Gesamtthese[6]	Hauptteil[7]	1. Claim[8]	
1-3	7-20	Energiebedarf	3. Nicht zutreffend[1]	3. Nicht zutreffend[1]	1. Verständlich[1]	*[1]	*[1]	*[1]	*[1]	Sonstiges vorhanden[1]	*[1]	*[1]	*[1]	Contra B[1]	*[1]	3. Unbegründet[6]	Gesamtthese[6]	Hauptteil[7]	1. Claim[8]	
1-4	21-24	des	3. Nicht zutreffend[1]	3. Nicht zutreffend[1]	1. Verständlich[1]	*[1]	*[1]	*[1]	*[1]	Sonstiges vorhanden[1]	*[1]	*[1]	*[1]	Contra B[1]	*[1]	3. Unbegründet[6]	Gesamtthese[6]	Hauptteil[7]	1. Claim[8]	
1-5	25-32	Bezirks	3. Nicht zutreffend[1]	3. Nicht zutreffend[1]	1. Verständlich[1]	*[1]	*[1]	*[1]	*[1]	Sonstiges vorhanden[1]	*[1]	*[1]	*[1]	Contra B[1]	*[1]	3. Unbegründet[6]	Gesamtthese[6]	Hauptteil[7]	1. Claim[8]	
1-6	33-39	völlig	3. Nicht zutreffend[1]	3. Nicht zutreffend[1]	1. Verständlich[1]	*[1]	*[1]	*[1]	*[1]	Sonstiges vorhanden[1]	*[1]	*[1]	*[1]	Contra B[1]	*[1]	3. Unbegründet[6]	Gesamtthese[6]	Hauptteil[7]	1. Claim[8]	
1-7	40-50	abzudecken	3. Nicht zutreffend[1]	3. Nicht zutreffend[1]	1. Verständlich[1]	*[1]	*[1]	*[1]	*[1]	Sonstiges vorhanden[1]	*[1]	*[1]	*[1]	Contra B[1]	*[1]	3. Unbegründet[6]	Gesamtthese[6]	Hauptteil[7]	1. Claim[8]	
1-8	50-51	,	3. Nicht zutreffend[1]	3. Nicht zutreffend[1]	1. Verständlich[1]	*[1]	*[1]	*[1]	*[1]	Sonstiges vorhanden[1]	*[1]	*[1]	*[1]	Contra B[1]	*[1]	3. Unbegründet[6]	Gesamtthese[6]	Hauptteil[7]	1. Claim[8]	
1-9	52-60	empfehle	3. Nicht zutreffend[1]	3. Nicht zutreffend[1]	1. Verständlich[1]	*[1]	*[1]	*[1]	*[1]	Sonstiges vorhanden[1]	*[1]	*[1]	*[1]	Contra B[1]	*[1]	3. Unbegründet[6]	Gesamtthese[6]	Hauptteil[7]	1. Claim[9]	
1-10	61-64	ich	3. Nicht zutreffend[1]	3. Nicht zutreffend[1]	1. Verständlich[1]	*[1]	*[1]	*[1]	*[1]	Sonstiges vorhanden[1]	*[1]	*[1]	*[1]	Contra B[1]	*[1]	3. Unbegründet[6]	Gesamtthese[6]	Hauptteil[7]	1. Claim[9]	
1-11	65-69	eine	3. Nicht zutreffend[1]	3. Nicht zutreffend[1]	1. Verständlich[1]	*[1]	*[1]	*[1]	*[1]	Sonstiges vorhanden[1]	*[1]	*[1]	*[1]	Contra B[1]	*[1]	3. Unbegründet[6]	Gesamtthese[6]	Hauptteil[7]	1. Claim[9]	
1-12	70-87	Wasserkraftanlage	3. Nicht zutreffend[1]	3. Nicht zutreffend[1]	1. Verständlich[1]	*[1]	*[1]	*[1]	*[1]	Sonstiges vorhanden[1]	*[1]	*[1]	*[1]	Contra B[1]	*[1]	3. Unbegründet[6]	Gesamtthese[6]	Hauptteil[7]	1. Claim[9]	
1-13	88-90	zu	3. Nicht zutreffend[1]	3. Nicht zutreffend[1]	1. Verständlich[1]	*[1]	*[1]	*[1]	*[1]	Sonstiges vorhanden[1]	*[1]	*[1]	*[1]	Contra B[1]	*[1]	3. Unbegründet[6]	Gesamtthese[6]	Hauptteil[7]	1. Claim[9]	
1-14	91-96	bauen	3. Nicht zutreffend[1]	3. Nicht zutreffend[1]	1. Verständlich[1]	*[1]	*[1]	*[1]	*[1]	Sonstiges vorhanden[1]	*[1]	*[1]	*[1]	Contra B[1]	*[1]	3. Unbegründet[6]	Gesamtthese[6]	Hauptteil[7]	1. Claim[9]	
1-15	96-97	.	3. Nicht zutreffend[1]	3. Nicht zutreffend[1]	1. Verständlich[1]	*[1]	*[1]	*[1]	*[1]	Sonstiges vorhanden[1]	*[1]	*[1]	*[1]	Contra B[1]	*[1]	3. Unbegründet[6]	Gesamtthese[6]	Hauptteil[7]	1. Claim[9]	

2-1	99-111	Entscheidend	3. Nicht zutreffend[1]	3. Nicht zutreffend[1]	1. Verständlich[1]	*[1]	*[1]	*[1]	*[1]	Sonstiges vorhanden[1]	*[1]	*[1]	*[1]	Contra B[1]	*[1]	_	_	Hauptteil[7]	1. Claim[10]	
2-2	112-119	hierbei	3. Nicht zutreffend[1]	3. Nicht zutreffend[1]	1. Verständlich[1]	*[1]	*[1]	*[1]	*[1]	Sonstiges vorhanden[1]	*[1]	*[1]	*[1]	Contra B[1]	*[1]	_	_	Hauptteil[7]	1. Claim[10]	
2-3	120-123	ist	3. Nicht zutreffend[1]	3. Nicht zutreffend[1]	1. Verständlich[1]	*[1]	*[1]	*[1]	*[1]	Sonstiges vorhanden[1]	*[1]	*[1]	*[1]	Contra B[1]	*[1]	_	_	Hauptteil[7]	1. Claim[10]	
2-4	124-131	alleine	3. Nicht zutreffend[1]	3. Nicht zutreffend[1]	1. Verständlich[1]	*[1]	*[1]	*[1]	*[1]	Sonstiges vorhanden[1]	*[1]	*[1]	*[1]	Contra B[1]	*[1]	_	_	Hauptteil[7]	1. Claim[10]	
2-5	132-135	die	3. Nicht zutreffend[1]	3. Nicht zutreffend[1]	1. Verständlich[1]	*[1]	*[1]	*[1]	*[1]	Sonstiges vorhanden[1]	*[1]	*[1]	*[1]	Contra B[1]	*[1]	_	_	Hauptteil[7]	1. Claim[10]	
2-6	136-140	Lage	3. Nicht zutreffend[1]	3. Nicht zutreffend[1]	1. Verständlich[1]	*[1]	*[1]	*[1]	*[1]	Sonstiges vorhanden[1]	*[1]	*[1]	*[1]	Contra B[1]	*[1]	_	_	Hauptteil[7]	1. Claim[10]	
2-7	141-144	des	3. Nicht zutreffend[1]	3. Nicht zutreffend[1]	1. Verständlich[1]	*[1]	*[1]	*[1]	*[1]	Sonstiges vorhanden[1]	*[1]	*[1]	*[1]	Contra B[1]	*[1]	_	_	Hauptteil[7]	1. Claim[10]	
2-8	145-152	Bezirks	3. Nicht zutreffend[1]	3. Nicht zutreffend[1]	1. Verständlich[1]	*[1]	*[1]	*[1]	*[1]	Sonstiges vorhanden[1]	*[1]	*[1]	*[1]	Contra B[1]	*[1]	_	_	Hauptteil[7]	1. Claim[10]	
2-9	152-153	.	3. Nicht zutreffend[1]	3. Nicht zutreffend[1]	1. Verständlich[1]	*[1]	*[1]	*[1]	*[1]	Sonstiges vorhanden[1]	*[1]	*[1]	*[1]	Contra B[1]	*[1]	_	_	Hauptteil[7]	1. Claim[10]	

3-1	155-157	In	3. Nicht zutreffend[1]	3. Nicht zutreffend[1]	1. Verständlich[1]	*[1]	*[1]	*[1]	*[1]	Sonstiges vorhanden[1]	*[1]	*[1]	*[1]	Contra B[1]	*[1]	_	_	Hauptteil[7]	1. Claim[11]	
3-2	158-173	Norddeutschland	3. Nicht zutreffend[1]	3. Nicht zutreffend[1]	1. Verständlich[1]	*[1]	*[1]	*[1]	*[1]	Sonstiges vorhanden[1]	*[1]	*[1]	*[1]	Contra B[1]	*[1]	_	_	Hauptteil[7]	1. Claim[11]	
3-3	174-181	scheint	3. Nicht zutreffend[1]	3. Nicht zutreffend[1]	1. Verständlich[1]	*[1]	*[1]	*[1]	*[1]	Sonstiges vorhanden[1]	*[1]	*[1]	*[1]	Contra B[1]	*[1]	_	_	Hauptteil[7]	1. Claim[11]	
3-4	182-187	nicht	3. Nicht zutreffend[1]	3. Nicht zutreffend[1]	1. Verständlich[1]	*[1]	*[1]	*[1]	*[1]	Sonstiges vorhanden[1]	*[1]	*[1]	*[1]	Contra B[1]	*[1]	_	_	Hauptteil[7]	1. Claim[11]	
3-5	188-191	all	3. Nicht zutreffend[1]	3. Nicht zutreffend[1]	1. Verständlich[1]	*[1]	*[1]	*[1]	*[1]	Sonstiges vorhanden[1]	*[1]	*[1]	*[1]	Contra B[1]	*[1]	_	_	Hauptteil[7]	1. Claim[11]	
3-6	192-194	zu	3. Nicht zutreffend[1]	3. Nicht zutreffend[1]	1. Verständlich[1]	*[1]	*[1]	*[1]	*[1]	Sonstiges vorhanden[1]	*[1]	*[1]	*[1]	Contra B[1]	*[1]	_	_	Hauptteil[7]	1. Claim[11]	
3-7	195-199	viel	3. Nicht zutreffend[1]	3. Nicht zutreffend[1]	1. Verständlich[1]	*[1]	*[1]	*[1]	*[1]	Sonstiges vorhanden[1]	*[1]	*[1]	*[1]	Contra B[1]	*[1]	_	_	Hauptteil[7]	1. Claim[11]	
3-8	200-205	Sonne	3. Nicht zutreffend[1]	3. Nicht zutreffend[1]	1. Verständlich[1]	*[1]	*[1]	*[1]	*[1]	Sonstiges vorhanden[1]	*[1]	*[1]	*[1]	Contra B[1]	*[1]	_	_	Hauptteil[7]	1. Claim[11]	
3-9	206-213	weshalb	3. Nicht zutreffend[1]	3. Nicht zutreffend[1]	1. Verständlich[1]	*[1]	*[1]	*[1]	*[1]	Sonstiges vorhanden[1]	*[1]	*[1]	*[1]	Contra B[1]	*[1]	_	_	Hauptteil[7]	1. Claim[11]	
3-10	214-217	ich	3. Nicht zutreffend[1]	3. Nicht zutreffend[1]	1. Verständlich[1]	*[1]	*[1]	*[1]	*[1]	Sonstiges vorhanden[1]	*[1]	*[1]	*[1]	Contra B[1]	*[1]	_	_	Hauptteil[7]	1. Claim[11]	
3-11	218-221	den	3. Nicht zutreffend[1]	3. Nicht zutreffend[1]	1. Verständlich[1]	*[1]	*[1]	*[1]	*[1]	Sonstiges vorhanden[1]	*[1]	*[1]	*[1]	Contra B[1]	*[1]	_	_	Hauptteil[7]	1. Claim[11]	
3-12	222-231	Solarpark	3. Nicht zutreffend[1]	3. Nicht zutreffend[1]	1. Verständlich[1]	*[1]	*[1]	*[1]	*[1]	Sonstiges vorhanden[1]	*[1]	*[1]	*[1]	Contra B[1]	*[1]	_	_	Hauptteil[7]	1. Claim[11]	
3-13	232-244	ausschließen	3. Nicht zutreffend[1]	3. Nicht zutreffend[1]	1. Verständlich[1]	*[1]	*[1]	*[1]	*[1]	Sonstiges vorhanden[1]	*[1]	*[1]	*[1]	Contra B[1]	*[1]	_	_	Hauptteil[7]	1. Claim[11]	
3-14	245-249	kann	3. Nicht zutreffend[1]	3. Nicht zutreffend[1]	1. Verständlich[1]	*[1]	*[1]	*[1]	*[1]	Sonstiges vorhanden[1]	*[1]	*[1]	*[1]	Contra B[1]	*[1]	_	_	Hauptteil[7]	1. Claim[11]	
3-15	249-250	,	3. Nicht zutreffend[1]	3. Nicht zutreffend[1]	1. Verständlich[1]	*[1]	*[1]	*[1]	*[1]	Sonstiges vorhanden[1]	*[1]	*[1]	*[1]	Contra B[1]	*[1]	_	_	Hauptteil[7]	1. Claim[11]	
3-16	250-251	.	3. Nicht zutreffend[1]	3. Nicht zutreffend[1]	1. Verständlich[1]	*[1]	*[1]	*[1]	*[1]	Sonstiges vorhanden[1]	*[1]	*[1]	*[1]	Contra B[1]	*[1]	_	_	Hauptteil[7]	1. Claim[11]	

4-1	254-261	einzeln	3. Nicht zutreffend[1]	3. Nicht zutreffend[1]	1. Verständlich[1]	*[1]	*[1]	*[1]	*[1]	Sonstiges vorhanden[1]	*[1]	*[1]	*[1]	Contra B[1]	*[1]	_	_	Hauptteil[7]	1. Claim[12]	
4-2	262-266	kann	3. Nicht zutreffend[1]	3. Nicht zutreffend[1]	1. Verständlich[1]	*[1]	*[1]	*[1]	*[1]	Sonstiges vorhanden[1]	*[1]	*[1]	*[1]	Contra B[1]	*[1]	_	_	Hauptteil[7]	1. Claim[12]	
4-3	267-270	man	3. Nicht zutreffend[1]	3. Nicht zutreffend[1]	1. Verständlich[1]	*[1]	*[1]	*[1]	*[1]	Sonstiges vorhanden[1]	*[1]	*[1]	*[1]	Contra B[1]	*[1]	_	_	Hauptteil[7]	1. Claim[12]	
4-4	271-274	die	3. Nicht zutreffend[1]	3. Nicht zutreffend[1]	1. Verständlich[1]	*[1]	*[1]	*[1]	*[1]	Sonstiges vorhanden[1]	*[1]	*[1]	*[1]	Contra B[1]	*[1]	_	_	Hauptteil[7]	1. Claim[12]	
4-5	275-282	anbauen	3. Nicht zutreffend[1]	3. Nicht zutreffend[1]	1. Verständlich[1]	*[1]	*[1]	*[1]	*[1]	Sonstiges vorhanden[1]	*[1]	*[1]	*[1]	Contra B[1]	*[1]	_	_	Hauptteil[7]	1. Claim[12]	
4-6	282-283	,	3. Nicht zutreffend[1]	3. Nicht zutreffend[1]	1. Verständlich[1]	*[1]	*[1]	*[1]	*[1]	Sonstiges vorhanden[1]	*[1]	*[1]	*[1]	Contra B[1]	*[1]	_	_	Hauptteil[7]	1. Claim[12]	
4-7	284-288	aber	3. Nicht zutreffend[1]	3. Nicht zutreffend[1]	1. Verständlich[1]	*[1]	*[1]	*[1]	*[1]	Sonstiges vorhanden[1]	*[1]	*[1]	*[1]	Contra B[1]	*[1]	_	_	Hauptteil[7]	1. Claim[12]	
4-8	289-291	da	3. Nicht zutreffend[1]	3. Nicht zutreffend[1]	1. Verständlich[1]	*[1]	*[1]	*[1]	*[1]	Sonstiges vorhanden[1]	*[1]	*[1]	*[1]	Contra B[1]	*[1]	_	_	Hauptteil[7]	1. Claim[12]	
4-9	292-295	die	3. Nicht zutreffend[1]	3. Nicht zutreffend[1]	1. Verständlich[1]	*[1]	*[1]	*[1]	*[1]	Sonstiges vorhanden[1]	*[1]	*[1]	*[1]	Contra B[1]	*[1]	_	_	Hauptteil[7]	1. Claim[12]	
4-10	296-304	Garantie	3. Nicht zutreffend[1]	3. Nicht zutreffend[1]	1. Verständlich[1]	*[1]	*[1]	*[1]	*[1]	Sonstiges vorhanden[1]	*[1]	*[1]	*[1]	Contra B[1]	*[1]	_	_	Hauptteil[7]	1. Claim[12]	
4-11	305-310	nicht	3. Nicht zutreffend[1]	3. Nicht zutreffend[1]	1. Verständlich[1]	*[1]	*[1]	*[1]	*[1]	Sonstiges vorhanden[1]	*[1]	*[1]	*[1]	Contra B[1]	*[1]	_	_	Hauptteil[7]	1. Claim[12]	
4-12	311-318	besteht	3. Nicht zutreffend[1]	3. Nicht zutreffend[1]	1. Verständlich[1]	*[1]	*[1]	*[1]	*[1]	Sonstiges vorhanden[1]	*[1]	*[1]	*[1]	Contra B[1]	*[1]	_	_	Hauptteil[7]	1. Claim[12]	
4-13	319-322	für	3. Nicht zutreffend[1]	3. Nicht zutreffend[1]	1. Verständlich[1]	*[1]	*[1]	*[1]	*[1]	Sonstiges vorhanden[1]	*[1]	*[1]	*[1]	Contra B[1]	*[1]	_	_	Hauptteil[7]	1. Claim[12]	
4-14	323-326	den	3. Nicht zutreffend[1]	3. Nicht zutreffend[1]	1. Verständlich[1]	*[1]	*[1]	*[1]	*[1]	Sonstiges vorhanden[1]	*[1]	*[1]	*[1]	Contra B[1]	*[1]	_	_	Hauptteil[7]	1. Claim[12]	
4-15	327-333	ganzen	3. Nicht zutreffend[1]	3. Nicht zutreffend[1]	1. Verständlich[1]	*[1]	*[1]	*[1]	*[1]	Sonstiges vorhanden[1]	*[1]	*[1]	*[1]	Contra B[1]	*[1]	_	_	Hauptteil[7]	1. Claim[12]	
4-16	334-340	Bezirk	3. Nicht zutreffend[1]	3. Nicht zutreffend[1]	1. Verständlich[1]	*[1]	*[1]	*[1]	*[1]	Sonstiges vorhanden[1]	*[1]	*[1]	*[1]	Contra B[1]	*[1]	_	_	Hauptteil[7]	1. Claim[12]	
4-17	341-343	zu	3. Nicht zutreffend[1]	3. Nicht zutreffend[1]	1. Verständlich[1]	*[1]	*[1]	*[1]	*[1]	Sonstiges vorhanden[1]	*[1]	*[1]	*[1]	Contra B[1]	*[1]	_	_	Hauptteil[7]	1. Claim[12]	
4-18	344-350	sorgen	3. Nicht zutreffend[1]	3. Nicht zutreffend[1]	1. Verständlich[1]	*[1]	*[1]	*[1]	*[1]	Sonstiges vorhanden[1]	*[1]	*[1]	*[1]	Contra B[1]	*[1]	_	_	Hauptteil[7]	1. Claim[12]	
4-19	350-351	,	3. Nicht zutreffend[1]	3. Nicht zutreffend[1]	1. Verständlich[1]	*[1]	*[1]	*[1]	*[1]	Sonstiges vorhanden[1]	*[1]	*[1]	*[1]	Contra B[1]	*[1]	_	_	Hauptteil[7]	1. Claim[12]	
4-20	352-357	würde	3. Nicht zutreffend[1]	3. Nicht zutreffend[1]	1. Verständlich[1]	*[1]	*[1]	*[1]	*[1]	Sonstiges vorhanden[1]	*[1]	*[1]	*[1]	Contra B[1]	*[1]	_	_	Hauptteil[7]	1. Claim[12]	
4-21	358-361	ich	3. Nicht zutreffend[1]	3. Nicht zutreffend[1]	1. Verständlich[1]	*[1]	*[1]	*[1]	*[1]	Sonstiges vorhanden[1]	*[1]	*[1]	*[1]	Contra B[1]	*[1]	_	_	Hauptteil[7]	1. Claim[12]	
4-22	362-364	es	3. Nicht zutreffend[1]	3. Nicht zutreffend[1]	1. Verständlich[1]	*[1]	*[1]	*[1]	*[1]	Sonstiges vorhanden[1]	*[1]	*[1]	*[1]	Contra B[1]	*[1]	_	_	Hauptteil[7]	1. Claim[12]	
4-23	365-370	nicht	3. Nicht zutreffend[1]	3. Nicht zutreffend[1]	1. Verständlich[1]	*[1]	*[1]	*[1]	*[1]	Sonstiges vorhanden[1]	*[1]	*[1]	*[1]	Contra B[1]	*[1]	_	_	Hauptteil[7]	1. Claim[12]	
4-24	371-374	als	3. Nicht zutreffend[1]	3. Nicht zutreffend[1]	1. Verständlich[1]	*[1]	*[1]	*[1]	*[1]	Sonstiges vorhanden[1]	*[1]	*[1]	*[1]	Contra B[1]	*[1]	_	_	Hauptteil[7]	1. Claim[12]	
4-25	375-381	Lösung	3. Nicht zutreffend[1]	3. Nicht zutreffend[1]	1. Verständlich[1]	*[1]	*[1]	*[1]	*[1]	Sonstiges vorhanden[1]	*[1]	*[1]	*[1]	Contra B[1]	*[1]	_	_	Hauptteil[7]	1. Claim[12]	
4-26	382-385	für	3. Nicht zutreffend[1]	3. Nicht zutreffend[1]	1. Verständlich[1]	*[1]	*[1]	*[1]	*[1]	Sonstiges vorhanden[1]	*[1]	*[1]	*[1]	Contra B[1]	*[1]	_	_	Hauptteil[7]	1. Claim[12]	
4-27	386-389	die	3. Nicht zutreffend[1]	3. Nicht zutreffend[1]	1. Verständlich[1]	*[1]	*[1]	*[1]	*[1]	Sonstiges vorhanden[1]	*[1]	*[1]	*[1]	Contra B[1]	*[1]	_	_	Hauptteil[7]	1. Claim[12]	
4-28	390-395	ganze	3. Nicht zutreffend[1]	3. Nicht zutreffend[1]	1. Verständlich[1]	*[1]	*[1]	*[1]	*[1]	Sonstiges vorhanden[1]	*[1]	*[1]	*[1]	Contra B[1]	*[1]	_	_	Hauptteil[7]	1. Claim[12]	
4-29	396-402	Fläche	3. Nicht zutreffend[1]	3. Nicht zutreffend[1]	1. Verständlich[1]	*[1]	*[1]	*[1]	*[1]	Sonstiges vorhanden[1]	*[1]	*[1]	*[1]	Contra B[1]	*[1]	_	_	Hauptteil[7]	1. Claim[12]	
4-30	403-409	wählen	3. Nicht zutreffend[1]	3. Nicht zutreffend[1]	1. Verständlich[1]	*[1]	*[1]	*[1]	*[1]	Sonstiges vorhanden[1]	*[1]	*[1]	*[1]	Contra B[1]	*[1]	_	_	Hauptteil[7]	1. Claim[12]	
4-31	409-410	.	3. Nicht zutreffend[1]	3. Nicht zutreffend[1]	1. Verständlich[1]	*[1]	*[1]	*[1]	*[1]	Sonstiges vorhanden[1]	*[1]	*[1]	*[1]	Contra B[1]	*[1]	_	_	Hauptteil[7]	1. Claim[12]	

5-1	414-422	Außerdem	1. Richtig[2]	1. Angemessen[2]	1. Verständlich[2]	*[2]	*[2]	*[2]	*[2]	*[2]	*[2]	Wirkungsgrad vorhanden[2]	Pro A[2]	Contra B[2]	Contra C[2]	_	_	Hauptteil[7]	2. Data[13]	
5-2	423-426	ist	1. Richtig[2]	1. Angemessen[2]	1. Verständlich[2]	*[2]	*[2]	*[2]	*[2]	*[2]	*[2]	Wirkungsgrad vorhanden[2]	Pro A[2]	Contra B[2]	Contra C[2]	_	_	Hauptteil[7]	2. Data[13]	
5-3	427-430	der	1. Richtig[2]	1. Angemessen[2]	1. Verständlich[2]	*[2]	*[2]	*[2]	*[2]	*[2]	*[2]	Wirkungsgrad vorhanden[2]	Pro A[2]	Contra B[2]	Contra C[2]	_	_	Hauptteil[7]	2. Data[13]	
5-4	431-443	Wirkungsgrad	1. Richtig[2]	1. Angemessen[2]	1. Verständlich[2]	*[2]	*[2]	*[2]	*[2]	*[2]	*[2]	Wirkungsgrad vorhanden[2]	Pro A[2]	Contra B[2]	Contra C[2]	_	_	Hauptteil[7]	2. Data[13]	
5-5	444-447	der	1. Richtig[2]	1. Angemessen[2]	1. Verständlich[2]	*[2]	*[2]	*[2]	*[2]	*[2]	*[2]	Wirkungsgrad vorhanden[2]	Pro A[2]	Contra B[2]	Contra C[2]	_	_	Hauptteil[7]	2. Data[13]	
5-6	448-465	Wasserkraftanlage	1. Richtig[2]	1. Angemessen[2]	1. Verständlich[2]	*[2]	*[2]	*[2]	*[2]	*[2]	*[2]	Wirkungsgrad vorhanden[2]	Pro A[2]	Contra B[2]	Contra C[2]	_	_	Hauptteil[7]	2. Data[13]	
5-7	466-468	um	1. Richtig[2]	1. Angemessen[2]	1. Verständlich[2]	*[2]	*[2]	*[2]	*[2]	*[2]	*[2]	Wirkungsgrad vorhanden[2]	Pro A[2]	Contra B[2]	Contra C[2]	_	_	Hauptteil[7]	2. Data[13]	
5-8	469-471	35	1. Richtig[2]	1. Angemessen[2]	1. Verständlich[2]	*[2]	*[2]	*[2]	*[2]	*[2]	*[2]	Wirkungsgrad vorhanden[2]	Pro A[2]	Contra B[2]	Contra C[2]	_	_	Hauptteil[7]	2. Data[13]	
5-9	471-472	-	1. Richtig[2]	1. Angemessen[2]	1. Verständlich[2]	*[2]	*[2]	*[2]	*[2]	*[2]	*[2]	Wirkungsgrad vorhanden[2]	Pro A[2]	Contra B[2]	Contra C[2]	_	_	Hauptteil[7]	2. Data[13]	
5-10	472-475	55%	1. Richtig[2]	1. Angemessen[2]	1. Verständlich[2]	*[2]	*[2]	*[2]	*[2]	*[2]	*[2]	Wirkungsgrad vorhanden[2]	Pro A[2]	Contra B[2]	Contra C[2]	_	_	Hauptteil[7]	2. Data[13]	
5-11	476-481	höher	1. Richtig[2]	1. Angemessen[2]	1. Verständlich[2]	*[2]	*[2]	*[2]	*[2]	*[2]	*[2]	Wirkungsgrad vorhanden[2]	Pro A[2]	Contra B[2]	Contra C[2]	_	_	Hauptteil[7]	2. Data[13]	
5-12	482-485	als	1. Richtig[2]	1. Angemessen[2]	1. Verständlich[2]	*[2]	*[2]	*[2]	*[2]	*[2]	*[2]	Wirkungsgrad vorhanden[2]	Pro A[2]	Contra B[2]	Contra C[2]	_	_	Hauptteil[7]	2. Data[13]	
5-13	486-489	bei	1. Richtig[2]	1. Angemessen[2]	1. Verständlich[2]	*[2]	*[2]	*[2]	*[2]	*[2]	*[2]	Wirkungsgrad vorhanden[2]	Pro A[2]	Contra B[2]	Contra C[2]	_	_	Hauptteil[7]	2. Data[13]	
5-14	490-493	den	1. Richtig[2]	1. Angemessen[2]	1. Verständlich[2]	*[2]	*[2]	*[2]	*[2]	*[2]	*[2]	Wirkungsgrad vorhanden[2]	Pro A[2]	Contra B[2]	Contra C[2]	_	_	Hauptteil[7]	2. Data[13]	
5-15	494-501	anderen	1. Richtig[2]	1. Angemessen[2]	1. Verständlich[2]	*[2]	*[2]	*[2]	*[2]	*[2]	*[2]	Wirkungsgrad vorhanden[2]	Pro A[2]	Contra B[2]	Contra C[2]	_	_	Hauptteil[7]	2. Data[13]	
5-16	501-502	.	1. Richtig[2]	1. Angemessen[2]	1. Verständlich[2]	*[2]	*[2]	*[2]	*[2]	*[2]	*[2]	Wirkungsgrad vorhanden[2]	Pro A[2]	Contra B[2]	Contra C[2]	_	_	Hauptteil[7]	2. Data[13]	

6-1	505-511	beiden	1. Richtig[2]	1. Angemessen[2]	1. Verständlich[2]	*[2]	*[2]	*[2]	*[2]	*[2]	*[2]	Wirkungsgrad vorhanden[2]	Pro A[2]	Contra B[2]	Contra C[2]	_	_	Hauptteil[7]	2. Data[14]	
6-2	511-512	.	1. Richtig[2]	1. Angemessen[2]	1. Verständlich[2]	*[2]	*[2]	*[2]	*[2]	*[2]	*[2]	Wirkungsgrad vorhanden[2]	Pro A[2]	Contra B[2]	Contra C[2]	_	_	Hauptteil[7]	2. Data[14]	

7-1	514-518	wenn	1. Richtig[3]	1. Angemessen[3]	1. Verständlich[3]	*[3]	*[3]	Emissionen vorhanden[3]	*[3]	*[3]	*[3]	*[3]	Unklar A[3]	*[3]	*[3]	_	_	Hauptteil[7]	1. Claim[15]	
7-2	519-522	man	1. Richtig[3]	1. Angemessen[3]	1. Verständlich[3]	*[3]	*[3]	Emissionen vorhanden[3]	*[3]	*[3]	*[3]	*[3]	Unklar A[3]	*[3]	*[3]	_	_	Hauptteil[7]	1. Claim[15]	
7-3	523-526	die	1. Richtig[3]	1. Angemessen[3]	1. Verständlich[3]	*[3]	*[3]	Emissionen vorhanden[3]	*[3]	*[3]	*[3]	*[3]	Unklar A[3]	*[3]	*[3]	_	_	Hauptteil[7]	1. Claim[15]	
7-4	527-544	Wasserkraftanlage	1. Richtig[3]	1. Angemessen[3]	1. Verständlich[3]	*[3]	*[3]	Emissionen vorhanden[3]	*[3]	*[3]	*[3]	*[3]	Unklar A[3]	*[3]	*[3]	_	_	Hauptteil[7]	1. Claim[15]	
7-5	545-550	etwas	1. Richtig[3]	1. Angemessen[3]	1. Verständlich[3]	*[3]	*[3]	Emissionen vorhanden[3]	*[3]	*[3]	*[3]	*[3]	Unklar A[3]	*[3]	*[3]	_	_	Hauptteil[7]	1. Claim[15]	
7-6	551-558	Abseits	1. Richtig[3]	1. Angemessen[3]	1. Verständlich[3]	*[3]	*[3]	Emissionen vorhanden[3]	*[3]	*[3]	*[3]	*[3]	Unklar A[3]	*[3]	*[3]	_	_	Hauptteil[7]	1. Claim[15]	
7-7	559-562	des	1. Richtig[3]	1. Angemessen[3]	1. Verständlich[3]	*[3]	*[3]	Emissionen vorhanden[3]	*[3]	*[3]	*[3]	*[3]	Unklar A[3]	*[3]	*[3]	_	_	Hauptteil[7]	1. Claim[15]	
7-8	563-570	Bezirks	1. Richtig[3]	1. Angemessen[3]	1. Verständlich[3]	*[3]	*[3]	Emissionen vorhanden[3]	*[3]	*[3]	*[3]	*[3]	Unklar A[3]	*[3]	*[3]	_	_	Hauptteil[7]	1. Claim[15]	
7-9	571-575	baut	1. Richtig[3]	1. Angemessen[3]	1. Verständlich[3]	*[3]	*[3]	Emissionen vorhanden[3]	*[3]	*[3]	*[3]	*[3]	Unklar A[3]	*[3]	*[3]	_	_	Hauptteil[7]	1. Claim[15]	
7-10	575-576	,	1. Richtig[3]	1. Angemessen[3]	1. Verständlich[3]	*[3]	*[3]	Emissionen vorhanden[3]	*[3]	*[3]	*[3]	*[3]	Unklar A[3]	*[3]	*[3]	_	_	Hauptteil[7]	1. Claim[15]	
7-11	577-581	also	1. Richtig[3]	1. Angemessen[3]	1. Verständlich[3]	*[3]	*[3]	Emissionen vorhanden[3]	*[3]	*[3]	*[3]	*[3]	Unklar A[3]	*[3]	*[3]	_	_	Hauptteil[7]	1. Claim[15]	
7-12	582-584	am	1. Richtig[3]	1. Angemessen[3]	1. Verständlich[3]	*[3]	*[3]	Emissionen vorhanden[3]	*[3]	*[3]	*[3]	*[3]	Unklar A[3]	*[3]	*[3]	_	_	Hauptteil[7]	1. Claim[15]	
7-13	585-590	Rande	1. Richtig[3]	1. Angemessen[3]	1. Verständlich[3]	*[3]	*[3]	Emissionen vorhanden[3]	*[3]	*[3]	*[3]	*[3]	Unklar A[3]	*[3]	*[3]	_	_	Hauptteil[7]	1. Claim[15]	
7-14	590-591	,	1. Richtig[3]	1. Angemessen[3]	1. Verständlich[3]	*[3]	*[3]	Emissionen vorhanden[3]	*[3]	*[3]	*[3]	*[3]	Unklar A[3]	*[3]	*[3]	_	_	Hauptteil[7]	1. Claim[15]	
7-15	592-596	dann	1. Richtig[3]	1. Angemessen[3]	1. Verständlich[3]	*[3]	*[3]	Emissionen vorhanden[3]	*[3]	*[3]	*[3]	*[3]	Unklar A[3]	*[3]	*[3]	_	_	Hauptteil[7]	1. Claim[15]	
7-16	597-603	stören	1. Richtig[3]	1. Angemessen[3]	1. Verständlich[3]	*[3]	*[3]	Emissionen vorhanden[3]	*[3]	*[3]	*[3]	*[3]	Unklar A[3]	*[3]	*[3]	_	_	Hauptteil[7]	1. Claim[15]	
7-17	604-607	die	1. Richtig[3]	1. Angemessen[3]	1. Verständlich[3]	*[3]	*[3]	Emissionen vorhanden[3]	*[3]	*[3]	*[3]	*[3]	Unklar A[3]	*[3]	*[3]	_	_	Hauptteil[7]	1. Claim[15]	
7-18	608-616	Bewohner	1. Richtig[3]	1. Angemessen[3]	1. Verständlich[3]	*[3]	*[3]	Emissionen vorhanden[3]	*[3]	*[3]	*[3]	*[3]	Unklar A[3]	*[3]	*[3]	_	_	Hauptteil[7]	1. Claim[15]	
7-19	617-620	die	1. Richtig[3]	1. Angemessen[3]	1. Verständlich[3]	*[3]	*[3]	Emissionen vorhanden[3]	*[3]	*[3]	*[3]	*[3]	Unklar A[3]	*[3]	*[3]	_	_	Hauptteil[7]	1. Claim[15]	
7-20	621-624	Hör	1. Richtig[3]	1. Angemessen[3]	1. Verständlich[3]	*[3]	*[3]	Emissionen vorhanden[3]	*[3]	*[3]	*[3]	*[3]	Unklar A[3]	*[3]	*[3]	_	_	Hauptteil[7]	1. Claim[15]	
7-21	624-625	-	1. Richtig[3]	1. Angemessen[3]	1. Verständlich[3]	*[3]	*[3]	Emissionen vorhanden[3]	*[3]	*[3]	*[3]	*[3]	Unklar A[3]	*[3]	*[3]	_	_	Hauptteil[7]	1. Claim[15]	
7-22	626-629	und	1. Richtig[3]	1. Angemessen[3]	1. Verständlich[3]	*[3]	*[3]	Emissionen vorhanden[3]	*[3]	*[3]	*[3]	*[3]	Unklar A[3]	*[3]	*[3]	_	_	Hauptteil[7]	1. Claim[15]	
7-23	630-650	Infraschallgeräusche	1. Richtig[3]	1. Angemessen[3]	1. Verständlich[3]	*[3]	*[3]	Emissionen vorhanden[3]	*[3]	*[3]	*[3]	*[3]	Unklar A[3]	*[3]	*[3]	_	_	Hauptteil[7]	1. Claim[15]	
7-24	651-656	nicht	1. Richtig[3]	1. Angemessen[3]	1. Verständlich[3]	*[3]	*[3]	Emissionen vorhanden[3]	*[3]	*[3]	*[3]	*[3]	Unklar A[3]	*[3]	*[3]	_	_	Hauptteil[7]	1. Claim[15]	
7-25	656-657	.	1. Richtig[3]	1. Angemessen[3]	1. Verständlich[3]	*[3]	*[3]	Emissionen vorhanden[3]	*[3]	*[3]	*[3]	*[3]	Unklar A[3]	*[3]	*[3]	_	_	Hauptteil[7]	1. Claim[15]	

8-1	659-662	Die	1. Richtig[4]	1. Angemessen[4]	1. Verständlich[4]	*[4]	Lebensdauer/Verfügbarkeit vorhanden[4]	*[4]	Preis/Betrieb vorhanden[4]	*[4]	*[4]	*[4]	Pro A[4]	Contra B[4]	Contra C[4]	_	_	Hauptteil[7]	2. Data[16]	
8-2	663-674	Lebensdauer	1. Richtig[4]	1. Angemessen[4]	1. Verständlich[4]	*[4]	Lebensdauer/Verfügbarkeit vorhanden[4]	*[4]	Preis/Betrieb vorhanden[4]	*[4]	*[4]	*[4]	Pro A[4]	Contra B[4]	Contra C[4]	_	_	Hauptteil[7]	2. Data[16]	
8-3	675-680	einer	1. Richtig[4]	1. Angemessen[4]	1. Verständlich[4]	*[4]	Lebensdauer/Verfügbarkeit vorhanden[4]	*[4]	Preis/Betrieb vorhanden[4]	*[4]	*[4]	*[4]	Pro A[4]	Contra B[4]	Contra C[4]	_	_	Hauptteil[7]	2. Data[16]	
8-4	681-687	Anlage	1. Richtig[4]	1. Angemessen[4]	1. Verständlich[4]	*[4]	Lebensdauer/Verfügbarkeit vorhanden[4]	*[4]	Preis/Betrieb vorhanden[4]	*[4]	*[4]	*[4]	Pro A[4]	Contra B[4]	Contra C[4]	_	_	Hauptteil[7]	2. Data[16]	
8-5	688-695	beträgt	1. Richtig[4]	1. Angemessen[4]	1. Verständlich[4]	*[4]	Lebensdauer/Verfügbarkeit vorhanden[4]	*[4]	Preis/Betrieb vorhanden[4]	*[4]	*[4]	*[4]	Pro A[4]	Contra B[4]	Contra C[4]	_	_	Hauptteil[7]	2. Data[16]	
8-6	696-698	80	1. Richtig[4]	1. Angemessen[4]	1. Verständlich[4]	*[4]	Lebensdauer/Verfügbarkeit vorhanden[4]	*[4]	Preis/Betrieb vorhanden[4]	*[4]	*[4]	*[4]	Pro A[4]	Contra B[4]	Contra C[4]	_	_	Hauptteil[7]	2. Data[16]	
8-7	699-704	Jahre	1. Richtig[4]	1. Angemessen[4]	1. Verständlich[4]	*[4]	Lebensdauer/Verfügbarkeit vorhanden[4]	*[4]	Preis/Betrieb vorhanden[4]	*[4]	*[4]	*[4]	Pro A[4]	Contra B[4]	Contra C[4]	_	_	Hauptteil[7]	2. Data[16]	
8-8	704-705	,	1. Richtig[4]	1. Angemessen[4]	1. Verständlich[4]	*[4]	Lebensdauer/Verfügbarkeit vorhanden[4]	*[4]	Preis/Betrieb vorhanden[4]	*[4]	*[4]	*[4]	Pro A[4]	Contra B[4]	Contra C[4]	_	_	Hauptteil[7]	2. Data[16]	
8-9	706-712	welche	1. Richtig[4]	1. Angemessen[4]	1. Verständlich[4]	*[4]	Lebensdauer/Verfügbarkeit vorhanden[4]	*[4]	Preis/Betrieb vorhanden[4]	*[4]	*[4]	*[4]	Pro A[4]	Contra B[4]	Contra C[4]	_	_	Hauptteil[7]	2. Data[17]	
8-10	713-717	viel	1. Richtig[4]	1. Angemessen[4]	1. Verständlich[4]	*[4]	Lebensdauer/Verfügbarkeit vorhanden[4]	*[4]	Preis/Betrieb vorhanden[4]	*[4]	*[4]	*[4]	Pro A[4]	Contra B[4]	Contra C[4]	_	_	Hauptteil[7]	2. Data[17]	
8-11	718-723	höher	1. Richtig[4]	1. Angemessen[4]	1. Verständlich[4]	*[4]	Lebensdauer/Verfügbarkeit vorhanden[4]	*[4]	Preis/Betrieb vorhanden[4]	*[4]	*[4]	*[4]	Pro A[4]	Contra B[4]	Contra C[4]	_	_	Hauptteil[7]	2. Data[17]	
8-12	724-727	ist	1. Richtig[4]	1. Angemessen[4]	1. Verständlich[4]	*[4]	Lebensdauer/Verfügbarkeit vorhanden[4]	*[4]	Preis/Betrieb vorhanden[4]	*[4]	*[4]	*[4]	Pro A[4]	Contra B[4]	Contra C[4]	_	_	Hauptteil[7]	2. Data[17]	
8-13	727-728	,	1. Richtig[4]	1. Angemessen[4]	1. Verständlich[4]	*[4]	Lebensdauer/Verfügbarkeit vorhanden[4]	*[4]	Preis/Betrieb vorhanden[4]	*[4]	*[4]	*[4]	Pro A[4]	Contra B[4]	Contra C[4]	_	_	Hauptteil[7]	2. Data[17]	
8-14	729-732	als	1. Richtig[4]	1. Angemessen[4]	1. Verständlich[4]	*[4]	Lebensdauer/Verfügbarkeit vorhanden[4]	*[4]	Preis/Betrieb vorhanden[4]	*[4]	*[4]	*[4]	Pro A[4]	Contra B[4]	Contra C[4]	_	_	Hauptteil[7]	2. Data[17]	
8-15	733-736	bei	1. Richtig[4]	1. Angemessen[4]	1. Verständlich[4]	*[4]	Lebensdauer/Verfügbarkeit vorhanden[4]	*[4]	Preis/Betrieb vorhanden[4]	*[4]	*[4]	*[4]	Pro A[4]	Contra B[4]	Contra C[4]	_	_	Hauptteil[7]	2. Data[17]	
8-16	737-740	dem	1. Richtig[4]	1. Angemessen[4]	1. Verständlich[4]	*[4]	Lebensdauer/Verfügbarkeit vorhanden[4]	*[4]	Preis/Betrieb vorhanden[4]	*[4]	*[4]	*[4]	Pro A[4]	Contra B[4]	Contra C[4]	_	_	Hauptteil[7]	2. Data[17]	
8-17	741-746	Solar	1. Richtig[4]	1. Angemessen[4]	1. Verständlich[4]	*[4]	Lebensdauer/Verfügbarkeit vorhanden[4]	*[4]	Preis/Betrieb vorhanden[4]	*[4]	*[4]	*[4]	Pro A[4]	Contra B[4]	Contra C[4]	_	_	Hauptteil[7]	2. Data[17]	
8-18	746-747	-	1. Richtig[4]	1. Angemessen[4]	1. Verständlich[4]	*[4]	Lebensdauer/Verfügbarkeit vorhanden[4]	*[4]	Preis/Betrieb vorhanden[4]	*[4]	*[4]	*[4]	Pro A[4]	Contra B[4]	Contra C[4]	_	_	Hauptteil[7]	2. Data[17]	
8-19	748-752	oder	1. Richtig[4]	1. Angemessen[4]	1. Verständlich[4]	*[4]	Lebensdauer/Verfügbarkeit vorhanden[4]	*[4]	Preis/Betrieb vorhanden[4]	*[4]	*[4]	*[4]	Pro A[4]	Contra B[4]	Contra C[4]	_	_	Hauptteil[7]	2. Data[17]	
8-20	753-762	Windparks	1. Richtig[4]	1. Angemessen[4]	1. Verständlich[4]	*[4]	Lebensdauer/Verfügbarkeit vorhanden[4]	*[4]	Preis/Betrieb vorhanden[4]	*[4]	*[4]	*[4]	Pro A[4]	Contra B[4]	Contra C[4]	_	_	Hauptteil[7]	2. Data[17]	
8-21	763-766	mit	1. Richtig[4]	1. Angemessen[4]	1. Verständlich[4]	*[4]	Lebensdauer/Verfügbarkeit vorhanden[4]	*[4]	Preis/Betrieb vorhanden[4]	*[4]	*[4]	*[4]	Pro A[4]	Contra B[4]	Contra C[4]	_	_	Hauptteil[7]	2. Data[17]	
8-22	767-769	20	1. Richtig[4]	1. Angemessen[4]	1. Verständlich[4]	*[4]	Lebensdauer/Verfügbarkeit vorhanden[4]	*[4]	Preis/Betrieb vorhanden[4]	*[4]	*[4]	*[4]	Pro A[4]	Contra B[4]	Contra C[4]	_	_	Hauptteil[7]	2. Data[17]	
8-23	770-773	und	1. Richtig[4]	1. Angemessen[4]	1. Verständlich[4]	*[4]	Lebensdauer/Verfügbarkeit vorhanden[4]	*[4]	Preis/Betrieb vorhanden[4]	*[4]	*[4]	*[4]	Pro A[4]	Contra B[4]	Contra C[4]	_	_	Hauptteil[7]	2. Data[17]	
8-24	774-776	30	1. Richtig[4]	1. Angemessen[4]	1. Verständlich[4]	*[4]	Lebensdauer/Verfügbarkeit vorhanden[4]	*[4]	Preis/Betrieb vorhanden[4]	*[4]	*[4]	*[4]	Pro A[4]	Contra B[4]	Contra C[4]	_	_	Hauptteil[7]	2. Data[17]	
8-25	777-783	Jahren	1. Richtig[4]	1. Angemessen[4]	1. Verständlich[4]	*[4]	Lebensdauer/Verfügbarkeit vorhanden[4]	*[4]	Preis/Betrieb vorhanden[4]	*[4]	*[4]	*[4]	Pro A[4]	Contra B[4]	Contra C[4]	_	_	Hauptteil[7]	2. Data[17]	
8-26	784-795	Lebensdauer	1. Richtig[4]	1. Angemessen[4]	1. Verständlich[4]	*[4]	Lebensdauer/Verfügbarkeit vorhanden[4]	*[4]	Preis/Betrieb vorhanden[4]	*[4]	*[4]	*[4]	Pro A[4]	Contra B[4]	Contra C[4]	_	_	Hauptteil[7]	2. Data[17]	
8-27	795-796	.	1. Richtig[4]	1. Angemessen[4]	1. Verständlich[4]	*[4]	Lebensdauer/Verfügbarkeit vorhanden[4]	*[4]	Preis/Betrieb vorhanden[4]	*[4]	*[4]	*[4]	Pro A[4]	Contra B[4]	Contra C[4]	_	_	Hauptteil[7]	2. Data[17]	

9-1	800-805	Heißt	1. Richtig[4]	1. Angemessen[4]	1. Verständlich[4]	*[4]	Lebensdauer/Verfügbarkeit vorhanden[4]	*[4]	Preis/Betrieb vorhanden[4]	*[4]	*[4]	*[4]	Pro A[4]	Contra B[4]	Contra C[4]	_	_	Hauptteil[7]	2. Data[18]	
9-2	805-806	,	1. Richtig[4]	1. Angemessen[4]	1. Verständlich[4]	*[4]	Lebensdauer/Verfügbarkeit vorhanden[4]	*[4]	Preis/Betrieb vorhanden[4]	*[4]	*[4]	*[4]	Pro A[4]	Contra B[4]	Contra C[4]	_	_	Hauptteil[7]	2. Data[18]	
9-3	807-811	wenn	1. Richtig[4]	1. Angemessen[4]	1. Verständlich[4]	*[4]	Lebensdauer/Verfügbarkeit vorhanden[4]	*[4]	Preis/Betrieb vorhanden[4]	*[4]	*[4]	*[4]	Pro A[4]	Contra B[4]	Contra C[4]	_	_	Hauptteil[7]	2. Data[18]	
9-4	812-815	man	1. Richtig[4]	1. Angemessen[4]	1. Verständlich[4]	*[4]	Lebensdauer/Verfügbarkeit vorhanden[4]	*[4]	Preis/Betrieb vorhanden[4]	*[4]	*[4]	*[4]	Pro A[4]	Contra B[4]	Contra C[4]	_	_	Hauptteil[7]	2. Data[18]	
9-5	816-819	ein	1. Richtig[4]	1. Angemessen[4]	1. Verständlich[4]	*[4]	Lebensdauer/Verfügbarkeit vorhanden[4]	*[4]	Preis/Betrieb vorhanden[4]	*[4]	*[4]	*[4]	Pro A[4]	Contra B[4]	Contra C[4]	_	_	Hauptteil[7]	2. Data[18]	
9-6	820-824	paar	1. Richtig[4]	1. Angemessen[4]	1. Verständlich[4]	*[4]	Lebensdauer/Verfügbarkeit vorhanden[4]	*[4]	Preis/Betrieb vorhanden[4]	*[4]	*[4]	*[4]	Pro A[4]	Contra B[4]	Contra C[4]	_	_	Hauptteil[7]	2. Data[18]	
9-7	825-843	Wasserkraftanlagen	1. Richtig[4]	1. Angemessen[4]	1. Verständlich[4]	*[4]	Lebensdauer/Verfügbarkeit vorhanden[4]	*[4]	Preis/Betrieb vorhanden[4]	*[4]	*[4]	*[4]	Pro A[4]	Contra B[4]	Contra C[4]	_	_	Hauptteil[7]	2. Data[18]	
9-8	844-848	baut	1. Richtig[4]	1. Angemessen[4]	1. Verständlich[4]	*[4]	Lebensdauer/Verfügbarkeit vorhanden[4]	*[4]	Preis/Betrieb vorhanden[4]	*[4]	*[4]	*[4]	Pro A[4]	Contra B[4]	Contra C[4]	_	_	Hauptteil[7]	2. Data[18]	
9-9	848-849	,	1. Richtig[4]	1. Angemessen[4]	1. Verständlich[4]	*[4]	Lebensdauer/Verfügbarkeit vorhanden[4]	*[4]	Preis/Betrieb vorhanden[4]	*[4]	*[4]	*[4]	Pro A[4]	Contra B[4]	Contra C[4]	_	_	Hauptteil[7]	2. Data[18]	
9-10	850-852	in	1. Richtig[4]	1. Angemessen[4]	1. Verständlich[4]	*[4]	Lebensdauer/Verfügbarkeit vorhanden[4]	*[4]	Preis/Betrieb vorhanden[4]	*[4]	*[4]	*[4]	Pro A[4]	Contra B[4]	Contra C[4]	_	_	Hauptteil[7]	2. Data[18]	
9-11	853-856	die	1. Richtig[4]	1. Angemessen[4]	1. Verständlich[4]	*[4]	Lebensdauer/Verfügbarkeit vorhanden[4]	*[4]	Preis/Betrieb vorhanden[4]	*[4]	*[4]	*[4]	Pro A[4]	Contra B[4]	Contra C[4]	_	_	Hauptteil[7]	2. Data[18]	
9-12	857-860	man	1. Richtig[4]	1. Angemessen[4]	1. Verständlich[4]	*[4]	Lebensdauer/Verfügbarkeit vorhanden[4]	*[4]	Preis/Betrieb vorhanden[4]	*[4]	*[4]	*[4]	Pro A[4]	Contra B[4]	Contra C[4]	_	_	Hauptteil[7]	2. Data[18]	
9-13	861-871	allerdings	1. Richtig[4]	1. Angemessen[4]	1. Verständlich[4]	*[4]	Lebensdauer/Verfügbarkeit vorhanden[4]	*[4]	Preis/Betrieb vorhanden[4]	*[4]	*[4]	*[4]	Pro A[4]	Contra B[4]	Contra C[4]	_	_	Hauptteil[7]	2. Data[18]	
9-14	872-874	59	1. Richtig[4]	1. Angemessen[4]	1. Verständlich[4]	*[4]	Lebensdauer/Verfügbarkeit vorhanden[4]	*[4]	Preis/Betrieb vorhanden[4]	*[4]	*[4]	*[4]	Pro A[4]	Contra B[4]	Contra C[4]	_	_	Hauptteil[7]	2. Data[18]	
9-15	875-884	Millionen	1. Richtig[4]	1. Angemessen[4]	1. Verständlich[4]	*[4]	Lebensdauer/Verfügbarkeit vorhanden[4]	*[4]	Preis/Betrieb vorhanden[4]	*[4]	*[4]	*[4]	Pro A[4]	Contra B[4]	Contra C[4]	_	_	Hauptteil[7]	2. Data[18]	
9-16	885-889	Euro	1. Richtig[4]	1. Angemessen[4]	1. Verständlich[4]	*[4]	Lebensdauer/Verfügbarkeit vorhanden[4]	*[4]	Preis/Betrieb vorhanden[4]	*[4]	*[4]	*[4]	Pro A[4]	Contra B[4]	Contra C[4]	_	_	Hauptteil[7]	2. Data[18]	
9-17	890-896	steckt	1. Richtig[4]	1. Angemessen[4]	1. Verständlich[4]	*[4]	Lebensdauer/Verfügbarkeit vorhanden[4]	*[4]	Preis/Betrieb vorhanden[4]	*[4]	*[4]	*[4]	Pro A[4]	Contra B[4]	Contra C[4]	_	_	Hauptteil[7]	2. Data[18]	
9-18	896-897	,	1. Richtig[4]	1. Angemessen[4]	1. Verständlich[4]	*[4]	Lebensdauer/Verfügbarkeit vorhanden[4]	*[4]	Preis/Betrieb vorhanden[4]	*[4]	*[4]	*[4]	Pro A[4]	Contra B[4]	Contra C[4]	_	_	Hauptteil[7]	2. Data[18]	
9-19	898-900	so	1. Richtig[4]	1. Angemessen[4]	1. Verständlich[4]	*[4]	Lebensdauer/Verfügbarkeit vorhanden[4]	*[4]	Preis/Betrieb vorhanden[4]	*[4]	*[4]	*[4]	Pro A[4]	Contra B[4]	Contra C[4]	_	_	Hauptteil[7]	3. Warrant[19]	
9-20	901-905	muss	1. Richtig[4]	1. Angemessen[4]	1. Verständlich[4]	*[4]	Lebensdauer/Verfügbarkeit vorhanden[4]	*[4]	Preis/Betrieb vorhanden[4]	*[4]	*[4]	*[4]	Pro A[4]	Contra B[4]	Contra C[4]	_	_	Hauptteil[7]	3. Warrant[19]	
9-21	906-909	man	1. Richtig[4]	1. Angemessen[4]	1. Verständlich[4]	*[4]	Lebensdauer/Verfügbarkeit vorhanden[4]	*[4]	Preis/Betrieb vorhanden[4]	*[4]	*[4]	*[4]	Pro A[4]	Contra B[4]	Contra C[4]	_	_	Hauptteil[7]	3. Warrant[19]	
9-22	910-913	sie	1. Richtig[4]	1. Angemessen[4]	1. Verständlich[4]	*[4]	Lebensdauer/Verfügbarkeit vorhanden[4]	*[4]	Preis/Betrieb vorhanden[4]	*[4]	*[4]	*[4]	Pro A[4]	Contra B[4]	Contra C[4]	_	_	Hauptteil[7]	3. Warrant[19]	
9-23	914-919	nicht	1. Richtig[4]	1. Angemessen[4]	1. Verständlich[4]	*[4]	Lebensdauer/Verfügbarkeit vorhanden[4]	*[4]	Preis/Betrieb vorhanden[4]	*[4]	*[4]	*[4]	Pro A[4]	Contra B[4]	Contra C[4]	_	_	Hauptteil[7]	3. Warrant[19]	
9-24	920-924	alle	1. Richtig[4]	1. Angemessen[4]	1. Verständlich[4]	*[4]	Lebensdauer/Verfügbarkeit vorhanden[4]	*[4]	Preis/Betrieb vorhanden[4]	*[4]	*[4]	*[4]	Pro A[4]	Contra B[4]	Contra C[4]	_	_	Hauptteil[7]	3. Warrant[19]	
9-25	925-930	Jahre	1. Richtig[4]	1. Angemessen[4]	1. Verständlich[4]	*[4]	Lebensdauer/Verfügbarkeit vorhanden[4]	*[4]	Preis/Betrieb vorhanden[4]	*[4]	*[4]	*[4]	Pro A[4]	Contra B[4]	Contra C[4]	_	_	Hauptteil[7]	3. Warrant[19]	
9-26	931-939	erneuern	1. Richtig[4]	1. Angemessen[4]	1. Verständlich[4]	*[4]	Lebensdauer/Verfügbarkeit vorhanden[4]	*[4]	Preis/Betrieb vorhanden[4]	*[4]	*[4]	*[4]	Pro A[4]	Contra B[4]	Contra C[4]	_	_	Hauptteil[7]	3. Warrant[19]	
9-27	939-940	.	1. Richtig[4]	1. Angemessen[4]	1. Verständlich[4]	*[4]	Lebensdauer/Verfügbarkeit vorhanden[4]	*[4]	Preis/Betrieb vorhanden[4]	*[4]	*[4]	*[4]	Pro A[4]	Contra B[4]	Contra C[4]	_	_	Hauptteil[7]	3. Warrant[19]	

10-1	942-955	Hochgerechnet	1. Richtig[4]	1. Angemessen[4]	1. Verständlich[4]	*[4]	Lebensdauer/Verfügbarkeit vorhanden[4]	*[4]	Preis/Betrieb vorhanden[4]	*[4]	*[4]	*[4]	Pro A[4]	Contra B[4]	Contra C[4]	_	_	Hauptteil[7]	3. Warrant[20]	
10-2	956-961	wären	1. Richtig[4]	1. Angemessen[4]	1. Verständlich[4]	*[4]	Lebensdauer/Verfügbarkeit vorhanden[4]	*[4]	Preis/Betrieb vorhanden[4]	*[4]	*[4]	*[4]	Pro A[4]	Contra B[4]	Contra C[4]	_	_	Hauptteil[7]	3. Warrant[20]	
10-3	962-965	die	1. Richtig[4]	1. Angemessen[4]	1. Verständlich[4]	*[4]	Lebensdauer/Verfügbarkeit vorhanden[4]	*[4]	Preis/Betrieb vorhanden[4]	*[4]	*[4]	*[4]	Pro A[4]	Contra B[4]	Contra C[4]	_	_	Hauptteil[7]	3. Warrant[20]	
10-4	966-975	Windparks	1. Richtig[4]	1. Angemessen[4]	1. Verständlich[4]	*[4]	Lebensdauer/Verfügbarkeit vorhanden[4]	*[4]	Preis/Betrieb vorhanden[4]	*[4]	*[4]	*[4]	Pro A[4]	Contra B[4]	Contra C[4]	_	_	Hauptteil[7]	3. Warrant[20]	
10-5	976-983	genauso	1. Richtig[4]	1. Angemessen[4]	1. Verständlich[4]	*[4]	Lebensdauer/Verfügbarkeit vorhanden[4]	*[4]	Preis/Betrieb vorhanden[4]	*[4]	*[4]	*[4]	Pro A[4]	Contra B[4]	Contra C[4]	_	_	Hauptteil[7]	3. Warrant[20]	
10-6	984-989	Teuer	1. Richtig[4]	1. Angemessen[4]	1. Verständlich[4]	*[4]	Lebensdauer/Verfügbarkeit vorhanden[4]	*[4]	Preis/Betrieb vorhanden[4]	*[4]	*[4]	*[4]	Pro A[4]	Contra B[4]	Contra C[4]	_	_	Hauptteil[7]	3. Warrant[20]	
10-7	989-990	,	1. Richtig[4]	1. Angemessen[4]	1. Verständlich[4]	*[4]	Lebensdauer/Verfügbarkeit vorhanden[4]	*[4]	Preis/Betrieb vorhanden[4]	*[4]	*[4]	*[4]	Pro A[4]	Contra B[4]	Contra C[4]	_	_	Hauptteil[7]	3. Warrant[20]	
10-8	991-998	nämlich	1. Richtig[4]	1. Angemessen[4]	1. Verständlich[4]	*[4]	Lebensdauer/Verfügbarkeit vorhanden[4]	*[4]	Preis/Betrieb vorhanden[4]	*[4]	*[4]	*[4]	Pro A[4]	Contra B[4]	Contra C[4]	_	_	Hauptteil[7]	3. Warrant[20]	
10-9	999-1002	auf	1. Richtig[4]	1. Angemessen[4]	1. Verständlich[4]	*[4]	Lebensdauer/Verfügbarkeit vorhanden[4]	*[4]	Preis/Betrieb vorhanden[4]	*[4]	*[4]	*[4]	Pro A[4]	Contra B[4]	Contra C[4]	_	_	Hauptteil[7]	3. Warrant[20]	
10-10	1003-1005	80	1. Richtig[4]	1. Angemessen[4]	1. Verständlich[4]	*[4]	Lebensdauer/Verfügbarkeit vorhanden[4]	*[4]	Preis/Betrieb vorhanden[4]	*[4]	*[4]	*[4]	Pro A[4]	Contra B[4]	Contra C[4]	_	_	Hauptteil[7]	3. Warrant[20]	
10-11	1006-1011	Jahre	1. Richtig[4]	1. Angemessen[4]	1. Verständlich[4]	*[4]	Lebensdauer/Verfügbarkeit vorhanden[4]	*[4]	Preis/Betrieb vorhanden[4]	*[4]	*[4]	*[4]	Pro A[4]	Contra B[4]	Contra C[4]	_	_	Hauptteil[7]	3. Warrant[20]	
10-12	1012-1014	56	1. Richtig[4]	1. Angemessen[4]	1. Verständlich[4]	*[4]	Lebensdauer/Verfügbarkeit vorhanden[4]	*[4]	Preis/Betrieb vorhanden[4]	*[4]	*[4]	*[4]	Pro A[4]	Contra B[4]	Contra C[4]	_	_	Hauptteil[7]	3. Warrant[20]	
10-13	1015-1019	Euro	1. Richtig[4]	1. Angemessen[4]	1. Verständlich[4]	*[4]	Lebensdauer/Verfügbarkeit vorhanden[4]	*[4]	Preis/Betrieb vorhanden[4]	*[4]	*[4]	*[4]	Pro A[4]	Contra B[4]	Contra C[4]	_	_	Hauptteil[7]	3. Warrant[20]	
10-14	1019-1020	,	1. Richtig[4]	1. Angemessen[4]	1. Verständlich[4]	*[4]	Lebensdauer/Verfügbarkeit vorhanden[4]	*[4]	Preis/Betrieb vorhanden[4]	*[4]	*[4]	*[4]	Pro A[4]	Contra B[4]	Contra C[4]	_	_	Hauptteil[7]	3. Warrant[20]	
10-15	1021-1024	nur	1. Richtig[4]	1. Angemessen[4]	1. Verständlich[4]	*[4]	Lebensdauer/Verfügbarkeit vorhanden[4]	*[4]	Preis/Betrieb vorhanden[4]	*[4]	*[4]	*[4]	Pro A[4]	Contra B[4]	Contra C[4]	_	_	Hauptteil[7]	3. Warrant[20]	
10-16	1025-1028	mit	1. Richtig[4]	1. Angemessen[4]	1. Verständlich[4]	*[4]	Lebensdauer/Verfügbarkeit vorhanden[4]	*[4]	Preis/Betrieb vorhanden[4]	*[4]	*[4]	*[4]	Pro A[4]	Contra B[4]	Contra C[4]	_	_	Hauptteil[7]	3. Warrant[20]	
10-17	1029-1032	dem	1. Richtig[4]	1. Angemessen[4]	1. Verständlich[4]	*[4]	Lebensdauer/Verfügbarkeit vorhanden[4]	*[4]	Preis/Betrieb vorhanden[4]	*[4]	*[4]	*[4]	Pro A[4]	Contra B[4]	Contra C[4]	_	_	Hauptteil[7]	3. Warrant[20]	
10-18	1033-1041	Nachteil	1. Richtig[4]	1. Angemessen[4]	1. Verständlich[4]	*[4]	Lebensdauer/Verfügbarkeit vorhanden[4]	*[4]	Preis/Betrieb vorhanden[4]	*[4]	*[4]	*[4]	Pro A[4]	Contra B[4]	Contra C[4]	_	_	Hauptteil[7]	3. Warrant[20]	
10-19	1041-1042	,	1. Richtig[4]	1. Angemessen[4]	1. Verständlich[4]	*[4]	Lebensdauer/Verfügbarkeit vorhanden[4]	*[4]	Preis/Betrieb vorhanden[4]	*[4]	*[4]	*[4]	Pro A[4]	Contra B[4]	Contra C[4]	_	_	Hauptteil[7]	3. Warrant[20]	
10-20	1043-1047	dass	1. Richtig[4]	1. Angemessen[4]	1. Verständlich[4]	*[4]	Lebensdauer/Verfügbarkeit vorhanden[4]	*[4]	Preis/Betrieb vorhanden[4]	*[4]	*[4]	*[4]	Pro A[4]	Contra B[4]	Contra C[4]	_	_	Hauptteil[7]	3. Warrant[20]	
10-21	1048-1051	man	1. Richtig[4]	1. Angemessen[4]	1. Verständlich[4]	*[4]	Lebensdauer/Verfügbarkeit vorhanden[4]	*[4]	Preis/Betrieb vorhanden[4]	*[4]	*[4]	*[4]	Pro A[4]	Contra B[4]	Contra C[4]	_	_	Hauptteil[7]	3. Warrant[20]	
10-22	1052-1057	diese	1. Richtig[4]	1. Angemessen[4]	1. Verständlich[4]	*[4]	Lebensdauer/Verfügbarkeit vorhanden[4]	*[4]	Preis/Betrieb vorhanden[4]	*[4]	*[4]	*[4]	Pro A[4]	Contra B[4]	Contra C[4]	_	_	Hauptteil[7]	3. Warrant[20]	
10-23	1058-1062	alle	1. Richtig[4]	1. Angemessen[4]	1. Verständlich[4]	*[4]	Lebensdauer/Verfügbarkeit vorhanden[4]	*[4]	Preis/Betrieb vorhanden[4]	*[4]	*[4]	*[4]	Pro A[4]	Contra B[4]	Contra C[4]	_	_	Hauptteil[7]	3. Warrant[20]	
10-24	1063-1065	20	1. Richtig[4]	1. Angemessen[4]	1. Verständlich[4]	*[4]	Lebensdauer/Verfügbarkeit vorhanden[4]	*[4]	Preis/Betrieb vorhanden[4]	*[4]	*[4]	*[4]	Pro A[4]	Contra B[4]	Contra C[4]	_	_	Hauptteil[7]	3. Warrant[20]	
10-25	1066-1071	Jahre	1. Richtig[4]	1. Angemessen[4]	1. Verständlich[4]	*[4]	Lebensdauer/Verfügbarkeit vorhanden[4]	*[4]	Preis/Betrieb vorhanden[4]	*[4]	*[4]	*[4]	Pro A[4]	Contra B[4]	Contra C[4]	_	_	Hauptteil[7]	3. Warrant[20]	
10-26	1072-1080	erneuern	1. Richtig[4]	1. Angemessen[4]	1. Verständlich[4]	*[4]	Lebensdauer/Verfügbarkeit vorhanden[4]	*[4]	Preis/Betrieb vorhanden[4]	*[4]	*[4]	*[4]	Pro A[4]	Contra B[4]	Contra C[4]	_	_	Hauptteil[7]	3. Warrant[20]	
10-27	1081-1085	muss	1. Richtig[4]	1. Angemessen[4]	1. Verständlich[4]	*[4]	Lebensdauer/Verfügbarkeit vorhanden[4]	*[4]	Preis/Betrieb vorhanden[4]	*[4]	*[4]	*[4]	Pro A[4]	Contra B[4]	Contra C[4]	_	_	Hauptteil[7]	3. Warrant[20]	
10-28	1086-1089	und	1. Richtig[4]	1. Angemessen[4]	1. Verständlich[4]	*[4]	Lebensdauer/Verfügbarkeit vorhanden[4]	*[4]	Preis/Betrieb vorhanden[4]	*[4]	*[4]	*[4]	Pro A[4]	Contra B[4]	Contra C[4]	_	_	Hauptteil[7]	3. Warrant[20]	
10-29	1090-1096	wieder	1. Richtig[4]	1. Angemessen[4]	1. Verständlich[4]	*[4]	Lebensdauer/Verfügbarkeit vorhanden[4]	*[4]	Preis/Betrieb vorhanden[4]	*[4]	*[4]	*[4]	Pro A[4]	Contra B[4]	Contra C[4]	_	_	Hauptteil[7]	3. Warrant[20]	
10-30	1097-1101	Müll	1. Richtig[4]	1. Angemessen[4]	1. Verständlich[4]	*[4]	Lebensdauer/Verfügbarkeit vorhanden[4]	*[4]	Preis/Betrieb vorhanden[4]	*[4]	*[4]	*[4]	Pro A[4]	Contra B[4]	Contra C[4]	_	_	Hauptteil[7]	3. Warrant[20]	
10-31	1102-1110	entsteht	1. Richtig[4]	1. Angemessen[4]	1. Verständlich[4]	*[4]	Lebensdauer/Verfügbarkeit vorhanden[4]	*[4]	Preis/Betrieb vorhanden[4]	*[4]	*[4]	*[4]	Pro A[4]	Contra B[4]	Contra C[4]	_	_	Hauptteil[7]	3. Warrant[20]	
10-32	1111-1114	bei	1. Richtig[4]	1. Angemessen[4]	1. Verständlich[4]	*[4]	Lebensdauer/Verfügbarkeit vorhanden[4]	*[4]	Preis/Betrieb vorhanden[4]	*[4]	*[4]	*[4]	Pro A[4]	Contra B[4]	Contra C[4]	_	_	Hauptteil[7]	3. Warrant[20]	
10-33	1115-1118	der	1. Richtig[4]	1. Angemessen[4]	1. Verständlich[4]	*[4]	Lebensdauer/Verfügbarkeit vorhanden[4]	*[4]	Preis/Betrieb vorhanden[4]	*[4]	*[4]	*[4]	Pro A[4]	Contra B[4]	Contra C[4]	_	_	Hauptteil[7]	3. Warrant[20]	
10-34	1119-1129	Entsorgung	1. Richtig[4]	1. Angemessen[4]	1. Verständlich[4]	*[4]	Lebensdauer/Verfügbarkeit vorhanden[4]	*[4]	Preis/Betrieb vorhanden[4]	*[4]	*[4]	*[4]	Pro A[4]	Contra B[4]	Contra C[4]	_	_	Hauptteil[7]	3. Warrant[20]	
10-35	1130-1133	der	1. Richtig[4]	1. Angemessen[4]	1. Verständlich[4]	*[4]	Lebensdauer/Verfügbarkeit vorhanden[4]	*[4]	Preis/Betrieb vorhanden[4]	*[4]	*[4]	*[4]	Pro A[4]	Contra B[4]	Contra C[4]	_	_	Hauptteil[7]	3. Warrant[20]	
10-36	1134-1139	alten	1. Richtig[4]	1. Angemessen[4]	1. Verständlich[4]	*[4]	Lebensdauer/Verfügbarkeit vorhanden[4]	*[4]	Preis/Betrieb vorhanden[4]	*[4]	*[4]	*[4]	Pro A[4]	Contra B[4]	Contra C[4]	_	_	Hauptteil[7]	3. Warrant[20]	
10-37	1140-1146	Geräte	1. Richtig[4]	1. Angemessen[4]	1. Verständlich[4]	*[4]	Lebensdauer/Verfügbarkeit vorhanden[4]	*[4]	Preis/Betrieb vorhanden[4]	*[4]	*[4]	*[4]	Pro A[4]	Contra B[4]	Contra C[4]	_	_	Hauptteil[7]	3. Warrant[20]	
10-38	1146-1147	.	1. Richtig[4]	1. Angemessen[4]	1. Verständlich[4]	*[4]	Lebensdauer/Verfügbarkeit vorhanden[4]	*[4]	Preis/Betrieb vorhanden[4]	*[4]	*[4]	*[4]	Pro A[4]	Contra B[4]	Contra C[4]	_	_	Hauptteil[7]	3. Warrant[20]	

11-1	1151-1154	Der	1. Richtig[5]	1. Angemessen[5]	2. Schwer verständlich[5]	*[5]	*[5]	*[5]	*[5]	*[5]	Treibhausgasemissionen vorhanden[5]	*[5]	*[5]	Contra B[5]	*[5]	_	_	Hauptteil[7]	1. Claim[21]	
11-2	1155-1164	Solarpark	1. Richtig[5]	1. Angemessen[5]	2. Schwer verständlich[5]	*[5]	*[5]	*[5]	*[5]	*[5]	Treibhausgasemissionen vorhanden[5]	*[5]	*[5]	Contra B[5]	*[5]	_	_	Hauptteil[7]	1. Claim[21]	
11-3	1165-1168	hat	1. Richtig[5]	1. Angemessen[5]	2. Schwer verständlich[5]	*[5]	*[5]	*[5]	*[5]	*[5]	Treibhausgasemissionen vorhanden[5]	*[5]	*[5]	Contra B[5]	*[5]	_	_	Hauptteil[7]	1. Claim[21]	
11-4	1169-1173	viel	1. Richtig[5]	1. Angemessen[5]	2. Schwer verständlich[5]	*[5]	*[5]	*[5]	*[5]	*[5]	Treibhausgasemissionen vorhanden[5]	*[5]	*[5]	Contra B[5]	*[5]	_	_	Hauptteil[7]	1. Claim[21]	
11-5	1174-1176	zu	1. Richtig[5]	1. Angemessen[5]	2. Schwer verständlich[5]	*[5]	*[5]	*[5]	*[5]	*[5]	Treibhausgasemissionen vorhanden[5]	*[5]	*[5]	Contra B[5]	*[5]	_	_	Hauptteil[7]	1. Claim[21]	
11-6	1177-1181	hohe	1. Richtig[5]	1. Angemessen[5]	2. Schwer verständlich[5]	*[5]	*[5]	*[5]	*[5]	*[5]	Treibhausgasemissionen vorhanden[5]	*[5]	*[5]	Contra B[5]	*[5]	_	_	Hauptteil[7]	1. Claim[21]	
11-7	1182-1204	Treibhausgasemissionen	1. Richtig[5]	1. Angemessen[5]	2. Schwer verständlich[5]	*[5]	*[5]	*[5]	*[5]	*[5]	Treibhausgasemissionen vorhanden[5]	*[5]	*[5]	Contra B[5]	*[5]	_	_	Hauptteil[7]	1. Claim[21]	
11-8	1204-1205	,	1. Richtig[5]	1. Angemessen[5]	2. Schwer verständlich[5]	*[5]	*[5]	*[5]	*[5]	*[5]	Treibhausgasemissionen vorhanden[5]	*[5]	*[5]	Contra B[5]	*[5]	_	_	Hauptteil[7]	1. Claim[21]	
11-9	1206-1211	dafür	1. Richtig[5]	1. Angemessen[5]	2. Schwer verständlich[5]	*[5]	*[5]	*[5]	*[5]	*[5]	Treibhausgasemissionen vorhanden[5]	*[5]	*[5]	Contra B[5]	*[5]	_	_	Hauptteil[7]	5. Nicht zutreffend[22]	
11-10	1211-1212	,	1. Richtig[5]	1. Angemessen[5]	2. Schwer verständlich[5]	*[5]	*[5]	*[5]	*[5]	*[5]	Treibhausgasemissionen vorhanden[5]	*[5]	*[5]	Contra B[5]	*[5]	_	_	Hauptteil[7]	5. Nicht zutreffend[22]	
11-11	1213-1217	dass	1. Richtig[5]	1. Angemessen[5]	2. Schwer verständlich[5]	*[5]	*[5]	*[5]	*[5]	*[5]	Treibhausgasemissionen vorhanden[5]	*[5]	*[5]	Contra B[5]	*[5]	_	_	Hauptteil[7]	5. Nicht zutreffend[22]	
11-12	1218-1220	er	1. Richtig[5]	1. Angemessen[5]	2. Schwer verständlich[5]	*[5]	*[5]	*[5]	*[5]	*[5]	Treibhausgasemissionen vorhanden[5]	*[5]	*[5]	Contra B[5]	*[5]	_	_	Hauptteil[7]	5. Nicht zutreffend[22]	
11-13	1221-1224	nur	1. Richtig[5]	1. Angemessen[5]	2. Schwer verständlich[5]	*[5]	*[5]	*[5]	*[5]	*[5]	Treibhausgasemissionen vorhanden[5]	*[5]	*[5]	Contra B[5]	*[5]	_	_	Hauptteil[7]	5. Nicht zutreffend[22]	
11-14	1225-1226	3	1. Richtig[5]	1. Angemessen[5]	2. Schwer verständlich[5]	*[5]	*[5]	*[5]	*[5]	*[5]	Treibhausgasemissionen vorhanden[5]	*[5]	*[5]	Contra B[5]	*[5]	_	_	Hauptteil[7]	5. Nicht zutreffend[22]	
