#FORMAT=WebAnno TSV 3.3
#T_SP=webanno.custom.Argument|Accuracy|Adequacy|Clarity|KriteriumJahresertragEnergiedichte|KriteriumLebensdauerVerfgbarkeit|KriteriumLokaleEmissionenGeruschemissionen|KriteriumPreisBetrieb|KriteriumSonstiges|KriteriumTreibhausgasemissionen|KriteriumWirkungsgrad|OptionA|OptionB|OptionC
#T_SP=webanno.custom.DecisionMakingStrategies|Decision|Gesamtthese
#T_SP=webanno.custom.Struktur|Struktur
#T_SP=webanno.custom.StrukturTAP|TAPArgumente


1-1	0-8	Aufgrund	_	_	_	_	_	_	_	_	_	_	_	_	_	_	_	Einleitung[5]	_	
1-2	9-12	des	_	_	_	_	_	_	_	_	_	_	_	_	_	_	_	Einleitung[5]	_	
1-3	13-18	immer	_	_	_	_	_	_	_	_	_	_	_	_	_	_	_	Einleitung[5]	_	
1-4	19-28	schlimmer	_	_	_	_	_	_	_	_	_	_	_	_	_	_	_	Einleitung[5]	_	
1-5	29-38	werdenden	_	_	_	_	_	_	_	_	_	_	_	_	_	_	_	Einleitung[5]	_	
1-6	39-51	Klimawandels	_	_	_	_	_	_	_	_	_	_	_	_	_	_	_	Einleitung[5]	_	
1-7	51-52	,	_	_	_	_	_	_	_	_	_	_	_	_	_	_	_	Einleitung[5]	_	
1-8	53-57	will	_	_	_	_	_	_	_	_	_	_	_	_	_	_	_	Einleitung[5]	_	
1-9	58-61	die	_	_	_	_	_	_	_	_	_	_	_	_	_	_	_	Einleitung[5]	_	
1-10	62-69	Politik	_	_	_	_	_	_	_	_	_	_	_	_	_	_	_	Einleitung[5]	_	
1-11	70-75	durch	_	_	_	_	_	_	_	_	_	_	_	_	_	_	_	Einleitung[5]	_	
1-12	76-87	erneuerbare	_	_	_	_	_	_	_	_	_	_	_	_	_	_	_	Einleitung[5]	_	
1-13	88-96	Energien	_	_	_	_	_	_	_	_	_	_	_	_	_	_	_	Einleitung[5]	_	
1-14	97-100	wie	_	_	_	_	_	_	_	_	_	_	_	_	_	_	_	Einleitung[5]	_	
1-15	101-104	zum	_	_	_	_	_	_	_	_	_	_	_	_	_	_	_	Einleitung[5]	_	
1-16	105-113	Beispiel	_	_	_	_	_	_	_	_	_	_	_	_	_	_	_	Einleitung[5]	_	
1-17	114-119	einen	_	_	_	_	_	_	_	_	_	_	_	_	_	_	_	Einleitung[5]	_	
1-18	120-135	Windenergiepark	_	_	_	_	_	_	_	_	_	_	_	_	_	_	_	Einleitung[5]	_	
1-19	136-141	einen	_	_	_	_	_	_	_	_	_	_	_	_	_	_	_	Einleitung[5]	_	
1-20	142-151	Solarpark	_	_	_	_	_	_	_	_	_	_	_	_	_	_	_	Einleitung[5]	_	
1-21	152-156	oder	_	_	_	_	_	_	_	_	_	_	_	_	_	_	_	Einleitung[5]	_	
1-22	157-161	eine	_	_	_	_	_	_	_	_	_	_	_	_	_	_	_	Einleitung[5]	_	
1-23	162-179	Wasserkraftanlage	_	_	_	_	_	_	_	_	_	_	_	_	_	_	_	Einleitung[5]	_	
1-24	179-180	,	_	_	_	_	_	_	_	_	_	_	_	_	_	_	_	Einleitung[5]	_	
1-25	181-197	Klimaneutralität	_	_	_	_	_	_	_	_	_	_	_	_	_	_	_	Einleitung[5]	_	
1-26	198-200	in	_	_	_	_	_	_	_	_	_	_	_	_	_	_	_	Einleitung[5]	_	
1-27	201-216	Norddeutschland	_	_	_	_	_	_	_	_	_	_	_	_	_	_	_	Einleitung[5]	_	
1-28	217-225	schaffen	_	_	_	_	_	_	_	_	_	_	_	_	_	_	_	Einleitung[5]	_	
1-29	225-226	.	_	_	_	_	_	_	_	_	_	_	_	_	_	_	_	Einleitung[5]	_	

2-1	227-230	Die	_	_	_	_	_	_	_	_	_	_	_	_	_	_	_	Einleitung[5]	_	
2-2	231-235	oben	_	_	_	_	_	_	_	_	_	_	_	_	_	_	_	Einleitung[5]	_	
2-3	236-246	gennannten	_	_	_	_	_	_	_	_	_	_	_	_	_	_	_	Einleitung[5]	_	
2-4	247-261	Energiewandler	_	_	_	_	_	_	_	_	_	_	_	_	_	_	_	Einleitung[5]	_	
2-5	262-268	stehen	_	_	_	_	_	_	_	_	_	_	_	_	_	_	_	Einleitung[5]	_	
2-6	269-272	zur	_	_	_	_	_	_	_	_	_	_	_	_	_	_	_	Einleitung[5]	_	
2-7	273-280	Debatte	_	_	_	_	_	_	_	_	_	_	_	_	_	_	_	Einleitung[5]	_	
2-8	281-284	und	_	_	_	_	_	_	_	_	_	_	_	_	_	_	_	Einleitung[5]	_	
2-9	285-291	sollen	_	_	_	_	_	_	_	_	_	_	_	_	_	_	_	Einleitung[5]	_	
2-10	292-300	bewertet	_	_	_	_	_	_	_	_	_	_	_	_	_	_	_	Einleitung[5]	_	
2-11	301-307	werden	_	_	_	_	_	_	_	_	_	_	_	_	_	_	_	Einleitung[5]	_	
2-12	308-312	nach	_	_	_	_	_	_	_	_	_	_	_	_	_	_	_	Einleitung[5]	_	
2-13	313-317	drei	_	_	_	_	_	_	_	_	_	_	_	_	_	_	_	Einleitung[5]	_	
2-14	318-330	ausgewählten	_	_	_	_	_	_	_	_	_	_	_	_	_	_	_	Einleitung[5]	_	
2-15	331-340	Kriterien	_	_	_	_	_	_	_	_	_	_	_	_	_	_	_	Einleitung[5]	_	
2-16	340-341	.	_	_	_	_	_	_	_	_	_	_	_	_	_	_	_	Einleitung[5]	_	

3-1	342-346	Mein	1. Richtig[1]	1. Angemessen[1]	1. Verständlich[1]	*[1]	*[1]	*[1]	*[1]	*[1]	*[1]	Wirkungsgrad vorhanden[1]	Pro A[1]	Contra B[1]	Contra C[1]	_	_	Hauptteil[6]	5. Nicht zutreffend[8]	
3-2	347-353	erstes	1. Richtig[1]	1. Angemessen[1]	1. Verständlich[1]	*[1]	*[1]	*[1]	*[1]	*[1]	*[1]	Wirkungsgrad vorhanden[1]	Pro A[1]	Contra B[1]	Contra C[1]	_	_	Hauptteil[6]	5. Nicht zutreffend[8]	
3-3	354-363	Kriterium	1. Richtig[1]	1. Angemessen[1]	1. Verständlich[1]	*[1]	*[1]	*[1]	*[1]	*[1]	*[1]	Wirkungsgrad vorhanden[1]	Pro A[1]	Contra B[1]	Contra C[1]	_	_	Hauptteil[6]	5. Nicht zutreffend[8]	
3-4	364-367	ist	1. Richtig[1]	1. Angemessen[1]	1. Verständlich[1]	*[1]	*[1]	*[1]	*[1]	*[1]	*[1]	Wirkungsgrad vorhanden[1]	Pro A[1]	Contra B[1]	Contra C[1]	_	_	Hauptteil[6]	5. Nicht zutreffend[8]	
3-5	368-371	der	1. Richtig[1]	1. Angemessen[1]	1. Verständlich[1]	*[1]	*[1]	*[1]	*[1]	*[1]	*[1]	Wirkungsgrad vorhanden[1]	Pro A[1]	Contra B[1]	Contra C[1]	_	_	Hauptteil[6]	5. Nicht zutreffend[8]	
3-6	372-384	Wirkungsgrad	1. Richtig[1]	1. Angemessen[1]	1. Verständlich[1]	*[1]	*[1]	*[1]	*[1]	*[1]	*[1]	Wirkungsgrad vorhanden[1]	Pro A[1]	Contra B[1]	Contra C[1]	_	_	Hauptteil[6]	5. Nicht zutreffend[8]	
3-7	385-388	der	1. Richtig[1]	1. Angemessen[1]	1. Verständlich[1]	*[1]	*[1]	*[1]	*[1]	*[1]	*[1]	Wirkungsgrad vorhanden[1]	Pro A[1]	Contra B[1]	Contra C[1]	_	_	Hauptteil[6]	5. Nicht zutreffend[8]	
3-8	389-401	erneuerbaren	1. Richtig[1]	1. Angemessen[1]	1. Verständlich[1]	*[1]	*[1]	*[1]	*[1]	*[1]	*[1]	Wirkungsgrad vorhanden[1]	Pro A[1]	Contra B[1]	Contra C[1]	_	_	Hauptteil[6]	5. Nicht zutreffend[8]	
3-9	402-410	Energien	1. Richtig[1]	1. Angemessen[1]	1. Verständlich[1]	*[1]	*[1]	*[1]	*[1]	*[1]	*[1]	Wirkungsgrad vorhanden[1]	Pro A[1]	Contra B[1]	Contra C[1]	_	_	Hauptteil[6]	5. Nicht zutreffend[8]	
3-10	410-411	,	1. Richtig[1]	1. Angemessen[1]	1. Verständlich[1]	*[1]	*[1]	*[1]	*[1]	*[1]	*[1]	Wirkungsgrad vorhanden[1]	Pro A[1]	Contra B[1]	Contra C[1]	_	_	Hauptteil[6]	5. Nicht zutreffend[8]	
3-11	412-416	also	1. Richtig[1]	1. Angemessen[1]	1. Verständlich[1]	*[1]	*[1]	*[1]	*[1]	*[1]	*[1]	Wirkungsgrad vorhanden[1]	Pro A[1]	Contra B[1]	Contra C[1]	_	_	Hauptteil[6]	2. Data[9]	
3-12	417-420	wie	1. Richtig[1]	1. Angemessen[1]	1. Verständlich[1]	*[1]	*[1]	*[1]	*[1]	*[1]	*[1]	Wirkungsgrad vorhanden[1]	Pro A[1]	Contra B[1]	Contra C[1]	_	_	Hauptteil[6]	2. Data[9]	
3-13	421-430	effizient	1. Richtig[1]	1. Angemessen[1]	1. Verständlich[1]	*[1]	*[1]	*[1]	*[1]	*[1]	*[1]	Wirkungsgrad vorhanden[1]	Pro A[1]	Contra B[1]	Contra C[1]	_	_	Hauptteil[6]	2. Data[9]	
3-14	431-434	sie	1. Richtig[1]	1. Angemessen[1]	1. Verständlich[1]	*[1]	*[1]	*[1]	*[1]	*[1]	*[1]	Wirkungsgrad vorhanden[1]	Pro A[1]	Contra B[1]	Contra C[1]	_	_	Hauptteil[6]	2. Data[9]	
3-15	435-439	sind	1. Richtig[1]	1. Angemessen[1]	1. Verständlich[1]	*[1]	*[1]	*[1]	*[1]	*[1]	*[1]	Wirkungsgrad vorhanden[1]	Pro A[1]	Contra B[1]	Contra C[1]	_	_	Hauptteil[6]	2. Data[9]	
3-16	440-449	bezogenen	1. Richtig[1]	1. Angemessen[1]	1. Verständlich[1]	*[1]	*[1]	*[1]	*[1]	*[1]	*[1]	Wirkungsgrad vorhanden[1]	Pro A[1]	Contra B[1]	Contra C[1]	_	_	Hauptteil[6]	2. Data[9]	
3-17	450-453	auf	1. Richtig[1]	1. Angemessen[1]	1. Verständlich[1]	*[1]	*[1]	*[1]	*[1]	*[1]	*[1]	Wirkungsgrad vorhanden[1]	Pro A[1]	Contra B[1]	Contra C[1]	_	_	Hauptteil[6]	2. Data[9]	
3-18	454-459	ihren	1. Richtig[1]	1. Angemessen[1]	1. Verständlich[1]	*[1]	*[1]	*[1]	*[1]	*[1]	*[1]	Wirkungsgrad vorhanden[1]	Pro A[1]	Contra B[1]	Contra C[1]	_	_	Hauptteil[6]	2. Data[9]	
3-19	460-476	Energieverbrauch	1. Richtig[1]	1. Angemessen[1]	1. Verständlich[1]	*[1]	*[1]	*[1]	*[1]	*[1]	*[1]	Wirkungsgrad vorhanden[1]	Pro A[1]	Contra B[1]	Contra C[1]	_	_	Hauptteil[6]	2. Data[9]	
3-20	477-480	und	1. Richtig[1]	1. Angemessen[1]	1. Verständlich[1]	*[1]	*[1]	*[1]	*[1]	*[1]	*[1]	Wirkungsgrad vorhanden[1]	Pro A[1]	Contra B[1]	Contra C[1]	_	_	Hauptteil[6]	2. Data[9]	
3-21	481-484	den	1. Richtig[1]	1. Angemessen[1]	1. Verständlich[1]	*[1]	*[1]	*[1]	*[1]	*[1]	*[1]	Wirkungsgrad vorhanden[1]	Pro A[1]	Contra B[1]	Contra C[1]	_	_	Hauptteil[6]	2. Data[9]	
3-22	485-491	daraus	1. Richtig[1]	1. Angemessen[1]	1. Verständlich[1]	*[1]	*[1]	*[1]	*[1]	*[1]	*[1]	Wirkungsgrad vorhanden[1]	Pro A[1]	Contra B[1]	Contra C[1]	_	_	Hauptteil[6]	2. Data[9]	
3-23	492-506	resultierenden	1. Richtig[1]	1. Angemessen[1]	1. Verständlich[1]	*[1]	*[1]	*[1]	*[1]	*[1]	*[1]	Wirkungsgrad vorhanden[1]	Pro A[1]	Contra B[1]	Contra C[1]	_	_	Hauptteil[6]	2. Data[9]	
3-24	507-513	Ertrag	1. Richtig[1]	1. Angemessen[1]	1. Verständlich[1]	*[1]	*[1]	*[1]	*[1]	*[1]	*[1]	Wirkungsgrad vorhanden[1]	Pro A[1]	Contra B[1]	Contra C[1]	_	_	Hauptteil[6]	2. Data[9]	
3-25	513-514	.	1. Richtig[1]	1. Angemessen[1]	1. Verständlich[1]	*[1]	*[1]	*[1]	*[1]	*[1]	*[1]	Wirkungsgrad vorhanden[1]	Pro A[1]	Contra B[1]	Contra C[1]	_	_	Hauptteil[6]	2. Data[9]	

4-1	515-522	Hierbei	1. Richtig[1]	1. Angemessen[1]	1. Verständlich[1]	*[1]	*[1]	*[1]	*[1]	*[1]	*[1]	Wirkungsgrad vorhanden[1]	Pro A[1]	Contra B[1]	Contra C[1]	_	_	Hauptteil[6]	2. Data[10]	
4-2	523-528	liegt	1. Richtig[1]	1. Angemessen[1]	1. Verständlich[1]	*[1]	*[1]	*[1]	*[1]	*[1]	*[1]	Wirkungsgrad vorhanden[1]	Pro A[1]	Contra B[1]	Contra C[1]	_	_	Hauptteil[6]	2. Data[10]	
4-3	529-532	die	1. Richtig[1]	1. Angemessen[1]	1. Verständlich[1]	*[1]	*[1]	*[1]	*[1]	*[1]	*[1]	Wirkungsgrad vorhanden[1]	Pro A[1]	Contra B[1]	Contra C[1]	_	_	Hauptteil[6]	2. Data[10]	
4-4	533-550	Wasserkraftanlage	1. Richtig[1]	1. Angemessen[1]	1. Verständlich[1]	*[1]	*[1]	*[1]	*[1]	*[1]	*[1]	Wirkungsgrad vorhanden[1]	Pro A[1]	Contra B[1]	Contra C[1]	_	_	Hauptteil[6]	2. Data[10]	
4-5	551-555	weit	1. Richtig[1]	1. Angemessen[1]	1. Verständlich[1]	*[1]	*[1]	*[1]	*[1]	*[1]	*[1]	Wirkungsgrad vorhanden[1]	Pro A[1]	Contra B[1]	Contra C[1]	_	_	Hauptteil[6]	2. Data[10]	
4-6	556-561	vorne	1. Richtig[1]	1. Angemessen[1]	1. Verständlich[1]	*[1]	*[1]	*[1]	*[1]	*[1]	*[1]	Wirkungsgrad vorhanden[1]	Pro A[1]	Contra B[1]	Contra C[1]	_	_	Hauptteil[6]	2. Data[10]	
4-7	562-565	mit	1. Richtig[1]	1. Angemessen[1]	1. Verständlich[1]	*[1]	*[1]	*[1]	*[1]	*[1]	*[1]	Wirkungsgrad vorhanden[1]	Pro A[1]	Contra B[1]	Contra C[1]	_	_	Hauptteil[6]	2. Data[10]	
4-8	566-568	70	1. Richtig[1]	1. Angemessen[1]	1. Verständlich[1]	*[1]	*[1]	*[1]	*[1]	*[1]	*[1]	Wirkungsgrad vorhanden[1]	Pro A[1]	Contra B[1]	Contra C[1]	_	_	Hauptteil[6]	2. Data[10]	
4-9	568-569	-	1. Richtig[1]	1. Angemessen[1]	1. Verständlich[1]	*[1]	*[1]	*[1]	*[1]	*[1]	*[1]	Wirkungsgrad vorhanden[1]	Pro A[1]	Contra B[1]	Contra C[1]	_	_	Hauptteil[6]	2. Data[10]	
4-10	569-572	90%	1. Richtig[1]	1. Angemessen[1]	1. Verständlich[1]	*[1]	*[1]	*[1]	*[1]	*[1]	*[1]	Wirkungsgrad vorhanden[1]	Pro A[1]	Contra B[1]	Contra C[1]	_	_	Hauptteil[6]	2. Data[10]	
4-11	572-573	,	1. Richtig[1]	1. Angemessen[1]	1. Verständlich[1]	*[1]	*[1]	*[1]	*[1]	*[1]	*[1]	Wirkungsgrad vorhanden[1]	Pro A[1]	Contra B[1]	Contra C[1]	_	_	Hauptteil[6]	2. Data[10]	
4-12	574-580	darauf	1. Richtig[1]	1. Angemessen[1]	1. Verständlich[1]	*[1]	*[1]	*[1]	*[1]	*[1]	*[1]	Wirkungsgrad vorhanden[1]	Pro A[1]	Contra B[1]	Contra C[1]	_	_	Hauptteil[6]	2. Data[10]	
4-13	581-588	folgend	1. Richtig[1]	1. Angemessen[1]	1. Verständlich[1]	*[1]	*[1]	*[1]	*[1]	*[1]	*[1]	Wirkungsgrad vorhanden[1]	Pro A[1]	Contra B[1]	Contra C[1]	_	_	Hauptteil[6]	2. Data[10]	
4-14	589-592	die	1. Richtig[1]	1. Angemessen[1]	1. Verständlich[1]	*[1]	*[1]	*[1]	*[1]	*[1]	*[1]	Wirkungsgrad vorhanden[1]	Pro A[1]	Contra B[1]	Contra C[1]	_	_	Hauptteil[6]	2. Data[10]	
4-15	593-602	Windparks	1. Richtig[1]	1. Angemessen[1]	1. Verständlich[1]	*[1]	*[1]	*[1]	*[1]	*[1]	*[1]	Wirkungsgrad vorhanden[1]	Pro A[1]	Contra B[1]	Contra C[1]	_	_	Hauptteil[6]	2. Data[10]	
4-16	603-606	mit	1. Richtig[1]	1. Angemessen[1]	1. Verständlich[1]	*[1]	*[1]	*[1]	*[1]	*[1]	*[1]	Wirkungsgrad vorhanden[1]	Pro A[1]	Contra B[1]	Contra C[1]	_	_	Hauptteil[6]	2. Data[10]	
4-17	607-610	45%	1. Richtig[1]	1. Angemessen[1]	1. Verständlich[1]	*[1]	*[1]	*[1]	*[1]	*[1]	*[1]	Wirkungsgrad vorhanden[1]	Pro A[1]	Contra B[1]	Contra C[1]	_	_	Hauptteil[6]	2. Data[10]	
4-18	611-614	und	1. Richtig[1]	1. Angemessen[1]	1. Verständlich[1]	*[1]	*[1]	*[1]	*[1]	*[1]	*[1]	Wirkungsgrad vorhanden[1]	Pro A[1]	Contra B[1]	Contra C[1]	_	_	Hauptteil[6]	2. Data[10]	
4-19	615-618	der	1. Richtig[1]	1. Angemessen[1]	1. Verständlich[1]	*[1]	*[1]	*[1]	*[1]	*[1]	*[1]	Wirkungsgrad vorhanden[1]	Pro A[1]	Contra B[1]	Contra C[1]	_	_	Hauptteil[6]	2. Data[10]	
4-20	619-628	Solarpark	1. Richtig[1]	1. Angemessen[1]	1. Verständlich[1]	*[1]	*[1]	*[1]	*[1]	*[1]	*[1]	Wirkungsgrad vorhanden[1]	Pro A[1]	Contra B[1]	Contra C[1]	_	_	Hauptteil[6]	2. Data[10]	
4-21	629-632	mit	1. Richtig[1]	1. Angemessen[1]	1. Verständlich[1]	*[1]	*[1]	*[1]	*[1]	*[1]	*[1]	Wirkungsgrad vorhanden[1]	Pro A[1]	Contra B[1]	Contra C[1]	_	_	Hauptteil[6]	2. Data[10]	
4-22	633-636	21%	1. Richtig[1]	1. Angemessen[1]	1. Verständlich[1]	*[1]	*[1]	*[1]	*[1]	*[1]	*[1]	Wirkungsgrad vorhanden[1]	Pro A[1]	Contra B[1]	Contra C[1]	_	_	Hauptteil[6]	2. Data[10]	
4-23	636-637	.	1. Richtig[1]	1. Angemessen[1]	1. Verständlich[1]	*[1]	*[1]	*[1]	*[1]	*[1]	*[1]	Wirkungsgrad vorhanden[1]	Pro A[1]	Contra B[1]	Contra C[1]	_	_	Hauptteil[6]	2. Data[10]	

5-1	638-642	Mein	1. Richtig[2]	1. Angemessen[2]	1. Verständlich[2]	*[2]	Lebensdauer/Verfügbarkeit vorhanden[2]	*[2]	*[2]	*[2]	*[2]	*[2]	Pro A[2]	Contra B[2]	Contra C[2]	_	_	Hauptteil[6]	5. Nicht zutreffend[11]	
5-2	643-650	zweites	1. Richtig[2]	1. Angemessen[2]	1. Verständlich[2]	*[2]	Lebensdauer/Verfügbarkeit vorhanden[2]	*[2]	*[2]	*[2]	*[2]	*[2]	Pro A[2]	Contra B[2]	Contra C[2]	_	_	Hauptteil[6]	5. Nicht zutreffend[11]	
5-3	651-660	Kriterium	1. Richtig[2]	1. Angemessen[2]	1. Verständlich[2]	*[2]	Lebensdauer/Verfügbarkeit vorhanden[2]	*[2]	*[2]	*[2]	*[2]	*[2]	Pro A[2]	Contra B[2]	Contra C[2]	_	_	Hauptteil[6]	5. Nicht zutreffend[11]	
5-4	661-664	ist	1. Richtig[2]	1. Angemessen[2]	1. Verständlich[2]	*[2]	Lebensdauer/Verfügbarkeit vorhanden[2]	*[2]	*[2]	*[2]	*[2]	*[2]	Pro A[2]	Contra B[2]	Contra C[2]	_	_	Hauptteil[6]	5. Nicht zutreffend[11]	
5-5	665-668	die	1. Richtig[2]	1. Angemessen[2]	1. Verständlich[2]	*[2]	Lebensdauer/Verfügbarkeit vorhanden[2]	*[2]	*[2]	*[2]	*[2]	*[2]	Pro A[2]	Contra B[2]	Contra C[2]	_	_	Hauptteil[6]	5. Nicht zutreffend[11]	
5-6	669-680	Lebensdauer	1. Richtig[2]	1. Angemessen[2]	1. Verständlich[2]	*[2]	Lebensdauer/Verfügbarkeit vorhanden[2]	*[2]	*[2]	*[2]	*[2]	*[2]	Pro A[2]	Contra B[2]	Contra C[2]	_	_	Hauptteil[6]	5. Nicht zutreffend[11]	
5-7	681-684	der	1. Richtig[2]	1. Angemessen[2]	1. Verständlich[2]	*[2]	Lebensdauer/Verfügbarkeit vorhanden[2]	*[2]	*[2]	*[2]	*[2]	*[2]	Pro A[2]	Contra B[2]	Contra C[2]	_	_	Hauptteil[6]	5. Nicht zutreffend[11]	
5-8	685-696	erneuerbare	1. Richtig[2]	1. Angemessen[2]	1. Verständlich[2]	*[2]	Lebensdauer/Verfügbarkeit vorhanden[2]	*[2]	*[2]	*[2]	*[2]	*[2]	Pro A[2]	Contra B[2]	Contra C[2]	_	_	Hauptteil[6]	5. Nicht zutreffend[11]	
5-9	697-705	Energien	1. Richtig[2]	1. Angemessen[2]	1. Verständlich[2]	*[2]	Lebensdauer/Verfügbarkeit vorhanden[2]	*[2]	*[2]	*[2]	*[2]	*[2]	Pro A[2]	Contra B[2]	Contra C[2]	_	_	Hauptteil[6]	5. Nicht zutreffend[11]	
5-10	705-706	,	1. Richtig[2]	1. Angemessen[2]	1. Verständlich[2]	*[2]	Lebensdauer/Verfügbarkeit vorhanden[2]	*[2]	*[2]	*[2]	*[2]	*[2]	Pro A[2]	Contra B[2]	Contra C[2]	_	_	Hauptteil[6]	5. Nicht zutreffend[11]	
5-11	707-711	also	1. Richtig[2]	1. Angemessen[2]	1. Verständlich[2]	*[2]	Lebensdauer/Verfügbarkeit vorhanden[2]	*[2]	*[2]	*[2]	*[2]	*[2]	Pro A[2]	Contra B[2]	Contra C[2]	_	_	Hauptteil[6]	2. Data[12]	
5-12	712-715	wie	1. Richtig[2]	1. Angemessen[2]	1. Verständlich[2]	*[2]	Lebensdauer/Verfügbarkeit vorhanden[2]	*[2]	*[2]	*[2]	*[2]	*[2]	Pro A[2]	Contra B[2]	Contra C[2]	_	_	Hauptteil[6]	2. Data[12]	
5-13	716-721	lange	1. Richtig[2]	1. Angemessen[2]	1. Verständlich[2]	*[2]	Lebensdauer/Verfügbarkeit vorhanden[2]	*[2]	*[2]	*[2]	*[2]	*[2]	Pro A[2]	Contra B[2]	Contra C[2]	_	_	Hauptteil[6]	2. Data[12]	
5-14	722-725	sie	1. Richtig[2]	1. Angemessen[2]	1. Verständlich[2]	*[2]	Lebensdauer/Verfügbarkeit vorhanden[2]	*[2]	*[2]	*[2]	*[2]	*[2]	Pro A[2]	Contra B[2]	Contra C[2]	_	_	Hauptteil[6]	2. Data[12]	
5-15	726-730	nach	1. Richtig[2]	1. Angemessen[2]	1. Verständlich[2]	*[2]	Lebensdauer/Verfügbarkeit vorhanden[2]	*[2]	*[2]	*[2]	*[2]	*[2]	Pro A[2]	Contra B[2]	Contra C[2]	_	_	Hauptteil[6]	2. Data[12]	
5-16	731-741	Errichtung	1. Richtig[2]	1. Angemessen[2]	1. Verständlich[2]	*[2]	Lebensdauer/Verfügbarkeit vorhanden[2]	*[2]	*[2]	*[2]	*[2]	*[2]	Pro A[2]	Contra B[2]	Contra C[2]	_	_	Hauptteil[6]	2. Data[12]	
5-17	742-745	und	1. Richtig[2]	1. Angemessen[2]	1. Verständlich[2]	*[2]	Lebensdauer/Verfügbarkeit vorhanden[2]	*[2]	*[2]	*[2]	*[2]	*[2]	Pro A[2]	Contra B[2]	Contra C[2]	_	_	Hauptteil[6]	2. Data[12]	
5-18	746-760	Inbetriebnahme	1. Richtig[2]	1. Angemessen[2]	1. Verständlich[2]	*[2]	Lebensdauer/Verfügbarkeit vorhanden[2]	*[2]	*[2]	*[2]	*[2]	*[2]	Pro A[2]	Contra B[2]	Contra C[2]	_	_	Hauptteil[6]	2. Data[12]	
5-19	761-767	halten	1. Richtig[2]	1. Angemessen[2]	1. Verständlich[2]	*[2]	Lebensdauer/Verfügbarkeit vorhanden[2]	*[2]	*[2]	*[2]	*[2]	*[2]	Pro A[2]	Contra B[2]	Contra C[2]	_	_	Hauptteil[6]	2. Data[12]	
5-20	767-768	.	1. Richtig[2]	1. Angemessen[2]	1. Verständlich[2]	*[2]	Lebensdauer/Verfügbarkeit vorhanden[2]	*[2]	*[2]	*[2]	*[2]	*[2]	Pro A[2]	Contra B[2]	Contra C[2]	_	_	Hauptteil[6]	2. Data[12]	

6-1	769-773	Auch	1. Richtig[2]	1. Angemessen[2]	1. Verständlich[2]	*[2]	Lebensdauer/Verfügbarkeit vorhanden[2]	*[2]	*[2]	*[2]	*[2]	*[2]	Pro A[2]	Contra B[2]	Contra C[2]	_	_	Hauptteil[6]	2. Data[13]	
6-2	774-778	hier	1. Richtig[2]	1. Angemessen[2]	1. Verständlich[2]	*[2]	Lebensdauer/Verfügbarkeit vorhanden[2]	*[2]	*[2]	*[2]	*[2]	*[2]	Pro A[2]	Contra B[2]	Contra C[2]	_	_	Hauptteil[6]	2. Data[13]	
6-3	779-784	liegt	1. Richtig[2]	1. Angemessen[2]	1. Verständlich[2]	*[2]	Lebensdauer/Verfügbarkeit vorhanden[2]	*[2]	*[2]	*[2]	*[2]	*[2]	Pro A[2]	Contra B[2]	Contra C[2]	_	_	Hauptteil[6]	2. Data[13]	
6-4	785-788	die	1. Richtig[2]	1. Angemessen[2]	1. Verständlich[2]	*[2]	Lebensdauer/Verfügbarkeit vorhanden[2]	*[2]	*[2]	*[2]	*[2]	*[2]	Pro A[2]	Contra B[2]	Contra C[2]	_	_	Hauptteil[6]	2. Data[13]	
6-5	789-806	Wasserkraftanlage	1. Richtig[2]	1. Angemessen[2]	1. Verständlich[2]	*[2]	Lebensdauer/Verfügbarkeit vorhanden[2]	*[2]	*[2]	*[2]	*[2]	*[2]	Pro A[2]	Contra B[2]	Contra C[2]	_	_	Hauptteil[6]	2. Data[13]	
6-6	807-811	weit	1. Richtig[2]	1. Angemessen[2]	1. Verständlich[2]	*[2]	Lebensdauer/Verfügbarkeit vorhanden[2]	*[2]	*[2]	*[2]	*[2]	*[2]	Pro A[2]	Contra B[2]	Contra C[2]	_	_	Hauptteil[6]	2. Data[13]	
6-7	812-817	vorne	1. Richtig[2]	1. Angemessen[2]	1. Verständlich[2]	*[2]	Lebensdauer/Verfügbarkeit vorhanden[2]	*[2]	*[2]	*[2]	*[2]	*[2]	Pro A[2]	Contra B[2]	Contra C[2]	_	_	Hauptteil[6]	2. Data[13]	
6-8	818-821	mit	1. Richtig[2]	1. Angemessen[2]	1. Verständlich[2]	*[2]	Lebensdauer/Verfügbarkeit vorhanden[2]	*[2]	*[2]	*[2]	*[2]	*[2]	Pro A[2]	Contra B[2]	Contra C[2]	_	_	Hauptteil[6]	2. Data[13]	
6-9	822-824	80	1. Richtig[2]	1. Angemessen[2]	1. Verständlich[2]	*[2]	Lebensdauer/Verfügbarkeit vorhanden[2]	*[2]	*[2]	*[2]	*[2]	*[2]	Pro A[2]	Contra B[2]	Contra C[2]	_	_	Hauptteil[6]	2. Data[13]	
6-10	825-831	Jahren	1. Richtig[2]	1. Angemessen[2]	1. Verständlich[2]	*[2]	Lebensdauer/Verfügbarkeit vorhanden[2]	*[2]	*[2]	*[2]	*[2]	*[2]	Pro A[2]	Contra B[2]	Contra C[2]	_	_	Hauptteil[6]	2. Data[13]	
6-11	832-843	Lebensdauer	1. Richtig[2]	1. Angemessen[2]	1. Verständlich[2]	*[2]	Lebensdauer/Verfügbarkeit vorhanden[2]	*[2]	*[2]	*[2]	*[2]	*[2]	Pro A[2]	Contra B[2]	Contra C[2]	_	_	Hauptteil[6]	2. Data[13]	
6-12	843-844	,	1. Richtig[2]	1. Angemessen[2]	1. Verständlich[2]	*[2]	Lebensdauer/Verfügbarkeit vorhanden[2]	*[2]	*[2]	*[2]	*[2]	*[2]	Pro A[2]	Contra B[2]	Contra C[2]	_	_	Hauptteil[6]	2. Data[13]	
6-13	845-851	danach	1. Richtig[2]	1. Angemessen[2]	1. Verständlich[2]	*[2]	Lebensdauer/Verfügbarkeit vorhanden[2]	*[2]	*[2]	*[2]	*[2]	*[2]	Pro A[2]	Contra B[2]	Contra C[2]	_	_	Hauptteil[6]	2. Data[13]	
6-14	852-858	kommen	1. Richtig[2]	1. Angemessen[2]	1. Verständlich[2]	*[2]	Lebensdauer/Verfügbarkeit vorhanden[2]	*[2]	*[2]	*[2]	*[2]	*[2]	Pro A[2]	Contra B[2]	Contra C[2]	_	_	Hauptteil[6]	2. Data[13]	
6-15	859-862	die	1. Richtig[2]	1. Angemessen[2]	1. Verständlich[2]	*[2]	Lebensdauer/Verfügbarkeit vorhanden[2]	*[2]	*[2]	*[2]	*[2]	*[2]	Pro A[2]	Contra B[2]	Contra C[2]	_	_	Hauptteil[6]	2. Data[13]	
6-16	863-873	Solarparks	1. Richtig[2]	1. Angemessen[2]	1. Verständlich[2]	*[2]	Lebensdauer/Verfügbarkeit vorhanden[2]	*[2]	*[2]	*[2]	*[2]	*[2]	Pro A[2]	Contra B[2]	Contra C[2]	_	_	Hauptteil[6]	2. Data[13]	
6-17	874-877	mit	1. Richtig[2]	1. Angemessen[2]	1. Verständlich[2]	*[2]	Lebensdauer/Verfügbarkeit vorhanden[2]	*[2]	*[2]	*[2]	*[2]	*[2]	Pro A[2]	Contra B[2]	Contra C[2]	_	_	Hauptteil[6]	2. Data[13]	
6-18	878-880	30	1. Richtig[2]	1. Angemessen[2]	1. Verständlich[2]	*[2]	Lebensdauer/Verfügbarkeit vorhanden[2]	*[2]	*[2]	*[2]	*[2]	*[2]	Pro A[2]	Contra B[2]	Contra C[2]	_	_	Hauptteil[6]	2. Data[13]	
6-19	881-887	Jahren	1. Richtig[2]	1. Angemessen[2]	1. Verständlich[2]	*[2]	Lebensdauer/Verfügbarkeit vorhanden[2]	*[2]	*[2]	*[2]	*[2]	*[2]	Pro A[2]	Contra B[2]	Contra C[2]	_	_	Hauptteil[6]	2. Data[13]	
6-20	888-891	und	1. Richtig[2]	1. Angemessen[2]	1. Verständlich[2]	*[2]	Lebensdauer/Verfügbarkeit vorhanden[2]	*[2]	*[2]	*[2]	*[2]	*[2]	Pro A[2]	Contra B[2]	Contra C[2]	_	_	Hauptteil[6]	2. Data[13]	
6-21	892-899	zuletzt	1. Richtig[2]	1. Angemessen[2]	1. Verständlich[2]	*[2]	Lebensdauer/Verfügbarkeit vorhanden[2]	*[2]	*[2]	*[2]	*[2]	*[2]	Pro A[2]	Contra B[2]	Contra C[2]	_	_	Hauptteil[6]	2. Data[13]	
6-22	900-903	die	1. Richtig[2]	1. Angemessen[2]	1. Verständlich[2]	*[2]	Lebensdauer/Verfügbarkeit vorhanden[2]	*[2]	*[2]	*[2]	*[2]	*[2]	Pro A[2]	Contra B[2]	Contra C[2]	_	_	Hauptteil[6]	2. Data[13]	
6-23	904-913	Windparks	1. Richtig[2]	1. Angemessen[2]	1. Verständlich[2]	*[2]	Lebensdauer/Verfügbarkeit vorhanden[2]	*[2]	*[2]	*[2]	*[2]	*[2]	Pro A[2]	Contra B[2]	Contra C[2]	_	_	Hauptteil[6]	2. Data[13]	
6-24	914-917	mit	1. Richtig[2]	1. Angemessen[2]	1. Verständlich[2]	*[2]	Lebensdauer/Verfügbarkeit vorhanden[2]	*[2]	*[2]	*[2]	*[2]	*[2]	Pro A[2]	Contra B[2]	Contra C[2]	_	_	Hauptteil[6]	2. Data[13]	
6-25	918-920	20	1. Richtig[2]	1. Angemessen[2]	1. Verständlich[2]	*[2]	Lebensdauer/Verfügbarkeit vorhanden[2]	*[2]	*[2]	*[2]	*[2]	*[2]	Pro A[2]	Contra B[2]	Contra C[2]	_	_	Hauptteil[6]	2. Data[13]	
6-26	921-927	Jahren	1. Richtig[2]	1. Angemessen[2]	1. Verständlich[2]	*[2]	Lebensdauer/Verfügbarkeit vorhanden[2]	*[2]	*[2]	*[2]	*[2]	*[2]	Pro A[2]	Contra B[2]	Contra C[2]	_	_	Hauptteil[6]	2. Data[13]	
6-27	927-928	.	1. Richtig[2]	1. Angemessen[2]	1. Verständlich[2]	*[2]	Lebensdauer/Verfügbarkeit vorhanden[2]	*[2]	*[2]	*[2]	*[2]	*[2]	Pro A[2]	Contra B[2]	Contra C[2]	_	_	Hauptteil[6]	2. Data[13]	

7-1	929-933	Mein	1. Richtig[3]	1. Angemessen[3]	1. Verständlich[3]	*[3]	*[3]	*[3]	*[3]	*[3]	Treibhausgasemissionen vorhanden[3]	*[3]	Contra A[3]	Contra B[3]	Pro C[3]	_	_	Hauptteil[6]	5. Nicht zutreffend[14]	
7-2	934-941	drittes	1. Richtig[3]	1. Angemessen[3]	1. Verständlich[3]	*[3]	*[3]	*[3]	*[3]	*[3]	Treibhausgasemissionen vorhanden[3]	*[3]	Contra A[3]	Contra B[3]	Pro C[3]	_	_	Hauptteil[6]	5. Nicht zutreffend[14]	
7-3	942-945	und	1. Richtig[3]	1. Angemessen[3]	1. Verständlich[3]	*[3]	*[3]	*[3]	*[3]	*[3]	Treibhausgasemissionen vorhanden[3]	*[3]	Contra A[3]	Contra B[3]	Pro C[3]	_	_	Hauptteil[6]	5. Nicht zutreffend[14]	
7-4	946-953	letztes	1. Richtig[3]	1. Angemessen[3]	1. Verständlich[3]	*[3]	*[3]	*[3]	*[3]	*[3]	Treibhausgasemissionen vorhanden[3]	*[3]	Contra A[3]	Contra B[3]	Pro C[3]	_	_	Hauptteil[6]	5. Nicht zutreffend[14]	
7-5	954-963	Kriterium	1. Richtig[3]	1. Angemessen[3]	1. Verständlich[3]	*[3]	*[3]	*[3]	*[3]	*[3]	Treibhausgasemissionen vorhanden[3]	*[3]	Contra A[3]	Contra B[3]	Pro C[3]	_	_	Hauptteil[6]	5. Nicht zutreffend[14]	
7-6	964-968	sind	1. Richtig[3]	1. Angemessen[3]	1. Verständlich[3]	*[3]	*[3]	*[3]	*[3]	*[3]	Treibhausgasemissionen vorhanden[3]	*[3]	Contra A[3]	Contra B[3]	Pro C[3]	_	_	Hauptteil[6]	5. Nicht zutreffend[14]	
7-7	969-972	die	1. Richtig[3]	1. Angemessen[3]	1. Verständlich[3]	*[3]	*[3]	*[3]	*[3]	*[3]	Treibhausgasemissionen vorhanden[3]	*[3]	Contra A[3]	Contra B[3]	Pro C[3]	_	_	Hauptteil[6]	5. Nicht zutreffend[14]	
7-8	973-995	Treibhausgasemissionen	1. Richtig[3]	1. Angemessen[3]	1. Verständlich[3]	*[3]	*[3]	*[3]	*[3]	*[3]	Treibhausgasemissionen vorhanden[3]	*[3]	Contra A[3]	Contra B[3]	Pro C[3]	_	_	Hauptteil[6]	5. Nicht zutreffend[14]	
7-9	995-996	,	1. Richtig[3]	1. Angemessen[3]	1. Verständlich[3]	*[3]	*[3]	*[3]	*[3]	*[3]	Treibhausgasemissionen vorhanden[3]	*[3]	Contra A[3]	Contra B[3]	Pro C[3]	_	_	Hauptteil[6]	5. Nicht zutreffend[14]	
7-10	997-1003	welche	1. Richtig[3]	1. Angemessen[3]	1. Verständlich[3]	*[3]	*[3]	*[3]	*[3]	*[3]	Treibhausgasemissionen vorhanden[3]	*[3]	Contra A[3]	Contra B[3]	Pro C[3]	_	_	Hauptteil[6]	2. Data[15]	
7-11	1004-1011	angeben	1. Richtig[3]	1. Angemessen[3]	1. Verständlich[3]	*[3]	*[3]	*[3]	*[3]	*[3]	Treibhausgasemissionen vorhanden[3]	*[3]	Contra A[3]	Contra B[3]	Pro C[3]	_	_	Hauptteil[6]	2. Data[15]	
7-12	1012-1015	wie	1. Richtig[3]	1. Angemessen[3]	1. Verständlich[3]	*[3]	*[3]	*[3]	*[3]	*[3]	Treibhausgasemissionen vorhanden[3]	*[3]	Contra A[3]	Contra B[3]	Pro C[3]	_	_	Hauptteil[6]	2. Data[15]	
7-13	1016-1020	viel	1. Richtig[3]	1. Angemessen[3]	1. Verständlich[3]	*[3]	*[3]	*[3]	*[3]	*[3]	Treibhausgasemissionen vorhanden[3]	*[3]	Contra A[3]	Contra B[3]	Pro C[3]	_	_	Hauptteil[6]	2. Data[15]	
7-14	1021-1027	Tonnen	1. Richtig[3]	1. Angemessen[3]	1. Verständlich[3]	*[3]	*[3]	*[3]	*[3]	*[3]	Treibhausgasemissionen vorhanden[3]	*[3]	Contra A[3]	Contra B[3]	Pro C[3]	_	_	Hauptteil[6]	2. Data[15]	
7-15	1028-1038	Emissionen	1. Richtig[3]	1. Angemessen[3]	1. Verständlich[3]	*[3]	*[3]	*[3]	*[3]	*[3]	Treibhausgasemissionen vorhanden[3]	*[3]	Contra A[3]	Contra B[3]	Pro C[3]	_	_	Hauptteil[6]	2. Data[15]	
7-16	1039-1041	in	1. Richtig[3]	1. Angemessen[3]	1. Verständlich[3]	*[3]	*[3]	*[3]	*[3]	*[3]	Treibhausgasemissionen vorhanden[3]	*[3]	Contra A[3]	Contra B[3]	Pro C[3]	_	_	Hauptteil[6]	2. Data[15]	
7-17	1042-1045	die	1. Richtig[3]	1. Angemessen[3]	1. Verständlich[3]	*[3]	*[3]	*[3]	*[3]	*[3]	Treibhausgasemissionen vorhanden[3]	*[3]	Contra A[3]	Contra B[3]	Pro C[3]	_	_	Hauptteil[6]	2. Data[15]	
7-18	1046-1052	Umwelt	1. Richtig[3]	1. Angemessen[3]	1. Verständlich[3]	*[3]	*[3]	*[3]	*[3]	*[3]	Treibhausgasemissionen vorhanden[3]	*[3]	Contra A[3]	Contra B[3]	Pro C[3]	_	_	Hauptteil[6]	2. Data[15]	
7-19	1053-1062	abgegeben	1. Richtig[3]	1. Angemessen[3]	1. Verständlich[3]	*[3]	*[3]	*[3]	*[3]	*[3]	Treibhausgasemissionen vorhanden[3]	*[3]	Contra A[3]	Contra B[3]	Pro C[3]	_	_	Hauptteil[6]	2. Data[15]	
7-20	1063-1069	werden	1. Richtig[3]	1. Angemessen[3]	1. Verständlich[3]	*[3]	*[3]	*[3]	*[3]	*[3]	Treibhausgasemissionen vorhanden[3]	*[3]	Contra A[3]	Contra B[3]	Pro C[3]	_	_	Hauptteil[6]	2. Data[15]	
7-21	1070-1073	bei	1. Richtig[3]	1. Angemessen[3]	1. Verständlich[3]	*[3]	*[3]	*[3]	*[3]	*[3]	Treibhausgasemissionen vorhanden[3]	*[3]	Contra A[3]	Contra B[3]	Pro C[3]	_	_	Hauptteil[6]	2. Data[15]	
7-22	1074-1077	der	1. Richtig[3]	1. Angemessen[3]	1. Verständlich[3]	*[3]	*[3]	*[3]	*[3]	*[3]	Treibhausgasemissionen vorhanden[3]	*[3]	Contra A[3]	Contra B[3]	Pro C[3]	_	_	Hauptteil[6]	2. Data[15]	
7-23	1078-1089	Fertigungen	1. Richtig[3]	1. Angemessen[3]	1. Verständlich[3]	*[3]	*[3]	*[3]	*[3]	*[3]	Treibhausgasemissionen vorhanden[3]	*[3]	Contra A[3]	Contra B[3]	Pro C[3]	_	_	Hauptteil[6]	2. Data[15]	
7-24	1090-1093	der	1. Richtig[3]	1. Angemessen[3]	1. Verständlich[3]	*[3]	*[3]	*[3]	*[3]	*[3]	Treibhausgasemissionen vorhanden[3]	*[3]	Contra A[3]	Contra B[3]	Pro C[3]	_	_	Hauptteil[6]	2. Data[15]	
7-25	1094-1101	Anlagen	1. Richtig[3]	1. Angemessen[3]	1. Verständlich[3]	*[3]	*[3]	*[3]	*[3]	*[3]	Treibhausgasemissionen vorhanden[3]	*[3]	Contra A[3]	Contra B[3]	Pro C[3]	_	_	Hauptteil[6]	2. Data[15]	
7-26	1102-1105	und	1. Richtig[3]	1. Angemessen[3]	1. Verständlich[3]	*[3]	*[3]	*[3]	*[3]	*[3]	Treibhausgasemissionen vorhanden[3]	*[3]	Contra A[3]	Contra B[3]	Pro C[3]	_	_	Hauptteil[6]	2. Data[15]	
7-27	1106-1111	Parks	1. Richtig[3]	1. Angemessen[3]	1. Verständlich[3]	*[3]	*[3]	*[3]	*[3]	*[3]	Treibhausgasemissionen vorhanden[3]	*[3]	Contra A[3]	Contra B[3]	Pro C[3]	_	_	Hauptteil[6]	2. Data[15]	
7-28	1111-1112	.	1. Richtig[3]	1. Angemessen[3]	1. Verständlich[3]	*[3]	*[3]	*[3]	*[3]	*[3]	Treibhausgasemissionen vorhanden[3]	*[3]	Contra A[3]	Contra B[3]	Pro C[3]	_	_	Hauptteil[6]	2. Data[15]	

8-1	1113-1117	Umso	1. Richtig[3]	1. Angemessen[3]	1. Verständlich[3]	*[3]	*[3]	*[3]	*[3]	*[3]	Treibhausgasemissionen vorhanden[3]	*[3]	Contra A[3]	Contra B[3]	Pro C[3]	_	_	Hauptteil[6]	3. Warrant[16]	
8-2	1118-1123	höher	1. Richtig[3]	1. Angemessen[3]	1. Verständlich[3]	*[3]	*[3]	*[3]	*[3]	*[3]	Treibhausgasemissionen vorhanden[3]	*[3]	Contra A[3]	Contra B[3]	Pro C[3]	_	_	Hauptteil[6]	3. Warrant[16]	
8-3	1124-1128	hier	1. Richtig[3]	1. Angemessen[3]	1. Verständlich[3]	*[3]	*[3]	*[3]	*[3]	*[3]	Treibhausgasemissionen vorhanden[3]	*[3]	Contra A[3]	Contra B[3]	Pro C[3]	_	_	Hauptteil[6]	3. Warrant[16]	
8-4	1129-1132	der	1. Richtig[3]	1. Angemessen[3]	1. Verständlich[3]	*[3]	*[3]	*[3]	*[3]	*[3]	Treibhausgasemissionen vorhanden[3]	*[3]	Contra A[3]	Contra B[3]	Pro C[3]	_	_	Hauptteil[6]	3. Warrant[16]	
8-5	1133-1137	Wert	1. Richtig[3]	1. Angemessen[3]	1. Verständlich[3]	*[3]	*[3]	*[3]	*[3]	*[3]	Treibhausgasemissionen vorhanden[3]	*[3]	Contra A[3]	Contra B[3]	Pro C[3]	_	_	Hauptteil[6]	3. Warrant[16]	
8-6	1138-1140	in	1. Richtig[3]	1. Angemessen[3]	1. Verständlich[3]	*[3]	*[3]	*[3]	*[3]	*[3]	Treibhausgasemissionen vorhanden[3]	*[3]	Contra A[3]	Contra B[3]	Pro C[3]	_	_	Hauptteil[6]	3. Warrant[16]	
8-7	1141-1147	Tonnen	1. Richtig[3]	1. Angemessen[3]	1. Verständlich[3]	*[3]	*[3]	*[3]	*[3]	*[3]	Treibhausgasemissionen vorhanden[3]	*[3]	Contra A[3]	Contra B[3]	Pro C[3]	_	_	Hauptteil[6]	3. Warrant[16]	
8-8	1148-1151	ist	1. Richtig[3]	1. Angemessen[3]	1. Verständlich[3]	*[3]	*[3]	*[3]	*[3]	*[3]	Treibhausgasemissionen vorhanden[3]	*[3]	Contra A[3]	Contra B[3]	Pro C[3]	_	_	Hauptteil[6]	3. Warrant[16]	
8-9	1151-1152	,	1. Richtig[3]	1. Angemessen[3]	1. Verständlich[3]	*[3]	*[3]	*[3]	*[3]	*[3]	Treibhausgasemissionen vorhanden[3]	*[3]	Contra A[3]	Contra B[3]	Pro C[3]	_	_	Hauptteil[6]	3. Warrant[16]	
8-10	1153-1157	umso	1. Richtig[3]	1. Angemessen[3]	1. Verständlich[3]	*[3]	*[3]	*[3]	*[3]	*[3]	Treibhausgasemissionen vorhanden[3]	*[3]	Contra A[3]	Contra B[3]	Pro C[3]	_	_	Hauptteil[6]	3. Warrant[16]	
8-11	1158-1168	schlechter	1. Richtig[3]	1. Angemessen[3]	1. Verständlich[3]	*[3]	*[3]	*[3]	*[3]	*[3]	Treibhausgasemissionen vorhanden[3]	*[3]	Contra A[3]	Contra B[3]	Pro C[3]	_	_	Hauptteil[6]	3. Warrant[16]	
8-12	1169-1172	ist	1. Richtig[3]	1. Angemessen[3]	1. Verständlich[3]	*[3]	*[3]	*[3]	*[3]	*[3]	Treibhausgasemissionen vorhanden[3]	*[3]	Contra A[3]	Contra B[3]	Pro C[3]	_	_	Hauptteil[6]	3. Warrant[16]	
8-13	1173-1177	dies	1. Richtig[3]	1. Angemessen[3]	1. Verständlich[3]	*[3]	*[3]	*[3]	*[3]	*[3]	Treibhausgasemissionen vorhanden[3]	*[3]	Contra A[3]	Contra B[3]	Pro C[3]	_	_	Hauptteil[6]	3. Warrant[16]	
8-14	1178-1181	für	1. Richtig[3]	1. Angemessen[3]	1. Verständlich[3]	*[3]	*[3]	*[3]	*[3]	*[3]	Treibhausgasemissionen vorhanden[3]	*[3]	Contra A[3]	Contra B[3]	Pro C[3]	_	_	Hauptteil[6]	3. Warrant[16]	
8-15	1182-1185	die	1. Richtig[3]	1. Angemessen[3]	1. Verständlich[3]	*[3]	*[3]	*[3]	*[3]	*[3]	Treibhausgasemissionen vorhanden[3]	*[3]	Contra A[3]	Contra B[3]	Pro C[3]	_	_	Hauptteil[6]	3. Warrant[16]	
8-16	1186-1192	Umwelt	1. Richtig[3]	1. Angemessen[3]	1. Verständlich[3]	*[3]	*[3]	*[3]	*[3]	*[3]	Treibhausgasemissionen vorhanden[3]	*[3]	Contra A[3]	Contra B[3]	Pro C[3]	_	_	Hauptteil[6]	3. Warrant[16]	
8-17	1192-1193	.	1. Richtig[3]	1. Angemessen[3]	1. Verständlich[3]	*[3]	*[3]	*[3]	*[3]	*[3]	Treibhausgasemissionen vorhanden[3]	*[3]	Contra A[3]	Contra B[3]	Pro C[3]	_	_	Hauptteil[6]	3. Warrant[16]	

9-1	1194-1199	Vorne	1. Richtig[3]	1. Angemessen[3]	1. Verständlich[3]	*[3]	*[3]	*[3]	*[3]	*[3]	Treibhausgasemissionen vorhanden[3]	*[3]	Contra A[3]	Contra B[3]	Pro C[3]	_	_	Hauptteil[6]	2. Data[17]	
9-2	1200-1205	liegt	1. Richtig[3]	1. Angemessen[3]	1. Verständlich[3]	*[3]	*[3]	*[3]	*[3]	*[3]	Treibhausgasemissionen vorhanden[3]	*[3]	Contra A[3]	Contra B[3]	Pro C[3]	_	_	Hauptteil[6]	2. Data[17]	
9-3	1206-1210	hier	1. Richtig[3]	1. Angemessen[3]	1. Verständlich[3]	*[3]	*[3]	*[3]	*[3]	*[3]	Treibhausgasemissionen vorhanden[3]	*[3]	Contra A[3]	Contra B[3]	Pro C[3]	_	_	Hauptteil[6]	2. Data[17]	
9-4	1211-1214	der	1. Richtig[3]	1. Angemessen[3]	1. Verständlich[3]	*[3]	*[3]	*[3]	*[3]	*[3]	Treibhausgasemissionen vorhanden[3]	*[3]	Contra A[3]	Contra B[3]	Pro C[3]	_	_	Hauptteil[6]	2. Data[17]	
9-5	1215-1224	Solarpark	1. Richtig[3]	1. Angemessen[3]	1. Verständlich[3]	*[3]	*[3]	*[3]	*[3]	*[3]	Treibhausgasemissionen vorhanden[3]	*[3]	Contra A[3]	Contra B[3]	Pro C[3]	_	_	Hauptteil[6]	2. Data[17]	
9-6	1225-1228	mit	1. Richtig[3]	1. Angemessen[3]	1. Verständlich[3]	*[3]	*[3]	*[3]	*[3]	*[3]	Treibhausgasemissionen vorhanden[3]	*[3]	Contra A[3]	Contra B[3]	Pro C[3]	_	_	Hauptteil[6]	2. Data[17]	
9-7	1229-1235	35,000	1. Richtig[3]	1. Angemessen[3]	1. Verständlich[3]	*[3]	*[3]	*[3]	*[3]	*[3]	Treibhausgasemissionen vorhanden[3]	*[3]	Contra A[3]	Contra B[3]	Pro C[3]	_	_	Hauptteil[6]	2. Data[17]	
9-8	1236-1237	t	1. Richtig[3]	1. Angemessen[3]	1. Verständlich[3]	*[3]	*[3]	*[3]	*[3]	*[3]	Treibhausgasemissionen vorhanden[3]	*[3]	Contra A[3]	Contra B[3]	Pro C[3]	_	_	Hauptteil[6]	2. Data[17]	
9-9	1237-1238	,	1. Richtig[3]	1. Angemessen[3]	1. Verständlich[3]	*[3]	*[3]	*[3]	*[3]	*[3]	Treibhausgasemissionen vorhanden[3]	*[3]	Contra A[3]	Contra B[3]	Pro C[3]	_	_	Hauptteil[6]	2. Data[17]	
9-10	1239-1245	danach	1. Richtig[3]	1. Angemessen[3]	1. Verständlich[3]	*[3]	*[3]	*[3]	*[3]	*[3]	Treibhausgasemissionen vorhanden[3]	*[3]	Contra A[3]	Contra B[3]	Pro C[3]	_	_	Hauptteil[6]	2. Data[17]	
9-11	1246-1251	kommt	1. Richtig[3]	1. Angemessen[3]	1. Verständlich[3]	*[3]	*[3]	*[3]	*[3]	*[3]	Treibhausgasemissionen vorhanden[3]	*[3]	Contra A[3]	Contra B[3]	Pro C[3]	_	_	Hauptteil[6]	2. Data[17]	
9-12	1252-1255	die	1. Richtig[3]	1. Angemessen[3]	1. Verständlich[3]	*[3]	*[3]	*[3]	*[3]	*[3]	Treibhausgasemissionen vorhanden[3]	*[3]	Contra A[3]	Contra B[3]	Pro C[3]	_	_	Hauptteil[6]	2. Data[17]	
9-13	1256-1273	Wasserkraftanlage	1. Richtig[3]	1. Angemessen[3]	1. Verständlich[3]	*[3]	*[3]	*[3]	*[3]	*[3]	Treibhausgasemissionen vorhanden[3]	*[3]	Contra A[3]	Contra B[3]	Pro C[3]	_	_	Hauptteil[6]	2. Data[17]	
9-14	1274-1277	mit	1. Richtig[3]	1. Angemessen[3]	1. Verständlich[3]	*[3]	*[3]	*[3]	*[3]	*[3]	Treibhausgasemissionen vorhanden[3]	*[3]	Contra A[3]	Contra B[3]	Pro C[3]	_	_	Hauptteil[6]	2. Data[17]	
9-15	1278-1282	fast	1. Richtig[3]	1. Angemessen[3]	1. Verständlich[3]	*[3]	*[3]	*[3]	*[3]	*[3]	Treibhausgasemissionen vorhanden[3]	*[3]	Contra A[3]	Contra B[3]	Pro C[3]	_	_	Hauptteil[6]	2. Data[17]	
9-16	1283-1286	nur	1. Richtig[3]	1. Angemessen[3]	1. Verständlich[3]	*[3]	*[3]	*[3]	*[3]	*[3]	Treibhausgasemissionen vorhanden[3]	*[3]	Contra A[3]	Contra B[3]	Pro C[3]	_	_	Hauptteil[6]	2. Data[17]	
9-17	1287-1292	einem	1. Richtig[3]	1. Angemessen[3]	1. Verständlich[3]	*[3]	*[3]	*[3]	*[3]	*[3]	Treibhausgasemissionen vorhanden[3]	*[3]	Contra A[3]	Contra B[3]	Pro C[3]	_	_	Hauptteil[6]	2. Data[17]	
9-18	1293-1300	Drittel	1. Richtig[3]	1. Angemessen[3]	1. Verständlich[3]	*[3]	*[3]	*[3]	*[3]	*[3]	Treibhausgasemissionen vorhanden[3]	*[3]	Contra A[3]	Contra B[3]	Pro C[3]	_	_	Hauptteil[6]	2. Data[17]	
9-19	1301-1304	des	1. Richtig[3]	1. Angemessen[3]	1. Verständlich[3]	*[3]	*[3]	*[3]	*[3]	*[3]	Treibhausgasemissionen vorhanden[3]	*[3]	Contra A[3]	Contra B[3]	Pro C[3]	_	_	Hauptteil[6]	2. Data[17]	
9-20	1305-1315	Solarparks	1. Richtig[3]	1. Angemessen[3]	1. Verständlich[3]	*[3]	*[3]	*[3]	*[3]	*[3]	Treibhausgasemissionen vorhanden[3]	*[3]	Contra A[3]	Contra B[3]	Pro C[3]	_	_	Hauptteil[6]	2. Data[17]	
9-21	1316-1319	und	1. Richtig[3]	1. Angemessen[3]	1. Verständlich[3]	*[3]	*[3]	*[3]	*[3]	*[3]	Treibhausgasemissionen vorhanden[3]	*[3]	Contra A[3]	Contra B[3]	Pro C[3]	_	_	Hauptteil[6]	2. Data[17]	
9-22	1320-1326	12,000	1. Richtig[3]	1. Angemessen[3]	1. Verständlich[3]	*[3]	*[3]	*[3]	*[3]	*[3]	Treibhausgasemissionen vorhanden[3]	*[3]	Contra A[3]	Contra B[3]	Pro C[3]	_	_	Hauptteil[6]	2. Data[17]	
9-23	1327-1328	t	1. Richtig[3]	1. Angemessen[3]	1. Verständlich[3]	*[3]	*[3]	*[3]	*[3]	*[3]	Treibhausgasemissionen vorhanden[3]	*[3]	Contra A[3]	Contra B[3]	Pro C[3]	_	_	Hauptteil[6]	2. Data[17]	
9-24	1329-1332	und	1. Richtig[3]	1. Angemessen[3]	1. Verständlich[3]	*[3]	*[3]	*[3]	*[3]	*[3]	Treibhausgasemissionen vorhanden[3]	*[3]	Contra A[3]	Contra B[3]	Pro C[3]	_	_	Hauptteil[6]	2. Data[17]	
9-25	1333-1340	zuletzt	1. Richtig[3]	1. Angemessen[3]	1. Verständlich[3]	*[3]	*[3]	*[3]	*[3]	*[3]	Treibhausgasemissionen vorhanden[3]	*[3]	Contra A[3]	Contra B[3]	Pro C[3]	_	_	Hauptteil[6]	2. Data[17]	
9-26	1341-1346	folgt	1. Richtig[3]	1. Angemessen[3]	1. Verständlich[3]	*[3]	*[3]	*[3]	*[3]	*[3]	Treibhausgasemissionen vorhanden[3]	*[3]	Contra A[3]	Contra B[3]	Pro C[3]	_	_	Hauptteil[6]	2. Data[17]	
9-27	1347-1350	der	1. Richtig[3]	1. Angemessen[3]	1. Verständlich[3]	*[3]	*[3]	*[3]	*[3]	*[3]	Treibhausgasemissionen vorhanden[3]	*[3]	Contra A[3]	Contra B[3]	Pro C[3]	_	_	Hauptteil[6]	2. Data[17]	
9-28	1351-1359	Windpark	1. Richtig[3]	1. Angemessen[3]	1. Verständlich[3]	*[3]	*[3]	*[3]	*[3]	*[3]	Treibhausgasemissionen vorhanden[3]	*[3]	Contra A[3]	Contra B[3]	Pro C[3]	_	_	Hauptteil[6]	2. Data[17]	
9-29	1360-1363	mit	1. Richtig[3]	1. Angemessen[3]	1. Verständlich[3]	*[3]	*[3]	*[3]	*[3]	*[3]	Treibhausgasemissionen vorhanden[3]	*[3]	Contra A[3]	Contra B[3]	Pro C[3]	_	_	Hauptteil[6]	2. Data[17]	
9-30	1364-1367	nur	1. Richtig[3]	1. Angemessen[3]	1. Verständlich[3]	*[3]	*[3]	*[3]	*[3]	*[3]	Treibhausgasemissionen vorhanden[3]	*[3]	Contra A[3]	Contra B[3]	Pro C[3]	_	_	Hauptteil[6]	2. Data[17]	
9-31	1368-1373	8,800	1. Richtig[3]	1. Angemessen[3]	1. Verständlich[3]	*[3]	*[3]	*[3]	*[3]	*[3]	Treibhausgasemissionen vorhanden[3]	*[3]	Contra A[3]	Contra B[3]	Pro C[3]	_	_	Hauptteil[6]	2. Data[17]	
9-32	1374-1375	t	1. Richtig[3]	1. Angemessen[3]	1. Verständlich[3]	*[3]	*[3]	*[3]	*[3]	*[3]	Treibhausgasemissionen vorhanden[3]	*[3]	Contra A[3]	Contra B[3]	Pro C[3]	_	_	Hauptteil[6]	2. Data[17]	
9-33	1376-1392	Emissionsausstoß	1. Richtig[3]	1. Angemessen[3]	1. Verständlich[3]	*[3]	*[3]	*[3]	*[3]	*[3]	Treibhausgasemissionen vorhanden[3]	*[3]	Contra A[3]	Contra B[3]	Pro C[3]	_	_	Hauptteil[6]	2. Data[17]	
9-34	1392-1393	.	1. Richtig[3]	1. Angemessen[3]	1. Verständlich[3]	*[3]	*[3]	*[3]	*[3]	*[3]	Treibhausgasemissionen vorhanden[3]	*[3]	Contra A[3]	Contra B[3]	Pro C[3]	_	_	Hauptteil[6]	2. Data[17]	

10-1	1394-1409	Zusammenfassend	_	_	_	_	_	_	_	_	_	_	_	_	_	2. Cut-off[4]	Gesamtthese[4]	Schluss[7]	_	
10-2	1410-1414	kann	_	_	_	_	_	_	_	_	_	_	_	_	_	2. Cut-off[4]	Gesamtthese[4]	Schluss[7]	_	
10-3	1415-1418	man	_	_	_	_	_	_	_	_	_	_	_	_	_	2. Cut-off[4]	Gesamtthese[4]	Schluss[7]	_	
10-4	1419-1423	also	_	_	_	_	_	_	_	_	_	_	_	_	_	2. Cut-off[4]	Gesamtthese[4]	Schluss[7]	_	
10-5	1424-1429	sagen	_	_	_	_	_	_	_	_	_	_	_	_	_	2. Cut-off[4]	Gesamtthese[4]	Schluss[7]	_	
10-6	1429-1430	,	_	_	_	_	_	_	_	_	_	_	_	_	_	2. Cut-off[4]	Gesamtthese[4]	Schluss[7]	_	
10-7	1431-1435	dass	_	_	_	_	_	_	_	_	_	_	_	_	_	2. Cut-off[4]	Gesamtthese[4]	Schluss[7]	_	
10-8	1436-1439	die	_	_	_	_	_	_	_	_	_	_	_	_	_	2. Cut-off[4]	Gesamtthese[4]	Schluss[7]	_	
10-9	1440-1458	Wasserkraftanlagen	_	_	_	_	_	_	_	_	_	_	_	_	_	2. Cut-off[4]	Gesamtthese[4]	Schluss[7]	_	
10-10	1459-1462	bei	_	_	_	_	_	_	_	_	_	_	_	_	_	2. Cut-off[4]	Gesamtthese[4]	Schluss[7]	_	
10-11	1463-1466	den	_	_	_	_	_	_	_	_	_	_	_	_	_	2. Cut-off[4]	Gesamtthese[4]	Schluss[7]	_	
10-12	1467-1474	meisten	_	_	_	_	_	_	_	_	_	_	_	_	_	2. Cut-off[4]	Gesamtthese[4]	Schluss[7]	_	
10-13	1475-1484	Kriterien	_	_	_	_	_	_	_	_	_	_	_	_	_	2. Cut-off[4]	Gesamtthese[4]	Schluss[7]	_	
10-14	1485-1488	die	_	_	_	_	_	_	_	_	_	_	_	_	_	2. Cut-off[4]	Gesamtthese[4]	Schluss[7]	_	
10-15	1489-1493	Nase	_	_	_	_	_	_	_	_	_	_	_	_	_	2. Cut-off[4]	Gesamtthese[4]	Schluss[7]	_	
10-16	1494-1499	vorne	_	_	_	_	_	_	_	_	_	_	_	_	_	2. Cut-off[4]	Gesamtthese[4]	Schluss[7]	_	
10-17	1500-1505	haben	_	_	_	_	_	_	_	_	_	_	_	_	_	2. Cut-off[4]	Gesamtthese[4]	Schluss[7]	_	
10-18	1506-1509	und	_	_	_	_	_	_	_	_	_	_	_	_	_	2. Cut-off[4]	Gesamtthese[4]	Schluss[7]	_	
10-19	1510-1515	somit	_	_	_	_	_	_	_	_	_	_	_	_	_	2. Cut-off[4]	Gesamtthese[4]	Schluss[7]	_	
10-20	1516-1520	auch	_	_	_	_	_	_	_	_	_	_	_	_	_	2. Cut-off[4]	Gesamtthese[4]	Schluss[7]	_	
10-21	1521-1527	meinen	_	_	_	_	_	_	_	_	_	_	_	_	_	2. Cut-off[4]	Gesamtthese[4]	Schluss[7]	_	
10-22	1528-1536	Standort	_	_	_	_	_	_	_	_	_	_	_	_	_	2. Cut-off[4]	Gesamtthese[4]	Schluss[7]	_	
10-23	1537-1545	vetreten	_	_	_	_	_	_	_	_	_	_	_	_	_	2. Cut-off[4]	Gesamtthese[4]	Schluss[7]	_	
10-24	1546-1547	f	_	_	_	_	_	_	_	_	_	_	_	_	_	2. Cut-off[4]	Gesamtthese[4]	Schluss[7]	_	
