#FORMAT=WebAnno TSV 3.3
#T_SP=webanno.custom.Argument|Accuracy|Adequacy|Clarity|KriteriumJahresertragEnergiedichte|KriteriumLebensdauerVerfgbarkeit|KriteriumLokaleEmissionenGeruschemissionen|KriteriumPreisBetrieb|KriteriumSonstiges|KriteriumTreibhausgasemissionen|KriteriumWirkungsgrad|OptionA|OptionB|OptionC
#T_SP=webanno.custom.DecisionMakingStrategies|Decision|Gesamtthese
#T_SP=webanno.custom.Struktur|Struktur
#T_SP=webanno.custom.StrukturTAP|TAPArgumente


1-1	0-6	Meiner	_	_	_	_	_	_	_	_	_	_	_	_	_	3. Unbegründet[5]	Gesamtthese[5]	Einleitung[6]	_	
1-2	7-14	meinung	_	_	_	_	_	_	_	_	_	_	_	_	_	3. Unbegründet[5]	Gesamtthese[5]	Einleitung[6]	_	
1-3	15-19	nach	_	_	_	_	_	_	_	_	_	_	_	_	_	3. Unbegründet[5]	Gesamtthese[5]	Einleitung[6]	_	
1-4	20-24	sind	_	_	_	_	_	_	_	_	_	_	_	_	_	3. Unbegründet[5]	Gesamtthese[5]	Einleitung[6]	_	
1-5	25-28	die	_	_	_	_	_	_	_	_	_	_	_	_	_	3. Unbegründet[5]	Gesamtthese[5]	Einleitung[6]	_	
1-6	29-42	akkumulatoren	_	_	_	_	_	_	_	_	_	_	_	_	_	3. Unbegründet[5]	Gesamtthese[5]	Einleitung[6]	_	
1-7	43-45	um	_	_	_	_	_	_	_	_	_	_	_	_	_	3. Unbegründet[5]	Gesamtthese[5]	Einleitung[6]	_	
1-8	46-49	das	_	_	_	_	_	_	_	_	_	_	_	_	_	3. Unbegründet[5]	Gesamtthese[5]	Einleitung[6]	_	
1-9	50-55	klima	_	_	_	_	_	_	_	_	_	_	_	_	_	3. Unbegründet[5]	Gesamtthese[5]	Einleitung[6]	_	
1-10	56-58	zu	_	_	_	_	_	_	_	_	_	_	_	_	_	3. Unbegründet[5]	Gesamtthese[5]	Einleitung[6]	_	
1-11	59-69	verbessern	_	_	_	_	_	_	_	_	_	_	_	_	_	3. Unbegründet[5]	Gesamtthese[5]	Einleitung[6]	_	
1-12	70-72	in	_	_	_	_	_	_	_	_	_	_	_	_	_	3. Unbegründet[5]	Gesamtthese[5]	Einleitung[6]	_	
1-13	73-78	bezug	_	_	_	_	_	_	_	_	_	_	_	_	_	3. Unbegründet[5]	Gesamtthese[5]	Einleitung[6]	_	
1-14	79-82	auf	_	_	_	_	_	_	_	_	_	_	_	_	_	3. Unbegründet[5]	Gesamtthese[5]	Einleitung[6]	_	
1-15	83-86	den	_	_	_	_	_	_	_	_	_	_	_	_	_	3. Unbegründet[5]	Gesamtthese[5]	Einleitung[6]	_	
1-16	87-102	personenverkehr	_	_	_	_	_	_	_	_	_	_	_	_	_	3. Unbegründet[5]	Gesamtthese[5]	Einleitung[6]	_	
1-17	103-106	die	_	_	_	_	_	_	_	_	_	_	_	_	_	3. Unbegründet[5]	Gesamtthese[5]	Einleitung[6]	_	
1-18	107-112	beste	_	_	_	_	_	_	_	_	_	_	_	_	_	3. Unbegründet[5]	Gesamtthese[5]	Einleitung[6]	_	
1-19	113-119	lösung	_	_	_	_	_	_	_	_	_	_	_	_	_	3. Unbegründet[5]	Gesamtthese[5]	Einleitung[6]	_	
1-20	119-120	.	_	_	_	_	_	_	_	_	_	_	_	_	_	3. Unbegründet[5]	Gesamtthese[5]	Einleitung[6]	_	

2-1	122-125	Der	1. Richtig[1]	1. Angemessen[1]	1. Verständlich[1]	*[1]	*[1]	*[1]	*[1]	*[1]	Treibhausgasemissionen vorhanden[1]	Wirkungsgrad vorhanden[1]	Contra A[1]	Unklar B[1]	Unklar C[1]	_	_	Hauptteil[7]	2. Data[8]	
2-2	126-144	gesamtwirkungsgrad	1. Richtig[1]	1. Angemessen[1]	1. Verständlich[1]	*[1]	*[1]	*[1]	*[1]	*[1]	Treibhausgasemissionen vorhanden[1]	Wirkungsgrad vorhanden[1]	Contra A[1]	Unklar B[1]	Unklar C[1]	_	_	Hauptteil[7]	2. Data[8]	
2-3	145-150	liegt	1. Richtig[1]	1. Angemessen[1]	1. Verständlich[1]	*[1]	*[1]	*[1]	*[1]	*[1]	Treibhausgasemissionen vorhanden[1]	Wirkungsgrad vorhanden[1]	Contra A[1]	Unklar B[1]	Unklar C[1]	_	_	Hauptteil[7]	2. Data[8]	
2-4	151-154	bei	1. Richtig[1]	1. Angemessen[1]	1. Verständlich[1]	*[1]	*[1]	*[1]	*[1]	*[1]	Treibhausgasemissionen vorhanden[1]	Wirkungsgrad vorhanden[1]	Contra A[1]	Unklar B[1]	Unklar C[1]	_	_	Hauptteil[7]	2. Data[8]	
2-5	155-157	70	1. Richtig[1]	1. Angemessen[1]	1. Verständlich[1]	*[1]	*[1]	*[1]	*[1]	*[1]	Treibhausgasemissionen vorhanden[1]	Wirkungsgrad vorhanden[1]	Contra A[1]	Unklar B[1]	Unklar C[1]	_	_	Hauptteil[7]	2. Data[8]	
2-6	158-165	prozent	1. Richtig[1]	1. Angemessen[1]	1. Verständlich[1]	*[1]	*[1]	*[1]	*[1]	*[1]	Treibhausgasemissionen vorhanden[1]	Wirkungsgrad vorhanden[1]	Contra A[1]	Unklar B[1]	Unklar C[1]	_	_	Hauptteil[7]	2. Data[8]	
2-7	165-166	,	1. Richtig[1]	1. Angemessen[1]	1. Verständlich[1]	*[1]	*[1]	*[1]	*[1]	*[1]	Treibhausgasemissionen vorhanden[1]	Wirkungsgrad vorhanden[1]	Contra A[1]	Unklar B[1]	Unklar C[1]	_	_	Hauptteil[7]	2. Data[8]	
2-8	167-173	elches	1. Richtig[1]	1. Angemessen[1]	1. Verständlich[1]	*[1]	*[1]	*[1]	*[1]	*[1]	Treibhausgasemissionen vorhanden[1]	Wirkungsgrad vorhanden[1]	Contra A[1]	Unklar B[1]	Unklar C[1]	_	_	Hauptteil[7]	1. Claim[9]	
2-9	174-177	das	1. Richtig[1]	1. Angemessen[1]	1. Verständlich[1]	*[1]	*[1]	*[1]	*[1]	*[1]	Treibhausgasemissionen vorhanden[1]	Wirkungsgrad vorhanden[1]	Contra A[1]	Unklar B[1]	Unklar C[1]	_	_	Hauptteil[7]	1. Claim[9]	
2-10	178-183	beste	1. Richtig[1]	1. Angemessen[1]	1. Verständlich[1]	*[1]	*[1]	*[1]	*[1]	*[1]	Treibhausgasemissionen vorhanden[1]	Wirkungsgrad vorhanden[1]	Contra A[1]	Unklar B[1]	Unklar C[1]	_	_	Hauptteil[7]	1. Claim[9]	
2-11	184-187	von	1. Richtig[1]	1. Angemessen[1]	1. Verständlich[1]	*[1]	*[1]	*[1]	*[1]	*[1]	Treibhausgasemissionen vorhanden[1]	Wirkungsgrad vorhanden[1]	Contra A[1]	Unklar B[1]	Unklar C[1]	_	_	Hauptteil[7]	1. Claim[9]	
2-12	188-191	den	1. Richtig[1]	1. Angemessen[1]	1. Verständlich[1]	*[1]	*[1]	*[1]	*[1]	*[1]	Treibhausgasemissionen vorhanden[1]	Wirkungsgrad vorhanden[1]	Contra A[1]	Unklar B[1]	Unklar C[1]	_	_	Hauptteil[7]	1. Claim[9]	
2-13	192-196	drei	1. Richtig[1]	1. Angemessen[1]	1. Verständlich[1]	*[1]	*[1]	*[1]	*[1]	*[1]	Treibhausgasemissionen vorhanden[1]	Wirkungsgrad vorhanden[1]	Contra A[1]	Unklar B[1]	Unklar C[1]	_	_	Hauptteil[7]	1. Claim[9]	
2-14	197-210	möglichkeiten	1. Richtig[1]	1. Angemessen[1]	1. Verständlich[1]	*[1]	*[1]	*[1]	*[1]	*[1]	Treibhausgasemissionen vorhanden[1]	Wirkungsgrad vorhanden[1]	Contra A[1]	Unklar B[1]	Unklar C[1]	_	_	Hauptteil[7]	1. Claim[9]	
2-15	211-214	ist	1. Richtig[1]	1. Angemessen[1]	1. Verständlich[1]	*[1]	*[1]	*[1]	*[1]	*[1]	Treibhausgasemissionen vorhanden[1]	Wirkungsgrad vorhanden[1]	Contra A[1]	Unklar B[1]	Unklar C[1]	_	_	Hauptteil[7]	1. Claim[9]	
2-16	215-217	da	1. Richtig[1]	1. Angemessen[1]	1. Verständlich[1]	*[1]	*[1]	*[1]	*[1]	*[1]	Treibhausgasemissionen vorhanden[1]	Wirkungsgrad vorhanden[1]	Contra A[1]	Unklar B[1]	Unklar C[1]	_	_	Hauptteil[7]	2. Data[10]	
2-17	218-221	die	1. Richtig[1]	1. Angemessen[1]	1. Verständlich[1]	*[1]	*[1]	*[1]	*[1]	*[1]	Treibhausgasemissionen vorhanden[1]	Wirkungsgrad vorhanden[1]	Contra A[1]	Unklar B[1]	Unklar C[1]	_	_	Hauptteil[7]	2. Data[10]	
2-18	222-229	anderen	1. Richtig[1]	1. Angemessen[1]	1. Verständlich[1]	*[1]	*[1]	*[1]	*[1]	*[1]	Treibhausgasemissionen vorhanden[1]	Wirkungsgrad vorhanden[1]	Contra A[1]	Unklar B[1]	Unklar C[1]	_	_	Hauptteil[7]	2. Data[10]	
2-19	230-233	bei	1. Richtig[1]	1. Angemessen[1]	1. Verständlich[1]	*[1]	*[1]	*[1]	*[1]	*[1]	Treibhausgasemissionen vorhanden[1]	Wirkungsgrad vorhanden[1]	Contra A[1]	Unklar B[1]	Unklar C[1]	_	_	Hauptteil[7]	2. Data[10]	
2-20	234-239	unter	1. Richtig[1]	1. Angemessen[1]	1. Verständlich[1]	*[1]	*[1]	*[1]	*[1]	*[1]	Treibhausgasemissionen vorhanden[1]	Wirkungsgrad vorhanden[1]	Contra A[1]	Unklar B[1]	Unklar C[1]	_	_	Hauptteil[7]	2. Data[10]	
2-21	240-242	30	1. Richtig[1]	1. Angemessen[1]	1. Verständlich[1]	*[1]	*[1]	*[1]	*[1]	*[1]	Treibhausgasemissionen vorhanden[1]	Wirkungsgrad vorhanden[1]	Contra A[1]	Unklar B[1]	Unklar C[1]	_	_	Hauptteil[7]	2. Data[10]	
2-22	243-250	prozent	1. Richtig[1]	1. Angemessen[1]	1. Verständlich[1]	*[1]	*[1]	*[1]	*[1]	*[1]	Treibhausgasemissionen vorhanden[1]	Wirkungsgrad vorhanden[1]	Contra A[1]	Unklar B[1]	Unklar C[1]	_	_	Hauptteil[7]	2. Data[10]	
2-23	251-257	liegen	1. Richtig[1]	1. Angemessen[1]	1. Verständlich[1]	*[1]	*[1]	*[1]	*[1]	*[1]	Treibhausgasemissionen vorhanden[1]	Wirkungsgrad vorhanden[1]	Contra A[1]	Unklar B[1]	Unklar C[1]	_	_	Hauptteil[7]	2. Data[10]	
2-24	258-261	was	1. Richtig[1]	1. Angemessen[1]	1. Verständlich[1]	*[1]	*[1]	*[1]	*[1]	*[1]	Treibhausgasemissionen vorhanden[1]	Wirkungsgrad vorhanden[1]	Contra A[1]	Unklar B[1]	Unklar C[1]	_	_	Hauptteil[7]	1. Claim[11]	
2-25	262-266	kein	1. Richtig[1]	1. Angemessen[1]	1. Verständlich[1]	*[1]	*[1]	*[1]	*[1]	*[1]	Treibhausgasemissionen vorhanden[1]	Wirkungsgrad vorhanden[1]	Contra A[1]	Unklar B[1]	Unklar C[1]	_	_	Hauptteil[7]	1. Claim[11]	
2-26	267-272	gutes	1. Richtig[1]	1. Angemessen[1]	1. Verständlich[1]	*[1]	*[1]	*[1]	*[1]	*[1]	Treibhausgasemissionen vorhanden[1]	Wirkungsgrad vorhanden[1]	Contra A[1]	Unklar B[1]	Unklar C[1]	_	_	Hauptteil[7]	1. Claim[11]	
2-27	273-282	kriterium	1. Richtig[1]	1. Angemessen[1]	1. Verständlich[1]	*[1]	*[1]	*[1]	*[1]	*[1]	Treibhausgasemissionen vorhanden[1]	Wirkungsgrad vorhanden[1]	Contra A[1]	Unklar B[1]	Unklar C[1]	_	_	Hauptteil[7]	1. Claim[11]	
2-28	283-286	ist	1. Richtig[1]	1. Angemessen[1]	1. Verständlich[1]	*[1]	*[1]	*[1]	*[1]	*[1]	Treibhausgasemissionen vorhanden[1]	Wirkungsgrad vorhanden[1]	Contra A[1]	Unklar B[1]	Unklar C[1]	_	_	Hauptteil[7]	1. Claim[11]	
2-29	286-287	.	1. Richtig[1]	1. Angemessen[1]	1. Verständlich[1]	*[1]	*[1]	*[1]	*[1]	*[1]	Treibhausgasemissionen vorhanden[1]	Wirkungsgrad vorhanden[1]	Contra A[1]	Unklar B[1]	Unklar C[1]	_	_	Hauptteil[7]	1. Claim[11]	

3-1	289-292	Die	1. Richtig[1]	1. Angemessen[1]	1. Verständlich[1]	*[1]	*[1]	*[1]	*[1]	*[1]	Treibhausgasemissionen vorhanden[1]	Wirkungsgrad vorhanden[1]	Contra A[1]	Unklar B[1]	Unklar C[1]	_	_	Hauptteil[7]	2. Data[12]	
3-2	293-315	treibhausgasemissionen	1. Richtig[1]	1. Angemessen[1]	1. Verständlich[1]	*[1]	*[1]	*[1]	*[1]	*[1]	Treibhausgasemissionen vorhanden[1]	Wirkungsgrad vorhanden[1]	Contra A[1]	Unklar B[1]	Unklar C[1]	_	_	Hauptteil[7]	2. Data[12]	
3-3	316-319	bei	1. Richtig[1]	1. Angemessen[1]	1. Verständlich[1]	*[1]	*[1]	*[1]	*[1]	*[1]	Treibhausgasemissionen vorhanden[1]	Wirkungsgrad vorhanden[1]	Contra A[1]	Unklar B[1]	Unklar C[1]	_	_	Hauptteil[7]	2. Data[12]	
3-4	320-323	der	1. Richtig[1]	1. Angemessen[1]	1. Verständlich[1]	*[1]	*[1]	*[1]	*[1]	*[1]	Treibhausgasemissionen vorhanden[1]	Wirkungsgrad vorhanden[1]	Contra A[1]	Unklar B[1]	Unklar C[1]	_	_	Hauptteil[7]	2. Data[12]	
3-5	324-334	produktion	1. Richtig[1]	1. Angemessen[1]	1. Verständlich[1]	*[1]	*[1]	*[1]	*[1]	*[1]	Treibhausgasemissionen vorhanden[1]	Wirkungsgrad vorhanden[1]	Contra A[1]	Unklar B[1]	Unklar C[1]	_	_	Hauptteil[7]	2. Data[12]	
3-6	335-341	liegen	1. Richtig[1]	1. Angemessen[1]	1. Verständlich[1]	*[1]	*[1]	*[1]	*[1]	*[1]	Treibhausgasemissionen vorhanden[1]	Wirkungsgrad vorhanden[1]	Contra A[1]	Unklar B[1]	Unklar C[1]	_	_	Hauptteil[7]	2. Data[12]	
3-7	342-345	bei	1. Richtig[1]	1. Angemessen[1]	1. Verständlich[1]	*[1]	*[1]	*[1]	*[1]	*[1]	Treibhausgasemissionen vorhanden[1]	Wirkungsgrad vorhanden[1]	Contra A[1]	Unklar B[1]	Unklar C[1]	_	_	Hauptteil[7]	2. Data[12]	
3-8	346-350	13,1	1. Richtig[1]	1. Angemessen[1]	1. Verständlich[1]	*[1]	*[1]	*[1]	*[1]	*[1]	Treibhausgasemissionen vorhanden[1]	Wirkungsgrad vorhanden[1]	Contra A[1]	Unklar B[1]	Unklar C[1]	_	_	Hauptteil[7]	2. Data[12]	
3-9	351-354	CO2	1. Richtig[1]	1. Angemessen[1]	1. Verständlich[1]	*[1]	*[1]	*[1]	*[1]	*[1]	Treibhausgasemissionen vorhanden[1]	Wirkungsgrad vorhanden[1]	Contra A[1]	Unklar B[1]	Unklar C[1]	_	_	Hauptteil[7]	2. Data[12]	
3-10	355-362	welches	1. Richtig[1]	1. Angemessen[1]	1. Verständlich[1]	*[1]	*[1]	*[1]	*[1]	*[1]	Treibhausgasemissionen vorhanden[1]	Wirkungsgrad vorhanden[1]	Contra A[1]	Unklar B[1]	Unklar C[1]	_	_	Hauptteil[7]	1. Claim[13]	
3-11	363-366	die	1. Richtig[1]	1. Angemessen[1]	1. Verständlich[1]	*[1]	*[1]	*[1]	*[1]	*[1]	Treibhausgasemissionen vorhanden[1]	Wirkungsgrad vorhanden[1]	Contra A[1]	Unklar B[1]	Unklar C[1]	_	_	Hauptteil[7]	1. Claim[13]	
3-12	367-372	mitte	1. Richtig[1]	1. Angemessen[1]	1. Verständlich[1]	*[1]	*[1]	*[1]	*[1]	*[1]	Treibhausgasemissionen vorhanden[1]	Wirkungsgrad vorhanden[1]	Contra A[1]	Unklar B[1]	Unklar C[1]	_	_	Hauptteil[7]	1. Claim[13]	
3-13	373-376	der	1. Richtig[1]	1. Angemessen[1]	1. Verständlich[1]	*[1]	*[1]	*[1]	*[1]	*[1]	Treibhausgasemissionen vorhanden[1]	Wirkungsgrad vorhanden[1]	Contra A[1]	Unklar B[1]	Unklar C[1]	_	_	Hauptteil[7]	1. Claim[13]	
3-14	377-383	beiden	1. Richtig[1]	1. Angemessen[1]	1. Verständlich[1]	*[1]	*[1]	*[1]	*[1]	*[1]	Treibhausgasemissionen vorhanden[1]	Wirkungsgrad vorhanden[1]	Contra A[1]	Unklar B[1]	Unklar C[1]	_	_	Hauptteil[7]	1. Claim[13]	
3-15	384-391	anderen	1. Richtig[1]	1. Angemessen[1]	1. Verständlich[1]	*[1]	*[1]	*[1]	*[1]	*[1]	Treibhausgasemissionen vorhanden[1]	Wirkungsgrad vorhanden[1]	Contra A[1]	Unklar B[1]	Unklar C[1]	_	_	Hauptteil[7]	1. Claim[13]	
3-16	392-395	ist	1. Richtig[1]	1. Angemessen[1]	1. Verständlich[1]	*[1]	*[1]	*[1]	*[1]	*[1]	Treibhausgasemissionen vorhanden[1]	Wirkungsgrad vorhanden[1]	Contra A[1]	Unklar B[1]	Unklar C[1]	_	_	Hauptteil[7]	1. Claim[13]	
3-17	396-399	und	1. Richtig[1]	1. Angemessen[1]	1. Verständlich[1]	*[1]	*[1]	*[1]	*[1]	*[1]	Treibhausgasemissionen vorhanden[1]	Wirkungsgrad vorhanden[1]	Contra A[1]	Unklar B[1]	Unklar C[1]	_	_	Hauptteil[7]	1. Claim[13]	
3-18	400-405	somit	1. Richtig[1]	1. Angemessen[1]	1. Verständlich[1]	*[1]	*[1]	*[1]	*[1]	*[1]	Treibhausgasemissionen vorhanden[1]	Wirkungsgrad vorhanden[1]	Contra A[1]	Unklar B[1]	Unklar C[1]	_	_	Hauptteil[7]	1. Claim[13]	
3-19	406-409	ist	1. Richtig[1]	1. Angemessen[1]	1. Verständlich[1]	*[1]	*[1]	*[1]	*[1]	*[1]	Treibhausgasemissionen vorhanden[1]	Wirkungsgrad vorhanden[1]	Contra A[1]	Unklar B[1]	Unklar C[1]	_	_	Hauptteil[7]	1. Claim[13]	
3-20	410-412	es	1. Richtig[1]	1. Angemessen[1]	1. Verständlich[1]	*[1]	*[1]	*[1]	*[1]	*[1]	Treibhausgasemissionen vorhanden[1]	Wirkungsgrad vorhanden[1]	Contra A[1]	Unklar B[1]	Unklar C[1]	_	_	Hauptteil[7]	1. Claim[13]	
3-21	413-420	machbar	1. Richtig[1]	1. Angemessen[1]	1. Verständlich[1]	*[1]	*[1]	*[1]	*[1]	*[1]	Treibhausgasemissionen vorhanden[1]	Wirkungsgrad vorhanden[1]	Contra A[1]	Unklar B[1]	Unklar C[1]	_	_	Hauptteil[7]	1. Claim[13]	
3-22	420-421	.	1. Richtig[1]	1. Angemessen[1]	1. Verständlich[1]	*[1]	*[1]	*[1]	*[1]	*[1]	Treibhausgasemissionen vorhanden[1]	Wirkungsgrad vorhanden[1]	Contra A[1]	Unklar B[1]	Unklar C[1]	_	_	Hauptteil[7]	1. Claim[13]	

4-1	423-427	Zwar	1. Richtig[1]	1. Angemessen[1]	1. Verständlich[1]	*[1]	*[1]	*[1]	*[1]	*[1]	Treibhausgasemissionen vorhanden[1]	Wirkungsgrad vorhanden[1]	Contra A[1]	Unklar B[1]	Unklar C[1]	_	_	Hauptteil[7]	2. Data[14]	
4-2	428-433	haben	1. Richtig[1]	1. Angemessen[1]	1. Verständlich[1]	*[1]	*[1]	*[1]	*[1]	*[1]	Treibhausgasemissionen vorhanden[1]	Wirkungsgrad vorhanden[1]	Contra A[1]	Unklar B[1]	Unklar C[1]	_	_	Hauptteil[7]	2. Data[14]	
4-3	434-437	die	1. Richtig[1]	1. Angemessen[1]	1. Verständlich[1]	*[1]	*[1]	*[1]	*[1]	*[1]	Treibhausgasemissionen vorhanden[1]	Wirkungsgrad vorhanden[1]	Contra A[1]	Unklar B[1]	Unklar C[1]	_	_	Hauptteil[7]	2. Data[14]	
4-4	438-439	e	1. Richtig[1]	1. Angemessen[1]	1. Verständlich[1]	*[1]	*[1]	*[1]	*[1]	*[1]	Treibhausgasemissionen vorhanden[1]	Wirkungsgrad vorhanden[1]	Contra A[1]	Unklar B[1]	Unklar C[1]	_	_	Hauptteil[7]	2. Data[14]	
4-5	440-445	fuels	1. Richtig[1]	1. Angemessen[1]	1. Verständlich[1]	*[1]	*[1]	*[1]	*[1]	*[1]	Treibhausgasemissionen vorhanden[1]	Wirkungsgrad vorhanden[1]	Contra A[1]	Unklar B[1]	Unklar C[1]	_	_	Hauptteil[7]	2. Data[14]	
4-6	446-449	nur	1. Richtig[1]	1. Angemessen[1]	1. Verständlich[1]	*[1]	*[1]	*[1]	*[1]	*[1]	Treibhausgasemissionen vorhanden[1]	Wirkungsgrad vorhanden[1]	Contra A[1]	Unklar B[1]	Unklar C[1]	_	_	Hauptteil[7]	2. Data[14]	
4-7	450-455	einen	1. Richtig[1]	1. Angemessen[1]	1. Verständlich[1]	*[1]	*[1]	*[1]	*[1]	*[1]	Treibhausgasemissionen vorhanden[1]	Wirkungsgrad vorhanden[1]	Contra A[1]	Unklar B[1]	Unklar C[1]	_	_	Hauptteil[7]	2. Data[14]	
4-8	456-463	ausstoß	1. Richtig[1]	1. Angemessen[1]	1. Verständlich[1]	*[1]	*[1]	*[1]	*[1]	*[1]	Treibhausgasemissionen vorhanden[1]	Wirkungsgrad vorhanden[1]	Contra A[1]	Unklar B[1]	Unklar C[1]	_	_	Hauptteil[7]	2. Data[14]	
4-9	464-467	von	1. Richtig[1]	1. Angemessen[1]	1. Verständlich[1]	*[1]	*[1]	*[1]	*[1]	*[1]	Treibhausgasemissionen vorhanden[1]	Wirkungsgrad vorhanden[1]	Contra A[1]	Unklar B[1]	Unklar C[1]	_	_	Hauptteil[7]	2. Data[14]	
4-10	468-471	7,8	1. Richtig[1]	1. Angemessen[1]	1. Verständlich[1]	*[1]	*[1]	*[1]	*[1]	*[1]	Treibhausgasemissionen vorhanden[1]	Wirkungsgrad vorhanden[1]	Contra A[1]	Unklar B[1]	Unklar C[1]	_	_	Hauptteil[7]	2. Data[14]	
4-11	472-478	jedoch	1. Richtig[1]	1. Angemessen[1]	1. Verständlich[1]	*[1]	*[1]	*[1]	*[1]	*[1]	Treibhausgasemissionen vorhanden[1]	Wirkungsgrad vorhanden[1]	Contra A[1]	Unklar B[1]	Unklar C[1]	_	_	Hauptteil[7]	4. Rebuttal[15]	
4-12	479-482	ist	1. Richtig[1]	1. Angemessen[1]	1. Verständlich[1]	*[1]	*[1]	*[1]	*[1]	*[1]	Treibhausgasemissionen vorhanden[1]	Wirkungsgrad vorhanden[1]	Contra A[1]	Unklar B[1]	Unklar C[1]	_	_	Hauptteil[7]	4. Rebuttal[15]	
4-13	483-486	der	1. Richtig[1]	1. Angemessen[1]	1. Verständlich[1]	*[1]	*[1]	*[1]	*[1]	*[1]	Treibhausgasemissionen vorhanden[1]	Wirkungsgrad vorhanden[1]	Contra A[1]	Unklar B[1]	Unklar C[1]	_	_	Hauptteil[7]	4. Rebuttal[15]	
4-14	487-499	wirkungsgrad	1. Richtig[1]	1. Angemessen[1]	1. Verständlich[1]	*[1]	*[1]	*[1]	*[1]	*[1]	Treibhausgasemissionen vorhanden[1]	Wirkungsgrad vorhanden[1]	Contra A[1]	Unklar B[1]	Unklar C[1]	_	_	Hauptteil[7]	4. Rebuttal[15]	
4-15	500-506	gerade	1. Richtig[1]	1. Angemessen[1]	1. Verständlich[1]	*[1]	*[1]	*[1]	*[1]	*[1]	Treibhausgasemissionen vorhanden[1]	Wirkungsgrad vorhanden[1]	Contra A[1]	Unklar B[1]	Unklar C[1]	_	_	Hauptteil[7]	4. Rebuttal[15]	
4-16	507-510	mal	1. Richtig[1]	1. Angemessen[1]	1. Verständlich[1]	*[1]	*[1]	*[1]	*[1]	*[1]	Treibhausgasemissionen vorhanden[1]	Wirkungsgrad vorhanden[1]	Contra A[1]	Unklar B[1]	Unklar C[1]	_	_	Hauptteil[7]	4. Rebuttal[15]	
4-17	511-514	bei	1. Richtig[1]	1. Angemessen[1]	1. Verständlich[1]	*[1]	*[1]	*[1]	*[1]	*[1]	Treibhausgasemissionen vorhanden[1]	Wirkungsgrad vorhanden[1]	Contra A[1]	Unklar B[1]	Unklar C[1]	_	_	Hauptteil[7]	4. Rebuttal[15]	
4-18	515-524	höchstens	1. Richtig[1]	1. Angemessen[1]	1. Verständlich[1]	*[1]	*[1]	*[1]	*[1]	*[1]	Treibhausgasemissionen vorhanden[1]	Wirkungsgrad vorhanden[1]	Contra A[1]	Unklar B[1]	Unklar C[1]	_	_	Hauptteil[7]	4. Rebuttal[15]	
4-19	525-527	20	1. Richtig[1]	1. Angemessen[1]	1. Verständlich[1]	*[1]	*[1]	*[1]	*[1]	*[1]	Treibhausgasemissionen vorhanden[1]	Wirkungsgrad vorhanden[1]	Contra A[1]	Unklar B[1]	Unklar C[1]	_	_	Hauptteil[7]	4. Rebuttal[15]	
4-20	528-535	prozent	1. Richtig[1]	1. Angemessen[1]	1. Verständlich[1]	*[1]	*[1]	*[1]	*[1]	*[1]	Treibhausgasemissionen vorhanden[1]	Wirkungsgrad vorhanden[1]	Contra A[1]	Unklar B[1]	Unklar C[1]	_	_	Hauptteil[7]	4. Rebuttal[15]	
4-21	535-536	.	1. Richtig[1]	1. Angemessen[1]	1. Verständlich[1]	*[1]	*[1]	*[1]	*[1]	*[1]	Treibhausgasemissionen vorhanden[1]	Wirkungsgrad vorhanden[1]	Contra A[1]	Unklar B[1]	Unklar C[1]	_	_	Hauptteil[7]	4. Rebuttal[15]	

5-1	538-541	Die	1. Richtig[2]	1. Angemessen[2]	1. Verständlich[2]	*[2]	Lebensdauer/Verfügbarkeit vorhanden[2]	*[2]	*[2]	*[2]	*[2]	*[2]	Contra A[2]	*[2]	Pro C[2]	_	_	Hauptteil[7]	2. Data[16]	
5-2	542-555	verfügbarkeit	1. Richtig[2]	1. Angemessen[2]	1. Verständlich[2]	*[2]	Lebensdauer/Verfügbarkeit vorhanden[2]	*[2]	*[2]	*[2]	*[2]	*[2]	Contra A[2]	*[2]	Pro C[2]	_	_	Hauptteil[7]	2. Data[16]	
5-3	556-559	ist	1. Richtig[2]	1. Angemessen[2]	1. Verständlich[2]	*[2]	Lebensdauer/Verfügbarkeit vorhanden[2]	*[2]	*[2]	*[2]	*[2]	*[2]	Contra A[2]	*[2]	Pro C[2]	_	_	Hauptteil[7]	2. Data[16]	
5-4	560-564	eine	1. Richtig[2]	1. Angemessen[2]	1. Verständlich[2]	*[2]	Lebensdauer/Verfügbarkeit vorhanden[2]	*[2]	*[2]	*[2]	*[2]	*[2]	Contra A[2]	*[2]	Pro C[2]	_	_	Hauptteil[7]	2. Data[16]	
5-5	565-582	massenanfertigung	1. Richtig[2]	1. Angemessen[2]	1. Verständlich[2]	*[2]	Lebensdauer/Verfügbarkeit vorhanden[2]	*[2]	*[2]	*[2]	*[2]	*[2]	Contra A[2]	*[2]	Pro C[2]	_	_	Hauptteil[7]	2. Data[16]	
5-6	583-586	was	1. Richtig[2]	1. Angemessen[2]	1. Verständlich[2]	*[2]	Lebensdauer/Verfügbarkeit vorhanden[2]	*[2]	*[2]	*[2]	*[2]	*[2]	Contra A[2]	*[2]	Pro C[2]	_	_	Hauptteil[7]	1. Claim[17]	
5-7	587-591	sehr	1. Richtig[2]	1. Angemessen[2]	1. Verständlich[2]	*[2]	Lebensdauer/Verfügbarkeit vorhanden[2]	*[2]	*[2]	*[2]	*[2]	*[2]	Contra A[2]	*[2]	Pro C[2]	_	_	Hauptteil[7]	1. Claim[17]	
5-8	592-595	gut	1. Richtig[2]	1. Angemessen[2]	1. Verständlich[2]	*[2]	Lebensdauer/Verfügbarkeit vorhanden[2]	*[2]	*[2]	*[2]	*[2]	*[2]	Contra A[2]	*[2]	Pro C[2]	_	_	Hauptteil[7]	1. Claim[17]	
5-9	596-599	ist	1. Richtig[2]	1. Angemessen[2]	1. Verständlich[2]	*[2]	Lebensdauer/Verfügbarkeit vorhanden[2]	*[2]	*[2]	*[2]	*[2]	*[2]	Contra A[2]	*[2]	Pro C[2]	_	_	Hauptteil[7]	1. Claim[17]	
5-10	600-604	denn	1. Richtig[2]	1. Angemessen[2]	1. Verständlich[2]	*[2]	Lebensdauer/Verfügbarkeit vorhanden[2]	*[2]	*[2]	*[2]	*[2]	*[2]	Contra A[2]	*[2]	Pro C[2]	_	_	Hauptteil[7]	2. Data[18]	
5-11	605-608	bei	1. Richtig[2]	1. Angemessen[2]	1. Verständlich[2]	*[2]	Lebensdauer/Verfügbarkeit vorhanden[2]	*[2]	*[2]	*[2]	*[2]	*[2]	Contra A[2]	*[2]	Pro C[2]	_	_	Hauptteil[7]	2. Data[18]	
5-12	609-612	dem	1. Richtig[2]	1. Angemessen[2]	1. Verständlich[2]	*[2]	Lebensdauer/Verfügbarkeit vorhanden[2]	*[2]	*[2]	*[2]	*[2]	*[2]	Contra A[2]	*[2]	Pro C[2]	_	_	Hauptteil[7]	2. Data[18]	
5-13	613-623	wsserstoff	1. Richtig[2]	1. Angemessen[2]	1. Verständlich[2]	*[2]	Lebensdauer/Verfügbarkeit vorhanden[2]	*[2]	*[2]	*[2]	*[2]	*[2]	Contra A[2]	*[2]	Pro C[2]	_	_	Hauptteil[7]	2. Data[18]	
5-14	624-628	gibt	1. Richtig[2]	1. Angemessen[2]	1. Verständlich[2]	*[2]	Lebensdauer/Verfügbarkeit vorhanden[2]	*[2]	*[2]	*[2]	*[2]	*[2]	Contra A[2]	*[2]	Pro C[2]	_	_	Hauptteil[7]	2. Data[18]	
5-15	629-631	es	1. Richtig[2]	1. Angemessen[2]	1. Verständlich[2]	*[2]	Lebensdauer/Verfügbarkeit vorhanden[2]	*[2]	*[2]	*[2]	*[2]	*[2]	Contra A[2]	*[2]	Pro C[2]	_	_	Hauptteil[7]	2. Data[18]	
5-16	632-635	nur	1. Richtig[2]	1. Angemessen[2]	1. Verständlich[2]	*[2]	Lebensdauer/Verfügbarkeit vorhanden[2]	*[2]	*[2]	*[2]	*[2]	*[2]	Contra A[2]	*[2]	Pro C[2]	_	_	Hauptteil[7]	2. Data[18]	
5-17	636-640	eine	1. Richtig[2]	1. Angemessen[2]	1. Verständlich[2]	*[2]	Lebensdauer/Verfügbarkeit vorhanden[2]	*[2]	*[2]	*[2]	*[2]	*[2]	Contra A[2]	*[2]	Pro C[2]	_	_	Hauptteil[7]	2. Data[18]	
5-18	641-657	kleinanfertigung	1. Richtig[2]	1. Angemessen[2]	1. Verständlich[2]	*[2]	Lebensdauer/Verfügbarkeit vorhanden[2]	*[2]	*[2]	*[2]	*[2]	*[2]	Contra A[2]	*[2]	Pro C[2]	_	_	Hauptteil[7]	2. Data[18]	
5-19	657-658	.	1. Richtig[2]	1. Angemessen[2]	1. Verständlich[2]	*[2]	Lebensdauer/Verfügbarkeit vorhanden[2]	*[2]	*[2]	*[2]	*[2]	*[2]	Contra A[2]	*[2]	Pro C[2]	_	_	Hauptteil[7]	2. Data[18]	

6-1	660-663	Der	1. Richtig[3]	1. Angemessen[3]	1. Verständlich[3]	*[3]	*[3]	*[3]	Preis/Betrieb vorhanden[3]	*[3]	*[3]	*[3]	Unklar A[3]	Unklar B[3]	Unklar C[3]	_	_	Hauptteil[7]	2. Data[19]	
6-2	664-671	betrieb	1. Richtig[3]	1. Angemessen[3]	1. Verständlich[3]	*[3]	*[3]	*[3]	Preis/Betrieb vorhanden[3]	*[3]	*[3]	*[3]	Unklar A[3]	Unklar B[3]	Unklar C[3]	_	_	Hauptteil[7]	2. Data[19]	
6-3	672-675	hat	1. Richtig[3]	1. Angemessen[3]	1. Verständlich[3]	*[3]	*[3]	*[3]	Preis/Betrieb vorhanden[3]	*[3]	*[3]	*[3]	Unklar A[3]	Unklar B[3]	Unklar C[3]	_	_	Hauptteil[7]	2. Data[19]	
6-4	676-680	eine	1. Richtig[3]	1. Angemessen[3]	1. Verständlich[3]	*[3]	*[3]	*[3]	Preis/Betrieb vorhanden[3]	*[3]	*[3]	*[3]	Unklar A[3]	Unklar B[3]	Unklar C[3]	_	_	Hauptteil[7]	2. Data[19]	
6-5	681-690	ladedauer	1. Richtig[3]	1. Angemessen[3]	1. Verständlich[3]	*[3]	*[3]	*[3]	Preis/Betrieb vorhanden[3]	*[3]	*[3]	*[3]	Unklar A[3]	Unklar B[3]	Unklar C[3]	_	_	Hauptteil[7]	2. Data[19]	
6-6	691-694	von	1. Richtig[3]	1. Angemessen[3]	1. Verständlich[3]	*[3]	*[3]	*[3]	Preis/Betrieb vorhanden[3]	*[3]	*[3]	*[3]	Unklar A[3]	Unklar B[3]	Unklar C[3]	_	_	Hauptteil[7]	2. Data[19]	
6-7	695-697	30	1. Richtig[3]	1. Angemessen[3]	1. Verständlich[3]	*[3]	*[3]	*[3]	Preis/Betrieb vorhanden[3]	*[3]	*[3]	*[3]	Unklar A[3]	Unklar B[3]	Unklar C[3]	_	_	Hauptteil[7]	2. Data[19]	
6-8	698-701	min	1. Richtig[3]	1. Angemessen[3]	1. Verständlich[3]	*[3]	*[3]	*[3]	Preis/Betrieb vorhanden[3]	*[3]	*[3]	*[3]	Unklar A[3]	Unklar B[3]	Unklar C[3]	_	_	Hauptteil[7]	2. Data[19]	
6-9	702-705	und	1. Richtig[3]	1. Angemessen[3]	1. Verständlich[3]	*[3]	*[3]	*[3]	Preis/Betrieb vorhanden[3]	*[3]	*[3]	*[3]	Unklar A[3]	Unklar B[3]	Unklar C[3]	_	_	Hauptteil[7]	2. Data[19]	
6-10	706-709	die	1. Richtig[3]	1. Angemessen[3]	1. Verständlich[3]	*[3]	*[3]	*[3]	Preis/Betrieb vorhanden[3]	*[3]	*[3]	*[3]	Unklar A[3]	Unklar B[3]	Unklar C[3]	_	_	Hauptteil[7]	2. Data[19]	
6-11	710-719	kilometer	1. Richtig[3]	1. Angemessen[3]	1. Verständlich[3]	*[3]	*[3]	*[3]	Preis/Betrieb vorhanden[3]	*[3]	*[3]	*[3]	Unklar A[3]	Unklar B[3]	Unklar C[3]	_	_	Hauptteil[7]	2. Data[19]	
6-12	720-726	anzahl	1. Richtig[3]	1. Angemessen[3]	1. Verständlich[3]	*[3]	*[3]	*[3]	Preis/Betrieb vorhanden[3]	*[3]	*[3]	*[3]	Unklar A[3]	Unklar B[3]	Unklar C[3]	_	_	Hauptteil[7]	2. Data[19]	
6-13	727-732	liegt	1. Richtig[3]	1. Angemessen[3]	1. Verständlich[3]	*[3]	*[3]	*[3]	Preis/Betrieb vorhanden[3]	*[3]	*[3]	*[3]	Unklar A[3]	Unklar B[3]	Unklar C[3]	_	_	Hauptteil[7]	2. Data[19]	
6-14	733-736	bei	1. Richtig[3]	1. Angemessen[3]	1. Verständlich[3]	*[3]	*[3]	*[3]	Preis/Betrieb vorhanden[3]	*[3]	*[3]	*[3]	Unklar A[3]	Unklar B[3]	Unklar C[3]	_	_	Hauptteil[7]	2. Data[19]	
6-15	737-739	un	1. Richtig[3]	1. Angemessen[3]	1. Verständlich[3]	*[3]	*[3]	*[3]	Preis/Betrieb vorhanden[3]	*[3]	*[3]	*[3]	Unklar A[3]	Unklar B[3]	Unklar C[3]	_	_	Hauptteil[7]	2. Data[19]	
6-16	740-743	ter	1. Richtig[3]	1. Angemessen[3]	1. Verständlich[3]	*[3]	*[3]	*[3]	Preis/Betrieb vorhanden[3]	*[3]	*[3]	*[3]	Unklar A[3]	Unklar B[3]	Unklar C[3]	_	_	Hauptteil[7]	2. Data[19]	
6-17	744-747	400	1. Richtig[3]	1. Angemessen[3]	1. Verständlich[3]	*[3]	*[3]	*[3]	Preis/Betrieb vorhanden[3]	*[3]	*[3]	*[3]	Unklar A[3]	Unklar B[3]	Unklar C[3]	_	_	Hauptteil[7]	2. Data[19]	
6-18	748-750	km	1. Richtig[3]	1. Angemessen[3]	1. Verständlich[3]	*[3]	*[3]	*[3]	Preis/Betrieb vorhanden[3]	*[3]	*[3]	*[3]	Unklar A[3]	Unklar B[3]	Unklar C[3]	_	_	Hauptteil[7]	2. Data[19]	
6-19	750-751	.	1. Richtig[3]	1. Angemessen[3]	1. Verständlich[3]	*[3]	*[3]	*[3]	Preis/Betrieb vorhanden[3]	*[3]	*[3]	*[3]	Unklar A[3]	Unklar B[3]	Unklar C[3]	_	_	Hauptteil[7]	2. Data[19]	

7-1	753-759	Jedoch	1. Richtig[3]	1. Angemessen[3]	1. Verständlich[3]	*[3]	*[3]	*[3]	Preis/Betrieb vorhanden[3]	*[3]	*[3]	*[3]	Unklar A[3]	Unklar B[3]	Unklar C[3]	_	_	Hauptteil[7]	4. Rebuttal[20]	
7-2	760-765	fährt	1. Richtig[3]	1. Angemessen[3]	1. Verständlich[3]	*[3]	*[3]	*[3]	Preis/Betrieb vorhanden[3]	*[3]	*[3]	*[3]	Unklar A[3]	Unklar B[3]	Unklar C[3]	_	_	Hauptteil[7]	4. Rebuttal[20]	
7-3	766-769	nur	1. Richtig[3]	1. Angemessen[3]	1. Verständlich[3]	*[3]	*[3]	*[3]	Preis/Betrieb vorhanden[3]	*[3]	*[3]	*[3]	Unklar A[3]	Unklar B[3]	Unklar C[3]	_	_	Hauptteil[7]	4. Rebuttal[20]	
7-4	770-771	1	1. Richtig[3]	1. Angemessen[3]	1. Verständlich[3]	*[3]	*[3]	*[3]	Preis/Betrieb vorhanden[3]	*[3]	*[3]	*[3]	Unklar A[3]	Unklar B[3]	Unklar C[3]	_	_	Hauptteil[7]	4. Rebuttal[20]	
7-5	772-779	prozent	1. Richtig[3]	1. Angemessen[3]	1. Verständlich[3]	*[3]	*[3]	*[3]	Preis/Betrieb vorhanden[3]	*[3]	*[3]	*[3]	Unklar A[3]	Unklar B[3]	Unklar C[3]	_	_	Hauptteil[7]	4. Rebuttal[20]	
7-6	780-783	der	1. Richtig[3]	1. Angemessen[3]	1. Verständlich[3]	*[3]	*[3]	*[3]	Preis/Betrieb vorhanden[3]	*[3]	*[3]	*[3]	Unklar A[3]	Unklar B[3]	Unklar C[3]	_	_	Hauptteil[7]	4. Rebuttal[20]	
7-7	784-793	deutschen	1. Richtig[3]	1. Angemessen[3]	1. Verständlich[3]	*[3]	*[3]	*[3]	Preis/Betrieb vorhanden[3]	*[3]	*[3]	*[3]	Unklar A[3]	Unklar B[3]	Unklar C[3]	_	_	Hauptteil[7]	4. Rebuttal[20]	
7-8	794-798	mehr	1. Richtig[3]	1. Angemessen[3]	1. Verständlich[3]	*[3]	*[3]	*[3]	Preis/Betrieb vorhanden[3]	*[3]	*[3]	*[3]	Unklar A[3]	Unklar B[3]	Unklar C[3]	_	_	Hauptteil[7]	4. Rebuttal[20]	
7-9	799-802	als	1. Richtig[3]	1. Angemessen[3]	1. Verständlich[3]	*[3]	*[3]	*[3]	Preis/Betrieb vorhanden[3]	*[3]	*[3]	*[3]	Unklar A[3]	Unklar B[3]	Unklar C[3]	_	_	Hauptteil[7]	4. Rebuttal[20]	
7-10	803-806	100	1. Richtig[3]	1. Angemessen[3]	1. Verständlich[3]	*[3]	*[3]	*[3]	Preis/Betrieb vorhanden[3]	*[3]	*[3]	*[3]	Unklar A[3]	Unklar B[3]	Unklar C[3]	_	_	Hauptteil[7]	4. Rebuttal[20]	
7-11	807-809	km	1. Richtig[3]	1. Angemessen[3]	1. Verständlich[3]	*[3]	*[3]	*[3]	Preis/Betrieb vorhanden[3]	*[3]	*[3]	*[3]	Unklar A[3]	Unklar B[3]	Unklar C[3]	_	_	Hauptteil[7]	4. Rebuttal[20]	
7-12	810-813	und	1. Richtig[3]	1. Angemessen[3]	1. Verständlich[3]	*[3]	*[3]	*[3]	Preis/Betrieb vorhanden[3]	*[3]	*[3]	*[3]	Unklar A[3]	Unklar B[3]	Unklar C[3]	_	_	Hauptteil[7]	4. Rebuttal[20]	
7-13	814-819	hinzu	1. Richtig[3]	1. Angemessen[3]	1. Verständlich[3]	*[3]	*[3]	*[3]	Preis/Betrieb vorhanden[3]	*[3]	*[3]	*[3]	Unklar A[3]	Unklar B[3]	Unklar C[3]	_	_	Hauptteil[7]	4. Rebuttal[20]	
7-14	820-825	kommt	1. Richtig[3]	1. Angemessen[3]	1. Verständlich[3]	*[3]	*[3]	*[3]	Preis/Betrieb vorhanden[3]	*[3]	*[3]	*[3]	Unklar A[3]	Unklar B[3]	Unklar C[3]	_	_	Hauptteil[7]	4. Rebuttal[20]	
7-15	826-830	dass	1. Richtig[3]	1. Angemessen[3]	1. Verständlich[3]	*[3]	*[3]	*[3]	Preis/Betrieb vorhanden[3]	*[3]	*[3]	*[3]	Unklar A[3]	Unklar B[3]	Unklar C[3]	_	_	Hauptteil[7]	4. Rebuttal[20]	
7-16	831-834	das	1. Richtig[3]	1. Angemessen[3]	1. Verständlich[3]	*[3]	*[3]	*[3]	Preis/Betrieb vorhanden[3]	*[3]	*[3]	*[3]	Unklar A[3]	Unklar B[3]	Unklar C[3]	_	_	Hauptteil[7]	4. Rebuttal[20]	
7-17	835-839	auto	1. Richtig[3]	1. Angemessen[3]	1. Verständlich[3]	*[3]	*[3]	*[3]	Preis/Betrieb vorhanden[3]	*[3]	*[3]	*[3]	Unklar A[3]	Unklar B[3]	Unklar C[3]	_	_	Hauptteil[7]	4. Rebuttal[20]	
7-18	840-842	im	1. Richtig[3]	1. Angemessen[3]	1. Verständlich[3]	*[3]	*[3]	*[3]	Preis/Betrieb vorhanden[3]	*[3]	*[3]	*[3]	Unklar A[3]	Unklar B[3]	Unklar C[3]	_	_	Hauptteil[7]	4. Rebuttal[20]	
7-19	843-855	durchschnitt	1. Richtig[3]	1. Angemessen[3]	1. Verständlich[3]	*[3]	*[3]	*[3]	Preis/Betrieb vorhanden[3]	*[3]	*[3]	*[3]	Unklar A[3]	Unklar B[3]	Unklar C[3]	_	_	Hauptteil[7]	4. Rebuttal[20]	
7-20	856-858	20	1. Richtig[3]	1. Angemessen[3]	1. Verständlich[3]	*[3]	*[3]	*[3]	Preis/Betrieb vorhanden[3]	*[3]	*[3]	*[3]	Unklar A[3]	Unklar B[3]	Unklar C[3]	_	_	Hauptteil[7]	4. Rebuttal[20]	
7-21	859-866	stunden	1. Richtig[3]	1. Angemessen[3]	1. Verständlich[3]	*[3]	*[3]	*[3]	Preis/Betrieb vorhanden[3]	*[3]	*[3]	*[3]	Unklar A[3]	Unklar B[3]	Unklar C[3]	_	_	Hauptteil[7]	4. Rebuttal[20]	
7-22	867-871	lang	1. Richtig[3]	1. Angemessen[3]	1. Verständlich[3]	*[3]	*[3]	*[3]	Preis/Betrieb vorhanden[3]	*[3]	*[3]	*[3]	Unklar A[3]	Unklar B[3]	Unklar C[3]	_	_	Hauptteil[7]	4. Rebuttal[20]	
7-23	872-877	steht	1. Richtig[3]	1. Angemessen[3]	1. Verständlich[3]	*[3]	*[3]	*[3]	Preis/Betrieb vorhanden[3]	*[3]	*[3]	*[3]	Unklar A[3]	Unklar B[3]	Unklar C[3]	_	_	Hauptteil[7]	4. Rebuttal[20]	
7-24	877-878	,	1. Richtig[3]	1. Angemessen[3]	1. Verständlich[3]	*[3]	*[3]	*[3]	Preis/Betrieb vorhanden[3]	*[3]	*[3]	*[3]	Unklar A[3]	Unklar B[3]	Unklar C[3]	_	_	Hauptteil[7]	4. Rebuttal[20]	
7-25	879-882	das	1. Richtig[3]	1. Angemessen[3]	1. Verständlich[3]	*[3]	*[3]	*[3]	Preis/Betrieb vorhanden[3]	*[3]	*[3]	*[3]	Unklar A[3]	Unklar B[3]	Unklar C[3]	_	_	Hauptteil[7]	1. Claim[21]	
7-26	883-888	heist	1. Richtig[3]	1. Angemessen[3]	1. Verständlich[3]	*[3]	*[3]	*[3]	Preis/Betrieb vorhanden[3]	*[3]	*[3]	*[3]	Unklar A[3]	Unklar B[3]	Unklar C[3]	_	_	Hauptteil[7]	1. Claim[21]	
7-27	889-891	30	1. Richtig[3]	1. Angemessen[3]	1. Verständlich[3]	*[3]	*[3]	*[3]	Preis/Betrieb vorhanden[3]	*[3]	*[3]	*[3]	Unklar A[3]	Unklar B[3]	Unklar C[3]	_	_	Hauptteil[7]	1. Claim[21]	
7-28	892-895	min	1. Richtig[3]	1. Angemessen[3]	1. Verständlich[3]	*[3]	*[3]	*[3]	Preis/Betrieb vorhanden[3]	*[3]	*[3]	*[3]	Unklar A[3]	Unklar B[3]	Unklar C[3]	_	_	Hauptteil[7]	1. Claim[21]	
7-29	896-901	laden	1. Richtig[3]	1. Angemessen[3]	1. Verständlich[3]	*[3]	*[3]	*[3]	Preis/Betrieb vorhanden[3]	*[3]	*[3]	*[3]	Unklar A[3]	Unklar B[3]	Unklar C[3]	_	_	Hauptteil[7]	1. Claim[21]	
7-30	902-905	ist	1. Richtig[3]	1. Angemessen[3]	1. Verständlich[3]	*[3]	*[3]	*[3]	Preis/Betrieb vorhanden[3]	*[3]	*[3]	*[3]	Unklar A[3]	Unklar B[3]	Unklar C[3]	_	_	Hauptteil[7]	1. Claim[21]	
7-31	906-910	kein	1. Richtig[3]	1. Angemessen[3]	1. Verständlich[3]	*[3]	*[3]	*[3]	Preis/Betrieb vorhanden[3]	*[3]	*[3]	*[3]	Unklar A[3]	Unklar B[3]	Unklar C[3]	_	_	Hauptteil[7]	1. Claim[21]	
7-32	911-918	problem	1. Richtig[3]	1. Angemessen[3]	1. Verständlich[3]	*[3]	*[3]	*[3]	Preis/Betrieb vorhanden[3]	*[3]	*[3]	*[3]	Unklar A[3]	Unklar B[3]	Unklar C[3]	_	_	Hauptteil[7]	1. Claim[21]	
7-33	918-919	.	1. Richtig[3]	1. Angemessen[3]	1. Verständlich[3]	*[3]	*[3]	*[3]	Preis/Betrieb vorhanden[3]	*[3]	*[3]	*[3]	Unklar A[3]	Unklar B[3]	Unklar C[3]	_	_	Hauptteil[7]	1. Claim[21]	

8-1	921-924	Die	1. Richtig[3]	1. Angemessen[3]	1. Verständlich[3]	*[3]	*[3]	*[3]	Preis/Betrieb vorhanden[3]	*[3]	*[3]	*[3]	Unklar A[3]	Unklar B[3]	Unklar C[3]	_	_	Hauptteil[7]	2. Data[22]	
8-2	925-932	anderen	1. Richtig[3]	1. Angemessen[3]	1. Verständlich[3]	*[3]	*[3]	*[3]	Preis/Betrieb vorhanden[3]	*[3]	*[3]	*[3]	Unklar A[3]	Unklar B[3]	Unklar C[3]	_	_	Hauptteil[7]	2. Data[22]	
8-3	933-946	möglichkeiten	1. Richtig[3]	1. Angemessen[3]	1. Verständlich[3]	*[3]	*[3]	*[3]	Preis/Betrieb vorhanden[3]	*[3]	*[3]	*[3]	Unklar A[3]	Unklar B[3]	Unklar C[3]	_	_	Hauptteil[7]	2. Data[22]	
8-4	947-955	schaffen	1. Richtig[3]	1. Angemessen[3]	1. Verständlich[3]	*[3]	*[3]	*[3]	Preis/Betrieb vorhanden[3]	*[3]	*[3]	*[3]	Unklar A[3]	Unklar B[3]	Unklar C[3]	_	_	Hauptteil[7]	2. Data[22]	
8-5	956-960	zwar	1. Richtig[3]	1. Angemessen[3]	1. Verständlich[3]	*[3]	*[3]	*[3]	Preis/Betrieb vorhanden[3]	*[3]	*[3]	*[3]	Unklar A[3]	Unklar B[3]	Unklar C[3]	_	_	Hauptteil[7]	2. Data[22]	
8-6	961-964	700	1. Richtig[3]	1. Angemessen[3]	1. Verständlich[3]	*[3]	*[3]	*[3]	Preis/Betrieb vorhanden[3]	*[3]	*[3]	*[3]	Unklar A[3]	Unklar B[3]	Unklar C[3]	_	_	Hauptteil[7]	2. Data[22]	
8-7	965-967	km	1. Richtig[3]	1. Angemessen[3]	1. Verständlich[3]	*[3]	*[3]	*[3]	Preis/Betrieb vorhanden[3]	*[3]	*[3]	*[3]	Unklar A[3]	Unklar B[3]	Unklar C[3]	_	_	Hauptteil[7]	2. Data[22]	
8-8	968-974	jedoch	1. Richtig[3]	1. Angemessen[3]	1. Verständlich[3]	*[3]	*[3]	*[3]	Preis/Betrieb vorhanden[3]	*[3]	*[3]	*[3]	Unklar A[3]	Unklar B[3]	Unklar C[3]	_	_	Hauptteil[7]	4. Rebuttal[23]	
8-9	975-980	sieht	1. Richtig[3]	1. Angemessen[3]	1. Verständlich[3]	*[3]	*[3]	*[3]	Preis/Betrieb vorhanden[3]	*[3]	*[3]	*[3]	Unklar A[3]	Unklar B[3]	Unklar C[3]	_	_	Hauptteil[7]	4. Rebuttal[23]	
8-10	981-984	man	1. Richtig[3]	1. Angemessen[3]	1. Verständlich[3]	*[3]	*[3]	*[3]	Preis/Betrieb vorhanden[3]	*[3]	*[3]	*[3]	Unklar A[3]	Unklar B[3]	Unklar C[3]	_	_	Hauptteil[7]	4. Rebuttal[23]	
8-11	985-989	dass	1. Richtig[3]	1. Angemessen[3]	1. Verständlich[3]	*[3]	*[3]	*[3]	Preis/Betrieb vorhanden[3]	*[3]	*[3]	*[3]	Unklar A[3]	Unklar B[3]	Unklar C[3]	_	_	Hauptteil[7]	4. Rebuttal[23]	
8-12	990-993	man	1. Richtig[3]	1. Angemessen[3]	1. Verständlich[3]	*[3]	*[3]	*[3]	Preis/Betrieb vorhanden[3]	*[3]	*[3]	*[3]	Unklar A[3]	Unklar B[3]	Unklar C[3]	_	_	Hauptteil[7]	4. Rebuttal[23]	
8-13	994-999	diese	1. Richtig[3]	1. Angemessen[3]	1. Verständlich[3]	*[3]	*[3]	*[3]	Preis/Betrieb vorhanden[3]	*[3]	*[3]	*[3]	Unklar A[3]	Unklar B[3]	Unklar C[3]	_	_	Hauptteil[7]	4. Rebuttal[23]	
8-14	1000-1003	gar	1. Richtig[3]	1. Angemessen[3]	1. Verständlich[3]	*[3]	*[3]	*[3]	Preis/Betrieb vorhanden[3]	*[3]	*[3]	*[3]	Unklar A[3]	Unklar B[3]	Unklar C[3]	_	_	Hauptteil[7]	4. Rebuttal[23]	
8-15	1004-1009	nicht	1. Richtig[3]	1. Angemessen[3]	1. Verständlich[3]	*[3]	*[3]	*[3]	Preis/Betrieb vorhanden[3]	*[3]	*[3]	*[3]	Unklar A[3]	Unklar B[3]	Unklar C[3]	_	_	Hauptteil[7]	4. Rebuttal[23]	
8-16	1010-1017	braucht	1. Richtig[3]	1. Angemessen[3]	1. Verständlich[3]	*[3]	*[3]	*[3]	Preis/Betrieb vorhanden[3]	*[3]	*[3]	*[3]	Unklar A[3]	Unklar B[3]	Unklar C[3]	_	_	Hauptteil[7]	4. Rebuttal[23]	
8-17	1017-1018	.	1. Richtig[3]	1. Angemessen[3]	1. Verständlich[3]	*[3]	*[3]	*[3]	Preis/Betrieb vorhanden[3]	*[3]	*[3]	*[3]	Unklar A[3]	Unklar B[3]	Unklar C[3]	_	_	Hauptteil[7]	4. Rebuttal[23]	

9-1	1020-1023	Die	1. Richtig[4]	1. Angemessen[4]	1. Verständlich[4]	Jahresertrag/Energiedichte Vorhanden[4]	*[4]	*[4]	*[4]	*[4]	*[4]	Wirkungsgrad vorhanden[4]	*[4]	*[4]	Unklar C[4]	_	_	Hauptteil[7]	2. Data[24]	
9-2	1024-1037	energiedichte	1. Richtig[4]	1. Angemessen[4]	1. Verständlich[4]	Jahresertrag/Energiedichte Vorhanden[4]	*[4]	*[4]	*[4]	*[4]	*[4]	Wirkungsgrad vorhanden[4]	*[4]	*[4]	Unklar C[4]	_	_	Hauptteil[7]	2. Data[24]	
9-3	1038-1041	ist	1. Richtig[4]	1. Angemessen[4]	1. Verständlich[4]	Jahresertrag/Energiedichte Vorhanden[4]	*[4]	*[4]	*[4]	*[4]	*[4]	Wirkungsgrad vorhanden[4]	*[4]	*[4]	Unklar C[4]	_	_	Hauptteil[7]	2. Data[24]	
9-4	1042-1047	nicht	1. Richtig[4]	1. Angemessen[4]	1. Verständlich[4]	Jahresertrag/Energiedichte Vorhanden[4]	*[4]	*[4]	*[4]	*[4]	*[4]	Wirkungsgrad vorhanden[4]	*[4]	*[4]	Unklar C[4]	_	_	Hauptteil[7]	2. Data[24]	
9-5	1048-1050	so	1. Richtig[4]	1. Angemessen[4]	1. Verständlich[4]	Jahresertrag/Energiedichte Vorhanden[4]	*[4]	*[4]	*[4]	*[4]	*[4]	Wirkungsgrad vorhanden[4]	*[4]	*[4]	Unklar C[4]	_	_	Hauptteil[7]	2. Data[24]	
9-6	1051-1055	hoch	1. Richtig[4]	1. Angemessen[4]	1. Verständlich[4]	Jahresertrag/Energiedichte Vorhanden[4]	*[4]	*[4]	*[4]	*[4]	*[4]	Wirkungsgrad vorhanden[4]	*[4]	*[4]	Unklar C[4]	_	_	Hauptteil[7]	2. Data[24]	
9-7	1056-1059	und	1. Richtig[4]	1. Angemessen[4]	1. Verständlich[4]	Jahresertrag/Energiedichte Vorhanden[4]	*[4]	*[4]	*[4]	*[4]	*[4]	Wirkungsgrad vorhanden[4]	*[4]	*[4]	Unklar C[4]	_	_	Hauptteil[7]	2. Data[24]	
9-8	1060-1065	liegt	1. Richtig[4]	1. Angemessen[4]	1. Verständlich[4]	Jahresertrag/Energiedichte Vorhanden[4]	*[4]	*[4]	*[4]	*[4]	*[4]	Wirkungsgrad vorhanden[4]	*[4]	*[4]	Unklar C[4]	_	_	Hauptteil[7]	2. Data[24]	
9-9	1066-1069	bei	1. Richtig[4]	1. Angemessen[4]	1. Verständlich[4]	Jahresertrag/Energiedichte Vorhanden[4]	*[4]	*[4]	*[4]	*[4]	*[4]	Wirkungsgrad vorhanden[4]	*[4]	*[4]	Unklar C[4]	_	_	Hauptteil[7]	2. Data[24]	
9-10	1070-1074	0,88	1. Richtig[4]	1. Angemessen[4]	1. Verständlich[4]	Jahresertrag/Energiedichte Vorhanden[4]	*[4]	*[4]	*[4]	*[4]	*[4]	Wirkungsgrad vorhanden[4]	*[4]	*[4]	Unklar C[4]	_	_	Hauptteil[7]	2. Data[24]	
9-11	1075-1077	mj	1. Richtig[4]	1. Angemessen[4]	1. Verständlich[4]	Jahresertrag/Energiedichte Vorhanden[4]	*[4]	*[4]	*[4]	*[4]	*[4]	Wirkungsgrad vorhanden[4]	*[4]	*[4]	Unklar C[4]	_	_	Hauptteil[7]	2. Data[24]	
9-12	1078-1080	kg	1. Richtig[4]	1. Angemessen[4]	1. Verständlich[4]	Jahresertrag/Energiedichte Vorhanden[4]	*[4]	*[4]	*[4]	*[4]	*[4]	Wirkungsgrad vorhanden[4]	*[4]	*[4]	Unklar C[4]	_	_	Hauptteil[7]	2. Data[24]	
9-13	1081-1087	jedoch	1. Richtig[4]	1. Angemessen[4]	1. Verständlich[4]	Jahresertrag/Energiedichte Vorhanden[4]	*[4]	*[4]	*[4]	*[4]	*[4]	Wirkungsgrad vorhanden[4]	*[4]	*[4]	Unklar C[4]	_	_	Hauptteil[7]	1. Claim[25]	
9-14	1088-1091	ist	1. Richtig[4]	1. Angemessen[4]	1. Verständlich[4]	Jahresertrag/Energiedichte Vorhanden[4]	*[4]	*[4]	*[4]	*[4]	*[4]	Wirkungsgrad vorhanden[4]	*[4]	*[4]	Unklar C[4]	_	_	Hauptteil[7]	1. Claim[25]	
9-15	1092-1095	der	1. Richtig[4]	1. Angemessen[4]	1. Verständlich[4]	Jahresertrag/Energiedichte Vorhanden[4]	*[4]	*[4]	*[4]	*[4]	*[4]	Wirkungsgrad vorhanden[4]	*[4]	*[4]	Unklar C[4]	_	_	Hauptteil[7]	1. Claim[25]	
9-16	1096-1106	wichtigste	1. Richtig[4]	1. Angemessen[4]	1. Verständlich[4]	Jahresertrag/Energiedichte Vorhanden[4]	*[4]	*[4]	*[4]	*[4]	*[4]	Wirkungsgrad vorhanden[4]	*[4]	*[4]	Unklar C[4]	_	_	Hauptteil[7]	1. Claim[25]	
9-17	1107-1112	punkt	1. Richtig[4]	1. Angemessen[4]	1. Verständlich[4]	Jahresertrag/Energiedichte Vorhanden[4]	*[4]	*[4]	*[4]	*[4]	*[4]	Wirkungsgrad vorhanden[4]	*[4]	*[4]	Unklar C[4]	_	_	Hauptteil[7]	1. Claim[25]	
9-18	1113-1116	der	1. Richtig[4]	1. Angemessen[4]	1. Verständlich[4]	Jahresertrag/Energiedichte Vorhanden[4]	*[4]	*[4]	*[4]	*[4]	*[4]	Wirkungsgrad vorhanden[4]	*[4]	*[4]	Unklar C[4]	_	_	Hauptteil[7]	1. Claim[25]	
9-19	1117-1129	wirkungsgrad	1. Richtig[4]	1. Angemessen[4]	1. Verständlich[4]	Jahresertrag/Energiedichte Vorhanden[4]	*[4]	*[4]	*[4]	*[4]	*[4]	Wirkungsgrad vorhanden[4]	*[4]	*[4]	Unklar C[4]	_	_	Hauptteil[7]	1. Claim[25]	
9-20	1129-1130	.	1. Richtig[4]	1. Angemessen[4]	1. Verständlich[4]	Jahresertrag/Energiedichte Vorhanden[4]	*[4]	*[4]	*[4]	*[4]	*[4]	Wirkungsgrad vorhanden[4]	*[4]	*[4]	Unklar C[4]	_	_	Hauptteil[7]	1. Claim[25]	
