#FORMAT=WebAnno TSV 3.3
#T_SP=webanno.custom.Argument|Accuracy|Adequacy|Clarity|KriteriumJahresertragEnergiedichte|KriteriumLebensdauerVerfgbarkeit|KriteriumLokaleEmissionenGeruschemissionen|KriteriumPreisBetrieb|KriteriumSonstiges|KriteriumTreibhausgasemissionen|KriteriumWirkungsgrad|OptionA|OptionB|OptionC
#T_SP=webanno.custom.DecisionMakingStrategies|Decision|Gesamtthese
#T_SP=webanno.custom.Struktur|Struktur
#T_SP=webanno.custom.StrukturTAP|TAPArgumente


1-1	0-2	Da	_	_	_	_	_	_	_	_	_	_	_	_	_	_	_	Einleitung[5]	_	
1-2	3-14	Deutschland	_	_	_	_	_	_	_	_	_	_	_	_	_	_	_	Einleitung[5]	_	
1-3	15-18	bis	_	_	_	_	_	_	_	_	_	_	_	_	_	_	_	Einleitung[5]	_	
1-4	19-22	zum	_	_	_	_	_	_	_	_	_	_	_	_	_	_	_	Einleitung[5]	_	
1-5	23-27	Jahr	_	_	_	_	_	_	_	_	_	_	_	_	_	_	_	Einleitung[5]	_	
1-6	28-32	2045	_	_	_	_	_	_	_	_	_	_	_	_	_	_	_	Einleitung[5]	_	
1-7	33-36	die	_	_	_	_	_	_	_	_	_	_	_	_	_	_	_	Einleitung[5]	_	
1-8	37-53	Klimaneutralität	_	_	_	_	_	_	_	_	_	_	_	_	_	_	_	Einleitung[5]	_	
1-9	54-62	anstrebt	_	_	_	_	_	_	_	_	_	_	_	_	_	_	_	Einleitung[5]	_	
1-10	62-63	,	_	_	_	_	_	_	_	_	_	_	_	_	_	_	_	Einleitung[5]	_	
1-11	64-69	macht	_	_	_	_	_	_	_	_	_	_	_	_	_	_	_	Einleitung[5]	_	
1-12	70-74	sich	_	_	_	_	_	_	_	_	_	_	_	_	_	_	_	Einleitung[5]	_	
1-13	75-78	die	_	_	_	_	_	_	_	_	_	_	_	_	_	_	_	Einleitung[5]	_	
1-14	79-91	Norddeutsche	_	_	_	_	_	_	_	_	_	_	_	_	_	_	_	Einleitung[5]	_	
1-15	92-98	Region	_	_	_	_	_	_	_	_	_	_	_	_	_	_	_	Einleitung[5]	_	
1-16	99-104	schon	_	_	_	_	_	_	_	_	_	_	_	_	_	_	_	Einleitung[5]	_	
1-17	105-110	jetzt	_	_	_	_	_	_	_	_	_	_	_	_	_	_	_	Einleitung[5]	_	
1-18	111-119	Gedanken	_	_	_	_	_	_	_	_	_	_	_	_	_	_	_	Einleitung[5]	_	
1-19	119-120	,	_	_	_	_	_	_	_	_	_	_	_	_	_	_	_	Einleitung[5]	_	
1-20	121-124	mit	_	_	_	_	_	_	_	_	_	_	_	_	_	_	_	Einleitung[5]	_	
1-21	125-132	welchen	_	_	_	_	_	_	_	_	_	_	_	_	_	_	_	Einleitung[5]	_	
1-22	133-147	Energieträgern	_	_	_	_	_	_	_	_	_	_	_	_	_	_	_	Einleitung[5]	_	
1-23	148-153	diese	_	_	_	_	_	_	_	_	_	_	_	_	_	_	_	Einleitung[5]	_	
1-24	154-162	erreicht	_	_	_	_	_	_	_	_	_	_	_	_	_	_	_	Einleitung[5]	_	
1-25	163-169	werden	_	_	_	_	_	_	_	_	_	_	_	_	_	_	_	Einleitung[5]	_	
1-26	170-174	kann	_	_	_	_	_	_	_	_	_	_	_	_	_	_	_	Einleitung[5]	_	
1-27	174-175	.	_	_	_	_	_	_	_	_	_	_	_	_	_	_	_	Einleitung[5]	_	

2-1	176-181	Dabei	_	_	_	_	_	_	_	_	_	_	_	_	_	_	_	Einleitung[5]	_	
2-2	182-188	kommen	_	_	_	_	_	_	_	_	_	_	_	_	_	_	_	Einleitung[5]	_	
2-3	189-193	drei	_	_	_	_	_	_	_	_	_	_	_	_	_	_	_	Einleitung[5]	_	
2-4	194-207	Energieträger	_	_	_	_	_	_	_	_	_	_	_	_	_	_	_	Einleitung[5]	_	
2-5	208-211	mit	_	_	_	_	_	_	_	_	_	_	_	_	_	_	_	Einleitung[5]	_	
2-6	212-224	erneuerbaren	_	_	_	_	_	_	_	_	_	_	_	_	_	_	_	Einleitung[5]	_	
2-7	225-233	Energien	_	_	_	_	_	_	_	_	_	_	_	_	_	_	_	Einleitung[5]	_	
2-8	234-236	in	_	_	_	_	_	_	_	_	_	_	_	_	_	_	_	Einleitung[5]	_	
2-9	237-242	Frage	_	_	_	_	_	_	_	_	_	_	_	_	_	_	_	Einleitung[5]	_	
2-10	242-243	.	_	_	_	_	_	_	_	_	_	_	_	_	_	_	_	Einleitung[5]	_	

3-1	244-247	Zur	_	_	_	_	_	_	_	_	_	_	_	_	_	_	_	Einleitung[5]	_	
3-2	248-255	Auswahl	_	_	_	_	_	_	_	_	_	_	_	_	_	_	_	Einleitung[5]	_	
3-3	256-262	stehen	_	_	_	_	_	_	_	_	_	_	_	_	_	_	_	Einleitung[5]	_	
3-4	263-266	ein	_	_	_	_	_	_	_	_	_	_	_	_	_	_	_	Einleitung[5]	_	
3-5	267-275	Windpark	_	_	_	_	_	_	_	_	_	_	_	_	_	_	_	Einleitung[5]	_	
3-6	276-285	betrieben	_	_	_	_	_	_	_	_	_	_	_	_	_	_	_	Einleitung[5]	_	
3-7	286-291	durch	_	_	_	_	_	_	_	_	_	_	_	_	_	_	_	Einleitung[5]	_	
3-8	292-301	Windkraft	_	_	_	_	_	_	_	_	_	_	_	_	_	_	_	Einleitung[5]	_	
3-9	301-302	,	_	_	_	_	_	_	_	_	_	_	_	_	_	_	_	Einleitung[5]	_	
3-10	303-306	ein	_	_	_	_	_	_	_	_	_	_	_	_	_	_	_	Einleitung[5]	_	
3-11	307-316	Solarpark	_	_	_	_	_	_	_	_	_	_	_	_	_	_	_	Einleitung[5]	_	
3-12	317-322	durch	_	_	_	_	_	_	_	_	_	_	_	_	_	_	_	Einleitung[5]	_	
3-13	323-335	Solarenergie	_	_	_	_	_	_	_	_	_	_	_	_	_	_	_	Einleitung[5]	_	
3-14	336-339	und	_	_	_	_	_	_	_	_	_	_	_	_	_	_	_	Einleitung[5]	_	
3-15	340-344	eine	_	_	_	_	_	_	_	_	_	_	_	_	_	_	_	Einleitung[5]	_	
3-16	345-362	Wasserkraftanlage	_	_	_	_	_	_	_	_	_	_	_	_	_	_	_	Einleitung[5]	_	
3-17	362-363	,	_	_	_	_	_	_	_	_	_	_	_	_	_	_	_	Einleitung[5]	_	
3-18	364-370	welche	_	_	_	_	_	_	_	_	_	_	_	_	_	_	_	Einleitung[5]	_	
3-19	371-376	durch	_	_	_	_	_	_	_	_	_	_	_	_	_	_	_	Einleitung[5]	_	
3-20	377-388	Wasserkraft	_	_	_	_	_	_	_	_	_	_	_	_	_	_	_	Einleitung[5]	_	
3-21	389-398	betrieben	_	_	_	_	_	_	_	_	_	_	_	_	_	_	_	Einleitung[5]	_	
3-22	399-403	wird	_	_	_	_	_	_	_	_	_	_	_	_	_	_	_	Einleitung[5]	_	
3-23	403-404	.	_	_	_	_	_	_	_	_	_	_	_	_	_	_	_	Einleitung[5]	_	

4-1	405-408	Ins	1. Richtig[1]	1. Angemessen[1]	1. Verständlich[1]	*[1]	*[1]	*[1]	*[1]	*[1]	*[1]	Wirkungsgrad vorhanden[1]	Pro A[1]	Contra B[1]	Contra C[1]	_	_	Hauptteil[6]	1. Claim[8]	
4-2	409-413	Auge	1. Richtig[1]	1. Angemessen[1]	1. Verständlich[1]	*[1]	*[1]	*[1]	*[1]	*[1]	*[1]	Wirkungsgrad vorhanden[1]	Pro A[1]	Contra B[1]	Contra C[1]	_	_	Hauptteil[6]	1. Claim[8]	
4-3	414-420	sticht	1. Richtig[1]	1. Angemessen[1]	1. Verständlich[1]	*[1]	*[1]	*[1]	*[1]	*[1]	*[1]	Wirkungsgrad vorhanden[1]	Pro A[1]	Contra B[1]	Contra C[1]	_	_	Hauptteil[6]	1. Claim[8]	
4-4	421-426	einem	1. Richtig[1]	1. Angemessen[1]	1. Verständlich[1]	*[1]	*[1]	*[1]	*[1]	*[1]	*[1]	Wirkungsgrad vorhanden[1]	Pro A[1]	Contra B[1]	Contra C[1]	_	_	Hauptteil[6]	1. Claim[8]	
4-5	427-430	als	1. Richtig[1]	1. Angemessen[1]	1. Verständlich[1]	*[1]	*[1]	*[1]	*[1]	*[1]	*[1]	Wirkungsgrad vorhanden[1]	Pro A[1]	Contra B[1]	Contra C[1]	_	_	Hauptteil[6]	1. Claim[8]	
4-6	431-437	erstes	1. Richtig[1]	1. Angemessen[1]	1. Verständlich[1]	*[1]	*[1]	*[1]	*[1]	*[1]	*[1]	Wirkungsgrad vorhanden[1]	Pro A[1]	Contra B[1]	Contra C[1]	_	_	Hauptteil[6]	1. Claim[8]	
4-7	438-441	die	1. Richtig[1]	1. Angemessen[1]	1. Verständlich[1]	*[1]	*[1]	*[1]	*[1]	*[1]	*[1]	Wirkungsgrad vorhanden[1]	Pro A[1]	Contra B[1]	Contra C[1]	_	_	Hauptteil[6]	1. Claim[8]	
4-8	442-459	Wasserkraftanlage	1. Richtig[1]	1. Angemessen[1]	1. Verständlich[1]	*[1]	*[1]	*[1]	*[1]	*[1]	*[1]	Wirkungsgrad vorhanden[1]	Pro A[1]	Contra B[1]	Contra C[1]	_	_	Hauptteil[6]	1. Claim[8]	
4-9	459-460	.	1. Richtig[1]	1. Angemessen[1]	1. Verständlich[1]	*[1]	*[1]	*[1]	*[1]	*[1]	*[1]	Wirkungsgrad vorhanden[1]	Pro A[1]	Contra B[1]	Contra C[1]	_	_	Hauptteil[6]	1. Claim[8]	

5-1	461-466	Diese	1. Richtig[1]	1. Angemessen[1]	1. Verständlich[1]	*[1]	*[1]	*[1]	*[1]	*[1]	*[1]	Wirkungsgrad vorhanden[1]	Pro A[1]	Contra B[1]	Contra C[1]	_	_	Hauptteil[6]	2. Data[9]	
5-2	467-470	hat	1. Richtig[1]	1. Angemessen[1]	1. Verständlich[1]	*[1]	*[1]	*[1]	*[1]	*[1]	*[1]	Wirkungsgrad vorhanden[1]	Pro A[1]	Contra B[1]	Contra C[1]	_	_	Hauptteil[6]	2. Data[9]	
5-3	471-474	mit	1. Richtig[1]	1. Angemessen[1]	1. Verständlich[1]	*[1]	*[1]	*[1]	*[1]	*[1]	*[1]	Wirkungsgrad vorhanden[1]	Pro A[1]	Contra B[1]	Contra C[1]	_	_	Hauptteil[6]	2. Data[9]	
5-4	475-477	70	1. Richtig[1]	1. Angemessen[1]	1. Verständlich[1]	*[1]	*[1]	*[1]	*[1]	*[1]	*[1]	Wirkungsgrad vorhanden[1]	Pro A[1]	Contra B[1]	Contra C[1]	_	_	Hauptteil[6]	2. Data[9]	
5-5	477-478	-	1. Richtig[1]	1. Angemessen[1]	1. Verständlich[1]	*[1]	*[1]	*[1]	*[1]	*[1]	*[1]	Wirkungsgrad vorhanden[1]	Pro A[1]	Contra B[1]	Contra C[1]	_	_	Hauptteil[6]	2. Data[9]	
5-6	478-481	90%	1. Richtig[1]	1. Angemessen[1]	1. Verständlich[1]	*[1]	*[1]	*[1]	*[1]	*[1]	*[1]	Wirkungsgrad vorhanden[1]	Pro A[1]	Contra B[1]	Contra C[1]	_	_	Hauptteil[6]	2. Data[9]	
5-7	482-487	einen	1. Richtig[1]	1. Angemessen[1]	1. Verständlich[1]	*[1]	*[1]	*[1]	*[1]	*[1]	*[1]	Wirkungsgrad vorhanden[1]	Pro A[1]	Contra B[1]	Contra C[1]	_	_	Hauptteil[6]	2. Data[9]	
5-8	488-495	höheren	1. Richtig[1]	1. Angemessen[1]	1. Verständlich[1]	*[1]	*[1]	*[1]	*[1]	*[1]	*[1]	Wirkungsgrad vorhanden[1]	Pro A[1]	Contra B[1]	Contra C[1]	_	_	Hauptteil[6]	2. Data[9]	
5-9	496-508	Wirkungsgrad	1. Richtig[1]	1. Angemessen[1]	1. Verständlich[1]	*[1]	*[1]	*[1]	*[1]	*[1]	*[1]	Wirkungsgrad vorhanden[1]	Pro A[1]	Contra B[1]	Contra C[1]	_	_	Hauptteil[6]	2. Data[9]	
5-10	509-512	als	1. Richtig[1]	1. Angemessen[1]	1. Verständlich[1]	*[1]	*[1]	*[1]	*[1]	*[1]	*[1]	Wirkungsgrad vorhanden[1]	Pro A[1]	Contra B[1]	Contra C[1]	_	_	Hauptteil[6]	2. Data[9]	
5-11	513-516	der	1. Richtig[1]	1. Angemessen[1]	1. Verständlich[1]	*[1]	*[1]	*[1]	*[1]	*[1]	*[1]	Wirkungsgrad vorhanden[1]	Pro A[1]	Contra B[1]	Contra C[1]	_	_	Hauptteil[6]	2. Data[9]	
5-12	517-525	Windpark	1. Richtig[1]	1. Angemessen[1]	1. Verständlich[1]	*[1]	*[1]	*[1]	*[1]	*[1]	*[1]	Wirkungsgrad vorhanden[1]	Pro A[1]	Contra B[1]	Contra C[1]	_	_	Hauptteil[6]	2. Data[9]	
5-13	526-529	mit	1. Richtig[1]	1. Angemessen[1]	1. Verständlich[1]	*[1]	*[1]	*[1]	*[1]	*[1]	*[1]	Wirkungsgrad vorhanden[1]	Pro A[1]	Contra B[1]	Contra C[1]	_	_	Hauptteil[6]	2. Data[9]	
5-14	530-533	45%	1. Richtig[1]	1. Angemessen[1]	1. Verständlich[1]	*[1]	*[1]	*[1]	*[1]	*[1]	*[1]	Wirkungsgrad vorhanden[1]	Pro A[1]	Contra B[1]	Contra C[1]	_	_	Hauptteil[6]	2. Data[9]	
5-15	534-537	und	1. Richtig[1]	1. Angemessen[1]	1. Verständlich[1]	*[1]	*[1]	*[1]	*[1]	*[1]	*[1]	Wirkungsgrad vorhanden[1]	Pro A[1]	Contra B[1]	Contra C[1]	_	_	Hauptteil[6]	2. Data[9]	
5-16	538-543	einen	1. Richtig[1]	1. Angemessen[1]	1. Verständlich[1]	*[1]	*[1]	*[1]	*[1]	*[1]	*[1]	Wirkungsgrad vorhanden[1]	Pro A[1]	Contra B[1]	Contra C[1]	_	_	Hauptteil[6]	2. Data[9]	
5-17	544-552	deutlich	1. Richtig[1]	1. Angemessen[1]	1. Verständlich[1]	*[1]	*[1]	*[1]	*[1]	*[1]	*[1]	Wirkungsgrad vorhanden[1]	Pro A[1]	Contra B[1]	Contra C[1]	_	_	Hauptteil[6]	2. Data[9]	
5-18	553-560	höheren	1. Richtig[1]	1. Angemessen[1]	1. Verständlich[1]	*[1]	*[1]	*[1]	*[1]	*[1]	*[1]	Wirkungsgrad vorhanden[1]	Pro A[1]	Contra B[1]	Contra C[1]	_	_	Hauptteil[6]	2. Data[9]	
5-19	561-573	Wirkungsgrad	1. Richtig[1]	1. Angemessen[1]	1. Verständlich[1]	*[1]	*[1]	*[1]	*[1]	*[1]	*[1]	Wirkungsgrad vorhanden[1]	Pro A[1]	Contra B[1]	Contra C[1]	_	_	Hauptteil[6]	2. Data[9]	
5-20	574-577	als	1. Richtig[1]	1. Angemessen[1]	1. Verständlich[1]	*[1]	*[1]	*[1]	*[1]	*[1]	*[1]	Wirkungsgrad vorhanden[1]	Pro A[1]	Contra B[1]	Contra C[1]	_	_	Hauptteil[6]	2. Data[9]	
5-21	578-581	der	1. Richtig[1]	1. Angemessen[1]	1. Verständlich[1]	*[1]	*[1]	*[1]	*[1]	*[1]	*[1]	Wirkungsgrad vorhanden[1]	Pro A[1]	Contra B[1]	Contra C[1]	_	_	Hauptteil[6]	2. Data[9]	
5-22	582-591	Solarpark	1. Richtig[1]	1. Angemessen[1]	1. Verständlich[1]	*[1]	*[1]	*[1]	*[1]	*[1]	*[1]	Wirkungsgrad vorhanden[1]	Pro A[1]	Contra B[1]	Contra C[1]	_	_	Hauptteil[6]	2. Data[9]	
5-23	592-595	mit	1. Richtig[1]	1. Angemessen[1]	1. Verständlich[1]	*[1]	*[1]	*[1]	*[1]	*[1]	*[1]	Wirkungsgrad vorhanden[1]	Pro A[1]	Contra B[1]	Contra C[1]	_	_	Hauptteil[6]	2. Data[9]	
5-24	596-599	nur	1. Richtig[1]	1. Angemessen[1]	1. Verständlich[1]	*[1]	*[1]	*[1]	*[1]	*[1]	*[1]	Wirkungsgrad vorhanden[1]	Pro A[1]	Contra B[1]	Contra C[1]	_	_	Hauptteil[6]	2. Data[9]	
5-25	600-603	21%	1. Richtig[1]	1. Angemessen[1]	1. Verständlich[1]	*[1]	*[1]	*[1]	*[1]	*[1]	*[1]	Wirkungsgrad vorhanden[1]	Pro A[1]	Contra B[1]	Contra C[1]	_	_	Hauptteil[6]	2. Data[9]	
5-26	603-604	.	1. Richtig[1]	1. Angemessen[1]	1. Verständlich[1]	*[1]	*[1]	*[1]	*[1]	*[1]	*[1]	Wirkungsgrad vorhanden[1]	Pro A[1]	Contra B[1]	Contra C[1]	_	_	Hauptteil[6]	2. Data[9]	

6-1	605-608	Der	1. Richtig[2]	1. Angemessen[2]	1. Verständlich[2]	Jahresertrag/Energiedichte Vorhanden[2]	*[2]	*[2]	*[2]	*[2]	*[2]	*[2]	Contra A[2]	Contra B[2]	Pro C[2]	_	_	Hauptteil[6]	2. Data[10]	
6-2	609-617	Windpark	1. Richtig[2]	1. Angemessen[2]	1. Verständlich[2]	Jahresertrag/Energiedichte Vorhanden[2]	*[2]	*[2]	*[2]	*[2]	*[2]	*[2]	Contra A[2]	Contra B[2]	Pro C[2]	_	_	Hauptteil[6]	2. Data[10]	
6-3	618-621	hat	1. Richtig[2]	1. Angemessen[2]	1. Verständlich[2]	Jahresertrag/Energiedichte Vorhanden[2]	*[2]	*[2]	*[2]	*[2]	*[2]	*[2]	Contra A[2]	Contra B[2]	Pro C[2]	_	_	Hauptteil[6]	2. Data[10]	
6-4	622-632	allerdings	1. Richtig[2]	1. Angemessen[2]	1. Verständlich[2]	Jahresertrag/Energiedichte Vorhanden[2]	*[2]	*[2]	*[2]	*[2]	*[2]	*[2]	Contra A[2]	Contra B[2]	Pro C[2]	_	_	Hauptteil[6]	2. Data[10]	
6-5	633-636	bei	1. Richtig[2]	1. Angemessen[2]	1. Verständlich[2]	Jahresertrag/Energiedichte Vorhanden[2]	*[2]	*[2]	*[2]	*[2]	*[2]	*[2]	Contra A[2]	Contra B[2]	Pro C[2]	_	_	Hauptteil[6]	2. Data[10]	
6-6	637-641	4000	1. Richtig[2]	1. Angemessen[2]	1. Verständlich[2]	Jahresertrag/Energiedichte Vorhanden[2]	*[2]	*[2]	*[2]	*[2]	*[2]	*[2]	Contra A[2]	Contra B[2]	Pro C[2]	_	_	Hauptteil[6]	2. Data[10]	
6-7	642-657	Volllaststunden	1. Richtig[2]	1. Angemessen[2]	1. Verständlich[2]	Jahresertrag/Energiedichte Vorhanden[2]	*[2]	*[2]	*[2]	*[2]	*[2]	*[2]	Contra A[2]	Contra B[2]	Pro C[2]	_	_	Hauptteil[6]	2. Data[10]	
6-8	658-663	einen	1. Richtig[2]	1. Angemessen[2]	1. Verständlich[2]	Jahresertrag/Energiedichte Vorhanden[2]	*[2]	*[2]	*[2]	*[2]	*[2]	*[2]	Contra A[2]	Contra B[2]	Pro C[2]	_	_	Hauptteil[6]	2. Data[10]	
6-9	664-676	Jahresertrag	1. Richtig[2]	1. Angemessen[2]	1. Verständlich[2]	Jahresertrag/Energiedichte Vorhanden[2]	*[2]	*[2]	*[2]	*[2]	*[2]	*[2]	Contra A[2]	Contra B[2]	Pro C[2]	_	_	Hauptteil[6]	2. Data[10]	
6-10	677-680	von	1. Richtig[2]	1. Angemessen[2]	1. Verständlich[2]	Jahresertrag/Energiedichte Vorhanden[2]	*[2]	*[2]	*[2]	*[2]	*[2]	*[2]	Contra A[2]	Contra B[2]	Pro C[2]	_	_	Hauptteil[6]	2. Data[10]	
6-11	681-683	40	1. Richtig[2]	1. Angemessen[2]	1. Verständlich[2]	Jahresertrag/Energiedichte Vorhanden[2]	*[2]	*[2]	*[2]	*[2]	*[2]	*[2]	Contra A[2]	Contra B[2]	Pro C[2]	_	_	Hauptteil[6]	2. Data[10]	
6-12	684-687	GWh	1. Richtig[2]	1. Angemessen[2]	1. Verständlich[2]	Jahresertrag/Energiedichte Vorhanden[2]	*[2]	*[2]	*[2]	*[2]	*[2]	*[2]	Contra A[2]	Contra B[2]	Pro C[2]	_	_	Hauptteil[6]	2. Data[10]	
6-13	687-688	,	1. Richtig[2]	1. Angemessen[2]	1. Verständlich[2]	Jahresertrag/Energiedichte Vorhanden[2]	*[2]	*[2]	*[2]	*[2]	*[2]	*[2]	Contra A[2]	Contra B[2]	Pro C[2]	_	_	Hauptteil[6]	2. Data[10]	
6-14	689-696	während	1. Richtig[2]	1. Angemessen[2]	1. Verständlich[2]	Jahresertrag/Energiedichte Vorhanden[2]	*[2]	*[2]	*[2]	*[2]	*[2]	*[2]	Contra A[2]	Contra B[2]	Pro C[2]	_	_	Hauptteil[6]	2. Data[10]	
6-15	697-700	die	1. Richtig[2]	1. Angemessen[2]	1. Verständlich[2]	Jahresertrag/Energiedichte Vorhanden[2]	*[2]	*[2]	*[2]	*[2]	*[2]	*[2]	Contra A[2]	Contra B[2]	Pro C[2]	_	_	Hauptteil[6]	2. Data[10]	
6-16	701-718	Wasserkraftanlage	1. Richtig[2]	1. Angemessen[2]	1. Verständlich[2]	Jahresertrag/Energiedichte Vorhanden[2]	*[2]	*[2]	*[2]	*[2]	*[2]	*[2]	Contra A[2]	Contra B[2]	Pro C[2]	_	_	Hauptteil[6]	2. Data[10]	
6-17	719-722	nur	1. Richtig[2]	1. Angemessen[2]	1. Verständlich[2]	Jahresertrag/Energiedichte Vorhanden[2]	*[2]	*[2]	*[2]	*[2]	*[2]	*[2]	Contra A[2]	Contra B[2]	Pro C[2]	_	_	Hauptteil[6]	2. Data[10]	
6-18	723-728	39GWh	1. Richtig[2]	1. Angemessen[2]	1. Verständlich[2]	Jahresertrag/Energiedichte Vorhanden[2]	*[2]	*[2]	*[2]	*[2]	*[2]	*[2]	Contra A[2]	Contra B[2]	Pro C[2]	_	_	Hauptteil[6]	2. Data[10]	
6-19	729-732	bei	1. Richtig[2]	1. Angemessen[2]	1. Verständlich[2]	Jahresertrag/Energiedichte Vorhanden[2]	*[2]	*[2]	*[2]	*[2]	*[2]	*[2]	Contra A[2]	Contra B[2]	Pro C[2]	_	_	Hauptteil[6]	2. Data[10]	
6-20	733-737	3900	1. Richtig[2]	1. Angemessen[2]	1. Verständlich[2]	Jahresertrag/Energiedichte Vorhanden[2]	*[2]	*[2]	*[2]	*[2]	*[2]	*[2]	Contra A[2]	Contra B[2]	Pro C[2]	_	_	Hauptteil[6]	2. Data[10]	
6-21	738-753	Volllaststunden	1. Richtig[2]	1. Angemessen[2]	1. Verständlich[2]	Jahresertrag/Energiedichte Vorhanden[2]	*[2]	*[2]	*[2]	*[2]	*[2]	*[2]	Contra A[2]	Contra B[2]	Pro C[2]	_	_	Hauptteil[6]	2. Data[10]	
6-22	754-763	aufweisen	1. Richtig[2]	1. Angemessen[2]	1. Verständlich[2]	Jahresertrag/Energiedichte Vorhanden[2]	*[2]	*[2]	*[2]	*[2]	*[2]	*[2]	Contra A[2]	Contra B[2]	Pro C[2]	_	_	Hauptteil[6]	2. Data[10]	
6-23	764-768	kann	1. Richtig[2]	1. Angemessen[2]	1. Verständlich[2]	Jahresertrag/Energiedichte Vorhanden[2]	*[2]	*[2]	*[2]	*[2]	*[2]	*[2]	Contra A[2]	Contra B[2]	Pro C[2]	_	_	Hauptteil[6]	2. Data[10]	
6-24	768-769	.	1. Richtig[2]	1. Angemessen[2]	1. Verständlich[2]	Jahresertrag/Energiedichte Vorhanden[2]	*[2]	*[2]	*[2]	*[2]	*[2]	*[2]	Contra A[2]	Contra B[2]	Pro C[2]	_	_	Hauptteil[6]	2. Data[10]	

7-1	770-773	Der	1. Richtig[2]	1. Angemessen[2]	1. Verständlich[2]	Jahresertrag/Energiedichte Vorhanden[2]	*[2]	*[2]	*[2]	*[2]	*[2]	*[2]	Contra A[2]	Contra B[2]	Pro C[2]	_	_	Hauptteil[6]	1. Claim[11]	
7-2	774-783	Solarpark	1. Richtig[2]	1. Angemessen[2]	1. Verständlich[2]	Jahresertrag/Energiedichte Vorhanden[2]	*[2]	*[2]	*[2]	*[2]	*[2]	*[2]	Contra A[2]	Contra B[2]	Pro C[2]	_	_	Hauptteil[6]	1. Claim[11]	
7-3	784-787	ist	1. Richtig[2]	1. Angemessen[2]	1. Verständlich[2]	Jahresertrag/Energiedichte Vorhanden[2]	*[2]	*[2]	*[2]	*[2]	*[2]	*[2]	Contra A[2]	Contra B[2]	Pro C[2]	_	_	Hauptteil[6]	1. Claim[11]	
7-4	788-792	auch	1. Richtig[2]	1. Angemessen[2]	1. Verständlich[2]	Jahresertrag/Energiedichte Vorhanden[2]	*[2]	*[2]	*[2]	*[2]	*[2]	*[2]	Contra A[2]	Contra B[2]	Pro C[2]	_	_	Hauptteil[6]	1. Claim[11]	
7-5	793-795	in	1. Richtig[2]	1. Angemessen[2]	1. Verständlich[2]	Jahresertrag/Energiedichte Vorhanden[2]	*[2]	*[2]	*[2]	*[2]	*[2]	*[2]	Contra A[2]	Contra B[2]	Pro C[2]	_	_	Hauptteil[6]	1. Claim[11]	
7-6	796-802	diesem	1. Richtig[2]	1. Angemessen[2]	1. Verständlich[2]	Jahresertrag/Energiedichte Vorhanden[2]	*[2]	*[2]	*[2]	*[2]	*[2]	*[2]	Contra A[2]	Contra B[2]	Pro C[2]	_	_	Hauptteil[6]	1. Claim[11]	
7-7	803-812	Kriterium	1. Richtig[2]	1. Angemessen[2]	1. Verständlich[2]	Jahresertrag/Energiedichte Vorhanden[2]	*[2]	*[2]	*[2]	*[2]	*[2]	*[2]	Contra A[2]	Contra B[2]	Pro C[2]	_	_	Hauptteil[6]	1. Claim[11]	
7-8	813-818	nicht	1. Richtig[2]	1. Angemessen[2]	1. Verständlich[2]	Jahresertrag/Energiedichte Vorhanden[2]	*[2]	*[2]	*[2]	*[2]	*[2]	*[2]	Contra A[2]	Contra B[2]	Pro C[2]	_	_	Hauptteil[6]	1. Claim[11]	
7-9	819-834	Konkurrenzfähig	1. Richtig[2]	1. Angemessen[2]	1. Verständlich[2]	Jahresertrag/Energiedichte Vorhanden[2]	*[2]	*[2]	*[2]	*[2]	*[2]	*[2]	Contra A[2]	Contra B[2]	Pro C[2]	_	_	Hauptteil[6]	1. Claim[11]	
7-10	834-835	.	1. Richtig[2]	1. Angemessen[2]	1. Verständlich[2]	Jahresertrag/Energiedichte Vorhanden[2]	*[2]	*[2]	*[2]	*[2]	*[2]	*[2]	Contra A[2]	Contra B[2]	Pro C[2]	_	_	Hauptteil[6]	1. Claim[11]	

8-1	836-838	Er	1. Richtig[2]	1. Angemessen[2]	1. Verständlich[2]	Jahresertrag/Energiedichte Vorhanden[2]	*[2]	*[2]	*[2]	*[2]	*[2]	*[2]	Contra A[2]	Contra B[2]	Pro C[2]	_	_	Hauptteil[6]	2. Data[12]	
8-2	839-846	erträgt	1. Richtig[2]	1. Angemessen[2]	1. Verständlich[2]	Jahresertrag/Energiedichte Vorhanden[2]	*[2]	*[2]	*[2]	*[2]	*[2]	*[2]	Contra A[2]	Contra B[2]	Pro C[2]	_	_	Hauptteil[6]	2. Data[12]	
8-3	847-855	jährlich	1. Richtig[2]	1. Angemessen[2]	1. Verständlich[2]	Jahresertrag/Energiedichte Vorhanden[2]	*[2]	*[2]	*[2]	*[2]	*[2]	*[2]	Contra A[2]	Contra B[2]	Pro C[2]	_	_	Hauptteil[6]	2. Data[12]	
8-4	856-865	lediglich	1. Richtig[2]	1. Angemessen[2]	1. Verständlich[2]	Jahresertrag/Energiedichte Vorhanden[2]	*[2]	*[2]	*[2]	*[2]	*[2]	*[2]	Contra A[2]	Contra B[2]	Pro C[2]	_	_	Hauptteil[6]	2. Data[12]	
8-5	866-868	19	1. Richtig[2]	1. Angemessen[2]	1. Verständlich[2]	Jahresertrag/Energiedichte Vorhanden[2]	*[2]	*[2]	*[2]	*[2]	*[2]	*[2]	Contra A[2]	Contra B[2]	Pro C[2]	_	_	Hauptteil[6]	2. Data[12]	
8-6	869-872	GWh	1. Richtig[2]	1. Angemessen[2]	1. Verständlich[2]	Jahresertrag/Energiedichte Vorhanden[2]	*[2]	*[2]	*[2]	*[2]	*[2]	*[2]	Contra A[2]	Contra B[2]	Pro C[2]	_	_	Hauptteil[6]	2. Data[12]	
8-7	873-876	bei	1. Richtig[2]	1. Angemessen[2]	1. Verständlich[2]	Jahresertrag/Energiedichte Vorhanden[2]	*[2]	*[2]	*[2]	*[2]	*[2]	*[2]	Contra A[2]	Contra B[2]	Pro C[2]	_	_	Hauptteil[6]	2. Data[12]	
8-8	877-881	1900	1. Richtig[2]	1. Angemessen[2]	1. Verständlich[2]	Jahresertrag/Energiedichte Vorhanden[2]	*[2]	*[2]	*[2]	*[2]	*[2]	*[2]	Contra A[2]	Contra B[2]	Pro C[2]	_	_	Hauptteil[6]	2. Data[12]	
8-9	882-897	Volllaststunden	1. Richtig[2]	1. Angemessen[2]	1. Verständlich[2]	Jahresertrag/Energiedichte Vorhanden[2]	*[2]	*[2]	*[2]	*[2]	*[2]	*[2]	Contra A[2]	Contra B[2]	Pro C[2]	_	_	Hauptteil[6]	2. Data[12]	
8-10	897-898	.	1. Richtig[2]	1. Angemessen[2]	1. Verständlich[2]	Jahresertrag/Energiedichte Vorhanden[2]	*[2]	*[2]	*[2]	*[2]	*[2]	*[2]	Contra A[2]	Contra B[2]	Pro C[2]	_	_	Hauptteil[6]	2. Data[12]	

9-1	899-901	Im	1. Richtig[3]	1. Angemessen[3]	1. Verständlich[3]	*[3]	Lebensdauer/Verfügbarkeit vorhanden[3]	*[3]	*[3]	*[3]	*[3]	*[3]	Pro A[3]	Contra B[3]	Contra C[3]	_	_	Hauptteil[6]	2. Data[13]	
9-2	902-909	Bereich	1. Richtig[3]	1. Angemessen[3]	1. Verständlich[3]	*[3]	Lebensdauer/Verfügbarkeit vorhanden[3]	*[3]	*[3]	*[3]	*[3]	*[3]	Pro A[3]	Contra B[3]	Contra C[3]	_	_	Hauptteil[6]	2. Data[13]	
9-3	910-913	der	1. Richtig[3]	1. Angemessen[3]	1. Verständlich[3]	*[3]	Lebensdauer/Verfügbarkeit vorhanden[3]	*[3]	*[3]	*[3]	*[3]	*[3]	Pro A[3]	Contra B[3]	Contra C[3]	_	_	Hauptteil[6]	2. Data[13]	
9-4	914-925	Lebensdauer	1. Richtig[3]	1. Angemessen[3]	1. Verständlich[3]	*[3]	Lebensdauer/Verfügbarkeit vorhanden[3]	*[3]	*[3]	*[3]	*[3]	*[3]	Pro A[3]	Contra B[3]	Contra C[3]	_	_	Hauptteil[6]	2. Data[13]	
9-5	926-931	liegt	1. Richtig[3]	1. Angemessen[3]	1. Verständlich[3]	*[3]	Lebensdauer/Verfügbarkeit vorhanden[3]	*[3]	*[3]	*[3]	*[3]	*[3]	Pro A[3]	Contra B[3]	Contra C[3]	_	_	Hauptteil[6]	2. Data[13]	
9-6	932-935	die	1. Richtig[3]	1. Angemessen[3]	1. Verständlich[3]	*[3]	Lebensdauer/Verfügbarkeit vorhanden[3]	*[3]	*[3]	*[3]	*[3]	*[3]	Pro A[3]	Contra B[3]	Contra C[3]	_	_	Hauptteil[6]	2. Data[13]	
9-7	936-953	Wasserkraftanlage	1. Richtig[3]	1. Angemessen[3]	1. Verständlich[3]	*[3]	Lebensdauer/Verfügbarkeit vorhanden[3]	*[3]	*[3]	*[3]	*[3]	*[3]	Pro A[3]	Contra B[3]	Contra C[3]	_	_	Hauptteil[6]	2. Data[13]	
9-8	954-960	wieder	1. Richtig[3]	1. Angemessen[3]	1. Verständlich[3]	*[3]	Lebensdauer/Verfügbarkeit vorhanden[3]	*[3]	*[3]	*[3]	*[3]	*[3]	Pro A[3]	Contra B[3]	Contra C[3]	_	_	Hauptteil[6]	2. Data[13]	
9-9	961-966	vorne	1. Richtig[3]	1. Angemessen[3]	1. Verständlich[3]	*[3]	Lebensdauer/Verfügbarkeit vorhanden[3]	*[3]	*[3]	*[3]	*[3]	*[3]	Pro A[3]	Contra B[3]	Contra C[3]	_	_	Hauptteil[6]	2. Data[13]	
9-10	966-967	.	1. Richtig[3]	1. Angemessen[3]	1. Verständlich[3]	*[3]	Lebensdauer/Verfügbarkeit vorhanden[3]	*[3]	*[3]	*[3]	*[3]	*[3]	Pro A[3]	Contra B[3]	Contra C[3]	_	_	Hauptteil[6]	2. Data[13]	

10-1	968-971	Sie	1. Richtig[3]	1. Angemessen[3]	1. Verständlich[3]	*[3]	Lebensdauer/Verfügbarkeit vorhanden[3]	*[3]	*[3]	*[3]	*[3]	*[3]	Pro A[3]	Contra B[3]	Contra C[3]	_	_	Hauptteil[6]	2. Data[14]	
10-2	972-975	ist	1. Richtig[3]	1. Angemessen[3]	1. Verständlich[3]	*[3]	Lebensdauer/Verfügbarkeit vorhanden[3]	*[3]	*[3]	*[3]	*[3]	*[3]	Pro A[3]	Contra B[3]	Contra C[3]	_	_	Hauptteil[6]	2. Data[14]	
10-3	976-979	mit	1. Richtig[3]	1. Angemessen[3]	1. Verständlich[3]	*[3]	Lebensdauer/Verfügbarkeit vorhanden[3]	*[3]	*[3]	*[3]	*[3]	*[3]	Pro A[3]	Contra B[3]	Contra C[3]	_	_	Hauptteil[6]	2. Data[14]	
10-4	980-982	80	1. Richtig[3]	1. Angemessen[3]	1. Verständlich[3]	*[3]	Lebensdauer/Verfügbarkeit vorhanden[3]	*[3]	*[3]	*[3]	*[3]	*[3]	Pro A[3]	Contra B[3]	Contra C[3]	_	_	Hauptteil[6]	2. Data[14]	
10-5	983-989	Jahren	1. Richtig[3]	1. Angemessen[3]	1. Verständlich[3]	*[3]	Lebensdauer/Verfügbarkeit vorhanden[3]	*[3]	*[3]	*[3]	*[3]	*[3]	Pro A[3]	Contra B[3]	Contra C[3]	_	_	Hauptteil[6]	2. Data[14]	
10-6	990-998	deutlich	1. Richtig[3]	1. Angemessen[3]	1. Verständlich[3]	*[3]	Lebensdauer/Verfügbarkeit vorhanden[3]	*[3]	*[3]	*[3]	*[3]	*[3]	Pro A[3]	Contra B[3]	Contra C[3]	_	_	Hauptteil[6]	2. Data[14]	
10-7	999-1015	Lebenstauglicher	1. Richtig[3]	1. Angemessen[3]	1. Verständlich[3]	*[3]	Lebensdauer/Verfügbarkeit vorhanden[3]	*[3]	*[3]	*[3]	*[3]	*[3]	Pro A[3]	Contra B[3]	Contra C[3]	_	_	Hauptteil[6]	2. Data[14]	
10-8	1016-1019	als	1. Richtig[3]	1. Angemessen[3]	1. Verständlich[3]	*[3]	Lebensdauer/Verfügbarkeit vorhanden[3]	*[3]	*[3]	*[3]	*[3]	*[3]	Pro A[3]	Contra B[3]	Contra C[3]	_	_	Hauptteil[6]	2. Data[14]	
10-9	1020-1023	der	1. Richtig[3]	1. Angemessen[3]	1. Verständlich[3]	*[3]	Lebensdauer/Verfügbarkeit vorhanden[3]	*[3]	*[3]	*[3]	*[3]	*[3]	Pro A[3]	Contra B[3]	Contra C[3]	_	_	Hauptteil[6]	2. Data[14]	
10-10	1024-1033	Solarpark	1. Richtig[3]	1. Angemessen[3]	1. Verständlich[3]	*[3]	Lebensdauer/Verfügbarkeit vorhanden[3]	*[3]	*[3]	*[3]	*[3]	*[3]	Pro A[3]	Contra B[3]	Contra C[3]	_	_	Hauptteil[6]	2. Data[14]	
10-11	1034-1037	mit	1. Richtig[3]	1. Angemessen[3]	1. Verständlich[3]	*[3]	Lebensdauer/Verfügbarkeit vorhanden[3]	*[3]	*[3]	*[3]	*[3]	*[3]	Pro A[3]	Contra B[3]	Contra C[3]	_	_	Hauptteil[6]	2. Data[14]	
10-12	1038-1040	30	1. Richtig[3]	1. Angemessen[3]	1. Verständlich[3]	*[3]	Lebensdauer/Verfügbarkeit vorhanden[3]	*[3]	*[3]	*[3]	*[3]	*[3]	Pro A[3]	Contra B[3]	Contra C[3]	_	_	Hauptteil[6]	2. Data[14]	
10-13	1040-1041	-	1. Richtig[3]	1. Angemessen[3]	1. Verständlich[3]	*[3]	Lebensdauer/Verfügbarkeit vorhanden[3]	*[3]	*[3]	*[3]	*[3]	*[3]	Pro A[3]	Contra B[3]	Contra C[3]	_	_	Hauptteil[6]	2. Data[14]	
10-14	1041-1042	,	1. Richtig[3]	1. Angemessen[3]	1. Verständlich[3]	*[3]	Lebensdauer/Verfügbarkeit vorhanden[3]	*[3]	*[3]	*[3]	*[3]	*[3]	Pro A[3]	Contra B[3]	Contra C[3]	_	_	Hauptteil[6]	2. Data[14]	
10-15	1043-1046	und	1. Richtig[3]	1. Angemessen[3]	1. Verständlich[3]	*[3]	Lebensdauer/Verfügbarkeit vorhanden[3]	*[3]	*[3]	*[3]	*[3]	*[3]	Pro A[3]	Contra B[3]	Contra C[3]	_	_	Hauptteil[6]	2. Data[14]	
10-16	1047-1050	der	1. Richtig[3]	1. Angemessen[3]	1. Verständlich[3]	*[3]	Lebensdauer/Verfügbarkeit vorhanden[3]	*[3]	*[3]	*[3]	*[3]	*[3]	Pro A[3]	Contra B[3]	Contra C[3]	_	_	Hauptteil[6]	2. Data[14]	
10-17	1051-1059	Windpark	1. Richtig[3]	1. Angemessen[3]	1. Verständlich[3]	*[3]	Lebensdauer/Verfügbarkeit vorhanden[3]	*[3]	*[3]	*[3]	*[3]	*[3]	Pro A[3]	Contra B[3]	Contra C[3]	_	_	Hauptteil[6]	2. Data[14]	
10-18	1060-1063	mit	1. Richtig[3]	1. Angemessen[3]	1. Verständlich[3]	*[3]	Lebensdauer/Verfügbarkeit vorhanden[3]	*[3]	*[3]	*[3]	*[3]	*[3]	Pro A[3]	Contra B[3]	Contra C[3]	_	_	Hauptteil[6]	2. Data[14]	
10-19	1064-1066	20	1. Richtig[3]	1. Angemessen[3]	1. Verständlich[3]	*[3]	Lebensdauer/Verfügbarkeit vorhanden[3]	*[3]	*[3]	*[3]	*[3]	*[3]	Pro A[3]	Contra B[3]	Contra C[3]	_	_	Hauptteil[6]	2. Data[14]	
10-20	1067-1073	Jahren	1. Richtig[3]	1. Angemessen[3]	1. Verständlich[3]	*[3]	Lebensdauer/Verfügbarkeit vorhanden[3]	*[3]	*[3]	*[3]	*[3]	*[3]	Pro A[3]	Contra B[3]	Contra C[3]	_	_	Hauptteil[6]	2. Data[14]	
10-21	1073-1074	.	1. Richtig[3]	1. Angemessen[3]	1. Verständlich[3]	*[3]	Lebensdauer/Verfügbarkeit vorhanden[3]	*[3]	*[3]	*[3]	*[3]	*[3]	Pro A[3]	Contra B[3]	Contra C[3]	_	_	Hauptteil[6]	2. Data[14]	

11-1	1075-1081	Meiner	_	_	_	_	_	_	_	_	_	_	_	_	_	2. Cut-off[4]	Gesamtthese[4]	Schluss[7]	_	
11-2	1082-1089	Meinung	_	_	_	_	_	_	_	_	_	_	_	_	_	2. Cut-off[4]	Gesamtthese[4]	Schluss[7]	_	
11-3	1090-1094	nach	_	_	_	_	_	_	_	_	_	_	_	_	_	2. Cut-off[4]	Gesamtthese[4]	Schluss[7]	_	
11-4	1095-1101	sollte	_	_	_	_	_	_	_	_	_	_	_	_	_	2. Cut-off[4]	Gesamtthese[4]	Schluss[7]	_	
11-5	1102-1117	Norddeutschland	_	_	_	_	_	_	_	_	_	_	_	_	_	2. Cut-off[4]	Gesamtthese[4]	Schluss[7]	_	
11-6	1118-1120	in	_	_	_	_	_	_	_	_	_	_	_	_	_	2. Cut-off[4]	Gesamtthese[4]	Schluss[7]	_	
11-7	1121-1128	Zukunft	_	_	_	_	_	_	_	_	_	_	_	_	_	2. Cut-off[4]	Gesamtthese[4]	Schluss[7]	_	
11-8	1129-1132	auf	_	_	_	_	_	_	_	_	_	_	_	_	_	2. Cut-off[4]	Gesamtthese[4]	Schluss[7]	_	
11-9	1133-1136	den	_	_	_	_	_	_	_	_	_	_	_	_	_	2. Cut-off[4]	Gesamtthese[4]	Schluss[7]	_	
11-10	1137-1150	Energieträger	_	_	_	_	_	_	_	_	_	_	_	_	_	2. Cut-off[4]	Gesamtthese[4]	Schluss[7]	_	
11-11	1151-1162	Wasserkraft	_	_	_	_	_	_	_	_	_	_	_	_	_	2. Cut-off[4]	Gesamtthese[4]	Schluss[7]	_	
11-12	1163-1169	setzen	_	_	_	_	_	_	_	_	_	_	_	_	_	2. Cut-off[4]	Gesamtthese[4]	Schluss[7]	_	
11-13	1169-1170	,	_	_	_	_	_	_	_	_	_	_	_	_	_	2. Cut-off[4]	Gesamtthese[4]	Schluss[7]	_	
11-14	1171-1173	da	_	_	_	_	_	_	_	_	_	_	_	_	_	2. Cut-off[4]	Gesamtthese[4]	Schluss[7]	_	
11-15	1174-1176	er	_	_	_	_	_	_	_	_	_	_	_	_	_	2. Cut-off[4]	Gesamtthese[4]	Schluss[7]	_	
11-16	1177-1179	in	_	_	_	_	_	_	_	_	_	_	_	_	_	2. Cut-off[4]	Gesamtthese[4]	Schluss[7]	_	
11-17	1180-1183	den	_	_	_	_	_	_	_	_	_	_	_	_	_	2. Cut-off[4]	Gesamtthese[4]	Schluss[7]	_	
11-18	1184-1191	meisten	_	_	_	_	_	_	_	_	_	_	_	_	_	2. Cut-off[4]	Gesamtthese[4]	Schluss[7]	_	
11-19	1192-1199	Punkten	_	_	_	_	_	_	_	_	_	_	_	_	_	2. Cut-off[4]	Gesamtthese[4]	Schluss[7]	_	
