#FORMAT=WebAnno TSV 3.3
#T_SP=webanno.custom.Argument|Accuracy|Adequacy|Clarity|KriteriumJahresertragEnergiedichte|KriteriumLebensdauerVerfgbarkeit|KriteriumLokaleEmissionenGeruschemissionen|KriteriumPreisBetrieb|KriteriumSonstiges|KriteriumTreibhausgasemissionen|KriteriumWirkungsgrad|OptionA|OptionB|OptionC
#T_SP=webanno.custom.DecisionMakingStrategies|Decision|Gesamtthese
#T_SP=webanno.custom.Struktur|Struktur
#T_SP=webanno.custom.StrukturTAP|TAPArgumente


1-1	0-10	Betrachtet	1. Richtig[1]	1. Angemessen[1]	1. Verständlich[1]	*[1]	*[1]	*[1]	Preis/Betrieb vorhanden[1]	*[1]	*[1]	*[1]	Pro A[1]	Pro B[1]	Contra C[1]	_	_	Hauptteil[5]	5. Nicht zutreffend[7]	
1-2	11-14	man	1. Richtig[1]	1. Angemessen[1]	1. Verständlich[1]	*[1]	*[1]	*[1]	Preis/Betrieb vorhanden[1]	*[1]	*[1]	*[1]	Pro A[1]	Pro B[1]	Contra C[1]	_	_	Hauptteil[5]	5. Nicht zutreffend[7]	
1-3	15-18	die	1. Richtig[1]	1. Angemessen[1]	1. Verständlich[1]	*[1]	*[1]	*[1]	Preis/Betrieb vorhanden[1]	*[1]	*[1]	*[1]	Pro A[1]	Pro B[1]	Contra C[1]	_	_	Hauptteil[5]	5. Nicht zutreffend[7]	
1-4	19-23	drei	1. Richtig[1]	1. Angemessen[1]	1. Verständlich[1]	*[1]	*[1]	*[1]	Preis/Betrieb vorhanden[1]	*[1]	*[1]	*[1]	Pro A[1]	Pro B[1]	Contra C[1]	_	_	Hauptteil[5]	5. Nicht zutreffend[7]	
1-5	24-33	möglichen	1. Richtig[1]	1. Angemessen[1]	1. Verständlich[1]	*[1]	*[1]	*[1]	Preis/Betrieb vorhanden[1]	*[1]	*[1]	*[1]	Pro A[1]	Pro B[1]	Contra C[1]	_	_	Hauptteil[5]	5. Nicht zutreffend[7]	
1-6	34-47	Energieträger	1. Richtig[1]	1. Angemessen[1]	1. Verständlich[1]	*[1]	*[1]	*[1]	Preis/Betrieb vorhanden[1]	*[1]	*[1]	*[1]	Pro A[1]	Pro B[1]	Contra C[1]	_	_	Hauptteil[5]	5. Nicht zutreffend[7]	
1-7	47-48	,	1. Richtig[1]	1. Angemessen[1]	1. Verständlich[1]	*[1]	*[1]	*[1]	Preis/Betrieb vorhanden[1]	*[1]	*[1]	*[1]	Pro A[1]	Pro B[1]	Contra C[1]	_	_	Hauptteil[5]	5. Nicht zutreffend[7]	
1-8	49-54	fällt	1. Richtig[1]	1. Angemessen[1]	1. Verständlich[1]	*[1]	*[1]	*[1]	Preis/Betrieb vorhanden[1]	*[1]	*[1]	*[1]	Pro A[1]	Pro B[1]	Contra C[1]	_	_	Hauptteil[5]	5. Nicht zutreffend[7]	
1-9	55-58	auf	1. Richtig[1]	1. Angemessen[1]	1. Verständlich[1]	*[1]	*[1]	*[1]	Preis/Betrieb vorhanden[1]	*[1]	*[1]	*[1]	Pro A[1]	Pro B[1]	Contra C[1]	_	_	Hauptteil[5]	5. Nicht zutreffend[7]	
1-10	58-59	,	1. Richtig[1]	1. Angemessen[1]	1. Verständlich[1]	*[1]	*[1]	*[1]	Preis/Betrieb vorhanden[1]	*[1]	*[1]	*[1]	Pro A[1]	Pro B[1]	Contra C[1]	_	_	Hauptteil[5]	5. Nicht zutreffend[7]	
1-11	60-64	dass	1. Richtig[1]	1. Angemessen[1]	1. Verständlich[1]	*[1]	*[1]	*[1]	Preis/Betrieb vorhanden[1]	*[1]	*[1]	*[1]	Pro A[1]	Pro B[1]	Contra C[1]	_	_	Hauptteil[5]	2. Data[8]	
1-12	65-76	Wasserstoff	1. Richtig[1]	1. Angemessen[1]	1. Verständlich[1]	*[1]	*[1]	*[1]	Preis/Betrieb vorhanden[1]	*[1]	*[1]	*[1]	Pro A[1]	Pro B[1]	Contra C[1]	_	_	Hauptteil[5]	2. Data[8]	
1-13	77-80	und	1. Richtig[1]	1. Angemessen[1]	1. Verständlich[1]	*[1]	*[1]	*[1]	Preis/Betrieb vorhanden[1]	*[1]	*[1]	*[1]	Pro A[1]	Pro B[1]	Contra C[1]	_	_	Hauptteil[5]	2. Data[8]	
1-14	81-88	E-Fuels	1. Richtig[1]	1. Angemessen[1]	1. Verständlich[1]	*[1]	*[1]	*[1]	Preis/Betrieb vorhanden[1]	*[1]	*[1]	*[1]	Pro A[1]	Pro B[1]	Contra C[1]	_	_	Hauptteil[5]	2. Data[8]	
1-15	89-92	die	1. Richtig[1]	1. Angemessen[1]	1. Verständlich[1]	*[1]	*[1]	*[1]	Preis/Betrieb vorhanden[1]	*[1]	*[1]	*[1]	Pro A[1]	Pro B[1]	Contra C[1]	_	_	Hauptteil[5]	2. Data[8]	
1-16	93-100	gleiche	1. Richtig[1]	1. Angemessen[1]	1. Verständlich[1]	*[1]	*[1]	*[1]	Preis/Betrieb vorhanden[1]	*[1]	*[1]	*[1]	Pro A[1]	Pro B[1]	Contra C[1]	_	_	Hauptteil[5]	2. Data[8]	
1-17	101-111	Reichweite	1. Richtig[1]	1. Angemessen[1]	1. Verständlich[1]	*[1]	*[1]	*[1]	Preis/Betrieb vorhanden[1]	*[1]	*[1]	*[1]	Pro A[1]	Pro B[1]	Contra C[1]	_	_	Hauptteil[5]	2. Data[8]	
1-18	112-115	und	1. Richtig[1]	1. Angemessen[1]	1. Verständlich[1]	*[1]	*[1]	*[1]	Preis/Betrieb vorhanden[1]	*[1]	*[1]	*[1]	Pro A[1]	Pro B[1]	Contra C[1]	_	_	Hauptteil[5]	2. Data[8]	
1-19	116-125	Tankdauer	1. Richtig[1]	1. Angemessen[1]	1. Verständlich[1]	*[1]	*[1]	*[1]	Preis/Betrieb vorhanden[1]	*[1]	*[1]	*[1]	Pro A[1]	Pro B[1]	Contra C[1]	_	_	Hauptteil[5]	2. Data[8]	
1-20	126-131	haben	1. Richtig[1]	1. Angemessen[1]	1. Verständlich[1]	*[1]	*[1]	*[1]	Preis/Betrieb vorhanden[1]	*[1]	*[1]	*[1]	Pro A[1]	Pro B[1]	Contra C[1]	_	_	Hauptteil[5]	2. Data[8]	
1-21	131-132	.	1. Richtig[1]	1. Angemessen[1]	1. Verständlich[1]	*[1]	*[1]	*[1]	Preis/Betrieb vorhanden[1]	*[1]	*[1]	*[1]	Pro A[1]	Pro B[1]	Contra C[1]	_	_	Hauptteil[5]	2. Data[8]	

2-1	133-138	Beide	1. Richtig[1]	1. Angemessen[1]	1. Verständlich[1]	*[1]	*[1]	*[1]	Preis/Betrieb vorhanden[1]	*[1]	*[1]	*[1]	Pro A[1]	Pro B[1]	Contra C[1]	_	_	Hauptteil[5]	2. Data[9]	
2-2	139-144	Autos	1. Richtig[1]	1. Angemessen[1]	1. Verständlich[1]	*[1]	*[1]	*[1]	Preis/Betrieb vorhanden[1]	*[1]	*[1]	*[1]	Pro A[1]	Pro B[1]	Contra C[1]	_	_	Hauptteil[5]	2. Data[9]	
2-3	145-148	die	1. Richtig[1]	1. Angemessen[1]	1. Verständlich[1]	*[1]	*[1]	*[1]	Preis/Betrieb vorhanden[1]	*[1]	*[1]	*[1]	Pro A[1]	Pro B[1]	Contra C[1]	_	_	Hauptteil[5]	2. Data[9]	
2-4	149-152	mit	1. Richtig[1]	1. Angemessen[1]	1. Verständlich[1]	*[1]	*[1]	*[1]	Preis/Betrieb vorhanden[1]	*[1]	*[1]	*[1]	Pro A[1]	Pro B[1]	Contra C[1]	_	_	Hauptteil[5]	2. Data[9]	
2-5	153-160	E-Fuels	1. Richtig[1]	1. Angemessen[1]	1. Verständlich[1]	*[1]	*[1]	*[1]	Preis/Betrieb vorhanden[1]	*[1]	*[1]	*[1]	Pro A[1]	Pro B[1]	Contra C[1]	_	_	Hauptteil[5]	2. Data[9]	
2-6	161-165	oder	1. Richtig[1]	1. Angemessen[1]	1. Verständlich[1]	*[1]	*[1]	*[1]	Preis/Betrieb vorhanden[1]	*[1]	*[1]	*[1]	Pro A[1]	Pro B[1]	Contra C[1]	_	_	Hauptteil[5]	2. Data[9]	
2-7	166-177	Wasserstoff	1. Richtig[1]	1. Angemessen[1]	1. Verständlich[1]	*[1]	*[1]	*[1]	Preis/Betrieb vorhanden[1]	*[1]	*[1]	*[1]	Pro A[1]	Pro B[1]	Contra C[1]	_	_	Hauptteil[5]	2. Data[9]	
2-8	178-187	betrieben	1. Richtig[1]	1. Angemessen[1]	1. Verständlich[1]	*[1]	*[1]	*[1]	Preis/Betrieb vorhanden[1]	*[1]	*[1]	*[1]	Pro A[1]	Pro B[1]	Contra C[1]	_	_	Hauptteil[5]	2. Data[9]	
2-9	188-194	werden	1. Richtig[1]	1. Angemessen[1]	1. Verständlich[1]	*[1]	*[1]	*[1]	Preis/Betrieb vorhanden[1]	*[1]	*[1]	*[1]	Pro A[1]	Pro B[1]	Contra C[1]	_	_	Hauptteil[5]	2. Data[9]	
2-10	195-203	brauchen	1. Richtig[1]	1. Angemessen[1]	1. Verständlich[1]	*[1]	*[1]	*[1]	Preis/Betrieb vorhanden[1]	*[1]	*[1]	*[1]	Pro A[1]	Pro B[1]	Contra C[1]	_	_	Hauptteil[5]	2. Data[9]	
2-11	204-213	lediglich	1. Richtig[1]	1. Angemessen[1]	1. Verständlich[1]	*[1]	*[1]	*[1]	Preis/Betrieb vorhanden[1]	*[1]	*[1]	*[1]	Pro A[1]	Pro B[1]	Contra C[1]	_	_	Hauptteil[5]	2. Data[9]	
2-12	214-215	3	1. Richtig[1]	1. Angemessen[1]	1. Verständlich[1]	*[1]	*[1]	*[1]	Preis/Betrieb vorhanden[1]	*[1]	*[1]	*[1]	Pro A[1]	Pro B[1]	Contra C[1]	_	_	Hauptteil[5]	2. Data[9]	
2-13	216-223	Minuten	1. Richtig[1]	1. Angemessen[1]	1. Verständlich[1]	*[1]	*[1]	*[1]	Preis/Betrieb vorhanden[1]	*[1]	*[1]	*[1]	Pro A[1]	Pro B[1]	Contra C[1]	_	_	Hauptteil[5]	2. Data[9]	
2-14	224-227	zum	1. Richtig[1]	1. Angemessen[1]	1. Verständlich[1]	*[1]	*[1]	*[1]	Preis/Betrieb vorhanden[1]	*[1]	*[1]	*[1]	Pro A[1]	Pro B[1]	Contra C[1]	_	_	Hauptteil[5]	2. Data[9]	
2-15	228-234	Tanken	1. Richtig[1]	1. Angemessen[1]	1. Verständlich[1]	*[1]	*[1]	*[1]	Preis/Betrieb vorhanden[1]	*[1]	*[1]	*[1]	Pro A[1]	Pro B[1]	Contra C[1]	_	_	Hauptteil[5]	2. Data[9]	
2-16	234-235	.	1. Richtig[1]	1. Angemessen[1]	1. Verständlich[1]	*[1]	*[1]	*[1]	Preis/Betrieb vorhanden[1]	*[1]	*[1]	*[1]	Pro A[1]	Pro B[1]	Contra C[1]	_	_	Hauptteil[5]	2. Data[9]	

3-1	236-240	Ihre	1. Richtig[1]	1. Angemessen[1]	1. Verständlich[1]	*[1]	*[1]	*[1]	Preis/Betrieb vorhanden[1]	*[1]	*[1]	*[1]	Pro A[1]	Pro B[1]	Contra C[1]	_	_	Hauptteil[5]	2. Data[10]	
3-2	241-251	Reichweite	1. Richtig[1]	1. Angemessen[1]	1. Verständlich[1]	*[1]	*[1]	*[1]	Preis/Betrieb vorhanden[1]	*[1]	*[1]	*[1]	Pro A[1]	Pro B[1]	Contra C[1]	_	_	Hauptteil[5]	2. Data[10]	
3-3	252-259	beträgt	1. Richtig[1]	1. Angemessen[1]	1. Verständlich[1]	*[1]	*[1]	*[1]	Preis/Betrieb vorhanden[1]	*[1]	*[1]	*[1]	Pro A[1]	Pro B[1]	Contra C[1]	_	_	Hauptteil[5]	2. Data[10]	
3-4	260-263	700	1. Richtig[1]	1. Angemessen[1]	1. Verständlich[1]	*[1]	*[1]	*[1]	Preis/Betrieb vorhanden[1]	*[1]	*[1]	*[1]	Pro A[1]	Pro B[1]	Contra C[1]	_	_	Hauptteil[5]	2. Data[10]	
3-5	264-266	km	1. Richtig[1]	1. Angemessen[1]	1. Verständlich[1]	*[1]	*[1]	*[1]	Preis/Betrieb vorhanden[1]	*[1]	*[1]	*[1]	Pro A[1]	Pro B[1]	Contra C[1]	_	_	Hauptteil[5]	2. Data[10]	
3-6	266-267	.	1. Richtig[1]	1. Angemessen[1]	1. Verständlich[1]	*[1]	*[1]	*[1]	Preis/Betrieb vorhanden[1]	*[1]	*[1]	*[1]	Pro A[1]	Pro B[1]	Contra C[1]	_	_	Hauptteil[5]	2. Data[10]	

4-1	268-278	Wohingegen	1. Richtig[1]	1. Angemessen[1]	1. Verständlich[1]	*[1]	*[1]	*[1]	Preis/Betrieb vorhanden[1]	*[1]	*[1]	*[1]	Pro A[1]	Pro B[1]	Contra C[1]	_	_	Hauptteil[5]	2. Data[11]	
4-2	279-282	ein	1. Richtig[1]	1. Angemessen[1]	1. Verständlich[1]	*[1]	*[1]	*[1]	Preis/Betrieb vorhanden[1]	*[1]	*[1]	*[1]	Pro A[1]	Pro B[1]	Contra C[1]	_	_	Hauptteil[5]	2. Data[11]	
4-3	283-287	Auto	1. Richtig[1]	1. Angemessen[1]	1. Verständlich[1]	*[1]	*[1]	*[1]	Preis/Betrieb vorhanden[1]	*[1]	*[1]	*[1]	Pro A[1]	Pro B[1]	Contra C[1]	_	_	Hauptteil[5]	2. Data[11]	
4-4	288-291	das	1. Richtig[1]	1. Angemessen[1]	1. Verständlich[1]	*[1]	*[1]	*[1]	Preis/Betrieb vorhanden[1]	*[1]	*[1]	*[1]	Pro A[1]	Pro B[1]	Contra C[1]	_	_	Hauptteil[5]	2. Data[11]	
4-5	292-295	mit	1. Richtig[1]	1. Angemessen[1]	1. Verständlich[1]	*[1]	*[1]	*[1]	Preis/Betrieb vorhanden[1]	*[1]	*[1]	*[1]	Pro A[1]	Pro B[1]	Contra C[1]	_	_	Hauptteil[5]	2. Data[11]	
4-6	296-309	Akkulumatoren	1. Richtig[1]	1. Angemessen[1]	1. Verständlich[1]	*[1]	*[1]	*[1]	Preis/Betrieb vorhanden[1]	*[1]	*[1]	*[1]	Pro A[1]	Pro B[1]	Contra C[1]	_	_	Hauptteil[5]	2. Data[11]	
4-7	310-319	betrieben	1. Richtig[1]	1. Angemessen[1]	1. Verständlich[1]	*[1]	*[1]	*[1]	Preis/Betrieb vorhanden[1]	*[1]	*[1]	*[1]	Pro A[1]	Pro B[1]	Contra C[1]	_	_	Hauptteil[5]	2. Data[11]	
4-8	320-324	wird	1. Richtig[1]	1. Angemessen[1]	1. Verständlich[1]	*[1]	*[1]	*[1]	Preis/Betrieb vorhanden[1]	*[1]	*[1]	*[1]	Pro A[1]	Pro B[1]	Contra C[1]	_	_	Hauptteil[5]	2. Data[11]	
4-9	325-328	nur	1. Richtig[1]	1. Angemessen[1]	1. Verständlich[1]	*[1]	*[1]	*[1]	Preis/Betrieb vorhanden[1]	*[1]	*[1]	*[1]	Pro A[1]	Pro B[1]	Contra C[1]	_	_	Hauptteil[5]	2. Data[11]	
4-10	329-332	400	1. Richtig[1]	1. Angemessen[1]	1. Verständlich[1]	*[1]	*[1]	*[1]	Preis/Betrieb vorhanden[1]	*[1]	*[1]	*[1]	Pro A[1]	Pro B[1]	Contra C[1]	_	_	Hauptteil[5]	2. Data[11]	
4-11	333-335	km	1. Richtig[1]	1. Angemessen[1]	1. Verständlich[1]	*[1]	*[1]	*[1]	Preis/Betrieb vorhanden[1]	*[1]	*[1]	*[1]	Pro A[1]	Pro B[1]	Contra C[1]	_	_	Hauptteil[5]	2. Data[11]	
4-12	336-340	weit	1. Richtig[1]	1. Angemessen[1]	1. Verständlich[1]	*[1]	*[1]	*[1]	Preis/Betrieb vorhanden[1]	*[1]	*[1]	*[1]	Pro A[1]	Pro B[1]	Contra C[1]	_	_	Hauptteil[5]	2. Data[11]	
4-13	341-346	kommt	1. Richtig[1]	1. Angemessen[1]	1. Verständlich[1]	*[1]	*[1]	*[1]	Preis/Betrieb vorhanden[1]	*[1]	*[1]	*[1]	Pro A[1]	Pro B[1]	Contra C[1]	_	_	Hauptteil[5]	2. Data[11]	
4-14	346-347	.	1. Richtig[1]	1. Angemessen[1]	1. Verständlich[1]	*[1]	*[1]	*[1]	Preis/Betrieb vorhanden[1]	*[1]	*[1]	*[1]	Pro A[1]	Pro B[1]	Contra C[1]	_	_	Hauptteil[5]	2. Data[11]	
4-15	348-350	es	1. Richtig[1]	1. Angemessen[1]	1. Verständlich[1]	*[1]	*[1]	*[1]	Preis/Betrieb vorhanden[1]	*[1]	*[1]	*[1]	Pro A[1]	Pro B[1]	Contra C[1]	_	_	Hauptteil[5]	2. Data[11]	
4-16	351-355	halt	1. Richtig[1]	1. Angemessen[1]	1. Verständlich[1]	*[1]	*[1]	*[1]	Preis/Betrieb vorhanden[1]	*[1]	*[1]	*[1]	Pro A[1]	Pro B[1]	Contra C[1]	_	_	Hauptteil[5]	2. Data[11]	
4-17	356-360	eine	1. Richtig[1]	1. Angemessen[1]	1. Verständlich[1]	*[1]	*[1]	*[1]	Preis/Betrieb vorhanden[1]	*[1]	*[1]	*[1]	Pro A[1]	Pro B[1]	Contra C[1]	_	_	Hauptteil[5]	2. Data[11]	
4-18	361-369	Ladezeit	1. Richtig[1]	1. Angemessen[1]	1. Verständlich[1]	*[1]	*[1]	*[1]	Preis/Betrieb vorhanden[1]	*[1]	*[1]	*[1]	Pro A[1]	Pro B[1]	Contra C[1]	_	_	Hauptteil[5]	2. Data[11]	
4-19	370-373	von	1. Richtig[1]	1. Angemessen[1]	1. Verständlich[1]	*[1]	*[1]	*[1]	Preis/Betrieb vorhanden[1]	*[1]	*[1]	*[1]	Pro A[1]	Pro B[1]	Contra C[1]	_	_	Hauptteil[5]	2. Data[11]	
4-20	374-376	30	1. Richtig[1]	1. Angemessen[1]	1. Verständlich[1]	*[1]	*[1]	*[1]	Preis/Betrieb vorhanden[1]	*[1]	*[1]	*[1]	Pro A[1]	Pro B[1]	Contra C[1]	_	_	Hauptteil[5]	2. Data[11]	
4-21	377-384	Minuten	1. Richtig[1]	1. Angemessen[1]	1. Verständlich[1]	*[1]	*[1]	*[1]	Preis/Betrieb vorhanden[1]	*[1]	*[1]	*[1]	Pro A[1]	Pro B[1]	Contra C[1]	_	_	Hauptteil[5]	2. Data[11]	
4-22	384-385	.	1. Richtig[1]	1. Angemessen[1]	1. Verständlich[1]	*[1]	*[1]	*[1]	Preis/Betrieb vorhanden[1]	*[1]	*[1]	*[1]	Pro A[1]	Pro B[1]	Contra C[1]	_	_	Hauptteil[5]	2. Data[11]	

5-1	386-389	Ein	1. Richtig[2]	1. Angemessen[2]	1. Verständlich[2]	*[2]	Lebensdauer/Verfügbarkeit vorhanden[2]	*[2]	*[2]	*[2]	*[2]	*[2]	Contra A[2]	Pro B[2]	Pro C[2]	_	_	Hauptteil[5]	1. Claim[12]	
5-2	390-398	weiterer	1. Richtig[2]	1. Angemessen[2]	1. Verständlich[2]	*[2]	Lebensdauer/Verfügbarkeit vorhanden[2]	*[2]	*[2]	*[2]	*[2]	*[2]	Contra A[2]	Pro B[2]	Pro C[2]	_	_	Hauptteil[5]	1. Claim[12]	
5-3	399-408	wichtiger	1. Richtig[2]	1. Angemessen[2]	1. Verständlich[2]	*[2]	Lebensdauer/Verfügbarkeit vorhanden[2]	*[2]	*[2]	*[2]	*[2]	*[2]	Contra A[2]	Pro B[2]	Pro C[2]	_	_	Hauptteil[5]	1. Claim[12]	
5-4	409-414	Punkt	1. Richtig[2]	1. Angemessen[2]	1. Verständlich[2]	*[2]	Lebensdauer/Verfügbarkeit vorhanden[2]	*[2]	*[2]	*[2]	*[2]	*[2]	Contra A[2]	Pro B[2]	Pro C[2]	_	_	Hauptteil[5]	1. Claim[12]	
5-5	415-418	ist	1. Richtig[2]	1. Angemessen[2]	1. Verständlich[2]	*[2]	Lebensdauer/Verfügbarkeit vorhanden[2]	*[2]	*[2]	*[2]	*[2]	*[2]	Contra A[2]	Pro B[2]	Pro C[2]	_	_	Hauptteil[5]	1. Claim[12]	
5-6	419-422	die	1. Richtig[2]	1. Angemessen[2]	1. Verständlich[2]	*[2]	Lebensdauer/Verfügbarkeit vorhanden[2]	*[2]	*[2]	*[2]	*[2]	*[2]	Contra A[2]	Pro B[2]	Pro C[2]	_	_	Hauptteil[5]	1. Claim[12]	
5-7	423-436	Verfügbarkeit	1. Richtig[2]	1. Angemessen[2]	1. Verständlich[2]	*[2]	Lebensdauer/Verfügbarkeit vorhanden[2]	*[2]	*[2]	*[2]	*[2]	*[2]	Contra A[2]	Pro B[2]	Pro C[2]	_	_	Hauptteil[5]	1. Claim[12]	
5-8	437-440	des	1. Richtig[2]	1. Angemessen[2]	1. Verständlich[2]	*[2]	Lebensdauer/Verfügbarkeit vorhanden[2]	*[2]	*[2]	*[2]	*[2]	*[2]	Contra A[2]	Pro B[2]	Pro C[2]	_	_	Hauptteil[5]	1. Claim[12]	
5-9	441-446	Autos	1. Richtig[2]	1. Angemessen[2]	1. Verständlich[2]	*[2]	Lebensdauer/Verfügbarkeit vorhanden[2]	*[2]	*[2]	*[2]	*[2]	*[2]	Contra A[2]	Pro B[2]	Pro C[2]	_	_	Hauptteil[5]	1. Claim[12]	
5-10	446-447	.	1. Richtig[2]	1. Angemessen[2]	1. Verständlich[2]	*[2]	Lebensdauer/Verfügbarkeit vorhanden[2]	*[2]	*[2]	*[2]	*[2]	*[2]	Contra A[2]	Pro B[2]	Pro C[2]	_	_	Hauptteil[5]	1. Claim[12]	

6-1	448-451	Für	1. Richtig[2]	1. Angemessen[2]	1. Verständlich[2]	*[2]	Lebensdauer/Verfügbarkeit vorhanden[2]	*[2]	*[2]	*[2]	*[2]	*[2]	Contra A[2]	Pro B[2]	Pro C[2]	_	_	Hauptteil[5]	2. Data[13]	
6-2	452-455	die	1. Richtig[2]	1. Angemessen[2]	1. Verständlich[2]	*[2]	Lebensdauer/Verfügbarkeit vorhanden[2]	*[2]	*[2]	*[2]	*[2]	*[2]	Contra A[2]	Pro B[2]	Pro C[2]	_	_	Hauptteil[5]	2. Data[13]	
6-3	456-461	Autos	1. Richtig[2]	1. Angemessen[2]	1. Verständlich[2]	*[2]	Lebensdauer/Verfügbarkeit vorhanden[2]	*[2]	*[2]	*[2]	*[2]	*[2]	Contra A[2]	Pro B[2]	Pro C[2]	_	_	Hauptteil[5]	2. Data[13]	
6-4	462-465	die	1. Richtig[2]	1. Angemessen[2]	1. Verständlich[2]	*[2]	Lebensdauer/Verfügbarkeit vorhanden[2]	*[2]	*[2]	*[2]	*[2]	*[2]	Contra A[2]	Pro B[2]	Pro C[2]	_	_	Hauptteil[5]	2. Data[13]	
6-5	466-469	mit	1. Richtig[2]	1. Angemessen[2]	1. Verständlich[2]	*[2]	Lebensdauer/Verfügbarkeit vorhanden[2]	*[2]	*[2]	*[2]	*[2]	*[2]	Contra A[2]	Pro B[2]	Pro C[2]	_	_	Hauptteil[5]	2. Data[13]	
6-6	470-483	Akkumulatoren	1. Richtig[2]	1. Angemessen[2]	1. Verständlich[2]	*[2]	Lebensdauer/Verfügbarkeit vorhanden[2]	*[2]	*[2]	*[2]	*[2]	*[2]	Contra A[2]	Pro B[2]	Pro C[2]	_	_	Hauptteil[5]	2. Data[13]	
6-7	484-493	betrieben	1. Richtig[2]	1. Angemessen[2]	1. Verständlich[2]	*[2]	Lebensdauer/Verfügbarkeit vorhanden[2]	*[2]	*[2]	*[2]	*[2]	*[2]	Contra A[2]	Pro B[2]	Pro C[2]	_	_	Hauptteil[5]	2. Data[13]	
6-8	494-500	werden	1. Richtig[2]	1. Angemessen[2]	1. Verständlich[2]	*[2]	Lebensdauer/Verfügbarkeit vorhanden[2]	*[2]	*[2]	*[2]	*[2]	*[2]	Contra A[2]	Pro B[2]	Pro C[2]	_	_	Hauptteil[5]	2. Data[13]	
6-9	501-507	sollen	1. Richtig[2]	1. Angemessen[2]	1. Verständlich[2]	*[2]	Lebensdauer/Verfügbarkeit vorhanden[2]	*[2]	*[2]	*[2]	*[2]	*[2]	Contra A[2]	Pro B[2]	Pro C[2]	_	_	Hauptteil[5]	2. Data[13]	
6-10	508-514	sowhol	1. Richtig[2]	1. Angemessen[2]	1. Verständlich[2]	*[2]	Lebensdauer/Verfügbarkeit vorhanden[2]	*[2]	*[2]	*[2]	*[2]	*[2]	Contra A[2]	Pro B[2]	Pro C[2]	_	_	Hauptteil[5]	2. Data[13]	
6-11	515-518	als	1. Richtig[2]	1. Angemessen[2]	1. Verständlich[2]	*[2]	Lebensdauer/Verfügbarkeit vorhanden[2]	*[2]	*[2]	*[2]	*[2]	*[2]	Contra A[2]	Pro B[2]	Pro C[2]	_	_	Hauptteil[5]	2. Data[13]	
6-12	519-523	auch	1. Richtig[2]	1. Angemessen[2]	1. Verständlich[2]	*[2]	Lebensdauer/Verfügbarkeit vorhanden[2]	*[2]	*[2]	*[2]	*[2]	*[2]	Contra A[2]	Pro B[2]	Pro C[2]	_	_	Hauptteil[5]	2. Data[13]	
6-13	524-527	für	1. Richtig[2]	1. Angemessen[2]	1. Verständlich[2]	*[2]	Lebensdauer/Verfügbarkeit vorhanden[2]	*[2]	*[2]	*[2]	*[2]	*[2]	Contra A[2]	Pro B[2]	Pro C[2]	_	_	Hauptteil[5]	2. Data[13]	
6-14	528-531	die	1. Richtig[2]	1. Angemessen[2]	1. Verständlich[2]	*[2]	Lebensdauer/Verfügbarkeit vorhanden[2]	*[2]	*[2]	*[2]	*[2]	*[2]	Contra A[2]	Pro B[2]	Pro C[2]	_	_	Hauptteil[5]	2. Data[13]	
6-15	532-537	Autos	1. Richtig[2]	1. Angemessen[2]	1. Verständlich[2]	*[2]	Lebensdauer/Verfügbarkeit vorhanden[2]	*[2]	*[2]	*[2]	*[2]	*[2]	Contra A[2]	Pro B[2]	Pro C[2]	_	_	Hauptteil[5]	2. Data[13]	
6-16	538-541	die	1. Richtig[2]	1. Angemessen[2]	1. Verständlich[2]	*[2]	Lebensdauer/Verfügbarkeit vorhanden[2]	*[2]	*[2]	*[2]	*[2]	*[2]	Contra A[2]	Pro B[2]	Pro C[2]	_	_	Hauptteil[5]	2. Data[13]	
6-17	542-546	ihre	1. Richtig[2]	1. Angemessen[2]	1. Verständlich[2]	*[2]	Lebensdauer/Verfügbarkeit vorhanden[2]	*[2]	*[2]	*[2]	*[2]	*[2]	Contra A[2]	Pro B[2]	Pro C[2]	_	_	Hauptteil[5]	2. Data[13]	
6-18	547-554	Energie	1. Richtig[2]	1. Angemessen[2]	1. Verständlich[2]	*[2]	Lebensdauer/Verfügbarkeit vorhanden[2]	*[2]	*[2]	*[2]	*[2]	*[2]	Contra A[2]	Pro B[2]	Pro C[2]	_	_	Hauptteil[5]	2. Data[13]	
6-19	555-560	durch	1. Richtig[2]	1. Angemessen[2]	1. Verständlich[2]	*[2]	Lebensdauer/Verfügbarkeit vorhanden[2]	*[2]	*[2]	*[2]	*[2]	*[2]	Contra A[2]	Pro B[2]	Pro C[2]	_	_	Hauptteil[5]	2. Data[13]	
6-20	561-568	E-Fuels	1. Richtig[2]	1. Angemessen[2]	1. Verständlich[2]	*[2]	Lebensdauer/Verfügbarkeit vorhanden[2]	*[2]	*[2]	*[2]	*[2]	*[2]	Contra A[2]	Pro B[2]	Pro C[2]	_	_	Hauptteil[5]	2. Data[13]	
6-21	569-577	gewinnen	1. Richtig[2]	1. Angemessen[2]	1. Verständlich[2]	*[2]	Lebensdauer/Verfügbarkeit vorhanden[2]	*[2]	*[2]	*[2]	*[2]	*[2]	Contra A[2]	Pro B[2]	Pro C[2]	_	_	Hauptteil[5]	2. Data[13]	
6-22	577-578	,	1. Richtig[2]	1. Angemessen[2]	1. Verständlich[2]	*[2]	Lebensdauer/Verfügbarkeit vorhanden[2]	*[2]	*[2]	*[2]	*[2]	*[2]	Contra A[2]	Pro B[2]	Pro C[2]	_	_	Hauptteil[5]	2. Data[13]	
6-23	579-586	besteht	1. Richtig[2]	1. Angemessen[2]	1. Verständlich[2]	*[2]	Lebensdauer/Verfügbarkeit vorhanden[2]	*[2]	*[2]	*[2]	*[2]	*[2]	Contra A[2]	Pro B[2]	Pro C[2]	_	_	Hauptteil[5]	2. Data[13]	
6-24	587-590	die	1. Richtig[2]	1. Angemessen[2]	1. Verständlich[2]	*[2]	Lebensdauer/Verfügbarkeit vorhanden[2]	*[2]	*[2]	*[2]	*[2]	*[2]	Contra A[2]	Pro B[2]	Pro C[2]	_	_	Hauptteil[5]	2. Data[13]	
6-25	591-602	Möglichkeit	1. Richtig[2]	1. Angemessen[2]	1. Verständlich[2]	*[2]	Lebensdauer/Verfügbarkeit vorhanden[2]	*[2]	*[2]	*[2]	*[2]	*[2]	Contra A[2]	Pro B[2]	Pro C[2]	_	_	Hauptteil[5]	2. Data[13]	
6-26	603-606	der	1. Richtig[2]	1. Angemessen[2]	1. Verständlich[2]	*[2]	Lebensdauer/Verfügbarkeit vorhanden[2]	*[2]	*[2]	*[2]	*[2]	*[2]	Contra A[2]	Pro B[2]	Pro C[2]	_	_	Hauptteil[5]	2. Data[13]	
6-27	607-623	Massenproduktion	1. Richtig[2]	1. Angemessen[2]	1. Verständlich[2]	*[2]	Lebensdauer/Verfügbarkeit vorhanden[2]	*[2]	*[2]	*[2]	*[2]	*[2]	Contra A[2]	Pro B[2]	Pro C[2]	_	_	Hauptteil[5]	2. Data[13]	
6-28	623-624	.	1. Richtig[2]	1. Angemessen[2]	1. Verständlich[2]	*[2]	Lebensdauer/Verfügbarkeit vorhanden[2]	*[2]	*[2]	*[2]	*[2]	*[2]	Contra A[2]	Pro B[2]	Pro C[2]	_	_	Hauptteil[5]	2. Data[13]	

7-1	625-641	Wasserstoffautos	1. Richtig[2]	1. Angemessen[2]	1. Verständlich[2]	*[2]	Lebensdauer/Verfügbarkeit vorhanden[2]	*[2]	*[2]	*[2]	*[2]	*[2]	Contra A[2]	Pro B[2]	Pro C[2]	_	_	Hauptteil[5]	2. Data[14]	
7-2	642-650	hingegen	1. Richtig[2]	1. Angemessen[2]	1. Verständlich[2]	*[2]	Lebensdauer/Verfügbarkeit vorhanden[2]	*[2]	*[2]	*[2]	*[2]	*[2]	Contra A[2]	Pro B[2]	Pro C[2]	_	_	Hauptteil[5]	2. Data[14]	
7-3	651-657	müssen	1. Richtig[2]	1. Angemessen[2]	1. Verständlich[2]	*[2]	Lebensdauer/Verfügbarkeit vorhanden[2]	*[2]	*[2]	*[2]	*[2]	*[2]	Contra A[2]	Pro B[2]	Pro C[2]	_	_	Hauptteil[5]	2. Data[14]	
7-4	658-660	in	1. Richtig[2]	1. Angemessen[2]	1. Verständlich[2]	*[2]	Lebensdauer/Verfügbarkeit vorhanden[2]	*[2]	*[2]	*[2]	*[2]	*[2]	Contra A[2]	Pro B[2]	Pro C[2]	_	_	Hauptteil[5]	2. Data[14]	
7-5	661-672	Kleinserien	1. Richtig[2]	1. Angemessen[2]	1. Verständlich[2]	*[2]	Lebensdauer/Verfügbarkeit vorhanden[2]	*[2]	*[2]	*[2]	*[2]	*[2]	Contra A[2]	Pro B[2]	Pro C[2]	_	_	Hauptteil[5]	2. Data[14]	
7-6	673-684	angefertigt	1. Richtig[2]	1. Angemessen[2]	1. Verständlich[2]	*[2]	Lebensdauer/Verfügbarkeit vorhanden[2]	*[2]	*[2]	*[2]	*[2]	*[2]	Contra A[2]	Pro B[2]	Pro C[2]	_	_	Hauptteil[5]	2. Data[14]	
7-7	685-691	werden	1. Richtig[2]	1. Angemessen[2]	1. Verständlich[2]	*[2]	Lebensdauer/Verfügbarkeit vorhanden[2]	*[2]	*[2]	*[2]	*[2]	*[2]	Contra A[2]	Pro B[2]	Pro C[2]	_	_	Hauptteil[5]	2. Data[14]	
7-8	691-692	.	1. Richtig[2]	1. Angemessen[2]	1. Verständlich[2]	*[2]	Lebensdauer/Verfügbarkeit vorhanden[2]	*[2]	*[2]	*[2]	*[2]	*[2]	Contra A[2]	Pro B[2]	Pro C[2]	_	_	Hauptteil[5]	2. Data[14]	

8-1	693-696	Bei	1. Richtig[3]	1. Angemessen[3]	1. Verständlich[3]	*[3]	*[3]	*[3]	*[3]	*[3]	Treibhausgasemissionen vorhanden[3]	*[3]	Contra A[3]	Pro B[3]	Contra C[3]	_	_	Hauptteil[5]	2. Data[15]	
8-2	697-700	der	1. Richtig[3]	1. Angemessen[3]	1. Verständlich[3]	*[3]	*[3]	*[3]	*[3]	*[3]	Treibhausgasemissionen vorhanden[3]	*[3]	Contra A[3]	Pro B[3]	Contra C[3]	_	_	Hauptteil[5]	2. Data[15]	
8-3	701-711	Produktion	1. Richtig[3]	1. Angemessen[3]	1. Verständlich[3]	*[3]	*[3]	*[3]	*[3]	*[3]	Treibhausgasemissionen vorhanden[3]	*[3]	Contra A[3]	Pro B[3]	Contra C[3]	_	_	Hauptteil[5]	2. Data[15]	
8-4	712-715	der	1. Richtig[3]	1. Angemessen[3]	1. Verständlich[3]	*[3]	*[3]	*[3]	*[3]	*[3]	Treibhausgasemissionen vorhanden[3]	*[3]	Contra A[3]	Pro B[3]	Contra C[3]	_	_	Hauptteil[5]	2. Data[15]	
8-5	716-721	Autos	1. Richtig[3]	1. Angemessen[3]	1. Verständlich[3]	*[3]	*[3]	*[3]	*[3]	*[3]	Treibhausgasemissionen vorhanden[3]	*[3]	Contra A[3]	Pro B[3]	Contra C[3]	_	_	Hauptteil[5]	2. Data[15]	
8-6	722-728	setzen	1. Richtig[3]	1. Angemessen[3]	1. Verständlich[3]	*[3]	*[3]	*[3]	*[3]	*[3]	Treibhausgasemissionen vorhanden[3]	*[3]	Contra A[3]	Pro B[3]	Contra C[3]	_	_	Hauptteil[5]	2. Data[15]	
8-7	729-732	die	1. Richtig[3]	1. Angemessen[3]	1. Verständlich[3]	*[3]	*[3]	*[3]	*[3]	*[3]	Treibhausgasemissionen vorhanden[3]	*[3]	Contra A[3]	Pro B[3]	Contra C[3]	_	_	Hauptteil[5]	2. Data[15]	
8-8	733-749	Wasserstoffautos	1. Richtig[3]	1. Angemessen[3]	1. Verständlich[3]	*[3]	*[3]	*[3]	*[3]	*[3]	Treibhausgasemissionen vorhanden[3]	*[3]	Contra A[3]	Pro B[3]	Contra C[3]	_	_	Hauptteil[5]	2. Data[15]	
8-9	750-753	mit	1. Richtig[3]	1. Angemessen[3]	1. Verständlich[3]	*[3]	*[3]	*[3]	*[3]	*[3]	Treibhausgasemissionen vorhanden[3]	*[3]	Contra A[3]	Pro B[3]	Contra C[3]	_	_	Hauptteil[5]	2. Data[15]	
8-10	754-758	13,6	1. Richtig[3]	1. Angemessen[3]	1. Verständlich[3]	*[3]	*[3]	*[3]	*[3]	*[3]	Treibhausgasemissionen vorhanden[3]	*[3]	Contra A[3]	Pro B[3]	Contra C[3]	_	_	Hauptteil[5]	2. Data[15]	
8-11	759-760	t	1. Richtig[3]	1. Angemessen[3]	1. Verständlich[3]	*[3]	*[3]	*[3]	*[3]	*[3]	Treibhausgasemissionen vorhanden[3]	*[3]	Contra A[3]	Pro B[3]	Contra C[3]	_	_	Hauptteil[5]	2. Data[15]	
8-12	761-764	CO2	1. Richtig[3]	1. Angemessen[3]	1. Verständlich[3]	*[3]	*[3]	*[3]	*[3]	*[3]	Treibhausgasemissionen vorhanden[3]	*[3]	Contra A[3]	Pro B[3]	Contra C[3]	_	_	Hauptteil[5]	2. Data[15]	
8-13	764-765	-	1. Richtig[3]	1. Angemessen[3]	1. Verständlich[3]	*[3]	*[3]	*[3]	*[3]	*[3]	Treibhausgasemissionen vorhanden[3]	*[3]	Contra A[3]	Pro B[3]	Contra C[3]	_	_	Hauptteil[5]	2. Data[15]	
8-14	765-775	Äquivlaent	1. Richtig[3]	1. Angemessen[3]	1. Verständlich[3]	*[3]	*[3]	*[3]	*[3]	*[3]	Treibhausgasemissionen vorhanden[3]	*[3]	Contra A[3]	Pro B[3]	Contra C[3]	_	_	Hauptteil[5]	2. Data[15]	
8-15	776-778	am	1. Richtig[3]	1. Angemessen[3]	1. Verständlich[3]	*[3]	*[3]	*[3]	*[3]	*[3]	Treibhausgasemissionen vorhanden[3]	*[3]	Contra A[3]	Pro B[3]	Contra C[3]	_	_	Hauptteil[5]	2. Data[15]	
8-16	779-786	meisten	1. Richtig[3]	1. Angemessen[3]	1. Verständlich[3]	*[3]	*[3]	*[3]	*[3]	*[3]	Treibhausgasemissionen vorhanden[3]	*[3]	Contra A[3]	Pro B[3]	Contra C[3]	_	_	Hauptteil[5]	2. Data[15]	
8-17	787-797	Emmisionen	1. Richtig[3]	1. Angemessen[3]	1. Verständlich[3]	*[3]	*[3]	*[3]	*[3]	*[3]	Treibhausgasemissionen vorhanden[3]	*[3]	Contra A[3]	Pro B[3]	Contra C[3]	_	_	Hauptteil[5]	2. Data[15]	
8-18	798-802	frei	1. Richtig[3]	1. Angemessen[3]	1. Verständlich[3]	*[3]	*[3]	*[3]	*[3]	*[3]	Treibhausgasemissionen vorhanden[3]	*[3]	Contra A[3]	Pro B[3]	Contra C[3]	_	_	Hauptteil[5]	2. Data[15]	
8-19	802-803	.	1. Richtig[3]	1. Angemessen[3]	1. Verständlich[3]	*[3]	*[3]	*[3]	*[3]	*[3]	Treibhausgasemissionen vorhanden[3]	*[3]	Contra A[3]	Pro B[3]	Contra C[3]	_	_	Hauptteil[5]	2. Data[15]	

9-1	804-807	Auf	1. Richtig[3]	1. Angemessen[3]	1. Verständlich[3]	*[3]	*[3]	*[3]	*[3]	*[3]	Treibhausgasemissionen vorhanden[3]	*[3]	Contra A[3]	Pro B[3]	Contra C[3]	_	_	Hauptteil[5]	1. Claim[16]	
9-2	808-813	Platz	1. Richtig[3]	1. Angemessen[3]	1. Verständlich[3]	*[3]	*[3]	*[3]	*[3]	*[3]	Treibhausgasemissionen vorhanden[3]	*[3]	Contra A[3]	Pro B[3]	Contra C[3]	_	_	Hauptteil[5]	1. Claim[16]	
9-3	814-818	zwei	1. Richtig[3]	1. Angemessen[3]	1. Verständlich[3]	*[3]	*[3]	*[3]	*[3]	*[3]	Treibhausgasemissionen vorhanden[3]	*[3]	Contra A[3]	Pro B[3]	Contra C[3]	_	_	Hauptteil[5]	1. Claim[16]	
9-4	819-823	sind	1. Richtig[3]	1. Angemessen[3]	1. Verständlich[3]	*[3]	*[3]	*[3]	*[3]	*[3]	Treibhausgasemissionen vorhanden[3]	*[3]	Contra A[3]	Pro B[3]	Contra C[3]	_	_	Hauptteil[5]	1. Claim[16]	
9-5	824-827	die	1. Richtig[3]	1. Angemessen[3]	1. Verständlich[3]	*[3]	*[3]	*[3]	*[3]	*[3]	Treibhausgasemissionen vorhanden[3]	*[3]	Contra A[3]	Pro B[3]	Contra C[3]	_	_	Hauptteil[5]	1. Claim[16]	
9-6	828-841	Akkumulatoren	1. Richtig[3]	1. Angemessen[3]	1. Verständlich[3]	*[3]	*[3]	*[3]	*[3]	*[3]	Treibhausgasemissionen vorhanden[3]	*[3]	Contra A[3]	Pro B[3]	Contra C[3]	_	_	Hauptteil[5]	1. Claim[16]	
9-7	841-842	.	1. Richtig[3]	1. Angemessen[3]	1. Verständlich[3]	*[3]	*[3]	*[3]	*[3]	*[3]	Treibhausgasemissionen vorhanden[3]	*[3]	Contra A[3]	Pro B[3]	Contra C[3]	_	_	Hauptteil[5]	1. Claim[16]	

10-1	843-846	Bei	1. Richtig[3]	1. Angemessen[3]	1. Verständlich[3]	*[3]	*[3]	*[3]	*[3]	*[3]	Treibhausgasemissionen vorhanden[3]	*[3]	Contra A[3]	Pro B[3]	Contra C[3]	_	_	Hauptteil[5]	2. Data[17]	
10-2	847-852	ihrer	1. Richtig[3]	1. Angemessen[3]	1. Verständlich[3]	*[3]	*[3]	*[3]	*[3]	*[3]	Treibhausgasemissionen vorhanden[3]	*[3]	Contra A[3]	Pro B[3]	Contra C[3]	_	_	Hauptteil[5]	2. Data[17]	
10-3	853-864	Herstellung	1. Richtig[3]	1. Angemessen[3]	1. Verständlich[3]	*[3]	*[3]	*[3]	*[3]	*[3]	Treibhausgasemissionen vorhanden[3]	*[3]	Contra A[3]	Pro B[3]	Contra C[3]	_	_	Hauptteil[5]	2. Data[17]	
10-4	865-869	wird	1. Richtig[3]	1. Angemessen[3]	1. Verständlich[3]	*[3]	*[3]	*[3]	*[3]	*[3]	Treibhausgasemissionen vorhanden[3]	*[3]	Contra A[3]	Pro B[3]	Contra C[3]	_	_	Hauptteil[5]	2. Data[17]	
10-5	870-879	insgesamt	1. Richtig[3]	1. Angemessen[3]	1. Verständlich[3]	*[3]	*[3]	*[3]	*[3]	*[3]	Treibhausgasemissionen vorhanden[3]	*[3]	Contra A[3]	Pro B[3]	Contra C[3]	_	_	Hauptteil[5]	2. Data[17]	
10-6	880-884	13,1	1. Richtig[3]	1. Angemessen[3]	1. Verständlich[3]	*[3]	*[3]	*[3]	*[3]	*[3]	Treibhausgasemissionen vorhanden[3]	*[3]	Contra A[3]	Pro B[3]	Contra C[3]	_	_	Hauptteil[5]	2. Data[17]	
10-7	885-886	t	1. Richtig[3]	1. Angemessen[3]	1. Verständlich[3]	*[3]	*[3]	*[3]	*[3]	*[3]	Treibhausgasemissionen vorhanden[3]	*[3]	Contra A[3]	Pro B[3]	Contra C[3]	_	_	Hauptteil[5]	2. Data[17]	
10-8	887-890	CO2	1. Richtig[3]	1. Angemessen[3]	1. Verständlich[3]	*[3]	*[3]	*[3]	*[3]	*[3]	Treibhausgasemissionen vorhanden[3]	*[3]	Contra A[3]	Pro B[3]	Contra C[3]	_	_	Hauptteil[5]	2. Data[17]	
10-9	890-891	-	1. Richtig[3]	1. Angemessen[3]	1. Verständlich[3]	*[3]	*[3]	*[3]	*[3]	*[3]	Treibhausgasemissionen vorhanden[3]	*[3]	Contra A[3]	Pro B[3]	Contra C[3]	_	_	Hauptteil[5]	2. Data[17]	
10-10	891-901	Äquivalent	1. Richtig[3]	1. Angemessen[3]	1. Verständlich[3]	*[3]	*[3]	*[3]	*[3]	*[3]	Treibhausgasemissionen vorhanden[3]	*[3]	Contra A[3]	Pro B[3]	Contra C[3]	_	_	Hauptteil[5]	2. Data[17]	
10-11	902-914	freigestetzt	1. Richtig[3]	1. Angemessen[3]	1. Verständlich[3]	*[3]	*[3]	*[3]	*[3]	*[3]	Treibhausgasemissionen vorhanden[3]	*[3]	Contra A[3]	Pro B[3]	Contra C[3]	_	_	Hauptteil[5]	2. Data[17]	
10-12	914-915	.	1. Richtig[3]	1. Angemessen[3]	1. Verständlich[3]	*[3]	*[3]	*[3]	*[3]	*[3]	Treibhausgasemissionen vorhanden[3]	*[3]	Contra A[3]	Pro B[3]	Contra C[3]	_	_	Hauptteil[5]	2. Data[17]	

11-1	916-919	Das	1. Richtig[3]	1. Angemessen[3]	1. Verständlich[3]	*[3]	*[3]	*[3]	*[3]	*[3]	Treibhausgasemissionen vorhanden[3]	*[3]	Contra A[3]	Pro B[3]	Contra C[3]	_	_	Hauptteil[5]	1. Claim[18]	
11-2	920-922	in	1. Richtig[3]	1. Angemessen[3]	1. Verständlich[3]	*[3]	*[3]	*[3]	*[3]	*[3]	Treibhausgasemissionen vorhanden[3]	*[3]	Contra A[3]	Pro B[3]	Contra C[3]	_	_	Hauptteil[5]	1. Claim[18]	
11-3	923-929	dieser	1. Richtig[3]	1. Angemessen[3]	1. Verständlich[3]	*[3]	*[3]	*[3]	*[3]	*[3]	Treibhausgasemissionen vorhanden[3]	*[3]	Contra A[3]	Pro B[3]	Contra C[3]	_	_	Hauptteil[5]	1. Claim[18]	
11-4	930-937	Hinsich	1. Richtig[3]	1. Angemessen[3]	1. Verständlich[3]	*[3]	*[3]	*[3]	*[3]	*[3]	Treibhausgasemissionen vorhanden[3]	*[3]	Contra A[3]	Pro B[3]	Contra C[3]	_	_	Hauptteil[5]	1. Claim[18]	
11-5	938-957	umweltfreundlichste	1. Richtig[3]	1. Angemessen[3]	1. Verständlich[3]	*[3]	*[3]	*[3]	*[3]	*[3]	Treibhausgasemissionen vorhanden[3]	*[3]	Contra A[3]	Pro B[3]	Contra C[3]	_	_	Hauptteil[5]	1. Claim[18]	
11-6	958-962	Auto	1. Richtig[3]	1. Angemessen[3]	1. Verständlich[3]	*[3]	*[3]	*[3]	*[3]	*[3]	Treibhausgasemissionen vorhanden[3]	*[3]	Contra A[3]	Pro B[3]	Contra C[3]	_	_	Hauptteil[5]	1. Claim[18]	
11-7	963-967	sind	1. Richtig[3]	1. Angemessen[3]	1. Verständlich[3]	*[3]	*[3]	*[3]	*[3]	*[3]	Treibhausgasemissionen vorhanden[3]	*[3]	Contra A[3]	Pro B[3]	Contra C[3]	_	_	Hauptteil[5]	1. Claim[18]	
11-8	968-978	diejenigen	1. Richtig[3]	1. Angemessen[3]	1. Verständlich[3]	*[3]	*[3]	*[3]	*[3]	*[3]	Treibhausgasemissionen vorhanden[3]	*[3]	Contra A[3]	Pro B[3]	Contra C[3]	_	_	Hauptteil[5]	1. Claim[18]	
11-9	978-979	,	1. Richtig[3]	1. Angemessen[3]	1. Verständlich[3]	*[3]	*[3]	*[3]	*[3]	*[3]	Treibhausgasemissionen vorhanden[3]	*[3]	Contra A[3]	Pro B[3]	Contra C[3]	_	_	Hauptteil[5]	1. Claim[18]	
11-10	980-983	die	1. Richtig[3]	1. Angemessen[3]	1. Verständlich[3]	*[3]	*[3]	*[3]	*[3]	*[3]	Treibhausgasemissionen vorhanden[3]	*[3]	Contra A[3]	Pro B[3]	Contra C[3]	_	_	Hauptteil[5]	1. Claim[18]	
11-11	984-987	mit	1. Richtig[3]	1. Angemessen[3]	1. Verständlich[3]	*[3]	*[3]	*[3]	*[3]	*[3]	Treibhausgasemissionen vorhanden[3]	*[3]	Contra A[3]	Pro B[3]	Contra C[3]	_	_	Hauptteil[5]	1. Claim[18]	
11-12	988-995	E-Fuels	1. Richtig[3]	1. Angemessen[3]	1. Verständlich[3]	*[3]	*[3]	*[3]	*[3]	*[3]	Treibhausgasemissionen vorhanden[3]	*[3]	Contra A[3]	Pro B[3]	Contra C[3]	_	_	Hauptteil[5]	1. Claim[18]	
11-13	996-1005	betrieben	1. Richtig[3]	1. Angemessen[3]	1. Verständlich[3]	*[3]	*[3]	*[3]	*[3]	*[3]	Treibhausgasemissionen vorhanden[3]	*[3]	Contra A[3]	Pro B[3]	Contra C[3]	_	_	Hauptteil[5]	1. Claim[18]	
11-14	1006-1012	werden	1. Richtig[3]	1. Angemessen[3]	1. Verständlich[3]	*[3]	*[3]	*[3]	*[3]	*[3]	Treibhausgasemissionen vorhanden[3]	*[3]	Contra A[3]	Pro B[3]	Contra C[3]	_	_	Hauptteil[5]	1. Claim[18]	
11-15	1012-1013	.	1. Richtig[3]	1. Angemessen[3]	1. Verständlich[3]	*[3]	*[3]	*[3]	*[3]	*[3]	Treibhausgasemissionen vorhanden[3]	*[3]	Contra A[3]	Pro B[3]	Contra C[3]	_	_	Hauptteil[5]	1. Claim[18]	

12-1	1014-1017	Bei	1. Richtig[3]	1. Angemessen[3]	1. Verständlich[3]	*[3]	*[3]	*[3]	*[3]	*[3]	Treibhausgasemissionen vorhanden[3]	*[3]	Contra A[3]	Pro B[3]	Contra C[3]	_	_	Hauptteil[5]	2. Data[19]	
12-2	1018-1021	der	1. Richtig[3]	1. Angemessen[3]	1. Verständlich[3]	*[3]	*[3]	*[3]	*[3]	*[3]	Treibhausgasemissionen vorhanden[3]	*[3]	Contra A[3]	Pro B[3]	Contra C[3]	_	_	Hauptteil[5]	2. Data[19]	
12-3	1022-1032	Produktion	1. Richtig[3]	1. Angemessen[3]	1. Verständlich[3]	*[3]	*[3]	*[3]	*[3]	*[3]	Treibhausgasemissionen vorhanden[3]	*[3]	Contra A[3]	Pro B[3]	Contra C[3]	_	_	Hauptteil[5]	2. Data[19]	
12-4	1033-1039	werden	1. Richtig[3]	1. Angemessen[3]	1. Verständlich[3]	*[3]	*[3]	*[3]	*[3]	*[3]	Treibhausgasemissionen vorhanden[3]	*[3]	Contra A[3]	Pro B[3]	Contra C[3]	_	_	Hauptteil[5]	2. Data[19]	
12-5	1040-1049	lediglich	1. Richtig[3]	1. Angemessen[3]	1. Verständlich[3]	*[3]	*[3]	*[3]	*[3]	*[3]	Treibhausgasemissionen vorhanden[3]	*[3]	Contra A[3]	Pro B[3]	Contra C[3]	_	_	Hauptteil[5]	2. Data[19]	
12-6	1050-1053	7,8	1. Richtig[3]	1. Angemessen[3]	1. Verständlich[3]	*[3]	*[3]	*[3]	*[3]	*[3]	Treibhausgasemissionen vorhanden[3]	*[3]	Contra A[3]	Pro B[3]	Contra C[3]	_	_	Hauptteil[5]	2. Data[19]	
12-7	1054-1055	t	1. Richtig[3]	1. Angemessen[3]	1. Verständlich[3]	*[3]	*[3]	*[3]	*[3]	*[3]	Treibhausgasemissionen vorhanden[3]	*[3]	Contra A[3]	Pro B[3]	Contra C[3]	_	_	Hauptteil[5]	2. Data[19]	
12-8	1056-1059	CO2	1. Richtig[3]	1. Angemessen[3]	1. Verständlich[3]	*[3]	*[3]	*[3]	*[3]	*[3]	Treibhausgasemissionen vorhanden[3]	*[3]	Contra A[3]	Pro B[3]	Contra C[3]	_	_	Hauptteil[5]	2. Data[19]	
12-9	1059-1060	-	1. Richtig[3]	1. Angemessen[3]	1. Verständlich[3]	*[3]	*[3]	*[3]	*[3]	*[3]	Treibhausgasemissionen vorhanden[3]	*[3]	Contra A[3]	Pro B[3]	Contra C[3]	_	_	Hauptteil[5]	2. Data[19]	
12-10	1060-1070	Äquivalent	1. Richtig[3]	1. Angemessen[3]	1. Verständlich[3]	*[3]	*[3]	*[3]	*[3]	*[3]	Treibhausgasemissionen vorhanden[3]	*[3]	Contra A[3]	Pro B[3]	Contra C[3]	_	_	Hauptteil[5]	2. Data[19]	
12-11	1071-1082	freigesetzt	1. Richtig[3]	1. Angemessen[3]	1. Verständlich[3]	*[3]	*[3]	*[3]	*[3]	*[3]	Treibhausgasemissionen vorhanden[3]	*[3]	Contra A[3]	Pro B[3]	Contra C[3]	_	_	Hauptteil[5]	2. Data[19]	
12-12	1082-1083	.	1. Richtig[3]	1. Angemessen[3]	1. Verständlich[3]	*[3]	*[3]	*[3]	*[3]	*[3]	Treibhausgasemissionen vorhanden[3]	*[3]	Contra A[3]	Pro B[3]	Contra C[3]	_	_	Hauptteil[5]	2. Data[19]	

13-1	1084-1090	Daraus	_	_	_	_	_	_	_	_	_	_	_	_	_	2. Cut-off[4]	Gesamtthese[4]	Schluss[6]	_	
13-2	1091-1096	lässt	_	_	_	_	_	_	_	_	_	_	_	_	_	2. Cut-off[4]	Gesamtthese[4]	Schluss[6]	_	
13-3	1097-1101	sich	_	_	_	_	_	_	_	_	_	_	_	_	_	2. Cut-off[4]	Gesamtthese[4]	Schluss[6]	_	
13-4	1102-1111	schließen	_	_	_	_	_	_	_	_	_	_	_	_	_	2. Cut-off[4]	Gesamtthese[4]	Schluss[6]	_	
13-5	1111-1112	,	_	_	_	_	_	_	_	_	_	_	_	_	_	2. Cut-off[4]	Gesamtthese[4]	Schluss[6]	_	
13-6	1113-1116	das	_	_	_	_	_	_	_	_	_	_	_	_	_	2. Cut-off[4]	Gesamtthese[4]	Schluss[6]	_	
13-7	1117-1122	Autos	_	_	_	_	_	_	_	_	_	_	_	_	_	2. Cut-off[4]	Gesamtthese[4]	Schluss[6]	_	
13-8	1123-1126	die	_	_	_	_	_	_	_	_	_	_	_	_	_	2. Cut-off[4]	Gesamtthese[4]	Schluss[6]	_	
13-9	1127-1130	mit	_	_	_	_	_	_	_	_	_	_	_	_	_	2. Cut-off[4]	Gesamtthese[4]	Schluss[6]	_	
13-10	1131-1138	E-Fuels	_	_	_	_	_	_	_	_	_	_	_	_	_	2. Cut-off[4]	Gesamtthese[4]	Schluss[6]	_	
13-11	1139-1148	betrieben	_	_	_	_	_	_	_	_	_	_	_	_	_	2. Cut-off[4]	Gesamtthese[4]	Schluss[6]	_	
13-12	1149-1155	werden	_	_	_	_	_	_	_	_	_	_	_	_	_	2. Cut-off[4]	Gesamtthese[4]	Schluss[6]	_	
13-13	1156-1158	am	_	_	_	_	_	_	_	_	_	_	_	_	_	2. Cut-off[4]	Gesamtthese[4]	Schluss[6]	_	
13-14	1159-1171	effektifsten	_	_	_	_	_	_	_	_	_	_	_	_	_	2. Cut-off[4]	Gesamtthese[4]	Schluss[6]	_	
13-15	1172-1176	sind	_	_	_	_	_	_	_	_	_	_	_	_	_	2. Cut-off[4]	Gesamtthese[4]	Schluss[6]	_	
13-16	1176-1177	.	_	_	_	_	_	_	_	_	_	_	_	_	_	2. Cut-off[4]	Gesamtthese[4]	Schluss[6]	_	

14-1	1178-1181	Sie	_	_	_	_	_	_	_	_	_	_	_	_	_	_	_	Schluss[6]	_	
14-2	1182-1187	haben	_	_	_	_	_	_	_	_	_	_	_	_	_	_	_	Schluss[6]	_	
14-3	1188-1192	eine	_	_	_	_	_	_	_	_	_	_	_	_	_	_	_	Schluss[6]	_	
14-4	1193-1197	sehr	_	_	_	_	_	_	_	_	_	_	_	_	_	_	_	Schluss[6]	_	
14-5	1198-1203	kurze	_	_	_	_	_	_	_	_	_	_	_	_	_	_	_	Schluss[6]	_	
14-6	1204-1213	Tankdauer	_	_	_	_	_	_	_	_	_	_	_	_	_	_	_	Schluss[6]	_	
14-7	1214-1217	von	_	_	_	_	_	_	_	_	_	_	_	_	_	_	_	Schluss[6]	_	
14-8	1218-1219	3	_	_	_	_	_	_	_	_	_	_	_	_	_	_	_	Schluss[6]	_	
14-9	1220-1227	Minuten	_	_	_	_	_	_	_	_	_	_	_	_	_	_	_	Schluss[6]	_	
14-10	1228-1231	und	_	_	_	_	_	_	_	_	_	_	_	_	_	_	_	Schluss[6]	_	
14-11	1232-1238	kommen	_	_	_	_	_	_	_	_	_	_	_	_	_	_	_	Schluss[6]	_	
14-12	1239-1255	verhältnismässig	_	_	_	_	_	_	_	_	_	_	_	_	_	_	_	Schluss[6]	_	
14-13	1256-1260	weit	_	_	_	_	_	_	_	_	_	_	_	_	_	_	_	Schluss[6]	_	
14-14	1261-1264	mit	_	_	_	_	_	_	_	_	_	_	_	_	_	_	_	Schluss[6]	_	
14-15	1265-1268	bis	_	_	_	_	_	_	_	_	_	_	_	_	_	_	_	Schluss[6]	_	
14-16	1269-1271	zu	_	_	_	_	_	_	_	_	_	_	_	_	_	_	_	Schluss[6]	_	
14-17	1272-1275	700	_	_	_	_	_	_	_	_	_	_	_	_	_	_	_	Schluss[6]	_	
14-18	1276-1278	km	_	_	_	_	_	_	_	_	_	_	_	_	_	_	_	Schluss[6]	_	
14-19	1278-1279	.	_	_	_	_	_	_	_	_	_	_	_	_	_	_	_	Schluss[6]	_	

15-1	1280-1282	Im	_	_	_	_	_	_	_	_	_	_	_	_	_	_	_	Schluss[6]	_	
15-2	1283-1292	Gegensatz	_	_	_	_	_	_	_	_	_	_	_	_	_	_	_	Schluss[6]	_	
15-3	1293-1296	zum	_	_	_	_	_	_	_	_	_	_	_	_	_	_	_	Schluss[6]	_	
15-4	1297-1312	Wasserstoffauto	_	_	_	_	_	_	_	_	_	_	_	_	_	_	_	Schluss[6]	_	
15-5	1313-1320	besteht	_	_	_	_	_	_	_	_	_	_	_	_	_	_	_	Schluss[6]	_	
15-6	1321-1324	bei	_	_	_	_	_	_	_	_	_	_	_	_	_	_	_	Schluss[6]	_	
15-7	1325-1337	E-Fuelsautos	_	_	_	_	_	_	_	_	_	_	_	_	_	_	_	Schluss[6]	_	
15-8	1338-1341	die	_	_	_	_	_	_	_	_	_	_	_	_	_	_	_	Schluss[6]	_	
15-9	1342-1353	Möglichkeit	_	_	_	_	_	_	_	_	_	_	_	_	_	_	_	Schluss[6]	_	
15-10	1354-1357	der	_	_	_	_	_	_	_	_	_	_	_	_	_	_	_	Schluss[6]	_	
15-11	1358-1374	Massenproduktion	_	_	_	_	_	_	_	_	_	_	_	_	_	_	_	Schluss[6]	_	
15-12	1374-1375	.	_	_	_	_	_	_	_	_	_	_	_	_	_	_	_	Schluss[6]	_	

16-1	1376-1378	Im	_	_	_	_	_	_	_	_	_	_	_	_	_	_	_	Schluss[6]	_	
16-2	1379-1388	Vergleich	_	_	_	_	_	_	_	_	_	_	_	_	_	_	_	Schluss[6]	_	
16-3	1389-1392	mit	_	_	_	_	_	_	_	_	_	_	_	_	_	_	_	Schluss[6]	_	
16-4	1393-1396	den	_	_	_	_	_	_	_	_	_	_	_	_	_	_	_	Schluss[6]	_	
16-5	1397-1403	beiden	_	_	_	_	_	_	_	_	_	_	_	_	_	_	_	Schluss[6]	_	
16-6	1404-1411	anderen	_	_	_	_	_	_	_	_	_	_	_	_	_	_	_	Schluss[6]	_	
16-7	1412-1421	Varianten	_	_	_	_	_	_	_	_	_	_	_	_	_	_	_	Schluss[6]	_	
16-8	1422-1426	wird	_	_	_	_	_	_	_	_	_	_	_	_	_	_	_	Schluss[6]	_	
16-9	1427-1430	bei	_	_	_	_	_	_	_	_	_	_	_	_	_	_	_	Schluss[6]	_	
16-10	1431-1434	der	_	_	_	_	_	_	_	_	_	_	_	_	_	_	_	Schluss[6]	_	
16-11	1435-1446	Herstellung	_	_	_	_	_	_	_	_	_	_	_	_	_	_	_	Schluss[6]	_	
16-12	1447-1450	von	_	_	_	_	_	_	_	_	_	_	_	_	_	_	_	Schluss[6]	_	
16-13	1451-1454	mit	_	_	_	_	_	_	_	_	_	_	_	_	_	_	_	Schluss[6]	_	
16-14	1455-1462	E-Fuels	_	_	_	_	_	_	_	_	_	_	_	_	_	_	_	Schluss[6]	_	
16-15	1463-1474	betriebenen	_	_	_	_	_	_	_	_	_	_	_	_	_	_	_	Schluss[6]	_	
16-16	1475-1480	Autos	_	_	_	_	_	_	_	_	_	_	_	_	_	_	_	Schluss[6]	_	
16-17	1481-1484	mit	_	_	_	_	_	_	_	_	_	_	_	_	_	_	_	Schluss[6]	_	
16-18	1485-1492	Abstand	_	_	_	_	_	_	_	_	_	_	_	_	_	_	_	Schluss[6]	_	
16-19	1493-1495	am	_	_	_	_	_	_	_	_	_	_	_	_	_	_	_	Schluss[6]	_	
16-20	1496-1505	wenigsten	_	_	_	_	_	_	_	_	_	_	_	_	_	_	_	Schluss[6]	_	
16-21	1506-1514	Emmision	_	_	_	_	_	_	_	_	_	_	_	_	_	_	_	Schluss[6]	_	
16-22	1515-1526	friegesetzt	_	_	_	_	_	_	_	_	_	_	_	_	_	_	_	Schluss[6]	_	
16-23	1526-1527	.	_	_	_	_	_	_	_	_	_	_	_	_	_	_	_	Schluss[6]	_	

17-1	1528-1531	Der	_	_	_	_	_	_	_	_	_	_	_	_	_	_	_	Schluss[6]	_	
17-2	1532-1536	Wert	_	_	_	_	_	_	_	_	_	_	_	_	_	_	_	Schluss[6]	_	
17-3	1537-1542	liegt	_	_	_	_	_	_	_	_	_	_	_	_	_	_	_	Schluss[6]	_	
17-4	1543-1546	nur	_	_	_	_	_	_	_	_	_	_	_	_	_	_	_	Schluss[6]	_	
17-5	1547-1550	bei	_	_	_	_	_	_	_	_	_	_	_	_	_	_	_	Schluss[6]	_	
17-6	1551-1554	7,8	_	_	_	_	_	_	_	_	_	_	_	_	_	_	_	Schluss[6]	_	
17-7	1555-1556	t	_	_	_	_	_	_	_	_	_	_	_	_	_	_	_	Schluss[6]	_	
17-8	1557-1560	CO2	_	_	_	_	_	_	_	_	_	_	_	_	_	_	_	Schluss[6]	_	
17-9	1560-1561	-	_	_	_	_	_	_	_	_	_	_	_	_	_	_	_	Schluss[6]	_	
17-10	1561-1571	Äquivalent	_	_	_	_	_	_	_	_	_	_	_	_	_	_	_	Schluss[6]	_	
17-11	1572-1579	während	_	_	_	_	_	_	_	_	_	_	_	_	_	_	_	Schluss[6]	_	
17-12	1580-1585	Autos	_	_	_	_	_	_	_	_	_	_	_	_	_	_	_	Schluss[6]	_	
17-13	1586-1589	mit	_	_	_	_	_	_	_	_	_	_	_	_	_	_	_	Schluss[6]	_	
17-14	1590-1603	Akkulumatoren	_	_	_	_	_	_	_	_	_	_	_	_	_	_	_	Schluss[6]	_	
17-15	1604-1607	zum	_	_	_	_	_	_	_	_	_	_	_	_	_	_	_	Schluss[6]	_	
17-16	1608-1616	Beispiel	_	_	_	_	_	_	_	_	_	_	_	_	_	_	_	Schluss[6]	_	
17-17	1617-1621	13,1	_	_	_	_	_	_	_	_	_	_	_	_	_	_	_	Schluss[6]	_	
17-18	1622-1623	t	_	_	_	_	_	_	_	_	_	_	_	_	_	_	_	Schluss[6]	_	
17-19	1624-1627	CO2	_	_	_	_	_	_	_	_	_	_	_	_	_	_	_	Schluss[6]	_	
17-20	1627-1628	-	_	_	_	_	_	_	_	_	_	_	_	_	_	_	_	Schluss[6]	_	
17-21	1628-1638	Äquivalent	_	_	_	_	_	_	_	_	_	_	_	_	_	_	_	Schluss[6]	_	
17-22	1639-1642	bei	_	_	_	_	_	_	_	_	_	_	_	_	_	_	_	Schluss[6]	_	
17-23	1643-1646	der	_	_	_	_	_	_	_	_	_	_	_	_	_	_	_	Schluss[6]	_	
17-24	1647-1658	Hertsellung	_	_	_	_	_	_	_	_	_	_	_	_	_	_	_	Schluss[6]	_	
17-25	1659-1670	freisetzten	_	_	_	_	_	_	_	_	_	_	_	_	_	_	_	Schluss[6]	_	
17-26	1670-1671	.	_	_	_	_	_	_	_	_	_	_	_	_	_	_	_	Schluss[6]	_	

18-1	1672-1675	Bei	_	_	_	_	_	_	_	_	_	_	_	_	_	_	_	Schluss[6]	_	
18-2	1676-1681	Autos	_	_	_	_	_	_	_	_	_	_	_	_	_	_	_	Schluss[6]	_	
18-3	1682-1685	die	_	_	_	_	_	_	_	_	_	_	_	_	_	_	_	Schluss[6]	_	
18-4	1686-1689	mit	_	_	_	_	_	_	_	_	_	_	_	_	_	_	_	Schluss[6]	_	
18-5	1690-1697	E-Fuels	_	_	_	_	_	_	_	_	_	_	_	_	_	_	_	Schluss[6]	_	
18-6	1698-1707	betrieben	_	_	_	_	_	_	_	_	_	_	_	_	_	_	_	Schluss[6]	_	
18-7	1708-1714	werden	_	_	_	_	_	_	_	_	_	_	_	_	_	_	_	Schluss[6]	_	
18-8	1715-1721	hätten	_	_	_	_	_	_	_	_	_	_	_	_	_	_	_	Schluss[6]	_	
18-9	1722-1725	wir	_	_	_	_	_	_	_	_	_	_	_	_	_	_	_	Schluss[6]	_	
18-10	1726-1730	eine	_	_	_	_	_	_	_	_	_	_	_	_	_	_	_	Schluss[6]	_	
18-11	1731-1735	hohe	_	_	_	_	_	_	_	_	_	_	_	_	_	_	_	Schluss[6]	_	
18-12	1736-1749	Verfügbarkeit	_	_	_	_	_	_	_	_	_	_	_	_	_	_	_	Schluss[6]	_	
18-13	1749-1750	,	_	_	_	_	_	_	_	_	_	_	_	_	_	_	_	Schluss[6]	_	
18-14	1751-1755	eine	_	_	_	_	_	_	_	_	_	_	_	_	_	_	_	Schluss[6]	_	
18-15	1756-1765	geringere	_	_	_	_	_	_	_	_	_	_	_	_	_	_	_	Schluss[6]	_	
18-16	1766-1781	Umweltbelastung	_	_	_	_	_	_	_	_	_	_	_	_	_	_	_	Schluss[6]	_	
18-17	1782-1785	als	_	_	_	_	_	_	_	_	_	_	_	_	_	_	_	Schluss[6]	_	
18-18	1786-1789	bei	_	_	_	_	_	_	_	_	_	_	_	_	_	_	_	Schluss[6]	_	
18-19	1790-1793	den	_	_	_	_	_	_	_	_	_	_	_	_	_	_	_	Schluss[6]	_	
18-20	1794-1800	beiden	_	_	_	_	_	_	_	_	_	_	_	_	_	_	_	Schluss[6]	_	
18-21	1801-1808	anderen	_	_	_	_	_	_	_	_	_	_	_	_	_	_	_	Schluss[6]	_	
18-22	1809-1818	Varianten	_	_	_	_	_	_	_	_	_	_	_	_	_	_	_	Schluss[6]	_	
18-23	1819-1822	und	_	_	_	_	_	_	_	_	_	_	_	_	_	_	_	Schluss[6]	_	
18-24	1823-1827	eine	_	_	_	_	_	_	_	_	_	_	_	_	_	_	_	Schluss[6]	_	
18-25	1828-1838	akzeptable	_	_	_	_	_	_	_	_	_	_	_	_	_	_	_	Schluss[6]	_	
18-26	1839-1849	Reichweite	_	_	_	_	_	_	_	_	_	_	_	_	_	_	_	Schluss[6]	_	
18-27	1850-1853	mit	_	_	_	_	_	_	_	_	_	_	_	_	_	_	_	Schluss[6]	_	
18-28	1854-1862	geringer	_	_	_	_	_	_	_	_	_	_	_	_	_	_	_	Schluss[6]	_	
18-29	1863-1872	Tankdauer	_	_	_	_	_	_	_	_	_	_	_	_	_	_	_	Schluss[6]	_	
18-30	1872-1873	.	_	_	_	_	_	_	_	_	_	_	_	_	_	_	_	Schluss[6]	_	
