#FORMAT=WebAnno TSV 3.3
#T_SP=webanno.custom.Argument|Accuracy|Adequacy|Clarity|KriteriumJahresertragEnergiedichte|KriteriumLebensdauerVerfgbarkeit|KriteriumLokaleEmissionenGeruschemissionen|KriteriumPreisBetrieb|KriteriumSonstiges|KriteriumTreibhausgasemissionen|KriteriumWirkungsgrad|OptionA|OptionB|OptionC
#T_SP=webanno.custom.DecisionMakingStrategies|Decision|Gesamtthese
#T_SP=webanno.custom.Struktur|Struktur
#T_SP=webanno.custom.StrukturTAP|TAPArgumente


1-1	0-3	Der	1. Richtig[1]	1. Angemessen[1]	1. Verständlich[1]	*[1]	*[1]	*[1]	*[1]	*[1]	*[1]	Wirkungsgrad vorhanden[1]	Pro A[1]	Contra B[1]	Contra C[1]	2. Cut-off[6]	Gesamtthese[6]	Hauptteil[8]	1. Claim[10]	
1-2	4-7	Bau	1. Richtig[1]	1. Angemessen[1]	1. Verständlich[1]	*[1]	*[1]	*[1]	*[1]	*[1]	*[1]	Wirkungsgrad vorhanden[1]	Pro A[1]	Contra B[1]	Contra C[1]	2. Cut-off[6]	Gesamtthese[6]	Hauptteil[8]	1. Claim[10]	
1-3	8-13	einer	1. Richtig[1]	1. Angemessen[1]	1. Verständlich[1]	*[1]	*[1]	*[1]	*[1]	*[1]	*[1]	Wirkungsgrad vorhanden[1]	Pro A[1]	Contra B[1]	Contra C[1]	2. Cut-off[6]	Gesamtthese[6]	Hauptteil[8]	1. Claim[10]	
1-4	14-31	Wasserkraftanlage	1. Richtig[1]	1. Angemessen[1]	1. Verständlich[1]	*[1]	*[1]	*[1]	*[1]	*[1]	*[1]	Wirkungsgrad vorhanden[1]	Pro A[1]	Contra B[1]	Contra C[1]	2. Cut-off[6]	Gesamtthese[6]	Hauptteil[8]	1. Claim[10]	
1-5	32-38	sollte	1. Richtig[1]	1. Angemessen[1]	1. Verständlich[1]	*[1]	*[1]	*[1]	*[1]	*[1]	*[1]	Wirkungsgrad vorhanden[1]	Pro A[1]	Contra B[1]	Contra C[1]	2. Cut-off[6]	Gesamtthese[6]	Hauptteil[8]	1. Claim[10]	
1-6	39-41	am	1. Richtig[1]	1. Angemessen[1]	1. Verständlich[1]	*[1]	*[1]	*[1]	*[1]	*[1]	*[1]	Wirkungsgrad vorhanden[1]	Pro A[1]	Contra B[1]	Contra C[1]	2. Cut-off[6]	Gesamtthese[6]	Hauptteil[8]	1. Claim[10]	
1-7	42-49	ehesten	1. Richtig[1]	1. Angemessen[1]	1. Verständlich[1]	*[1]	*[1]	*[1]	*[1]	*[1]	*[1]	Wirkungsgrad vorhanden[1]	Pro A[1]	Contra B[1]	Contra C[1]	2. Cut-off[6]	Gesamtthese[6]	Hauptteil[8]	1. Claim[10]	
1-8	50-59	gefördert	1. Richtig[1]	1. Angemessen[1]	1. Verständlich[1]	*[1]	*[1]	*[1]	*[1]	*[1]	*[1]	Wirkungsgrad vorhanden[1]	Pro A[1]	Contra B[1]	Contra C[1]	2. Cut-off[6]	Gesamtthese[6]	Hauptteil[8]	1. Claim[10]	
1-9	60-66	werden	1. Richtig[1]	1. Angemessen[1]	1. Verständlich[1]	*[1]	*[1]	*[1]	*[1]	*[1]	*[1]	Wirkungsgrad vorhanden[1]	Pro A[1]	Contra B[1]	Contra C[1]	2. Cut-off[6]	Gesamtthese[6]	Hauptteil[8]	1. Claim[10]	
1-10	66-67	,	1. Richtig[1]	1. Angemessen[1]	1. Verständlich[1]	*[1]	*[1]	*[1]	*[1]	*[1]	*[1]	Wirkungsgrad vorhanden[1]	Pro A[1]	Contra B[1]	Contra C[1]	2. Cut-off[6]	Gesamtthese[6]	Hauptteil[8]	1. Claim[10]	
1-11	68-70	da	1. Richtig[1]	1. Angemessen[1]	1. Verständlich[1]	*[1]	*[1]	*[1]	*[1]	*[1]	*[1]	Wirkungsgrad vorhanden[1]	Pro A[1]	Contra B[1]	Contra C[1]	2. Cut-off[6]	Gesamtthese[6]	Hauptteil[8]	2. Data[11]	
1-12	71-74	der	1. Richtig[1]	1. Angemessen[1]	1. Verständlich[1]	*[1]	*[1]	*[1]	*[1]	*[1]	*[1]	Wirkungsgrad vorhanden[1]	Pro A[1]	Contra B[1]	Contra C[1]	2. Cut-off[6]	Gesamtthese[6]	Hauptteil[8]	2. Data[11]	
1-13	75-87	Wirkungsgrad	1. Richtig[1]	1. Angemessen[1]	1. Verständlich[1]	*[1]	*[1]	*[1]	*[1]	*[1]	*[1]	Wirkungsgrad vorhanden[1]	Pro A[1]	Contra B[1]	Contra C[1]	2. Cut-off[6]	Gesamtthese[6]	Hauptteil[8]	2. Data[11]	
1-14	88-91	der	1. Richtig[1]	1. Angemessen[1]	1. Verständlich[1]	*[1]	*[1]	*[1]	*[1]	*[1]	*[1]	Wirkungsgrad vorhanden[1]	Pro A[1]	Contra B[1]	Contra C[1]	2. Cut-off[6]	Gesamtthese[6]	Hauptteil[8]	2. Data[11]	
1-15	92-109	Wasserkraftanlage	1. Richtig[1]	1. Angemessen[1]	1. Verständlich[1]	*[1]	*[1]	*[1]	*[1]	*[1]	*[1]	Wirkungsgrad vorhanden[1]	Pro A[1]	Contra B[1]	Contra C[1]	2. Cut-off[6]	Gesamtthese[6]	Hauptteil[8]	2. Data[11]	
1-16	110-113	bei	1. Richtig[1]	1. Angemessen[1]	1. Verständlich[1]	*[1]	*[1]	*[1]	*[1]	*[1]	*[1]	Wirkungsgrad vorhanden[1]	Pro A[1]	Contra B[1]	Contra C[1]	2. Cut-off[6]	Gesamtthese[6]	Hauptteil[8]	2. Data[11]	
1-17	114-116	25	1. Richtig[1]	1. Angemessen[1]	1. Verständlich[1]	*[1]	*[1]	*[1]	*[1]	*[1]	*[1]	Wirkungsgrad vorhanden[1]	Pro A[1]	Contra B[1]	Contra C[1]	2. Cut-off[6]	Gesamtthese[6]	Hauptteil[8]	2. Data[11]	
1-18	116-117	-	1. Richtig[1]	1. Angemessen[1]	1. Verständlich[1]	*[1]	*[1]	*[1]	*[1]	*[1]	*[1]	Wirkungsgrad vorhanden[1]	Pro A[1]	Contra B[1]	Contra C[1]	2. Cut-off[6]	Gesamtthese[6]	Hauptteil[8]	2. Data[11]	
1-19	117-120	69%	1. Richtig[1]	1. Angemessen[1]	1. Verständlich[1]	*[1]	*[1]	*[1]	*[1]	*[1]	*[1]	Wirkungsgrad vorhanden[1]	Pro A[1]	Contra B[1]	Contra C[1]	2. Cut-off[6]	Gesamtthese[6]	Hauptteil[8]	2. Data[11]	
1-20	121-125	über	1. Richtig[1]	1. Angemessen[1]	1. Verständlich[1]	*[1]	*[1]	*[1]	*[1]	*[1]	*[1]	Wirkungsgrad vorhanden[1]	Pro A[1]	Contra B[1]	Contra C[1]	2. Cut-off[6]	Gesamtthese[6]	Hauptteil[8]	2. Data[11]	
1-21	126-129	dem	1. Richtig[1]	1. Angemessen[1]	1. Verständlich[1]	*[1]	*[1]	*[1]	*[1]	*[1]	*[1]	Wirkungsgrad vorhanden[1]	Pro A[1]	Contra B[1]	Contra C[1]	2. Cut-off[6]	Gesamtthese[6]	Hauptteil[8]	2. Data[11]	
1-22	130-142	Wirkungsgrad	1. Richtig[1]	1. Angemessen[1]	1. Verständlich[1]	*[1]	*[1]	*[1]	*[1]	*[1]	*[1]	Wirkungsgrad vorhanden[1]	Pro A[1]	Contra B[1]	Contra C[1]	2. Cut-off[6]	Gesamtthese[6]	Hauptteil[8]	2. Data[11]	
1-23	143-146	des	1. Richtig[1]	1. Angemessen[1]	1. Verständlich[1]	*[1]	*[1]	*[1]	*[1]	*[1]	*[1]	Wirkungsgrad vorhanden[1]	Pro A[1]	Contra B[1]	Contra C[1]	2. Cut-off[6]	Gesamtthese[6]	Hauptteil[8]	2. Data[11]	
1-24	147-156	Windparks	1. Richtig[1]	1. Angemessen[1]	1. Verständlich[1]	*[1]	*[1]	*[1]	*[1]	*[1]	*[1]	Wirkungsgrad vorhanden[1]	Pro A[1]	Contra B[1]	Contra C[1]	2. Cut-off[6]	Gesamtthese[6]	Hauptteil[8]	2. Data[11]	
1-25	157-160	und	1. Richtig[1]	1. Angemessen[1]	1. Verständlich[1]	*[1]	*[1]	*[1]	*[1]	*[1]	*[1]	Wirkungsgrad vorhanden[1]	Pro A[1]	Contra B[1]	Contra C[1]	2. Cut-off[6]	Gesamtthese[6]	Hauptteil[8]	2. Data[11]	
1-26	161-164	des	1. Richtig[1]	1. Angemessen[1]	1. Verständlich[1]	*[1]	*[1]	*[1]	*[1]	*[1]	*[1]	Wirkungsgrad vorhanden[1]	Pro A[1]	Contra B[1]	Contra C[1]	2. Cut-off[6]	Gesamtthese[6]	Hauptteil[8]	2. Data[11]	
1-27	165-175	Solarparks	1. Richtig[1]	1. Angemessen[1]	1. Verständlich[1]	*[1]	*[1]	*[1]	*[1]	*[1]	*[1]	Wirkungsgrad vorhanden[1]	Pro A[1]	Contra B[1]	Contra C[1]	2. Cut-off[6]	Gesamtthese[6]	Hauptteil[8]	2. Data[11]	
1-28	176-181	liegt	1. Richtig[1]	1. Angemessen[1]	1. Verständlich[1]	*[1]	*[1]	*[1]	*[1]	*[1]	*[1]	Wirkungsgrad vorhanden[1]	Pro A[1]	Contra B[1]	Contra C[1]	2. Cut-off[6]	Gesamtthese[6]	Hauptteil[8]	2. Data[11]	
1-29	181-182	.	1. Richtig[1]	1. Angemessen[1]	1. Verständlich[1]	*[1]	*[1]	*[1]	*[1]	*[1]	*[1]	Wirkungsgrad vorhanden[1]	Pro A[1]	Contra B[1]	Contra C[1]	2. Cut-off[6]	Gesamtthese[6]	Hauptteil[8]	2. Data[11]	

2-1	184-187	Die	1. Richtig[2]	2. Unangemessen[2]	1. Verständlich[2]	*[2]	*[2]	Emissionen vorhanden[2]	*[2]	*[2]	*[2]	*[2]	Pro A[2]	Contra B[2]	Pro C[2]	_	_	Hauptteil[8]	2. Data[12]	
2-2	188-195	lokalen	1. Richtig[2]	2. Unangemessen[2]	1. Verständlich[2]	*[2]	*[2]	Emissionen vorhanden[2]	*[2]	*[2]	*[2]	*[2]	Pro A[2]	Contra B[2]	Pro C[2]	_	_	Hauptteil[8]	2. Data[12]	
2-3	196-206	Emissionen	1. Richtig[2]	2. Unangemessen[2]	1. Verständlich[2]	*[2]	*[2]	Emissionen vorhanden[2]	*[2]	*[2]	*[2]	*[2]	Pro A[2]	Contra B[2]	Pro C[2]	_	_	Hauptteil[8]	2. Data[12]	
2-4	207-210	der	1. Richtig[2]	2. Unangemessen[2]	1. Verständlich[2]	*[2]	*[2]	Emissionen vorhanden[2]	*[2]	*[2]	*[2]	*[2]	Pro A[2]	Contra B[2]	Pro C[2]	_	_	Hauptteil[8]	2. Data[12]	
2-5	211-228	Wasserkraftanlage	1. Richtig[2]	2. Unangemessen[2]	1. Verständlich[2]	*[2]	*[2]	Emissionen vorhanden[2]	*[2]	*[2]	*[2]	*[2]	Pro A[2]	Contra B[2]	Pro C[2]	_	_	Hauptteil[8]	2. Data[12]	
2-6	229-233	sind	1. Richtig[2]	2. Unangemessen[2]	1. Verständlich[2]	*[2]	*[2]	Emissionen vorhanden[2]	*[2]	*[2]	*[2]	*[2]	Pro A[2]	Contra B[2]	Pro C[2]	_	_	Hauptteil[8]	2. Data[12]	
2-7	234-237	Hör	1. Richtig[2]	2. Unangemessen[2]	1. Verständlich[2]	*[2]	*[2]	Emissionen vorhanden[2]	*[2]	*[2]	*[2]	*[2]	Pro A[2]	Contra B[2]	Pro C[2]	_	_	Hauptteil[8]	2. Data[12]	
2-8	237-238	-	1. Richtig[2]	2. Unangemessen[2]	1. Verständlich[2]	*[2]	*[2]	Emissionen vorhanden[2]	*[2]	*[2]	*[2]	*[2]	Pro A[2]	Contra B[2]	Pro C[2]	_	_	Hauptteil[8]	2. Data[12]	
2-9	239-242	und	1. Richtig[2]	2. Unangemessen[2]	1. Verständlich[2]	*[2]	*[2]	Emissionen vorhanden[2]	*[2]	*[2]	*[2]	*[2]	Pro A[2]	Contra B[2]	Pro C[2]	_	_	Hauptteil[8]	2. Data[12]	
2-10	243-254	infraschall	1. Richtig[2]	2. Unangemessen[2]	1. Verständlich[2]	*[2]	*[2]	Emissionen vorhanden[2]	*[2]	*[2]	*[2]	*[2]	Pro A[2]	Contra B[2]	Pro C[2]	_	_	Hauptteil[8]	2. Data[12]	
2-11	254-255	,	1. Richtig[2]	2. Unangemessen[2]	1. Verständlich[2]	*[2]	*[2]	Emissionen vorhanden[2]	*[2]	*[2]	*[2]	*[2]	Pro A[2]	Contra B[2]	Pro C[2]	_	_	Hauptteil[8]	2. Data[12]	
2-12	256-262	gleich	1. Richtig[2]	2. Unangemessen[2]	1. Verständlich[2]	*[2]	*[2]	Emissionen vorhanden[2]	*[2]	*[2]	*[2]	*[2]	Pro A[2]	Contra B[2]	Pro C[2]	_	_	Hauptteil[8]	2. Data[13]	
2-13	263-266	wie	1. Richtig[2]	2. Unangemessen[2]	1. Verständlich[2]	*[2]	*[2]	Emissionen vorhanden[2]	*[2]	*[2]	*[2]	*[2]	Pro A[2]	Contra B[2]	Pro C[2]	_	_	Hauptteil[8]	2. Data[13]	
2-14	267-270	bei	1. Richtig[2]	2. Unangemessen[2]	1. Verständlich[2]	*[2]	*[2]	Emissionen vorhanden[2]	*[2]	*[2]	*[2]	*[2]	Pro A[2]	Contra B[2]	Pro C[2]	_	_	Hauptteil[8]	2. Data[13]	
2-15	271-274	dem	1. Richtig[2]	2. Unangemessen[2]	1. Verständlich[2]	*[2]	*[2]	Emissionen vorhanden[2]	*[2]	*[2]	*[2]	*[2]	Pro A[2]	Contra B[2]	Pro C[2]	_	_	Hauptteil[8]	2. Data[13]	
2-16	275-283	windpark	1. Richtig[2]	2. Unangemessen[2]	1. Verständlich[2]	*[2]	*[2]	Emissionen vorhanden[2]	*[2]	*[2]	*[2]	*[2]	Pro A[2]	Contra B[2]	Pro C[2]	_	_	Hauptteil[8]	2. Data[13]	
2-17	283-284	,	1. Richtig[2]	2. Unangemessen[2]	1. Verständlich[2]	*[2]	*[2]	Emissionen vorhanden[2]	*[2]	*[2]	*[2]	*[2]	Pro A[2]	Contra B[2]	Pro C[2]	_	_	Hauptteil[8]	2. Data[13]	
2-18	285-288	der	1. Richtig[2]	2. Unangemessen[2]	1. Verständlich[2]	*[2]	*[2]	Emissionen vorhanden[2]	*[2]	*[2]	*[2]	*[2]	Pro A[2]	Contra B[2]	Pro C[2]	_	_	Hauptteil[8]	2. Data[14]	
2-19	289-297	Windpark	1. Richtig[2]	2. Unangemessen[2]	1. Verständlich[2]	*[2]	*[2]	Emissionen vorhanden[2]	*[2]	*[2]	*[2]	*[2]	Pro A[2]	Contra B[2]	Pro C[2]	_	_	Hauptteil[8]	2. Data[14]	
2-20	298-301	hat	1. Richtig[2]	2. Unangemessen[2]	1. Verständlich[2]	*[2]	*[2]	Emissionen vorhanden[2]	*[2]	*[2]	*[2]	*[2]	Pro A[2]	Contra B[2]	Pro C[2]	_	_	Hauptteil[8]	2. Data[14]	
2-21	302-312	allerdings	1. Richtig[2]	2. Unangemessen[2]	1. Verständlich[2]	*[2]	*[2]	Emissionen vorhanden[2]	*[2]	*[2]	*[2]	*[2]	Pro A[2]	Contra B[2]	Pro C[2]	_	_	Hauptteil[8]	2. Data[14]	
2-22	313-317	noch	1. Richtig[2]	2. Unangemessen[2]	1. Verständlich[2]	*[2]	*[2]	Emissionen vorhanden[2]	*[2]	*[2]	*[2]	*[2]	Pro A[2]	Contra B[2]	Pro C[2]	_	_	Hauptteil[8]	2. Data[14]	
2-23	318-330	Schattenwurf	1. Richtig[2]	2. Unangemessen[2]	1. Verständlich[2]	*[2]	*[2]	Emissionen vorhanden[2]	*[2]	*[2]	*[2]	*[2]	Pro A[2]	Contra B[2]	Pro C[2]	_	_	Hauptteil[8]	2. Data[14]	
2-24	331-335	dazu	1. Richtig[2]	2. Unangemessen[2]	1. Verständlich[2]	*[2]	*[2]	Emissionen vorhanden[2]	*[2]	*[2]	*[2]	*[2]	Pro A[2]	Contra B[2]	Pro C[2]	_	_	Hauptteil[8]	2. Data[14]	
2-25	335-336	.	1. Richtig[2]	2. Unangemessen[2]	1. Verständlich[2]	*[2]	*[2]	Emissionen vorhanden[2]	*[2]	*[2]	*[2]	*[2]	Pro A[2]	Contra B[2]	Pro C[2]	_	_	Hauptteil[8]	2. Data[14]	

3-1	338-341	Der	1. Richtig[2]	2. Unangemessen[2]	1. Verständlich[2]	*[2]	*[2]	Emissionen vorhanden[2]	*[2]	*[2]	*[2]	*[2]	Pro A[2]	Contra B[2]	Pro C[2]	_	_	Hauptteil[8]	1. Claim[15]	
3-2	342-351	Solarpark	1. Richtig[2]	2. Unangemessen[2]	1. Verständlich[2]	*[2]	*[2]	Emissionen vorhanden[2]	*[2]	*[2]	*[2]	*[2]	Pro A[2]	Contra B[2]	Pro C[2]	_	_	Hauptteil[8]	1. Claim[15]	
3-3	352-357	liegt	1. Richtig[2]	2. Unangemessen[2]	1. Verständlich[2]	*[2]	*[2]	Emissionen vorhanden[2]	*[2]	*[2]	*[2]	*[2]	Pro A[2]	Contra B[2]	Pro C[2]	_	_	Hauptteil[8]	1. Claim[15]	
3-4	358-361	bei	1. Richtig[2]	2. Unangemessen[2]	1. Verständlich[2]	*[2]	*[2]	Emissionen vorhanden[2]	*[2]	*[2]	*[2]	*[2]	Pro A[2]	Contra B[2]	Pro C[2]	_	_	Hauptteil[8]	1. Claim[15]	
3-5	362-369	lokalen	1. Richtig[2]	2. Unangemessen[2]	1. Verständlich[2]	*[2]	*[2]	Emissionen vorhanden[2]	*[2]	*[2]	*[2]	*[2]	Pro A[2]	Contra B[2]	Pro C[2]	_	_	Hauptteil[8]	1. Claim[15]	
3-6	370-380	Emissionen	1. Richtig[2]	2. Unangemessen[2]	1. Verständlich[2]	*[2]	*[2]	Emissionen vorhanden[2]	*[2]	*[2]	*[2]	*[2]	Pro A[2]	Contra B[2]	Pro C[2]	_	_	Hauptteil[8]	1. Claim[15]	
3-7	381-387	leider	1. Richtig[2]	2. Unangemessen[2]	1. Verständlich[2]	*[2]	*[2]	Emissionen vorhanden[2]	*[2]	*[2]	*[2]	*[2]	Pro A[2]	Contra B[2]	Pro C[2]	_	_	Hauptteil[8]	1. Claim[15]	
3-8	388-394	hinten	1. Richtig[2]	2. Unangemessen[2]	1. Verständlich[2]	*[2]	*[2]	Emissionen vorhanden[2]	*[2]	*[2]	*[2]	*[2]	Pro A[2]	Contra B[2]	Pro C[2]	_	_	Hauptteil[8]	1. Claim[15]	
3-9	395-399	dran	1. Richtig[2]	2. Unangemessen[2]	1. Verständlich[2]	*[2]	*[2]	Emissionen vorhanden[2]	*[2]	*[2]	*[2]	*[2]	Pro A[2]	Contra B[2]	Pro C[2]	_	_	Hauptteil[8]	1. Claim[15]	
3-10	399-400	,	1. Richtig[2]	2. Unangemessen[2]	1. Verständlich[2]	*[2]	*[2]	Emissionen vorhanden[2]	*[2]	*[2]	*[2]	*[2]	Pro A[2]	Contra B[2]	Pro C[2]	_	_	Hauptteil[8]	1. Claim[15]	
3-11	401-403	da	1. Richtig[2]	2. Unangemessen[2]	1. Verständlich[2]	*[2]	*[2]	Emissionen vorhanden[2]	*[2]	*[2]	*[2]	*[2]	Pro A[2]	Contra B[2]	Pro C[2]	_	_	Hauptteil[8]	2. Data[16]	
3-12	404-406	er	1. Richtig[2]	2. Unangemessen[2]	1. Verständlich[2]	*[2]	*[2]	Emissionen vorhanden[2]	*[2]	*[2]	*[2]	*[2]	Pro A[2]	Contra B[2]	Pro C[2]	_	_	Hauptteil[8]	2. Data[16]	
3-13	407-412	keine	1. Richtig[2]	2. Unangemessen[2]	1. Verständlich[2]	*[2]	*[2]	Emissionen vorhanden[2]	*[2]	*[2]	*[2]	*[2]	Pro A[2]	Contra B[2]	Pro C[2]	_	_	Hauptteil[8]	2. Data[16]	
3-14	413-416	hat	1. Richtig[2]	2. Unangemessen[2]	1. Verständlich[2]	*[2]	*[2]	Emissionen vorhanden[2]	*[2]	*[2]	*[2]	*[2]	Pro A[2]	Contra B[2]	Pro C[2]	_	_	Hauptteil[8]	2. Data[16]	
3-15	416-417	.	1. Richtig[2]	2. Unangemessen[2]	1. Verständlich[2]	*[2]	*[2]	Emissionen vorhanden[2]	*[2]	*[2]	*[2]	*[2]	Pro A[2]	Contra B[2]	Pro C[2]	_	_	Hauptteil[8]	2. Data[16]	

4-1	419-422	Die	1. Richtig[3]	1. Angemessen[3]	1. Verständlich[3]	*[3]	Lebensdauer/Verfügbarkeit vorhanden[3]	*[3]	*[3]	*[3]	*[3]	*[3]	Pro A[3]	Contra B[3]	Contra C[3]	_	_	Hauptteil[8]	2. Data[17]	
4-2	423-434	Lebensdauer	1. Richtig[3]	1. Angemessen[3]	1. Verständlich[3]	*[3]	Lebensdauer/Verfügbarkeit vorhanden[3]	*[3]	*[3]	*[3]	*[3]	*[3]	Pro A[3]	Contra B[3]	Contra C[3]	_	_	Hauptteil[8]	2. Data[17]	
4-3	435-438	der	1. Richtig[3]	1. Angemessen[3]	1. Verständlich[3]	*[3]	Lebensdauer/Verfügbarkeit vorhanden[3]	*[3]	*[3]	*[3]	*[3]	*[3]	Pro A[3]	Contra B[3]	Contra C[3]	_	_	Hauptteil[8]	2. Data[17]	
4-4	439-456	Wasserkraftanlage	1. Richtig[3]	1. Angemessen[3]	1. Verständlich[3]	*[3]	Lebensdauer/Verfügbarkeit vorhanden[3]	*[3]	*[3]	*[3]	*[3]	*[3]	Pro A[3]	Contra B[3]	Contra C[3]	_	_	Hauptteil[8]	2. Data[17]	
4-5	457-461	hält	1. Richtig[3]	1. Angemessen[3]	1. Verständlich[3]	*[3]	Lebensdauer/Verfügbarkeit vorhanden[3]	*[3]	*[3]	*[3]	*[3]	*[3]	Pro A[3]	Contra B[3]	Contra C[3]	_	_	Hauptteil[8]	2. Data[17]	
4-6	462-467	ganze	1. Richtig[3]	1. Angemessen[3]	1. Verständlich[3]	*[3]	Lebensdauer/Verfügbarkeit vorhanden[3]	*[3]	*[3]	*[3]	*[3]	*[3]	Pro A[3]	Contra B[3]	Contra C[3]	_	_	Hauptteil[8]	2. Data[17]	
4-7	468-470	80	1. Richtig[3]	1. Angemessen[3]	1. Verständlich[3]	*[3]	Lebensdauer/Verfügbarkeit vorhanden[3]	*[3]	*[3]	*[3]	*[3]	*[3]	Pro A[3]	Contra B[3]	Contra C[3]	_	_	Hauptteil[8]	2. Data[17]	
4-8	471-476	Jahre	1. Richtig[3]	1. Angemessen[3]	1. Verständlich[3]	*[3]	Lebensdauer/Verfügbarkeit vorhanden[3]	*[3]	*[3]	*[3]	*[3]	*[3]	Pro A[3]	Contra B[3]	Contra C[3]	_	_	Hauptteil[8]	2. Data[17]	
4-9	476-477	,	1. Richtig[3]	1. Angemessen[3]	1. Verständlich[3]	*[3]	Lebensdauer/Verfügbarkeit vorhanden[3]	*[3]	*[3]	*[3]	*[3]	*[3]	Pro A[3]	Contra B[3]	Contra C[3]	_	_	Hauptteil[8]	2. Data[17]	
4-10	478-481	das	1. Richtig[3]	1. Angemessen[3]	1. Verständlich[3]	*[3]	Lebensdauer/Verfügbarkeit vorhanden[3]	*[3]	*[3]	*[3]	*[3]	*[3]	Pro A[3]	Contra B[3]	Contra C[3]	_	_	Hauptteil[8]	2. Data[18]	
4-11	482-486	sind	1. Richtig[3]	1. Angemessen[3]	1. Verständlich[3]	*[3]	Lebensdauer/Verfügbarkeit vorhanden[3]	*[3]	*[3]	*[3]	*[3]	*[3]	Pro A[3]	Contra B[3]	Contra C[3]	_	_	Hauptteil[8]	2. Data[18]	
4-12	487-489	50	1. Richtig[3]	1. Angemessen[3]	1. Verständlich[3]	*[3]	Lebensdauer/Verfügbarkeit vorhanden[3]	*[3]	*[3]	*[3]	*[3]	*[3]	Pro A[3]	Contra B[3]	Contra C[3]	_	_	Hauptteil[8]	2. Data[18]	
4-13	490-495	Jahre	1. Richtig[3]	1. Angemessen[3]	1. Verständlich[3]	*[3]	Lebensdauer/Verfügbarkeit vorhanden[3]	*[3]	*[3]	*[3]	*[3]	*[3]	Pro A[3]	Contra B[3]	Contra C[3]	_	_	Hauptteil[8]	2. Data[18]	
4-14	496-502	länger	1. Richtig[3]	1. Angemessen[3]	1. Verständlich[3]	*[3]	Lebensdauer/Verfügbarkeit vorhanden[3]	*[3]	*[3]	*[3]	*[3]	*[3]	Pro A[3]	Contra B[3]	Contra C[3]	_	_	Hauptteil[8]	2. Data[18]	
4-15	503-506	als	1. Richtig[3]	1. Angemessen[3]	1. Verständlich[3]	*[3]	Lebensdauer/Verfügbarkeit vorhanden[3]	*[3]	*[3]	*[3]	*[3]	*[3]	Pro A[3]	Contra B[3]	Contra C[3]	_	_	Hauptteil[8]	2. Data[18]	
4-16	507-510	der	1. Richtig[3]	1. Angemessen[3]	1. Verständlich[3]	*[3]	Lebensdauer/Verfügbarkeit vorhanden[3]	*[3]	*[3]	*[3]	*[3]	*[3]	Pro A[3]	Contra B[3]	Contra C[3]	_	_	Hauptteil[8]	2. Data[18]	
4-17	511-520	Solarpark	1. Richtig[3]	1. Angemessen[3]	1. Verständlich[3]	*[3]	Lebensdauer/Verfügbarkeit vorhanden[3]	*[3]	*[3]	*[3]	*[3]	*[3]	Pro A[3]	Contra B[3]	Contra C[3]	_	_	Hauptteil[8]	2. Data[18]	
4-18	521-524	und	1. Richtig[3]	1. Angemessen[3]	1. Verständlich[3]	*[3]	Lebensdauer/Verfügbarkeit vorhanden[3]	*[3]	*[3]	*[3]	*[3]	*[3]	Pro A[3]	Contra B[3]	Contra C[3]	_	_	Hauptteil[8]	2. Data[18]	
4-19	525-527	60	1. Richtig[3]	1. Angemessen[3]	1. Verständlich[3]	*[3]	Lebensdauer/Verfügbarkeit vorhanden[3]	*[3]	*[3]	*[3]	*[3]	*[3]	Pro A[3]	Contra B[3]	Contra C[3]	_	_	Hauptteil[8]	2. Data[18]	
4-20	528-533	Jahre	1. Richtig[3]	1. Angemessen[3]	1. Verständlich[3]	*[3]	Lebensdauer/Verfügbarkeit vorhanden[3]	*[3]	*[3]	*[3]	*[3]	*[3]	Pro A[3]	Contra B[3]	Contra C[3]	_	_	Hauptteil[8]	2. Data[18]	
4-21	534-540	länger	1. Richtig[3]	1. Angemessen[3]	1. Verständlich[3]	*[3]	Lebensdauer/Verfügbarkeit vorhanden[3]	*[3]	*[3]	*[3]	*[3]	*[3]	Pro A[3]	Contra B[3]	Contra C[3]	_	_	Hauptteil[8]	2. Data[18]	
4-22	541-544	als	1. Richtig[3]	1. Angemessen[3]	1. Verständlich[3]	*[3]	Lebensdauer/Verfügbarkeit vorhanden[3]	*[3]	*[3]	*[3]	*[3]	*[3]	Pro A[3]	Contra B[3]	Contra C[3]	_	_	Hauptteil[8]	2. Data[18]	
4-23	545-548	der	1. Richtig[3]	1. Angemessen[3]	1. Verständlich[3]	*[3]	Lebensdauer/Verfügbarkeit vorhanden[3]	*[3]	*[3]	*[3]	*[3]	*[3]	Pro A[3]	Contra B[3]	Contra C[3]	_	_	Hauptteil[8]	2. Data[18]	
4-24	549-557	Windpark	1. Richtig[3]	1. Angemessen[3]	1. Verständlich[3]	*[3]	Lebensdauer/Verfügbarkeit vorhanden[3]	*[3]	*[3]	*[3]	*[3]	*[3]	Pro A[3]	Contra B[3]	Contra C[3]	_	_	Hauptteil[8]	2. Data[18]	
4-25	557-558	.	1. Richtig[3]	1. Angemessen[3]	1. Verständlich[3]	*[3]	Lebensdauer/Verfügbarkeit vorhanden[3]	*[3]	*[3]	*[3]	*[3]	*[3]	Pro A[3]	Contra B[3]	Contra C[3]	_	_	Hauptteil[8]	2. Data[18]	

5-1	560-563	Der	1. Richtig[4]	1. Angemessen[4]	1. Verständlich[4]	*[4]	*[4]	*[4]	Preis/Betrieb vorhanden[4]	Sonstiges vorhanden[4]	*[4]	*[4]	Unklar A[4]	Pro B[4]	Pro C[4]	_	_	Hauptteil[8]	2. Data[19]	
5-2	564-569	Preis	1. Richtig[4]	1. Angemessen[4]	1. Verständlich[4]	*[4]	*[4]	*[4]	Preis/Betrieb vorhanden[4]	Sonstiges vorhanden[4]	*[4]	*[4]	Unklar A[4]	Pro B[4]	Pro C[4]	_	_	Hauptteil[8]	2. Data[19]	
5-3	570-573	der	1. Richtig[4]	1. Angemessen[4]	1. Verständlich[4]	*[4]	*[4]	*[4]	Preis/Betrieb vorhanden[4]	Sonstiges vorhanden[4]	*[4]	*[4]	Unklar A[4]	Pro B[4]	Pro C[4]	_	_	Hauptteil[8]	2. Data[19]	
5-4	574-591	Wasserkraftanlage	1. Richtig[4]	1. Angemessen[4]	1. Verständlich[4]	*[4]	*[4]	*[4]	Preis/Betrieb vorhanden[4]	Sonstiges vorhanden[4]	*[4]	*[4]	Unklar A[4]	Pro B[4]	Pro C[4]	_	_	Hauptteil[8]	2. Data[19]	
5-5	592-595	ist	1. Richtig[4]	1. Angemessen[4]	1. Verständlich[4]	*[4]	*[4]	*[4]	Preis/Betrieb vorhanden[4]	Sonstiges vorhanden[4]	*[4]	*[4]	Unklar A[4]	Pro B[4]	Pro C[4]	_	_	Hauptteil[8]	2. Data[19]	
5-6	596-600	zwar	1. Richtig[4]	1. Angemessen[4]	1. Verständlich[4]	*[4]	*[4]	*[4]	Preis/Betrieb vorhanden[4]	Sonstiges vorhanden[4]	*[4]	*[4]	Unklar A[4]	Pro B[4]	Pro C[4]	_	_	Hauptteil[8]	2. Data[19]	
5-7	601-603	im	1. Richtig[4]	1. Angemessen[4]	1. Verständlich[4]	*[4]	*[4]	*[4]	Preis/Betrieb vorhanden[4]	Sonstiges vorhanden[4]	*[4]	*[4]	Unklar A[4]	Pro B[4]	Pro C[4]	_	_	Hauptteil[8]	2. Data[19]	
5-8	604-613	Gegensatz	1. Richtig[4]	1. Angemessen[4]	1. Verständlich[4]	*[4]	*[4]	*[4]	Preis/Betrieb vorhanden[4]	Sonstiges vorhanden[4]	*[4]	*[4]	Unklar A[4]	Pro B[4]	Pro C[4]	_	_	Hauptteil[8]	2. Data[19]	
5-9	614-617	zum	1. Richtig[4]	1. Angemessen[4]	1. Verständlich[4]	*[4]	*[4]	*[4]	Preis/Betrieb vorhanden[4]	Sonstiges vorhanden[4]	*[4]	*[4]	Unklar A[4]	Pro B[4]	Pro C[4]	_	_	Hauptteil[8]	2. Data[19]	
5-10	618-623	Solar	1. Richtig[4]	1. Angemessen[4]	1. Verständlich[4]	*[4]	*[4]	*[4]	Preis/Betrieb vorhanden[4]	Sonstiges vorhanden[4]	*[4]	*[4]	Unklar A[4]	Pro B[4]	Pro C[4]	_	_	Hauptteil[8]	2. Data[19]	
5-11	623-624	-	1. Richtig[4]	1. Angemessen[4]	1. Verständlich[4]	*[4]	*[4]	*[4]	Preis/Betrieb vorhanden[4]	Sonstiges vorhanden[4]	*[4]	*[4]	Unklar A[4]	Pro B[4]	Pro C[4]	_	_	Hauptteil[8]	2. Data[19]	
5-12	625-628	und	1. Richtig[4]	1. Angemessen[4]	1. Verständlich[4]	*[4]	*[4]	*[4]	Preis/Betrieb vorhanden[4]	Sonstiges vorhanden[4]	*[4]	*[4]	Unklar A[4]	Pro B[4]	Pro C[4]	_	_	Hauptteil[8]	2. Data[19]	
5-13	629-637	Windpark	1. Richtig[4]	1. Angemessen[4]	1. Verständlich[4]	*[4]	*[4]	*[4]	Preis/Betrieb vorhanden[4]	Sonstiges vorhanden[4]	*[4]	*[4]	Unklar A[4]	Pro B[4]	Pro C[4]	_	_	Hauptteil[8]	2. Data[19]	
5-14	638-642	sehr	1. Richtig[4]	1. Angemessen[4]	1. Verständlich[4]	*[4]	*[4]	*[4]	Preis/Betrieb vorhanden[4]	Sonstiges vorhanden[4]	*[4]	*[4]	Unklar A[4]	Pro B[4]	Pro C[4]	_	_	Hauptteil[8]	2. Data[19]	
5-15	643-647	hoch	1. Richtig[4]	1. Angemessen[4]	1. Verständlich[4]	*[4]	*[4]	*[4]	Preis/Betrieb vorhanden[4]	Sonstiges vorhanden[4]	*[4]	*[4]	Unklar A[4]	Pro B[4]	Pro C[4]	_	_	Hauptteil[8]	2. Data[19]	
5-16	647-648	,	1. Richtig[4]	1. Angemessen[4]	1. Verständlich[4]	*[4]	*[4]	*[4]	Preis/Betrieb vorhanden[4]	Sonstiges vorhanden[4]	*[4]	*[4]	Unklar A[4]	Pro B[4]	Pro C[4]	_	_	Hauptteil[8]	2. Data[19]	
5-17	649-655	jedoch	1. Richtig[4]	1. Angemessen[4]	1. Verständlich[4]	*[4]	*[4]	*[4]	Preis/Betrieb vorhanden[4]	Sonstiges vorhanden[4]	*[4]	*[4]	Unklar A[4]	Pro B[4]	Pro C[4]	_	_	Hauptteil[8]	4. Rebuttal[20]	
5-18	656-663	gleicht	1. Richtig[4]	1. Angemessen[4]	1. Verständlich[4]	*[4]	*[4]	*[4]	Preis/Betrieb vorhanden[4]	Sonstiges vorhanden[4]	*[4]	*[4]	Unklar A[4]	Pro B[4]	Pro C[4]	_	_	Hauptteil[8]	4. Rebuttal[20]	
5-19	664-668	sich	1. Richtig[4]	1. Angemessen[4]	1. Verständlich[4]	*[4]	*[4]	*[4]	Preis/Betrieb vorhanden[4]	Sonstiges vorhanden[4]	*[4]	*[4]	Unklar A[4]	Pro B[4]	Pro C[4]	_	_	Hauptteil[8]	4. Rebuttal[20]	
5-20	669-673	dies	1. Richtig[4]	1. Angemessen[4]	1. Verständlich[4]	*[4]	*[4]	*[4]	Preis/Betrieb vorhanden[4]	Sonstiges vorhanden[4]	*[4]	*[4]	Unklar A[4]	Pro B[4]	Pro C[4]	_	_	Hauptteil[8]	4. Rebuttal[20]	
5-21	674-677	mit	1. Richtig[4]	1. Angemessen[4]	1. Verständlich[4]	*[4]	*[4]	*[4]	Preis/Betrieb vorhanden[4]	Sonstiges vorhanden[4]	*[4]	*[4]	Unklar A[4]	Pro B[4]	Pro C[4]	_	_	Hauptteil[8]	4. Rebuttal[20]	
5-22	678-681	der	1. Richtig[4]	1. Angemessen[4]	1. Verständlich[4]	*[4]	*[4]	*[4]	Preis/Betrieb vorhanden[4]	Sonstiges vorhanden[4]	*[4]	*[4]	Unklar A[4]	Pro B[4]	Pro C[4]	_	_	Hauptteil[8]	4. Rebuttal[20]	
5-23	682-690	Leistung	1. Richtig[4]	1. Angemessen[4]	1. Verständlich[4]	*[4]	*[4]	*[4]	Preis/Betrieb vorhanden[4]	Sonstiges vorhanden[4]	*[4]	*[4]	Unklar A[4]	Pro B[4]	Pro C[4]	_	_	Hauptteil[8]	4. Rebuttal[20]	
5-24	691-694	der	1. Richtig[4]	1. Angemessen[4]	1. Verständlich[4]	*[4]	*[4]	*[4]	Preis/Betrieb vorhanden[4]	Sonstiges vorhanden[4]	*[4]	*[4]	Unklar A[4]	Pro B[4]	Pro C[4]	_	_	Hauptteil[8]	4. Rebuttal[20]	
5-25	695-701	Anlage	1. Richtig[4]	1. Angemessen[4]	1. Verständlich[4]	*[4]	*[4]	*[4]	Preis/Betrieb vorhanden[4]	Sonstiges vorhanden[4]	*[4]	*[4]	Unklar A[4]	Pro B[4]	Pro C[4]	_	_	Hauptteil[8]	4. Rebuttal[20]	
5-26	702-704	ab	1. Richtig[4]	1. Angemessen[4]	1. Verständlich[4]	*[4]	*[4]	*[4]	Preis/Betrieb vorhanden[4]	Sonstiges vorhanden[4]	*[4]	*[4]	Unklar A[4]	Pro B[4]	Pro C[4]	_	_	Hauptteil[8]	4. Rebuttal[20]	
5-27	704-705	.	1. Richtig[4]	1. Angemessen[4]	1. Verständlich[4]	*[4]	*[4]	*[4]	Preis/Betrieb vorhanden[4]	Sonstiges vorhanden[4]	*[4]	*[4]	Unklar A[4]	Pro B[4]	Pro C[4]	_	_	Hauptteil[8]	4. Rebuttal[20]	

6-1	707-710	Bei	1. Richtig[5]	1. Angemessen[5]	1. Verständlich[5]	*[5]	*[5]	*[5]	*[5]	*[5]	Treibhausgasemissionen vorhanden[5]	*[5]	Contra A[5]	Contra B[5]	Pro C[5]	_	_	Hauptteil[8]	2. Data[21]	
6-2	711-714	den	1. Richtig[5]	1. Angemessen[5]	1. Verständlich[5]	*[5]	*[5]	*[5]	*[5]	*[5]	Treibhausgasemissionen vorhanden[5]	*[5]	Contra A[5]	Contra B[5]	Pro C[5]	_	_	Hauptteil[8]	2. Data[21]	
6-3	715-737	Treibhausgasemissionen	1. Richtig[5]	1. Angemessen[5]	1. Verständlich[5]	*[5]	*[5]	*[5]	*[5]	*[5]	Treibhausgasemissionen vorhanden[5]	*[5]	Contra A[5]	Contra B[5]	Pro C[5]	_	_	Hauptteil[8]	2. Data[21]	
6-4	738-741	ist	1. Richtig[5]	1. Angemessen[5]	1. Verständlich[5]	*[5]	*[5]	*[5]	*[5]	*[5]	Treibhausgasemissionen vorhanden[5]	*[5]	Contra A[5]	Contra B[5]	Pro C[5]	_	_	Hauptteil[8]	2. Data[21]	
6-5	742-745	der	1. Richtig[5]	1. Angemessen[5]	1. Verständlich[5]	*[5]	*[5]	*[5]	*[5]	*[5]	Treibhausgasemissionen vorhanden[5]	*[5]	Contra A[5]	Contra B[5]	Pro C[5]	_	_	Hauptteil[8]	2. Data[21]	
6-6	746-754	Windpark	1. Richtig[5]	1. Angemessen[5]	1. Verständlich[5]	*[5]	*[5]	*[5]	*[5]	*[5]	Treibhausgasemissionen vorhanden[5]	*[5]	Contra A[5]	Contra B[5]	Pro C[5]	_	_	Hauptteil[8]	2. Data[21]	
6-7	755-758	mit	1. Richtig[5]	1. Angemessen[5]	1. Verständlich[5]	*[5]	*[5]	*[5]	*[5]	*[5]	Treibhausgasemissionen vorhanden[5]	*[5]	Contra A[5]	Contra B[5]	Pro C[5]	_	_	Hauptteil[8]	2. Data[21]	
6-8	759-764	8,800	1. Richtig[5]	1. Angemessen[5]	1. Verständlich[5]	*[5]	*[5]	*[5]	*[5]	*[5]	Treibhausgasemissionen vorhanden[5]	*[5]	Contra A[5]	Contra B[5]	Pro C[5]	_	_	Hauptteil[8]	2. Data[21]	
6-9	765-766	t	1. Richtig[5]	1. Angemessen[5]	1. Verständlich[5]	*[5]	*[5]	*[5]	*[5]	*[5]	Treibhausgasemissionen vorhanden[5]	*[5]	Contra A[5]	Contra B[5]	Pro C[5]	_	_	Hauptteil[8]	2. Data[21]	
6-10	767-770	Co2	1. Richtig[5]	1. Angemessen[5]	1. Verständlich[5]	*[5]	*[5]	*[5]	*[5]	*[5]	Treibhausgasemissionen vorhanden[5]	*[5]	Contra A[5]	Contra B[5]	Pro C[5]	_	_	Hauptteil[8]	2. Data[21]	
6-11	771-782	Äquivalente	1. Richtig[5]	1. Angemessen[5]	1. Verständlich[5]	*[5]	*[5]	*[5]	*[5]	*[5]	Treibhausgasemissionen vorhanden[5]	*[5]	Contra A[5]	Contra B[5]	Pro C[5]	_	_	Hauptteil[8]	2. Data[21]	
6-12	783-785	am	1. Richtig[5]	1. Angemessen[5]	1. Verständlich[5]	*[5]	*[5]	*[5]	*[5]	*[5]	Treibhausgasemissionen vorhanden[5]	*[5]	Contra A[5]	Contra B[5]	Pro C[5]	_	_	Hauptteil[8]	2. Data[21]	
6-13	786-792	besten	1. Richtig[5]	1. Angemessen[5]	1. Verständlich[5]	*[5]	*[5]	*[5]	*[5]	*[5]	Treibhausgasemissionen vorhanden[5]	*[5]	Contra A[5]	Contra B[5]	Pro C[5]	_	_	Hauptteil[8]	2. Data[21]	
6-14	793-797	dran	1. Richtig[5]	1. Angemessen[5]	1. Verständlich[5]	*[5]	*[5]	*[5]	*[5]	*[5]	Treibhausgasemissionen vorhanden[5]	*[5]	Contra A[5]	Contra B[5]	Pro C[5]	_	_	Hauptteil[8]	2. Data[21]	
6-15	797-798	,	1. Richtig[5]	1. Angemessen[5]	1. Verständlich[5]	*[5]	*[5]	*[5]	*[5]	*[5]	Treibhausgasemissionen vorhanden[5]	*[5]	Contra A[5]	Contra B[5]	Pro C[5]	_	_	Hauptteil[8]	2. Data[21]	
6-16	799-805	jedoch	1. Richtig[5]	1. Angemessen[5]	1. Verständlich[5]	*[5]	*[5]	*[5]	*[5]	*[5]	Treibhausgasemissionen vorhanden[5]	*[5]	Contra A[5]	Contra B[5]	Pro C[5]	_	_	Hauptteil[8]	2. Data[22]	
6-17	806-811	folgt	1. Richtig[5]	1. Angemessen[5]	1. Verständlich[5]	*[5]	*[5]	*[5]	*[5]	*[5]	Treibhausgasemissionen vorhanden[5]	*[5]	Contra A[5]	Contra B[5]	Pro C[5]	_	_	Hauptteil[8]	2. Data[22]	
6-18	812-818	darauf	1. Richtig[5]	1. Angemessen[5]	1. Verständlich[5]	*[5]	*[5]	*[5]	*[5]	*[5]	Treibhausgasemissionen vorhanden[5]	*[5]	Contra A[5]	Contra B[5]	Pro C[5]	_	_	Hauptteil[8]	2. Data[22]	
6-19	819-825	direkt	1. Richtig[5]	1. Angemessen[5]	1. Verständlich[5]	*[5]	*[5]	*[5]	*[5]	*[5]	Treibhausgasemissionen vorhanden[5]	*[5]	Contra A[5]	Contra B[5]	Pro C[5]	_	_	Hauptteil[8]	2. Data[22]	
6-20	826-829	die	1. Richtig[5]	1. Angemessen[5]	1. Verständlich[5]	*[5]	*[5]	*[5]	*[5]	*[5]	Treibhausgasemissionen vorhanden[5]	*[5]	Contra A[5]	Contra B[5]	Pro C[5]	_	_	Hauptteil[8]	2. Data[22]	
6-21	830-847	Wasserkraftanlage	1. Richtig[5]	1. Angemessen[5]	1. Verständlich[5]	*[5]	*[5]	*[5]	*[5]	*[5]	Treibhausgasemissionen vorhanden[5]	*[5]	Contra A[5]	Contra B[5]	Pro C[5]	_	_	Hauptteil[8]	2. Data[22]	
6-22	848-851	mit	1. Richtig[5]	1. Angemessen[5]	1. Verständlich[5]	*[5]	*[5]	*[5]	*[5]	*[5]	Treibhausgasemissionen vorhanden[5]	*[5]	Contra A[5]	Contra B[5]	Pro C[5]	_	_	Hauptteil[8]	2. Data[22]	
6-23	852-858	12,000	1. Richtig[5]	1. Angemessen[5]	1. Verständlich[5]	*[5]	*[5]	*[5]	*[5]	*[5]	Treibhausgasemissionen vorhanden[5]	*[5]	Contra A[5]	Contra B[5]	Pro C[5]	_	_	Hauptteil[8]	2. Data[22]	
6-24	859-860	t	1. Richtig[5]	1. Angemessen[5]	1. Verständlich[5]	*[5]	*[5]	*[5]	*[5]	*[5]	Treibhausgasemissionen vorhanden[5]	*[5]	Contra A[5]	Contra B[5]	Pro C[5]	_	_	Hauptteil[8]	2. Data[22]	
6-25	861-864	CO2	1. Richtig[5]	1. Angemessen[5]	1. Verständlich[5]	*[5]	*[5]	*[5]	*[5]	*[5]	Treibhausgasemissionen vorhanden[5]	*[5]	Contra A[5]	Contra B[5]	Pro C[5]	_	_	Hauptteil[8]	2. Data[22]	
6-26	865-876	Äquivalente	1. Richtig[5]	1. Angemessen[5]	1. Verständlich[5]	*[5]	*[5]	*[5]	*[5]	*[5]	Treibhausgasemissionen vorhanden[5]	*[5]	Contra A[5]	Contra B[5]	Pro C[5]	_	_	Hauptteil[8]	2. Data[22]	
6-27	876-877	.	1. Richtig[5]	1. Angemessen[5]	1. Verständlich[5]	*[5]	*[5]	*[5]	*[5]	*[5]	Treibhausgasemissionen vorhanden[5]	*[5]	Contra A[5]	Contra B[5]	Pro C[5]	_	_	Hauptteil[8]	2. Data[22]	

7-1	879-883	Auch	_	_	_	_	_	_	_	_	_	_	_	_	_	1. Trade-off[7]	Gesamtthese[7]	Schluss[9]	_	
7-2	884-888	wenn	_	_	_	_	_	_	_	_	_	_	_	_	_	1. Trade-off[7]	Gesamtthese[7]	Schluss[9]	_	
7-3	889-892	die	_	_	_	_	_	_	_	_	_	_	_	_	_	1. Trade-off[7]	Gesamtthese[7]	Schluss[9]	_	
7-4	893-910	Wasserkraftanlage	_	_	_	_	_	_	_	_	_	_	_	_	_	1. Trade-off[7]	Gesamtthese[7]	Schluss[9]	_	
7-5	911-914	ein	_	_	_	_	_	_	_	_	_	_	_	_	_	1. Trade-off[7]	Gesamtthese[7]	Schluss[9]	_	
7-6	915-920	wenig	_	_	_	_	_	_	_	_	_	_	_	_	_	1. Trade-off[7]	Gesamtthese[7]	Schluss[9]	_	
7-7	921-927	teurer	_	_	_	_	_	_	_	_	_	_	_	_	_	1. Trade-off[7]	Gesamtthese[7]	Schluss[9]	_	
7-8	928-931	ist	_	_	_	_	_	_	_	_	_	_	_	_	_	1. Trade-off[7]	Gesamtthese[7]	Schluss[9]	_	
7-9	932-935	und	_	_	_	_	_	_	_	_	_	_	_	_	_	1. Trade-off[7]	Gesamtthese[7]	Schluss[9]	_	
7-10	936-939	ein	_	_	_	_	_	_	_	_	_	_	_	_	_	1. Trade-off[7]	Gesamtthese[7]	Schluss[9]	_	
7-11	940-948	bisschen	_	_	_	_	_	_	_	_	_	_	_	_	_	1. Trade-off[7]	Gesamtthese[7]	Schluss[9]	_	
7-12	949-953	mehr	_	_	_	_	_	_	_	_	_	_	_	_	_	1. Trade-off[7]	Gesamtthese[7]	Schluss[9]	_	
7-13	954-957	CO2	_	_	_	_	_	_	_	_	_	_	_	_	_	1. Trade-off[7]	Gesamtthese[7]	Schluss[9]	_	
7-14	958-969	Äquivalente	_	_	_	_	_	_	_	_	_	_	_	_	_	1. Trade-off[7]	Gesamtthese[7]	Schluss[9]	_	
7-15	970-978	ausstößt	_	_	_	_	_	_	_	_	_	_	_	_	_	1. Trade-off[7]	Gesamtthese[7]	Schluss[9]	_	
7-16	978-979	,	_	_	_	_	_	_	_	_	_	_	_	_	_	1. Trade-off[7]	Gesamtthese[7]	Schluss[9]	_	
7-17	980-985	lohnt	_	_	_	_	_	_	_	_	_	_	_	_	_	1. Trade-off[7]	Gesamtthese[7]	Schluss[9]	_	
7-18	986-988	es	_	_	_	_	_	_	_	_	_	_	_	_	_	1. Trade-off[7]	Gesamtthese[7]	Schluss[9]	_	
7-19	989-993	sich	_	_	_	_	_	_	_	_	_	_	_	_	_	1. Trade-off[7]	Gesamtthese[7]	Schluss[9]	_	
7-20	994-999	diese	_	_	_	_	_	_	_	_	_	_	_	_	_	1. Trade-off[7]	Gesamtthese[7]	Schluss[9]	_	
7-21	1000-1008	aufgrund	_	_	_	_	_	_	_	_	_	_	_	_	_	1. Trade-off[7]	Gesamtthese[7]	Schluss[9]	_	
7-22	1009-1012	der	_	_	_	_	_	_	_	_	_	_	_	_	_	1. Trade-off[7]	Gesamtthese[7]	Schluss[9]	_	
7-23	1013-1021	Leistung	_	_	_	_	_	_	_	_	_	_	_	_	_	1. Trade-off[7]	Gesamtthese[7]	Schluss[9]	_	
7-24	1022-1025	und	_	_	_	_	_	_	_	_	_	_	_	_	_	1. Trade-off[7]	Gesamtthese[7]	Schluss[9]	_	
7-25	1026-1037	Lebensdauer	_	_	_	_	_	_	_	_	_	_	_	_	_	1. Trade-off[7]	Gesamtthese[7]	Schluss[9]	_	
7-26	1038-1041	und	_	_	_	_	_	_	_	_	_	_	_	_	_	1. Trade-off[7]	Gesamtthese[7]	Schluss[9]	_	
7-27	1042-1045	dem	_	_	_	_	_	_	_	_	_	_	_	_	_	1. Trade-off[7]	Gesamtthese[7]	Schluss[9]	_	
7-28	1046-1058	Wirkungsgrad	_	_	_	_	_	_	_	_	_	_	_	_	_	1. Trade-off[7]	Gesamtthese[7]	Schluss[9]	_	
7-29	1059-1061	zu	_	_	_	_	_	_	_	_	_	_	_	_	_	1. Trade-off[7]	Gesamtthese[7]	Schluss[9]	_	
7-30	1062-1068	kaufen	_	_	_	_	_	_	_	_	_	_	_	_	_	1. Trade-off[7]	Gesamtthese[7]	Schluss[9]	_	
7-31	1068-1069	.	_	_	_	_	_	_	_	_	_	_	_	_	_	1. Trade-off[7]	Gesamtthese[7]	Schluss[9]	_	
