#FORMAT=WebAnno TSV 3.3
#T_SP=webanno.custom.Argument|Accuracy|Adequacy|Clarity|KriteriumJahresertragEnergiedichte|KriteriumLebensdauerVerfgbarkeit|KriteriumLokaleEmissionenGeruschemissionen|KriteriumPreisBetrieb|KriteriumSonstiges|KriteriumTreibhausgasemissionen|KriteriumWirkungsgrad|OptionA|OptionB|OptionC
#T_SP=webanno.custom.DecisionMakingStrategies|Decision|Gesamtthese
#T_SP=webanno.custom.Struktur|Struktur
#T_SP=webanno.custom.StrukturTAP|TAPArgumente


1-1	0-2	Im	_	_	_	_	_	_	_	_	_	_	_	_	_	_	_	Einleitung[7]	_	
1-2	3-9	Moment	_	_	_	_	_	_	_	_	_	_	_	_	_	_	_	Einleitung[7]	_	
1-3	10-14	wird	_	_	_	_	_	_	_	_	_	_	_	_	_	_	_	Einleitung[7]	_	
1-4	15-19	sich	_	_	_	_	_	_	_	_	_	_	_	_	_	_	_	Einleitung[7]	_	
1-5	20-27	beraten	_	_	_	_	_	_	_	_	_	_	_	_	_	_	_	Einleitung[7]	_	
1-6	27-28	,	_	_	_	_	_	_	_	_	_	_	_	_	_	_	_	Einleitung[7]	_	
1-7	28-34	welche	_	_	_	_	_	_	_	_	_	_	_	_	_	_	_	Einleitung[7]	_	
1-8	35-49	Energiewandler	_	_	_	_	_	_	_	_	_	_	_	_	_	_	_	Einleitung[7]	_	
1-9	50-59	gefördert	_	_	_	_	_	_	_	_	_	_	_	_	_	_	_	Einleitung[7]	_	
1-10	60-66	werden	_	_	_	_	_	_	_	_	_	_	_	_	_	_	_	Einleitung[7]	_	
1-11	67-73	sollen	_	_	_	_	_	_	_	_	_	_	_	_	_	_	_	Einleitung[7]	_	
1-12	73-74	.	_	_	_	_	_	_	_	_	_	_	_	_	_	_	_	Einleitung[7]	_	

2-1	76-79	Das	_	_	_	_	_	_	_	_	_	_	_	_	_	_	_	Einleitung[7]	_	
2-2	80-83	ist	_	_	_	_	_	_	_	_	_	_	_	_	_	_	_	Einleitung[7]	_	
2-3	84-88	eine	_	_	_	_	_	_	_	_	_	_	_	_	_	_	_	Einleitung[7]	_	
2-4	89-94	Frage	_	_	_	_	_	_	_	_	_	_	_	_	_	_	_	Einleitung[7]	_	
2-5	94-95	,	_	_	_	_	_	_	_	_	_	_	_	_	_	_	_	Einleitung[7]	_	
2-6	96-99	mit	_	_	_	_	_	_	_	_	_	_	_	_	_	_	_	Einleitung[7]	_	
2-7	100-103	der	_	_	_	_	_	_	_	_	_	_	_	_	_	_	_	Einleitung[7]	_	
2-8	104-108	sich	_	_	_	_	_	_	_	_	_	_	_	_	_	_	_	Einleitung[7]	_	
2-9	109-114	viele	_	_	_	_	_	_	_	_	_	_	_	_	_	_	_	Einleitung[7]	_	
2-10	115-127	beschäftigen	_	_	_	_	_	_	_	_	_	_	_	_	_	_	_	Einleitung[7]	_	
2-11	127-128	.	_	_	_	_	_	_	_	_	_	_	_	_	_	_	_	Einleitung[7]	_	

3-1	130-132	In	_	_	_	_	_	_	_	_	_	_	_	_	_	_	_	Einleitung[7]	_	
3-2	133-144	Deutschland	_	_	_	_	_	_	_	_	_	_	_	_	_	_	_	Einleitung[7]	_	
3-3	145-150	haben	_	_	_	_	_	_	_	_	_	_	_	_	_	_	_	Einleitung[7]	_	
3-4	151-154	wir	_	_	_	_	_	_	_	_	_	_	_	_	_	_	_	Einleitung[7]	_	
3-5	155-159	drei	_	_	_	_	_	_	_	_	_	_	_	_	_	_	_	Einleitung[7]	_	
3-6	160-173	Energieträger	_	_	_	_	_	_	_	_	_	_	_	_	_	_	_	Einleitung[7]	_	
3-7	174-177	zur	_	_	_	_	_	_	_	_	_	_	_	_	_	_	_	Einleitung[7]	_	
3-8	178-185	Auswahl	_	_	_	_	_	_	_	_	_	_	_	_	_	_	_	Einleitung[7]	_	
3-9	185-186	:	_	_	_	_	_	_	_	_	_	_	_	_	_	_	_	Einleitung[7]	_	
3-10	187-192	einen	_	_	_	_	_	_	_	_	_	_	_	_	_	_	_	Einleitung[7]	_	
3-11	193-201	Windpark	_	_	_	_	_	_	_	_	_	_	_	_	_	_	_	Einleitung[7]	_	
3-12	201-202	,	_	_	_	_	_	_	_	_	_	_	_	_	_	_	_	Einleitung[7]	_	
3-13	203-208	einen	_	_	_	_	_	_	_	_	_	_	_	_	_	_	_	Einleitung[7]	_	
3-14	209-218	Solarpark	_	_	_	_	_	_	_	_	_	_	_	_	_	_	_	Einleitung[7]	_	
3-15	219-223	oder	_	_	_	_	_	_	_	_	_	_	_	_	_	_	_	Einleitung[7]	_	
3-16	224-228	eine	_	_	_	_	_	_	_	_	_	_	_	_	_	_	_	Einleitung[7]	_	
3-17	229-246	Wasserkraftanlage	_	_	_	_	_	_	_	_	_	_	_	_	_	_	_	Einleitung[7]	_	
3-18	246-247	.	_	_	_	_	_	_	_	_	_	_	_	_	_	_	_	Einleitung[7]	_	

4-1	249-254	Jetzt	_	_	_	_	_	_	_	_	_	_	_	_	_	_	_	Einleitung[7]	_	
4-2	255-258	ist	_	_	_	_	_	_	_	_	_	_	_	_	_	_	_	Einleitung[7]	_	
4-3	259-262	die	_	_	_	_	_	_	_	_	_	_	_	_	_	_	_	Einleitung[7]	_	
4-4	263-268	Frage	_	_	_	_	_	_	_	_	_	_	_	_	_	_	_	Einleitung[7]	_	
4-5	268-269	,	_	_	_	_	_	_	_	_	_	_	_	_	_	_	_	Einleitung[7]	_	
4-6	269-272	was	_	_	_	_	_	_	_	_	_	_	_	_	_	_	_	Einleitung[7]	_	
4-7	273-275	am	_	_	_	_	_	_	_	_	_	_	_	_	_	_	_	Einleitung[7]	_	
4-8	276-282	besten	_	_	_	_	_	_	_	_	_	_	_	_	_	_	_	Einleitung[7]	_	
4-9	283-286	für	_	_	_	_	_	_	_	_	_	_	_	_	_	_	_	Einleitung[7]	_	
4-10	287-290	die	_	_	_	_	_	_	_	_	_	_	_	_	_	_	_	Einleitung[7]	_	
4-11	291-297	Umwelt	_	_	_	_	_	_	_	_	_	_	_	_	_	_	_	Einleitung[7]	_	
4-12	298-301	ist	_	_	_	_	_	_	_	_	_	_	_	_	_	_	_	Einleitung[7]	_	
4-13	301-302	.	_	_	_	_	_	_	_	_	_	_	_	_	_	_	_	Einleitung[7]	_	

5-1	304-307	Die	1. Richtig[1]	1. Angemessen[1]	1. Verständlich[1]	*[1]	Lebensdauer/Verfügbarkeit vorhanden[1]	*[1]	*[1]	*[1]	*[1]	Wirkungsgrad vorhanden[1]	Pro A[1]	Contra B[1]	Contra C[1]	_	_	Hauptteil[8]	2. Data[10]	
5-2	308-325	Wasserkraftanlage	1. Richtig[1]	1. Angemessen[1]	1. Verständlich[1]	*[1]	Lebensdauer/Verfügbarkeit vorhanden[1]	*[1]	*[1]	*[1]	*[1]	Wirkungsgrad vorhanden[1]	Pro A[1]	Contra B[1]	Contra C[1]	_	_	Hauptteil[8]	2. Data[10]	
5-3	326-329	hat	1. Richtig[1]	1. Angemessen[1]	1. Verständlich[1]	*[1]	Lebensdauer/Verfügbarkeit vorhanden[1]	*[1]	*[1]	*[1]	*[1]	Wirkungsgrad vorhanden[1]	Pro A[1]	Contra B[1]	Contra C[1]	_	_	Hauptteil[8]	2. Data[10]	
5-4	330-335	einen	1. Richtig[1]	1. Angemessen[1]	1. Verständlich[1]	*[1]	Lebensdauer/Verfügbarkeit vorhanden[1]	*[1]	*[1]	*[1]	*[1]	Wirkungsgrad vorhanden[1]	Pro A[1]	Contra B[1]	Contra C[1]	_	_	Hauptteil[8]	2. Data[10]	
5-5	336-340	sehr	1. Richtig[1]	1. Angemessen[1]	1. Verständlich[1]	*[1]	Lebensdauer/Verfügbarkeit vorhanden[1]	*[1]	*[1]	*[1]	*[1]	Wirkungsgrad vorhanden[1]	Pro A[1]	Contra B[1]	Contra C[1]	_	_	Hauptteil[8]	2. Data[10]	
5-6	341-346	hohen	1. Richtig[1]	1. Angemessen[1]	1. Verständlich[1]	*[1]	Lebensdauer/Verfügbarkeit vorhanden[1]	*[1]	*[1]	*[1]	*[1]	Wirkungsgrad vorhanden[1]	Pro A[1]	Contra B[1]	Contra C[1]	_	_	Hauptteil[8]	2. Data[10]	
5-7	347-359	Wirkungsgrad	1. Richtig[1]	1. Angemessen[1]	1. Verständlich[1]	*[1]	Lebensdauer/Verfügbarkeit vorhanden[1]	*[1]	*[1]	*[1]	*[1]	Wirkungsgrad vorhanden[1]	Pro A[1]	Contra B[1]	Contra C[1]	_	_	Hauptteil[8]	2. Data[10]	
5-8	360-363	und	1. Richtig[1]	1. Angemessen[1]	1. Verständlich[1]	*[1]	Lebensdauer/Verfügbarkeit vorhanden[1]	*[1]	*[1]	*[1]	*[1]	Wirkungsgrad vorhanden[1]	Pro A[1]	Contra B[1]	Contra C[1]	_	_	Hauptteil[8]	2. Data[10]	
5-9	364-368	auch	1. Richtig[1]	1. Angemessen[1]	1. Verständlich[1]	*[1]	Lebensdauer/Verfügbarkeit vorhanden[1]	*[1]	*[1]	*[1]	*[1]	Wirkungsgrad vorhanden[1]	Pro A[1]	Contra B[1]	Contra C[1]	_	_	Hauptteil[8]	2. Data[10]	
5-10	369-373	eine	1. Richtig[1]	1. Angemessen[1]	1. Verständlich[1]	*[1]	Lebensdauer/Verfügbarkeit vorhanden[1]	*[1]	*[1]	*[1]	*[1]	Wirkungsgrad vorhanden[1]	Pro A[1]	Contra B[1]	Contra C[1]	_	_	Hauptteil[8]	2. Data[10]	
5-11	374-378	hohe	1. Richtig[1]	1. Angemessen[1]	1. Verständlich[1]	*[1]	Lebensdauer/Verfügbarkeit vorhanden[1]	*[1]	*[1]	*[1]	*[1]	Wirkungsgrad vorhanden[1]	Pro A[1]	Contra B[1]	Contra C[1]	_	_	Hauptteil[8]	2. Data[10]	
5-12	379-390	Lebensdauer	1. Richtig[1]	1. Angemessen[1]	1. Verständlich[1]	*[1]	Lebensdauer/Verfügbarkeit vorhanden[1]	*[1]	*[1]	*[1]	*[1]	Wirkungsgrad vorhanden[1]	Pro A[1]	Contra B[1]	Contra C[1]	_	_	Hauptteil[8]	2. Data[10]	
5-13	390-391	.	1. Richtig[1]	1. Angemessen[1]	1. Verständlich[1]	*[1]	Lebensdauer/Verfügbarkeit vorhanden[1]	*[1]	*[1]	*[1]	*[1]	Wirkungsgrad vorhanden[1]	Pro A[1]	Contra B[1]	Contra C[1]	_	_	Hauptteil[8]	2. Data[10]	

6-1	393-397	Mehr	1. Richtig[1]	1. Angemessen[1]	1. Verständlich[1]	*[1]	Lebensdauer/Verfügbarkeit vorhanden[1]	*[1]	*[1]	*[1]	*[1]	Wirkungsgrad vorhanden[1]	Pro A[1]	Contra B[1]	Contra C[1]	_	_	Hauptteil[8]	2. Data[11]	
6-2	398-401	als	1. Richtig[1]	1. Angemessen[1]	1. Verständlich[1]	*[1]	Lebensdauer/Verfügbarkeit vorhanden[1]	*[1]	*[1]	*[1]	*[1]	Wirkungsgrad vorhanden[1]	Pro A[1]	Contra B[1]	Contra C[1]	_	_	Hauptteil[8]	2. Data[11]	
6-3	402-405	die	1. Richtig[1]	1. Angemessen[1]	1. Verständlich[1]	*[1]	Lebensdauer/Verfügbarkeit vorhanden[1]	*[1]	*[1]	*[1]	*[1]	Wirkungsgrad vorhanden[1]	Pro A[1]	Contra B[1]	Contra C[1]	_	_	Hauptteil[8]	2. Data[11]	
6-4	406-411	Parks	1. Richtig[1]	1. Angemessen[1]	1. Verständlich[1]	*[1]	Lebensdauer/Verfügbarkeit vorhanden[1]	*[1]	*[1]	*[1]	*[1]	Wirkungsgrad vorhanden[1]	Pro A[1]	Contra B[1]	Contra C[1]	_	_	Hauptteil[8]	2. Data[11]	
6-5	411-412	.	1. Richtig[1]	1. Angemessen[1]	1. Verständlich[1]	*[1]	Lebensdauer/Verfügbarkeit vorhanden[1]	*[1]	*[1]	*[1]	*[1]	Wirkungsgrad vorhanden[1]	Pro A[1]	Contra B[1]	Contra C[1]	_	_	Hauptteil[8]	2. Data[11]	

7-1	414-417	Das	1. Richtig[2]	1. Angemessen[2]	1. Verständlich[2]	*[2]	*[2]	*[2]	Preis/Betrieb vorhanden[2]	*[2]	*[2]	*[2]	Contra A[2]	Pro B[2]	Pro C[2]	_	_	Hauptteil[8]	1. Claim[12]	
7-2	418-425	Problem	1. Richtig[2]	1. Angemessen[2]	1. Verständlich[2]	*[2]	*[2]	*[2]	Preis/Betrieb vorhanden[2]	*[2]	*[2]	*[2]	Contra A[2]	Pro B[2]	Pro C[2]	_	_	Hauptteil[8]	1. Claim[12]	
7-3	426-429	ist	1. Richtig[2]	1. Angemessen[2]	1. Verständlich[2]	*[2]	*[2]	*[2]	Preis/Betrieb vorhanden[2]	*[2]	*[2]	*[2]	Contra A[2]	Pro B[2]	Pro C[2]	_	_	Hauptteil[8]	1. Claim[12]	
7-4	430-434	aber	1. Richtig[2]	1. Angemessen[2]	1. Verständlich[2]	*[2]	*[2]	*[2]	Preis/Betrieb vorhanden[2]	*[2]	*[2]	*[2]	Contra A[2]	Pro B[2]	Pro C[2]	_	_	Hauptteil[8]	1. Claim[12]	
7-5	434-435	,	1. Richtig[2]	1. Angemessen[2]	1. Verständlich[2]	*[2]	*[2]	*[2]	Preis/Betrieb vorhanden[2]	*[2]	*[2]	*[2]	Contra A[2]	Pro B[2]	Pro C[2]	_	_	Hauptteil[8]	1. Claim[12]	
7-6	436-440	dass	1. Richtig[2]	1. Angemessen[2]	1. Verständlich[2]	*[2]	*[2]	*[2]	Preis/Betrieb vorhanden[2]	*[2]	*[2]	*[2]	Contra A[2]	Pro B[2]	Pro C[2]	_	_	Hauptteil[8]	2. Data[13]	
7-7	441-444	sie	1. Richtig[2]	1. Angemessen[2]	1. Verständlich[2]	*[2]	*[2]	*[2]	Preis/Betrieb vorhanden[2]	*[2]	*[2]	*[2]	Contra A[2]	Pro B[2]	Pro C[2]	_	_	Hauptteil[8]	2. Data[13]	
7-8	445-449	sehr	1. Richtig[2]	1. Angemessen[2]	1. Verständlich[2]	*[2]	*[2]	*[2]	Preis/Betrieb vorhanden[2]	*[2]	*[2]	*[2]	Contra A[2]	Pro B[2]	Pro C[2]	_	_	Hauptteil[8]	2. Data[13]	
7-9	450-455	teuer	1. Richtig[2]	1. Angemessen[2]	1. Verständlich[2]	*[2]	*[2]	*[2]	Preis/Betrieb vorhanden[2]	*[2]	*[2]	*[2]	Contra A[2]	Pro B[2]	Pro C[2]	_	_	Hauptteil[8]	2. Data[13]	
7-10	456-459	ist	1. Richtig[2]	1. Angemessen[2]	1. Verständlich[2]	*[2]	*[2]	*[2]	Preis/Betrieb vorhanden[2]	*[2]	*[2]	*[2]	Contra A[2]	Pro B[2]	Pro C[2]	_	_	Hauptteil[8]	2. Data[13]	
7-11	459-460	.	1. Richtig[2]	1. Angemessen[2]	1. Verständlich[2]	*[2]	*[2]	*[2]	Preis/Betrieb vorhanden[2]	*[2]	*[2]	*[2]	Contra A[2]	Pro B[2]	Pro C[2]	_	_	Hauptteil[8]	2. Data[13]	

8-1	462-464	Da	1. Richtig[2]	1. Angemessen[2]	1. Verständlich[2]	*[2]	*[2]	*[2]	Preis/Betrieb vorhanden[2]	*[2]	*[2]	*[2]	Contra A[2]	Pro B[2]	Pro C[2]	_	_	Hauptteil[8]	1. Claim[14]	
8-2	465-469	wäre	1. Richtig[2]	1. Angemessen[2]	1. Verständlich[2]	*[2]	*[2]	*[2]	Preis/Betrieb vorhanden[2]	*[2]	*[2]	*[2]	Contra A[2]	Pro B[2]	Pro C[2]	_	_	Hauptteil[8]	1. Claim[14]	
8-3	470-473	der	1. Richtig[2]	1. Angemessen[2]	1. Verständlich[2]	*[2]	*[2]	*[2]	Preis/Betrieb vorhanden[2]	*[2]	*[2]	*[2]	Contra A[2]	Pro B[2]	Pro C[2]	_	_	Hauptteil[8]	1. Claim[14]	
8-4	474-483	Wind-oder	1. Richtig[2]	1. Angemessen[2]	1. Verständlich[2]	*[2]	*[2]	*[2]	Preis/Betrieb vorhanden[2]	*[2]	*[2]	*[2]	Contra A[2]	Pro B[2]	Pro C[2]	_	_	Hauptteil[8]	1. Claim[14]	
8-5	484-493	Solarpark	1. Richtig[2]	1. Angemessen[2]	1. Verständlich[2]	*[2]	*[2]	*[2]	Preis/Betrieb vorhanden[2]	*[2]	*[2]	*[2]	Contra A[2]	Pro B[2]	Pro C[2]	_	_	Hauptteil[8]	1. Claim[14]	
8-6	494-500	besser	1. Richtig[2]	1. Angemessen[2]	1. Verständlich[2]	*[2]	*[2]	*[2]	Preis/Betrieb vorhanden[2]	*[2]	*[2]	*[2]	Contra A[2]	Pro B[2]	Pro C[2]	_	_	Hauptteil[8]	1. Claim[14]	
8-7	500-501	.	1. Richtig[2]	1. Angemessen[2]	1. Verständlich[2]	*[2]	*[2]	*[2]	Preis/Betrieb vorhanden[2]	*[2]	*[2]	*[2]	Contra A[2]	Pro B[2]	Pro C[2]	_	_	Hauptteil[8]	1. Claim[14]	

9-1	503-506	Der	1. Richtig[3]	1. Angemessen[3]	1. Verständlich[3]	Jahresertrag/Energiedichte Vorhanden[3]	Lebensdauer/Verfügbarkeit vorhanden[3]	*[3]	*[3]	*[3]	*[3]	*[3]	*[3]	*[3]	Unklar C[3]	_	_	Hauptteil[8]	2. Data[15]	
9-2	507-515	Windpark	1. Richtig[3]	1. Angemessen[3]	1. Verständlich[3]	Jahresertrag/Energiedichte Vorhanden[3]	Lebensdauer/Verfügbarkeit vorhanden[3]	*[3]	*[3]	*[3]	*[3]	*[3]	*[3]	*[3]	Unklar C[3]	_	_	Hauptteil[8]	2. Data[15]	
9-3	516-519	hat	1. Richtig[3]	1. Angemessen[3]	1. Verständlich[3]	Jahresertrag/Energiedichte Vorhanden[3]	Lebensdauer/Verfügbarkeit vorhanden[3]	*[3]	*[3]	*[3]	*[3]	*[3]	*[3]	*[3]	Unklar C[3]	_	_	Hauptteil[8]	2. Data[15]	
9-4	520-523	den	1. Richtig[3]	1. Angemessen[3]	1. Verständlich[3]	Jahresertrag/Energiedichte Vorhanden[3]	Lebensdauer/Verfügbarkeit vorhanden[3]	*[3]	*[3]	*[3]	*[3]	*[3]	*[3]	*[3]	Unklar C[3]	_	_	Hauptteil[8]	2. Data[15]	
9-5	524-532	höchsten	1. Richtig[3]	1. Angemessen[3]	1. Verständlich[3]	Jahresertrag/Energiedichte Vorhanden[3]	Lebensdauer/Verfügbarkeit vorhanden[3]	*[3]	*[3]	*[3]	*[3]	*[3]	*[3]	*[3]	Unklar C[3]	_	_	Hauptteil[8]	2. Data[15]	
9-6	533-545	Jahresertrag	1. Richtig[3]	1. Angemessen[3]	1. Verständlich[3]	Jahresertrag/Energiedichte Vorhanden[3]	Lebensdauer/Verfügbarkeit vorhanden[3]	*[3]	*[3]	*[3]	*[3]	*[3]	*[3]	*[3]	Unklar C[3]	_	_	Hauptteil[8]	2. Data[15]	
9-7	545-546	,	1. Richtig[3]	1. Angemessen[3]	1. Verständlich[3]	Jahresertrag/Energiedichte Vorhanden[3]	Lebensdauer/Verfügbarkeit vorhanden[3]	*[3]	*[3]	*[3]	*[3]	*[3]	*[3]	*[3]	Unklar C[3]	_	_	Hauptteil[8]	2. Data[15]	
9-8	547-550	der	1. Richtig[3]	1. Angemessen[3]	1. Verständlich[3]	Jahresertrag/Energiedichte Vorhanden[3]	Lebensdauer/Verfügbarkeit vorhanden[3]	*[3]	*[3]	*[3]	*[3]	*[3]	*[3]	*[3]	Unklar C[3]	_	_	Hauptteil[8]	2. Data[15]	
9-9	551-555	drei	1. Richtig[3]	1. Angemessen[3]	1. Verständlich[3]	Jahresertrag/Energiedichte Vorhanden[3]	Lebensdauer/Verfügbarkeit vorhanden[3]	*[3]	*[3]	*[3]	*[3]	*[3]	*[3]	*[3]	Unklar C[3]	_	_	Hauptteil[8]	2. Data[15]	
9-10	556-565	Kriterien	1. Richtig[3]	1. Angemessen[3]	1. Verständlich[3]	Jahresertrag/Energiedichte Vorhanden[3]	Lebensdauer/Verfügbarkeit vorhanden[3]	*[3]	*[3]	*[3]	*[3]	*[3]	*[3]	*[3]	Unklar C[3]	_	_	Hauptteil[8]	2. Data[15]	
9-11	565-566	,	1. Richtig[3]	1. Angemessen[3]	1. Verständlich[3]	Jahresertrag/Energiedichte Vorhanden[3]	Lebensdauer/Verfügbarkeit vorhanden[3]	*[3]	*[3]	*[3]	*[3]	*[3]	*[3]	*[3]	Unklar C[3]	_	_	Hauptteil[8]	2. Data[15]	
9-12	567-572	dafür	1. Richtig[3]	1. Angemessen[3]	1. Verständlich[3]	Jahresertrag/Energiedichte Vorhanden[3]	Lebensdauer/Verfügbarkeit vorhanden[3]	*[3]	*[3]	*[3]	*[3]	*[3]	*[3]	*[3]	Unklar C[3]	_	_	Hauptteil[8]	4. Rebuttal[16]	
9-13	573-576	nur	1. Richtig[3]	1. Angemessen[3]	1. Verständlich[3]	Jahresertrag/Energiedichte Vorhanden[3]	Lebensdauer/Verfügbarkeit vorhanden[3]	*[3]	*[3]	*[3]	*[3]	*[3]	*[3]	*[3]	Unklar C[3]	_	_	Hauptteil[8]	4. Rebuttal[16]	
9-14	577-581	eine	1. Richtig[3]	1. Angemessen[3]	1. Verständlich[3]	Jahresertrag/Energiedichte Vorhanden[3]	Lebensdauer/Verfügbarkeit vorhanden[3]	*[3]	*[3]	*[3]	*[3]	*[3]	*[3]	*[3]	Unklar C[3]	_	_	Hauptteil[8]	4. Rebuttal[16]	
9-15	582-591	geringere	1. Richtig[3]	1. Angemessen[3]	1. Verständlich[3]	Jahresertrag/Energiedichte Vorhanden[3]	Lebensdauer/Verfügbarkeit vorhanden[3]	*[3]	*[3]	*[3]	*[3]	*[3]	*[3]	*[3]	Unklar C[3]	_	_	Hauptteil[8]	4. Rebuttal[16]	
9-16	592-603	Lebensdauer	1. Richtig[3]	1. Angemessen[3]	1. Verständlich[3]	Jahresertrag/Energiedichte Vorhanden[3]	Lebensdauer/Verfügbarkeit vorhanden[3]	*[3]	*[3]	*[3]	*[3]	*[3]	*[3]	*[3]	Unklar C[3]	_	_	Hauptteil[8]	4. Rebuttal[16]	
9-17	603-604	.	1. Richtig[3]	1. Angemessen[3]	1. Verständlich[3]	Jahresertrag/Energiedichte Vorhanden[3]	Lebensdauer/Verfügbarkeit vorhanden[3]	*[3]	*[3]	*[3]	*[3]	*[3]	*[3]	*[3]	Unklar C[3]	_	_	Hauptteil[8]	4. Rebuttal[16]	

10-1	606-609	Den	1. Richtig[4]	1. Angemessen[4]	1. Verständlich[4]	Jahresertrag/Energiedichte Vorhanden[4]	Lebensdauer/Verfügbarkeit vorhanden[4]	*[4]	*[4]	*[4]	*[4]	Wirkungsgrad vorhanden[4]	*[4]	Contra B[4]	*[4]	_	_	Hauptteil[8]	1. Claim[17]	
10-2	610-619	Solarpark	1. Richtig[4]	1. Angemessen[4]	1. Verständlich[4]	Jahresertrag/Energiedichte Vorhanden[4]	Lebensdauer/Verfügbarkeit vorhanden[4]	*[4]	*[4]	*[4]	*[4]	Wirkungsgrad vorhanden[4]	*[4]	Contra B[4]	*[4]	_	_	Hauptteil[8]	1. Claim[17]	
10-3	620-625	finde	1. Richtig[4]	1. Angemessen[4]	1. Verständlich[4]	Jahresertrag/Energiedichte Vorhanden[4]	Lebensdauer/Verfügbarkeit vorhanden[4]	*[4]	*[4]	*[4]	*[4]	Wirkungsgrad vorhanden[4]	*[4]	Contra B[4]	*[4]	_	_	Hauptteil[8]	1. Claim[17]	
10-4	626-629	ich	1. Richtig[4]	1. Angemessen[4]	1. Verständlich[4]	Jahresertrag/Energiedichte Vorhanden[4]	Lebensdauer/Verfügbarkeit vorhanden[4]	*[4]	*[4]	*[4]	*[4]	Wirkungsgrad vorhanden[4]	*[4]	Contra B[4]	*[4]	_	_	Hauptteil[8]	1. Claim[17]	
10-5	630-635	nicht	1. Richtig[4]	1. Angemessen[4]	1. Verständlich[4]	Jahresertrag/Energiedichte Vorhanden[4]	Lebensdauer/Verfügbarkeit vorhanden[4]	*[4]	*[4]	*[4]	*[4]	Wirkungsgrad vorhanden[4]	*[4]	Contra B[4]	*[4]	_	_	Hauptteil[8]	1. Claim[17]	
10-6	636-638	so	1. Richtig[4]	1. Angemessen[4]	1. Verständlich[4]	Jahresertrag/Energiedichte Vorhanden[4]	Lebensdauer/Verfügbarkeit vorhanden[4]	*[4]	*[4]	*[4]	*[4]	Wirkungsgrad vorhanden[4]	*[4]	Contra B[4]	*[4]	_	_	Hauptteil[8]	1. Claim[17]	
10-7	639-642	gut	1. Richtig[4]	1. Angemessen[4]	1. Verständlich[4]	Jahresertrag/Energiedichte Vorhanden[4]	Lebensdauer/Verfügbarkeit vorhanden[4]	*[4]	*[4]	*[4]	*[4]	Wirkungsgrad vorhanden[4]	*[4]	Contra B[4]	*[4]	_	_	Hauptteil[8]	1. Claim[17]	
10-8	642-643	,	1. Richtig[4]	1. Angemessen[4]	1. Verständlich[4]	Jahresertrag/Energiedichte Vorhanden[4]	Lebensdauer/Verfügbarkeit vorhanden[4]	*[4]	*[4]	*[4]	*[4]	Wirkungsgrad vorhanden[4]	*[4]	Contra B[4]	*[4]	_	_	Hauptteil[8]	1. Claim[17]	
10-9	644-646	da	1. Richtig[4]	1. Angemessen[4]	1. Verständlich[4]	Jahresertrag/Energiedichte Vorhanden[4]	Lebensdauer/Verfügbarkeit vorhanden[4]	*[4]	*[4]	*[4]	*[4]	Wirkungsgrad vorhanden[4]	*[4]	Contra B[4]	*[4]	_	_	Hauptteil[8]	2. Data[18]	
10-10	647-653	dieser	1. Richtig[4]	1. Angemessen[4]	1. Verständlich[4]	Jahresertrag/Energiedichte Vorhanden[4]	Lebensdauer/Verfügbarkeit vorhanden[4]	*[4]	*[4]	*[4]	*[4]	Wirkungsgrad vorhanden[4]	*[4]	Contra B[4]	*[4]	_	_	Hauptteil[8]	2. Data[18]	
10-11	654-659	einen	1. Richtig[4]	1. Angemessen[4]	1. Verständlich[4]	Jahresertrag/Energiedichte Vorhanden[4]	Lebensdauer/Verfügbarkeit vorhanden[4]	*[4]	*[4]	*[4]	*[4]	Wirkungsgrad vorhanden[4]	*[4]	Contra B[4]	*[4]	_	_	Hauptteil[8]	2. Data[18]	
10-12	660-668	geringen	1. Richtig[4]	1. Angemessen[4]	1. Verständlich[4]	Jahresertrag/Energiedichte Vorhanden[4]	Lebensdauer/Verfügbarkeit vorhanden[4]	*[4]	*[4]	*[4]	*[4]	Wirkungsgrad vorhanden[4]	*[4]	Contra B[4]	*[4]	_	_	Hauptteil[8]	2. Data[18]	
10-13	669-681	Wirkungsgrad	1. Richtig[4]	1. Angemessen[4]	1. Verständlich[4]	Jahresertrag/Energiedichte Vorhanden[4]	Lebensdauer/Verfügbarkeit vorhanden[4]	*[4]	*[4]	*[4]	*[4]	Wirkungsgrad vorhanden[4]	*[4]	Contra B[4]	*[4]	_	_	Hauptteil[8]	2. Data[18]	
10-14	682-687	einen	1. Richtig[4]	1. Angemessen[4]	1. Verständlich[4]	Jahresertrag/Energiedichte Vorhanden[4]	Lebensdauer/Verfügbarkeit vorhanden[4]	*[4]	*[4]	*[4]	*[4]	Wirkungsgrad vorhanden[4]	*[4]	Contra B[4]	*[4]	_	_	Hauptteil[8]	2. Data[18]	
10-15	688-696	geringen	1. Richtig[4]	1. Angemessen[4]	1. Verständlich[4]	Jahresertrag/Energiedichte Vorhanden[4]	Lebensdauer/Verfügbarkeit vorhanden[4]	*[4]	*[4]	*[4]	*[4]	Wirkungsgrad vorhanden[4]	*[4]	Contra B[4]	*[4]	_	_	Hauptteil[8]	2. Data[18]	
10-16	697-709	Jahresertrag	1. Richtig[4]	1. Angemessen[4]	1. Verständlich[4]	Jahresertrag/Energiedichte Vorhanden[4]	Lebensdauer/Verfügbarkeit vorhanden[4]	*[4]	*[4]	*[4]	*[4]	Wirkungsgrad vorhanden[4]	*[4]	Contra B[4]	*[4]	_	_	Hauptteil[8]	2. Data[18]	
10-17	709-710	,	1. Richtig[4]	1. Angemessen[4]	1. Verständlich[4]	Jahresertrag/Energiedichte Vorhanden[4]	Lebensdauer/Verfügbarkeit vorhanden[4]	*[4]	*[4]	*[4]	*[4]	Wirkungsgrad vorhanden[4]	*[4]	Contra B[4]	*[4]	_	_	Hauptteil[8]	2. Data[18]	
10-18	711-716	sowie	1. Richtig[4]	1. Angemessen[4]	1. Verständlich[4]	Jahresertrag/Energiedichte Vorhanden[4]	Lebensdauer/Verfügbarkeit vorhanden[4]	*[4]	*[4]	*[4]	*[4]	Wirkungsgrad vorhanden[4]	*[4]	Contra B[4]	*[4]	_	_	Hauptteil[8]	2. Data[18]	
10-19	717-721	eine	1. Richtig[4]	1. Angemessen[4]	1. Verständlich[4]	Jahresertrag/Energiedichte Vorhanden[4]	Lebensdauer/Verfügbarkeit vorhanden[4]	*[4]	*[4]	*[4]	*[4]	Wirkungsgrad vorhanden[4]	*[4]	Contra B[4]	*[4]	_	_	Hauptteil[8]	2. Data[18]	
10-20	722-730	mittlere	1. Richtig[4]	1. Angemessen[4]	1. Verständlich[4]	Jahresertrag/Energiedichte Vorhanden[4]	Lebensdauer/Verfügbarkeit vorhanden[4]	*[4]	*[4]	*[4]	*[4]	Wirkungsgrad vorhanden[4]	*[4]	Contra B[4]	*[4]	_	_	Hauptteil[8]	2. Data[18]	
10-21	731-742	Lebensdauer	1. Richtig[4]	1. Angemessen[4]	1. Verständlich[4]	Jahresertrag/Energiedichte Vorhanden[4]	Lebensdauer/Verfügbarkeit vorhanden[4]	*[4]	*[4]	*[4]	*[4]	Wirkungsgrad vorhanden[4]	*[4]	Contra B[4]	*[4]	_	_	Hauptteil[8]	2. Data[18]	
10-22	742-743	.	1. Richtig[4]	1. Angemessen[4]	1. Verständlich[4]	Jahresertrag/Energiedichte Vorhanden[4]	Lebensdauer/Verfügbarkeit vorhanden[4]	*[4]	*[4]	*[4]	*[4]	Wirkungsgrad vorhanden[4]	*[4]	Contra B[4]	*[4]	_	_	Hauptteil[8]	2. Data[18]	

11-1	745-748	Was	1. Richtig[5]	1. Angemessen[5]	1. Verständlich[5]	*[5]	*[5]	Emissionen vorhanden[5]	Preis/Betrieb vorhanden[5]	*[5]	*[5]	*[5]	*[5]	Pro B[5]	*[5]	_	_	Hauptteil[8]	1. Claim[19]	
11-2	749-753	dort	1. Richtig[5]	1. Angemessen[5]	1. Verständlich[5]	*[5]	*[5]	Emissionen vorhanden[5]	Preis/Betrieb vorhanden[5]	*[5]	*[5]	*[5]	*[5]	Pro B[5]	*[5]	_	_	Hauptteil[8]	1. Claim[19]	
11-3	754-760	jedoch	1. Richtig[5]	1. Angemessen[5]	1. Verständlich[5]	*[5]	*[5]	Emissionen vorhanden[5]	Preis/Betrieb vorhanden[5]	*[5]	*[5]	*[5]	*[5]	Pro B[5]	*[5]	_	_	Hauptteil[8]	1. Claim[19]	
11-4	761-764	gut	1. Richtig[5]	1. Angemessen[5]	1. Verständlich[5]	*[5]	*[5]	Emissionen vorhanden[5]	Preis/Betrieb vorhanden[5]	*[5]	*[5]	*[5]	*[5]	Pro B[5]	*[5]	_	_	Hauptteil[8]	1. Claim[19]	
11-5	765-768	ist	1. Richtig[5]	1. Angemessen[5]	1. Verständlich[5]	*[5]	*[5]	Emissionen vorhanden[5]	Preis/Betrieb vorhanden[5]	*[5]	*[5]	*[5]	*[5]	Pro B[5]	*[5]	_	_	Hauptteil[8]	1. Claim[19]	
11-6	768-769	,	1. Richtig[5]	1. Angemessen[5]	1. Verständlich[5]	*[5]	*[5]	Emissionen vorhanden[5]	Preis/Betrieb vorhanden[5]	*[5]	*[5]	*[5]	*[5]	Pro B[5]	*[5]	_	_	Hauptteil[8]	1. Claim[19]	
11-7	770-773	das	1. Richtig[5]	1. Angemessen[5]	1. Verständlich[5]	*[5]	*[5]	Emissionen vorhanden[5]	Preis/Betrieb vorhanden[5]	*[5]	*[5]	*[5]	*[5]	Pro B[5]	*[5]	_	_	Hauptteil[8]	2. Data[20]	
11-8	774-777	sie	1. Richtig[5]	1. Angemessen[5]	1. Verständlich[5]	*[5]	*[5]	Emissionen vorhanden[5]	Preis/Betrieb vorhanden[5]	*[5]	*[5]	*[5]	*[5]	Pro B[5]	*[5]	_	_	Hauptteil[8]	2. Data[20]	
11-9	778-783	keine	1. Richtig[5]	1. Angemessen[5]	1. Verständlich[5]	*[5]	*[5]	Emissionen vorhanden[5]	Preis/Betrieb vorhanden[5]	*[5]	*[5]	*[5]	*[5]	Pro B[5]	*[5]	_	_	Hauptteil[8]	2. Data[20]	
11-10	784-791	lokalen	1. Richtig[5]	1. Angemessen[5]	1. Verständlich[5]	*[5]	*[5]	Emissionen vorhanden[5]	Preis/Betrieb vorhanden[5]	*[5]	*[5]	*[5]	*[5]	Pro B[5]	*[5]	_	_	Hauptteil[8]	2. Data[20]	
11-11	792-802	Emissionen	1. Richtig[5]	1. Angemessen[5]	1. Verständlich[5]	*[5]	*[5]	Emissionen vorhanden[5]	Preis/Betrieb vorhanden[5]	*[5]	*[5]	*[5]	*[5]	Pro B[5]	*[5]	_	_	Hauptteil[8]	2. Data[20]	
11-12	803-806	hat	1. Richtig[5]	1. Angemessen[5]	1. Verständlich[5]	*[5]	*[5]	Emissionen vorhanden[5]	Preis/Betrieb vorhanden[5]	*[5]	*[5]	*[5]	*[5]	Pro B[5]	*[5]	_	_	Hauptteil[8]	2. Data[20]	
11-13	807-810	und	1. Richtig[5]	1. Angemessen[5]	1. Verständlich[5]	*[5]	*[5]	Emissionen vorhanden[5]	Preis/Betrieb vorhanden[5]	*[5]	*[5]	*[5]	*[5]	Pro B[5]	*[5]	_	_	Hauptteil[8]	2. Data[20]	
11-14	811-815	auch	1. Richtig[5]	1. Angemessen[5]	1. Verständlich[5]	*[5]	*[5]	Emissionen vorhanden[5]	Preis/Betrieb vorhanden[5]	*[5]	*[5]	*[5]	*[5]	Pro B[5]	*[5]	_	_	Hauptteil[8]	2. Data[20]	
11-15	816-821	nicht	1. Richtig[5]	1. Angemessen[5]	1. Verständlich[5]	*[5]	*[5]	Emissionen vorhanden[5]	Preis/Betrieb vorhanden[5]	*[5]	*[5]	*[5]	*[5]	Pro B[5]	*[5]	_	_	Hauptteil[8]	2. Data[20]	
11-16	822-824	so	1. Richtig[5]	1. Angemessen[5]	1. Verständlich[5]	*[5]	*[5]	Emissionen vorhanden[5]	Preis/Betrieb vorhanden[5]	*[5]	*[5]	*[5]	*[5]	Pro B[5]	*[5]	_	_	Hauptteil[8]	2. Data[20]	
11-17	825-829	viel	1. Richtig[5]	1. Angemessen[5]	1. Verständlich[5]	*[5]	*[5]	Emissionen vorhanden[5]	Preis/Betrieb vorhanden[5]	*[5]	*[5]	*[5]	*[5]	Pro B[5]	*[5]	_	_	Hauptteil[8]	2. Data[20]	
11-18	830-836	kostet	1. Richtig[5]	1. Angemessen[5]	1. Verständlich[5]	*[5]	*[5]	Emissionen vorhanden[5]	Preis/Betrieb vorhanden[5]	*[5]	*[5]	*[5]	*[5]	Pro B[5]	*[5]	_	_	Hauptteil[8]	2. Data[20]	
11-19	836-837	,	1. Richtig[5]	1. Angemessen[5]	1. Verständlich[5]	*[5]	*[5]	Emissionen vorhanden[5]	Preis/Betrieb vorhanden[5]	*[5]	*[5]	*[5]	*[5]	Pro B[5]	*[5]	_	_	Hauptteil[8]	2. Data[20]	
11-20	838-841	wie	1. Richtig[5]	1. Angemessen[5]	1. Verständlich[5]	*[5]	*[5]	Emissionen vorhanden[5]	Preis/Betrieb vorhanden[5]	*[5]	*[5]	*[5]	*[5]	Pro B[5]	*[5]	_	_	Hauptteil[8]	2. Data[20]	
11-21	842-845	die	1. Richtig[5]	1. Angemessen[5]	1. Verständlich[5]	*[5]	*[5]	Emissionen vorhanden[5]	Preis/Betrieb vorhanden[5]	*[5]	*[5]	*[5]	*[5]	Pro B[5]	*[5]	_	_	Hauptteil[8]	2. Data[20]	
11-22	846-853	anderen	1. Richtig[5]	1. Angemessen[5]	1. Verständlich[5]	*[5]	*[5]	Emissionen vorhanden[5]	Preis/Betrieb vorhanden[5]	*[5]	*[5]	*[5]	*[5]	Pro B[5]	*[5]	_	_	Hauptteil[8]	2. Data[20]	
11-23	853-854	.	1. Richtig[5]	1. Angemessen[5]	1. Verständlich[5]	*[5]	*[5]	Emissionen vorhanden[5]	Preis/Betrieb vorhanden[5]	*[5]	*[5]	*[5]	*[5]	Pro B[5]	*[5]	_	_	Hauptteil[8]	2. Data[20]	

12-1	856-858	Da	_	_	_	_	_	_	_	_	_	_	_	_	_	_	_	Schluss[9]	_	
12-2	859-863	alle	_	_	_	_	_	_	_	_	_	_	_	_	_	_	_	Schluss[9]	_	
12-3	864-867	Vor	_	_	_	_	_	_	_	_	_	_	_	_	_	_	_	Schluss[9]	_	
12-4	868-871	und	_	_	_	_	_	_	_	_	_	_	_	_	_	_	_	Schluss[9]	_	
12-5	872-881	Nachteile	_	_	_	_	_	_	_	_	_	_	_	_	_	_	_	Schluss[9]	_	
12-6	882-887	haben	_	_	_	_	_	_	_	_	_	_	_	_	_	_	_	Schluss[9]	_	
12-7	887-888	,	_	_	_	_	_	_	_	_	_	_	_	_	_	_	_	Schluss[9]	_	
12-8	889-892	ist	_	_	_	_	_	_	_	_	_	_	_	_	_	_	_	Schluss[9]	_	
12-9	893-899	keines	_	_	_	_	_	_	_	_	_	_	_	_	_	_	_	Schluss[9]	_	
12-10	900-903	der	_	_	_	_	_	_	_	_	_	_	_	_	_	_	_	Schluss[9]	_	
12-11	904-908	drei	_	_	_	_	_	_	_	_	_	_	_	_	_	_	_	Schluss[9]	_	
12-12	909-922	Möglichkeiten	_	_	_	_	_	_	_	_	_	_	_	_	_	_	_	Schluss[9]	_	
12-13	923-930	perfekt	_	_	_	_	_	_	_	_	_	_	_	_	_	_	_	Schluss[9]	_	
12-14	930-931	,	_	_	_	_	_	_	_	_	_	_	_	_	_	_	_	Schluss[9]	_	
12-15	932-939	sondern	_	_	_	_	_	_	_	_	_	_	_	_	_	_	_	Schluss[9]	_	
12-16	940-942	es	_	_	_	_	_	_	_	_	_	_	_	_	_	_	_	Schluss[9]	_	
12-17	943-947	wäre	_	_	_	_	_	_	_	_	_	_	_	_	_	_	_	Schluss[9]	_	
12-18	948-954	besser	_	_	_	_	_	_	_	_	_	_	_	_	_	_	_	Schluss[9]	_	
12-19	954-955	,	_	_	_	_	_	_	_	_	_	_	_	_	_	_	_	Schluss[9]	_	
12-20	956-960	wenn	_	_	_	_	_	_	_	_	_	_	_	_	_	_	_	Schluss[9]	_	
12-21	961-964	wir	_	_	_	_	_	_	_	_	_	_	_	_	_	_	_	Schluss[9]	_	
12-22	965-969	alle	_	_	_	_	_	_	_	_	_	_	_	_	_	_	_	Schluss[9]	_	
12-23	970-974	drei	_	_	_	_	_	_	_	_	_	_	_	_	_	_	_	Schluss[9]	_	
12-24	975-983	umsetzen	_	_	_	_	_	_	_	_	_	_	_	_	_	_	_	Schluss[9]	_	
12-25	984-989	würde	_	_	_	_	_	_	_	_	_	_	_	_	_	_	_	Schluss[9]	_	
12-26	989-990	.	_	_	_	_	_	_	_	_	_	_	_	_	_	_	_	Schluss[9]	_	

13-1	992-999	Dennoch	_	_	_	_	_	_	_	_	_	_	_	_	_	1. Trade-off[6]	Gesamtthese[6]	Schluss[9]	_	
13-2	1000-1005	würde	_	_	_	_	_	_	_	_	_	_	_	_	_	1. Trade-off[6]	Gesamtthese[6]	Schluss[9]	_	
13-3	1006-1009	ich	_	_	_	_	_	_	_	_	_	_	_	_	_	1. Trade-off[6]	Gesamtthese[6]	Schluss[9]	_	
13-4	1010-1014	mich	_	_	_	_	_	_	_	_	_	_	_	_	_	1. Trade-off[6]	Gesamtthese[6]	Schluss[9]	_	
13-5	1015-1018	für	_	_	_	_	_	_	_	_	_	_	_	_	_	1. Trade-off[6]	Gesamtthese[6]	Schluss[9]	_	
13-6	1019-1022	die	_	_	_	_	_	_	_	_	_	_	_	_	_	1. Trade-off[6]	Gesamtthese[6]	Schluss[9]	_	
13-7	1023-1040	Wasserkraftanlage	_	_	_	_	_	_	_	_	_	_	_	_	_	1. Trade-off[6]	Gesamtthese[6]	Schluss[9]	_	
13-8	1041-1052	entscheiden	_	_	_	_	_	_	_	_	_	_	_	_	_	1. Trade-off[6]	Gesamtthese[6]	Schluss[9]	_	
13-9	1052-1053	,	_	_	_	_	_	_	_	_	_	_	_	_	_	1. Trade-off[6]	Gesamtthese[6]	Schluss[9]	_	
13-10	1054-1056	da	_	_	_	_	_	_	_	_	_	_	_	_	_	1. Trade-off[6]	Gesamtthese[6]	Schluss[9]	_	
13-11	1057-1060	man	_	_	_	_	_	_	_	_	_	_	_	_	_	1. Trade-off[6]	Gesamtthese[6]	Schluss[9]	_	
13-12	1061-1067	einmal	_	_	_	_	_	_	_	_	_	_	_	_	_	1. Trade-off[6]	Gesamtthese[6]	Schluss[9]	_	
13-13	1068-1072	viel	_	_	_	_	_	_	_	_	_	_	_	_	_	1. Trade-off[6]	Gesamtthese[6]	Schluss[9]	_	
13-14	1073-1077	Geld	_	_	_	_	_	_	_	_	_	_	_	_	_	1. Trade-off[6]	Gesamtthese[6]	Schluss[9]	_	
13-15	1078-1080	in	_	_	_	_	_	_	_	_	_	_	_	_	_	1. Trade-off[6]	Gesamtthese[6]	Schluss[9]	_	
13-16	1081-1084	die	_	_	_	_	_	_	_	_	_	_	_	_	_	1. Trade-off[6]	Gesamtthese[6]	Schluss[9]	_	
13-17	1085-1090	Sache	_	_	_	_	_	_	_	_	_	_	_	_	_	1. Trade-off[6]	Gesamtthese[6]	Schluss[9]	_	
13-18	1091-1102	investieren	_	_	_	_	_	_	_	_	_	_	_	_	_	1. Trade-off[6]	Gesamtthese[6]	Schluss[9]	_	
13-19	1103-1107	muss	_	_	_	_	_	_	_	_	_	_	_	_	_	1. Trade-off[6]	Gesamtthese[6]	Schluss[9]	_	
13-20	1107-1108	.	_	_	_	_	_	_	_	_	_	_	_	_	_	1. Trade-off[6]	Gesamtthese[6]	Schluss[9]	_	

14-1	1110-1115	Dafür	_	_	_	_	_	_	_	_	_	_	_	_	_	_	_	Schluss[9]	_	
14-2	1116-1119	hat	_	_	_	_	_	_	_	_	_	_	_	_	_	_	_	Schluss[9]	_	
14-3	1120-1123	man	_	_	_	_	_	_	_	_	_	_	_	_	_	_	_	Schluss[9]	_	
14-4	1124-1127	auf	_	_	_	_	_	_	_	_	_	_	_	_	_	_	_	Schluss[9]	_	
14-5	1128-1132	eine	_	_	_	_	_	_	_	_	_	_	_	_	_	_	_	Schluss[9]	_	
14-6	1133-1138	lange	_	_	_	_	_	_	_	_	_	_	_	_	_	_	_	Schluss[9]	_	
14-7	1139-1143	Zeit	_	_	_	_	_	_	_	_	_	_	_	_	_	_	_	Schluss[9]	_	
14-8	1144-1149	etwas	_	_	_	_	_	_	_	_	_	_	_	_	_	_	_	Schluss[9]	_	
14-9	1150-1155	davon	_	_	_	_	_	_	_	_	_	_	_	_	_	_	_	Schluss[9]	_	
14-10	1156-1159	und	_	_	_	_	_	_	_	_	_	_	_	_	_	_	_	Schluss[9]	_	
14-11	1160-1163	der	_	_	_	_	_	_	_	_	_	_	_	_	_	_	_	Schluss[9]	_	
14-12	1164-1176	Wirkungsgrad	_	_	_	_	_	_	_	_	_	_	_	_	_	_	_	Schluss[9]	_	
14-13	1177-1180	ist	_	_	_	_	_	_	_	_	_	_	_	_	_	_	_	Schluss[9]	_	
14-14	1181-1184	wie	_	_	_	_	_	_	_	_	_	_	_	_	_	_	_	Schluss[9]	_	
14-15	1185-1191	gesagt	_	_	_	_	_	_	_	_	_	_	_	_	_	_	_	Schluss[9]	_	
14-16	1192-1196	auch	_	_	_	_	_	_	_	_	_	_	_	_	_	_	_	Schluss[9]	_	
14-17	1197-1201	sehr	_	_	_	_	_	_	_	_	_	_	_	_	_	_	_	Schluss[9]	_	
14-18	1202-1206	hoch	_	_	_	_	_	_	_	_	_	_	_	_	_	_	_	Schluss[9]	_	
14-19	1206-1207	.	_	_	_	_	_	_	_	_	_	_	_	_	_	_	_	Schluss[9]	_	

15-1	1209-1212	Ein	_	_	_	_	_	_	_	_	_	_	_	_	_	_	_	Schluss[9]	_	
15-2	1213-1221	weiterer	_	_	_	_	_	_	_	_	_	_	_	_	_	_	_	Schluss[9]	_	
15-3	1222-1229	Vorteil	_	_	_	_	_	_	_	_	_	_	_	_	_	_	_	Schluss[9]	_	
15-4	1230-1233	ist	_	_	_	_	_	_	_	_	_	_	_	_	_	_	_	Schluss[9]	_	
15-5	1233-1234	,	_	_	_	_	_	_	_	_	_	_	_	_	_	_	_	Schluss[9]	_	
15-6	1235-1238	das	_	_	_	_	_	_	_	_	_	_	_	_	_	_	_	Schluss[9]	_	
15-7	1239-1245	Wasser	_	_	_	_	_	_	_	_	_	_	_	_	_	_	_	Schluss[9]	_	
15-8	1246-1251	immer	_	_	_	_	_	_	_	_	_	_	_	_	_	_	_	Schluss[9]	_	
15-9	1252-1261	vorhanden	_	_	_	_	_	_	_	_	_	_	_	_	_	_	_	Schluss[9]	_	
15-10	1262-1265	ist	_	_	_	_	_	_	_	_	_	_	_	_	_	_	_	Schluss[9]	_	
15-11	1266-1269	und	_	_	_	_	_	_	_	_	_	_	_	_	_	_	_	Schluss[9]	_	
15-12	1270-1273	die	_	_	_	_	_	_	_	_	_	_	_	_	_	_	_	Schluss[9]	_	
15-13	1274-1279	Sonne	_	_	_	_	_	_	_	_	_	_	_	_	_	_	_	Schluss[9]	_	
15-14	1280-1283	nur	_	_	_	_	_	_	_	_	_	_	_	_	_	_	_	Schluss[9]	_	
15-15	1284-1286	am	_	_	_	_	_	_	_	_	_	_	_	_	_	_	_	Schluss[9]	_	
15-16	1287-1290	Tag	_	_	_	_	_	_	_	_	_	_	_	_	_	_	_	Schluss[9]	_	
15-17	1290-1291	.	_	_	_	_	_	_	_	_	_	_	_	_	_	_	_	Schluss[9]	_	

16-1	1293-1296	Der	_	_	_	_	_	_	_	_	_	_	_	_	_	_	_	Schluss[9]	_	
16-2	1297-1301	Wind	_	_	_	_	_	_	_	_	_	_	_	_	_	_	_	Schluss[9]	_	
16-3	1302-1305	ist	_	_	_	_	_	_	_	_	_	_	_	_	_	_	_	Schluss[9]	_	
16-4	1306-1310	auch	_	_	_	_	_	_	_	_	_	_	_	_	_	_	_	Schluss[9]	_	
16-5	1311-1316	nicht	_	_	_	_	_	_	_	_	_	_	_	_	_	_	_	Schluss[9]	_	
16-6	1317-1322	immer	_	_	_	_	_	_	_	_	_	_	_	_	_	_	_	Schluss[9]	_	
16-7	1323-1329	gleich	_	_	_	_	_	_	_	_	_	_	_	_	_	_	_	Schluss[9]	_	
16-8	1330-1338	konstant	_	_	_	_	_	_	_	_	_	_	_	_	_	_	_	Schluss[9]	_	
16-9	1338-1339	,	_	_	_	_	_	_	_	_	_	_	_	_	_	_	_	Schluss[9]	_	
16-10	1340-1343	was	_	_	_	_	_	_	_	_	_	_	_	_	_	_	_	Schluss[9]	_	
16-11	1344-1348	auch	_	_	_	_	_	_	_	_	_	_	_	_	_	_	_	Schluss[9]	_	
16-12	1349-1351	zu	_	_	_	_	_	_	_	_	_	_	_	_	_	_	_	Schluss[9]	_	
16-13	1352-1361	Problemen	_	_	_	_	_	_	_	_	_	_	_	_	_	_	_	Schluss[9]	_	
16-14	1362-1368	führen	_	_	_	_	_	_	_	_	_	_	_	_	_	_	_	Schluss[9]	_	
16-15	1369-1373	kann	_	_	_	_	_	_	_	_	_	_	_	_	_	_	_	Schluss[9]	_	
16-16	1373-1374	.	_	_	_	_	_	_	_	_	_	_	_	_	_	_	_	Schluss[9]	_	
