#FORMAT=WebAnno TSV 3.3
#T_SP=webanno.custom.Argument|Accuracy|Adequacy|Clarity|KriteriumJahresertragEnergiedichte|KriteriumLebensdauerVerfgbarkeit|KriteriumLokaleEmissionenGeruschemissionen|KriteriumPreisBetrieb|KriteriumSonstiges|KriteriumTreibhausgasemissionen|KriteriumWirkungsgrad|OptionA|OptionB|OptionC
#T_SP=webanno.custom.DecisionMakingStrategies|Decision|Gesamtthese
#T_SP=webanno.custom.Struktur|Struktur
#T_SP=webanno.custom.StrukturTAP|TAPArgumente


1-1	0-2	Es	_	_	_	_	_	_	_	_	_	_	_	_	_	_	_	Einleitung[6]	_	
1-2	3-7	geht	_	_	_	_	_	_	_	_	_	_	_	_	_	_	_	Einleitung[6]	_	
1-3	8-13	darum	_	_	_	_	_	_	_	_	_	_	_	_	_	_	_	Einleitung[6]	_	
1-4	13-14	,	_	_	_	_	_	_	_	_	_	_	_	_	_	_	_	Einleitung[6]	_	
1-5	15-19	dass	_	_	_	_	_	_	_	_	_	_	_	_	_	_	_	Einleitung[6]	_	
1-6	20-23	die	_	_	_	_	_	_	_	_	_	_	_	_	_	_	_	Einleitung[6]	_	
1-7	24-33	Politiker	_	_	_	_	_	_	_	_	_	_	_	_	_	_	_	Einleitung[6]	_	
1-8	34-42	entweder	_	_	_	_	_	_	_	_	_	_	_	_	_	_	_	Einleitung[6]	_	
1-9	43-48	einen	_	_	_	_	_	_	_	_	_	_	_	_	_	_	_	Einleitung[6]	_	
1-10	49-53	Wind	_	_	_	_	_	_	_	_	_	_	_	_	_	_	_	Einleitung[6]	_	
1-11	53-54	-	_	_	_	_	_	_	_	_	_	_	_	_	_	_	_	Einleitung[6]	_	
1-12	55-59	oder	_	_	_	_	_	_	_	_	_	_	_	_	_	_	_	Einleitung[6]	_	
1-13	60-69	Solarpark	_	_	_	_	_	_	_	_	_	_	_	_	_	_	_	Einleitung[6]	_	
1-14	70-74	oder	_	_	_	_	_	_	_	_	_	_	_	_	_	_	_	Einleitung[6]	_	
1-15	75-79	eine	_	_	_	_	_	_	_	_	_	_	_	_	_	_	_	Einleitung[6]	_	
1-16	80-97	Wasserkraftanlage	_	_	_	_	_	_	_	_	_	_	_	_	_	_	_	Einleitung[6]	_	
1-17	98-100	in	_	_	_	_	_	_	_	_	_	_	_	_	_	_	_	Einleitung[6]	_	
1-18	101-115	Norddeutschlan	_	_	_	_	_	_	_	_	_	_	_	_	_	_	_	Einleitung[6]	_	
1-19	116-121	bauen	_	_	_	_	_	_	_	_	_	_	_	_	_	_	_	Einleitung[6]	_	
1-20	122-128	wollen	_	_	_	_	_	_	_	_	_	_	_	_	_	_	_	Einleitung[6]	_	
1-21	128-129	,	_	_	_	_	_	_	_	_	_	_	_	_	_	_	_	Einleitung[6]	_	
1-22	130-132	um	_	_	_	_	_	_	_	_	_	_	_	_	_	_	_	Einleitung[6]	_	
1-23	133-146	Treibhasugase	_	_	_	_	_	_	_	_	_	_	_	_	_	_	_	Einleitung[6]	_	
1-24	147-158	einzusparen	_	_	_	_	_	_	_	_	_	_	_	_	_	_	_	Einleitung[6]	_	
1-25	158-159	.	_	_	_	_	_	_	_	_	_	_	_	_	_	_	_	Einleitung[6]	_	

2-1	161-164	Ein	1. Richtig[1]	1. Angemessen[1]	1. Verständlich[1]	Jahresertrag/Energiedichte Vorhanden[1]	*[1]	*[1]	*[1]	Sonstiges vorhanden[1]	*[1]	Wirkungsgrad vorhanden[1]	*[1]	Contra B[1]	*[1]	_	_	Hauptteil[7]	1. Claim[9]	
2-2	165-174	Solarpark	1. Richtig[1]	1. Angemessen[1]	1. Verständlich[1]	Jahresertrag/Energiedichte Vorhanden[1]	*[1]	*[1]	*[1]	Sonstiges vorhanden[1]	*[1]	Wirkungsgrad vorhanden[1]	*[1]	Contra B[1]	*[1]	_	_	Hauptteil[7]	1. Claim[9]	
2-3	175-179	wäre	1. Richtig[1]	1. Angemessen[1]	1. Verständlich[1]	Jahresertrag/Energiedichte Vorhanden[1]	*[1]	*[1]	*[1]	Sonstiges vorhanden[1]	*[1]	Wirkungsgrad vorhanden[1]	*[1]	Contra B[1]	*[1]	_	_	Hauptteil[7]	1. Claim[9]	
2-4	180-185	nicht	1. Richtig[1]	1. Angemessen[1]	1. Verständlich[1]	Jahresertrag/Energiedichte Vorhanden[1]	*[1]	*[1]	*[1]	Sonstiges vorhanden[1]	*[1]	Wirkungsgrad vorhanden[1]	*[1]	Contra B[1]	*[1]	_	_	Hauptteil[7]	1. Claim[9]	
2-5	186-188	so	1. Richtig[1]	1. Angemessen[1]	1. Verständlich[1]	Jahresertrag/Energiedichte Vorhanden[1]	*[1]	*[1]	*[1]	Sonstiges vorhanden[1]	*[1]	Wirkungsgrad vorhanden[1]	*[1]	Contra B[1]	*[1]	_	_	Hauptteil[7]	1. Claim[9]	
2-6	189-200	vorteilhaft	1. Richtig[1]	1. Angemessen[1]	1. Verständlich[1]	Jahresertrag/Energiedichte Vorhanden[1]	*[1]	*[1]	*[1]	Sonstiges vorhanden[1]	*[1]	Wirkungsgrad vorhanden[1]	*[1]	Contra B[1]	*[1]	_	_	Hauptteil[7]	1. Claim[9]	
2-7	200-201	,	1. Richtig[1]	1. Angemessen[1]	1. Verständlich[1]	Jahresertrag/Energiedichte Vorhanden[1]	*[1]	*[1]	*[1]	Sonstiges vorhanden[1]	*[1]	Wirkungsgrad vorhanden[1]	*[1]	Contra B[1]	*[1]	_	_	Hauptteil[7]	1. Claim[9]	
2-8	202-204	da	1. Richtig[1]	1. Angemessen[1]	1. Verständlich[1]	Jahresertrag/Energiedichte Vorhanden[1]	*[1]	*[1]	*[1]	Sonstiges vorhanden[1]	*[1]	Wirkungsgrad vorhanden[1]	*[1]	Contra B[1]	*[1]	_	_	Hauptteil[7]	1. Claim[10]	
2-9	205-207	in	1. Richtig[1]	1. Angemessen[1]	1. Verständlich[1]	Jahresertrag/Energiedichte Vorhanden[1]	*[1]	*[1]	*[1]	Sonstiges vorhanden[1]	*[1]	Wirkungsgrad vorhanden[1]	*[1]	Contra B[1]	*[1]	_	_	Hauptteil[7]	1. Claim[10]	
2-10	208-223	Norddeutschland	1. Richtig[1]	1. Angemessen[1]	1. Verständlich[1]	Jahresertrag/Energiedichte Vorhanden[1]	*[1]	*[1]	*[1]	Sonstiges vorhanden[1]	*[1]	Wirkungsgrad vorhanden[1]	*[1]	Contra B[1]	*[1]	_	_	Hauptteil[7]	1. Claim[10]	
2-11	224-229	nicht	1. Richtig[1]	1. Angemessen[1]	1. Verständlich[1]	Jahresertrag/Energiedichte Vorhanden[1]	*[1]	*[1]	*[1]	Sonstiges vorhanden[1]	*[1]	Wirkungsgrad vorhanden[1]	*[1]	Contra B[1]	*[1]	_	_	Hauptteil[7]	1. Claim[10]	
2-12	230-232	so	1. Richtig[1]	1. Angemessen[1]	1. Verständlich[1]	Jahresertrag/Energiedichte Vorhanden[1]	*[1]	*[1]	*[1]	Sonstiges vorhanden[1]	*[1]	Wirkungsgrad vorhanden[1]	*[1]	Contra B[1]	*[1]	_	_	Hauptteil[7]	1. Claim[10]	
2-13	233-237	viel	1. Richtig[1]	1. Angemessen[1]	1. Verständlich[1]	Jahresertrag/Energiedichte Vorhanden[1]	*[1]	*[1]	*[1]	Sonstiges vorhanden[1]	*[1]	Wirkungsgrad vorhanden[1]	*[1]	Contra B[1]	*[1]	_	_	Hauptteil[7]	1. Claim[10]	
2-14	238-243	Sonne	1. Richtig[1]	1. Angemessen[1]	1. Verständlich[1]	Jahresertrag/Energiedichte Vorhanden[1]	*[1]	*[1]	*[1]	Sonstiges vorhanden[1]	*[1]	Wirkungsgrad vorhanden[1]	*[1]	Contra B[1]	*[1]	_	_	Hauptteil[7]	1. Claim[10]	
2-15	244-251	scheint	1. Richtig[1]	1. Angemessen[1]	1. Verständlich[1]	Jahresertrag/Energiedichte Vorhanden[1]	*[1]	*[1]	*[1]	Sonstiges vorhanden[1]	*[1]	Wirkungsgrad vorhanden[1]	*[1]	Contra B[1]	*[1]	_	_	Hauptteil[7]	1. Claim[10]	
2-16	252-255	wie	1. Richtig[1]	1. Angemessen[1]	1. Verständlich[1]	Jahresertrag/Energiedichte Vorhanden[1]	*[1]	*[1]	*[1]	Sonstiges vorhanden[1]	*[1]	Wirkungsgrad vorhanden[1]	*[1]	Contra B[1]	*[1]	_	_	Hauptteil[7]	1. Claim[10]	
2-17	256-259	zum	1. Richtig[1]	1. Angemessen[1]	1. Verständlich[1]	Jahresertrag/Energiedichte Vorhanden[1]	*[1]	*[1]	*[1]	Sonstiges vorhanden[1]	*[1]	Wirkungsgrad vorhanden[1]	*[1]	Contra B[1]	*[1]	_	_	Hauptteil[7]	1. Claim[10]	
2-18	260-268	Beispiel	1. Richtig[1]	1. Angemessen[1]	1. Verständlich[1]	Jahresertrag/Energiedichte Vorhanden[1]	*[1]	*[1]	*[1]	Sonstiges vorhanden[1]	*[1]	Wirkungsgrad vorhanden[1]	*[1]	Contra B[1]	*[1]	_	_	Hauptteil[7]	1. Claim[10]	
2-19	269-271	in	1. Richtig[1]	1. Angemessen[1]	1. Verständlich[1]	Jahresertrag/Energiedichte Vorhanden[1]	*[1]	*[1]	*[1]	Sonstiges vorhanden[1]	*[1]	Wirkungsgrad vorhanden[1]	*[1]	Contra B[1]	*[1]	_	_	Hauptteil[7]	1. Claim[10]	
2-20	272-286	Süddeutschland	1. Richtig[1]	1. Angemessen[1]	1. Verständlich[1]	Jahresertrag/Energiedichte Vorhanden[1]	*[1]	*[1]	*[1]	Sonstiges vorhanden[1]	*[1]	Wirkungsgrad vorhanden[1]	*[1]	Contra B[1]	*[1]	_	_	Hauptteil[7]	1. Claim[10]	
2-21	286-287	.	1. Richtig[1]	1. Angemessen[1]	1. Verständlich[1]	Jahresertrag/Energiedichte Vorhanden[1]	*[1]	*[1]	*[1]	Sonstiges vorhanden[1]	*[1]	Wirkungsgrad vorhanden[1]	*[1]	Contra B[1]	*[1]	_	_	Hauptteil[7]	1. Claim[10]	

3-1	289-293	Auch	1. Richtig[1]	1. Angemessen[1]	1. Verständlich[1]	Jahresertrag/Energiedichte Vorhanden[1]	*[1]	*[1]	*[1]	Sonstiges vorhanden[1]	*[1]	Wirkungsgrad vorhanden[1]	*[1]	Contra B[1]	*[1]	_	_	Hauptteil[7]	2. Data[11]	
3-2	294-297	hat	1. Richtig[1]	1. Angemessen[1]	1. Verständlich[1]	Jahresertrag/Energiedichte Vorhanden[1]	*[1]	*[1]	*[1]	Sonstiges vorhanden[1]	*[1]	Wirkungsgrad vorhanden[1]	*[1]	Contra B[1]	*[1]	_	_	Hauptteil[7]	2. Data[11]	
3-3	298-301	der	1. Richtig[1]	1. Angemessen[1]	1. Verständlich[1]	Jahresertrag/Energiedichte Vorhanden[1]	*[1]	*[1]	*[1]	Sonstiges vorhanden[1]	*[1]	Wirkungsgrad vorhanden[1]	*[1]	Contra B[1]	*[1]	_	_	Hauptteil[7]	2. Data[11]	
3-4	302-311	Solarpark	1. Richtig[1]	1. Angemessen[1]	1. Verständlich[1]	Jahresertrag/Energiedichte Vorhanden[1]	*[1]	*[1]	*[1]	Sonstiges vorhanden[1]	*[1]	Wirkungsgrad vorhanden[1]	*[1]	Contra B[1]	*[1]	_	_	Hauptteil[7]	2. Data[11]	
3-5	312-315	den	1. Richtig[1]	1. Angemessen[1]	1. Verständlich[1]	Jahresertrag/Energiedichte Vorhanden[1]	*[1]	*[1]	*[1]	Sonstiges vorhanden[1]	*[1]	Wirkungsgrad vorhanden[1]	*[1]	Contra B[1]	*[1]	_	_	Hauptteil[7]	2. Data[11]	
3-6	316-327	niedrigsten	1. Richtig[1]	1. Angemessen[1]	1. Verständlich[1]	Jahresertrag/Energiedichte Vorhanden[1]	*[1]	*[1]	*[1]	Sonstiges vorhanden[1]	*[1]	Wirkungsgrad vorhanden[1]	*[1]	Contra B[1]	*[1]	_	_	Hauptteil[7]	2. Data[11]	
3-7	328-340	Jahresertrag	1. Richtig[1]	1. Angemessen[1]	1. Verständlich[1]	Jahresertrag/Energiedichte Vorhanden[1]	*[1]	*[1]	*[1]	Sonstiges vorhanden[1]	*[1]	Wirkungsgrad vorhanden[1]	*[1]	Contra B[1]	*[1]	_	_	Hauptteil[7]	2. Data[11]	
3-8	341-344	mit	1. Richtig[1]	1. Angemessen[1]	1. Verständlich[1]	Jahresertrag/Energiedichte Vorhanden[1]	*[1]	*[1]	*[1]	Sonstiges vorhanden[1]	*[1]	Wirkungsgrad vorhanden[1]	*[1]	Contra B[1]	*[1]	_	_	Hauptteil[7]	2. Data[11]	
3-9	345-350	19GWh	1. Richtig[1]	1. Angemessen[1]	1. Verständlich[1]	Jahresertrag/Energiedichte Vorhanden[1]	*[1]	*[1]	*[1]	Sonstiges vorhanden[1]	*[1]	Wirkungsgrad vorhanden[1]	*[1]	Contra B[1]	*[1]	_	_	Hauptteil[7]	2. Data[11]	
3-10	351-354	und	1. Richtig[1]	1. Angemessen[1]	1. Verständlich[1]	Jahresertrag/Energiedichte Vorhanden[1]	*[1]	*[1]	*[1]	Sonstiges vorhanden[1]	*[1]	Wirkungsgrad vorhanden[1]	*[1]	Contra B[1]	*[1]	_	_	Hauptteil[7]	2. Data[11]	
3-11	355-358	den	1. Richtig[1]	1. Angemessen[1]	1. Verständlich[1]	Jahresertrag/Energiedichte Vorhanden[1]	*[1]	*[1]	*[1]	Sonstiges vorhanden[1]	*[1]	Wirkungsgrad vorhanden[1]	*[1]	Contra B[1]	*[1]	_	_	Hauptteil[7]	2. Data[11]	
3-12	359-370	niedrigsten	1. Richtig[1]	1. Angemessen[1]	1. Verständlich[1]	Jahresertrag/Energiedichte Vorhanden[1]	*[1]	*[1]	*[1]	Sonstiges vorhanden[1]	*[1]	Wirkungsgrad vorhanden[1]	*[1]	Contra B[1]	*[1]	_	_	Hauptteil[7]	2. Data[11]	
3-13	371-383	Wirkungsgrad	1. Richtig[1]	1. Angemessen[1]	1. Verständlich[1]	Jahresertrag/Energiedichte Vorhanden[1]	*[1]	*[1]	*[1]	Sonstiges vorhanden[1]	*[1]	Wirkungsgrad vorhanden[1]	*[1]	Contra B[1]	*[1]	_	_	Hauptteil[7]	2. Data[11]	
3-14	384-387	mit	1. Richtig[1]	1. Angemessen[1]	1. Verständlich[1]	Jahresertrag/Energiedichte Vorhanden[1]	*[1]	*[1]	*[1]	Sonstiges vorhanden[1]	*[1]	Wirkungsgrad vorhanden[1]	*[1]	Contra B[1]	*[1]	_	_	Hauptteil[7]	2. Data[11]	
3-15	388-391	21%	1. Richtig[1]	1. Angemessen[1]	1. Verständlich[1]	Jahresertrag/Energiedichte Vorhanden[1]	*[1]	*[1]	*[1]	Sonstiges vorhanden[1]	*[1]	Wirkungsgrad vorhanden[1]	*[1]	Contra B[1]	*[1]	_	_	Hauptteil[7]	2. Data[11]	
3-16	391-392	.	1. Richtig[1]	1. Angemessen[1]	1. Verständlich[1]	Jahresertrag/Energiedichte Vorhanden[1]	*[1]	*[1]	*[1]	Sonstiges vorhanden[1]	*[1]	Wirkungsgrad vorhanden[1]	*[1]	Contra B[1]	*[1]	_	_	Hauptteil[7]	2. Data[11]	

4-1	394-397	Die	1. Richtig[2]	1. Angemessen[2]	1. Verständlich[2]	*[2]	*[2]	*[2]	Preis/Betrieb vorhanden[2]	Sonstiges vorhanden[2]	*[2]	Wirkungsgrad vorhanden[2]	Contra A[2]	*[2]	*[2]	_	_	Hauptteil[7]	2. Data[12]	
4-2	398-415	Wasserkraftanlage	1. Richtig[2]	1. Angemessen[2]	1. Verständlich[2]	*[2]	*[2]	*[2]	Preis/Betrieb vorhanden[2]	Sonstiges vorhanden[2]	*[2]	Wirkungsgrad vorhanden[2]	Contra A[2]	*[2]	*[2]	_	_	Hauptteil[7]	2. Data[12]	
4-3	416-419	hat	1. Richtig[2]	1. Angemessen[2]	1. Verständlich[2]	*[2]	*[2]	*[2]	Preis/Betrieb vorhanden[2]	Sonstiges vorhanden[2]	*[2]	Wirkungsgrad vorhanden[2]	Contra A[2]	*[2]	*[2]	_	_	Hauptteil[7]	2. Data[12]	
4-4	420-424	zwar	1. Richtig[2]	1. Angemessen[2]	1. Verständlich[2]	*[2]	*[2]	*[2]	Preis/Betrieb vorhanden[2]	Sonstiges vorhanden[2]	*[2]	Wirkungsgrad vorhanden[2]	Contra A[2]	*[2]	*[2]	_	_	Hauptteil[7]	2. Data[12]	
4-5	425-428	den	1. Richtig[2]	1. Angemessen[2]	1. Verständlich[2]	*[2]	*[2]	*[2]	Preis/Betrieb vorhanden[2]	Sonstiges vorhanden[2]	*[2]	Wirkungsgrad vorhanden[2]	Contra A[2]	*[2]	*[2]	_	_	Hauptteil[7]	2. Data[12]	
4-6	429-437	höchsten	1. Richtig[2]	1. Angemessen[2]	1. Verständlich[2]	*[2]	*[2]	*[2]	Preis/Betrieb vorhanden[2]	Sonstiges vorhanden[2]	*[2]	Wirkungsgrad vorhanden[2]	Contra A[2]	*[2]	*[2]	_	_	Hauptteil[7]	2. Data[12]	
4-7	438-451	Wirkungsgrand	1. Richtig[2]	1. Angemessen[2]	1. Verständlich[2]	*[2]	*[2]	*[2]	Preis/Betrieb vorhanden[2]	Sonstiges vorhanden[2]	*[2]	Wirkungsgrad vorhanden[2]	Contra A[2]	*[2]	*[2]	_	_	Hauptteil[7]	2. Data[12]	
4-8	451-452	,	1. Richtig[2]	1. Angemessen[2]	1. Verständlich[2]	*[2]	*[2]	*[2]	Preis/Betrieb vorhanden[2]	Sonstiges vorhanden[2]	*[2]	Wirkungsgrad vorhanden[2]	Contra A[2]	*[2]	*[2]	_	_	Hauptteil[7]	2. Data[12]	
4-9	453-456	ist	1. Richtig[2]	1. Angemessen[2]	1. Verständlich[2]	*[2]	*[2]	*[2]	Preis/Betrieb vorhanden[2]	Sonstiges vorhanden[2]	*[2]	Wirkungsgrad vorhanden[2]	Contra A[2]	*[2]	*[2]	_	_	Hauptteil[7]	4. Rebuttal[13]	
4-10	457-462	dafür	1. Richtig[2]	1. Angemessen[2]	1. Verständlich[2]	*[2]	*[2]	*[2]	Preis/Betrieb vorhanden[2]	Sonstiges vorhanden[2]	*[2]	Wirkungsgrad vorhanden[2]	Contra A[2]	*[2]	*[2]	_	_	Hauptteil[7]	4. Rebuttal[13]	
4-11	463-467	aber	1. Richtig[2]	1. Angemessen[2]	1. Verständlich[2]	*[2]	*[2]	*[2]	Preis/Betrieb vorhanden[2]	Sonstiges vorhanden[2]	*[2]	Wirkungsgrad vorhanden[2]	Contra A[2]	*[2]	*[2]	_	_	Hauptteil[7]	4. Rebuttal[13]	
4-12	468-472	auch	1. Richtig[2]	1. Angemessen[2]	1. Verständlich[2]	*[2]	*[2]	*[2]	Preis/Betrieb vorhanden[2]	Sonstiges vorhanden[2]	*[2]	Wirkungsgrad vorhanden[2]	Contra A[2]	*[2]	*[2]	_	_	Hauptteil[7]	4. Rebuttal[13]	
4-13	473-475	am	1. Richtig[2]	1. Angemessen[2]	1. Verständlich[2]	*[2]	*[2]	*[2]	Preis/Betrieb vorhanden[2]	Sonstiges vorhanden[2]	*[2]	Wirkungsgrad vorhanden[2]	Contra A[2]	*[2]	*[2]	_	_	Hauptteil[7]	4. Rebuttal[13]	
4-14	476-485	teuersten	1. Richtig[2]	1. Angemessen[2]	1. Verständlich[2]	*[2]	*[2]	*[2]	Preis/Betrieb vorhanden[2]	Sonstiges vorhanden[2]	*[2]	Wirkungsgrad vorhanden[2]	Contra A[2]	*[2]	*[2]	_	_	Hauptteil[7]	4. Rebuttal[13]	
4-15	485-486	.	1. Richtig[2]	1. Angemessen[2]	1. Verständlich[2]	*[2]	*[2]	*[2]	Preis/Betrieb vorhanden[2]	Sonstiges vorhanden[2]	*[2]	Wirkungsgrad vorhanden[2]	Contra A[2]	*[2]	*[2]	_	_	Hauptteil[7]	4. Rebuttal[13]	

5-1	488-491	Ein	1. Richtig[2]	1. Angemessen[2]	1. Verständlich[2]	*[2]	*[2]	*[2]	Preis/Betrieb vorhanden[2]	Sonstiges vorhanden[2]	*[2]	Wirkungsgrad vorhanden[2]	Contra A[2]	*[2]	*[2]	_	_	Hauptteil[7]	1. Claim[14]	
5-2	492-499	anderer	1. Richtig[2]	1. Angemessen[2]	1. Verständlich[2]	*[2]	*[2]	*[2]	Preis/Betrieb vorhanden[2]	Sonstiges vorhanden[2]	*[2]	Wirkungsgrad vorhanden[2]	Contra A[2]	*[2]	*[2]	_	_	Hauptteil[7]	1. Claim[14]	
5-3	500-505	Grund	1. Richtig[2]	1. Angemessen[2]	1. Verständlich[2]	*[2]	*[2]	*[2]	Preis/Betrieb vorhanden[2]	Sonstiges vorhanden[2]	*[2]	Wirkungsgrad vorhanden[2]	Contra A[2]	*[2]	*[2]	_	_	Hauptteil[7]	1. Claim[14]	
5-4	506-511	keine	1. Richtig[2]	1. Angemessen[2]	1. Verständlich[2]	*[2]	*[2]	*[2]	Preis/Betrieb vorhanden[2]	Sonstiges vorhanden[2]	*[2]	Wirkungsgrad vorhanden[2]	Contra A[2]	*[2]	*[2]	_	_	Hauptteil[7]	1. Claim[14]	
5-5	512-529	Wasserkraftanlage	1. Richtig[2]	1. Angemessen[2]	1. Verständlich[2]	*[2]	*[2]	*[2]	Preis/Betrieb vorhanden[2]	Sonstiges vorhanden[2]	*[2]	Wirkungsgrad vorhanden[2]	Contra A[2]	*[2]	*[2]	_	_	Hauptteil[7]	1. Claim[14]	
5-6	530-532	zu	1. Richtig[2]	1. Angemessen[2]	1. Verständlich[2]	*[2]	*[2]	*[2]	Preis/Betrieb vorhanden[2]	Sonstiges vorhanden[2]	*[2]	Wirkungsgrad vorhanden[2]	Contra A[2]	*[2]	*[2]	_	_	Hauptteil[7]	1. Claim[14]	
5-7	533-538	bauen	1. Richtig[2]	1. Angemessen[2]	1. Verständlich[2]	*[2]	*[2]	*[2]	Preis/Betrieb vorhanden[2]	Sonstiges vorhanden[2]	*[2]	Wirkungsgrad vorhanden[2]	Contra A[2]	*[2]	*[2]	_	_	Hauptteil[7]	1. Claim[14]	
5-8	539-542	ist	1. Richtig[2]	1. Angemessen[2]	1. Verständlich[2]	*[2]	*[2]	*[2]	Preis/Betrieb vorhanden[2]	Sonstiges vorhanden[2]	*[2]	Wirkungsgrad vorhanden[2]	Contra A[2]	*[2]	*[2]	_	_	Hauptteil[7]	1. Claim[14]	
5-9	542-543	,	1. Richtig[2]	1. Angemessen[2]	1. Verständlich[2]	*[2]	*[2]	*[2]	Preis/Betrieb vorhanden[2]	Sonstiges vorhanden[2]	*[2]	Wirkungsgrad vorhanden[2]	Contra A[2]	*[2]	*[2]	_	_	Hauptteil[7]	1. Claim[14]	
5-10	544-548	dass	1. Richtig[2]	1. Angemessen[2]	1. Verständlich[2]	*[2]	*[2]	*[2]	Preis/Betrieb vorhanden[2]	Sonstiges vorhanden[2]	*[2]	Wirkungsgrad vorhanden[2]	Contra A[2]	*[2]	*[2]	_	_	Hauptteil[7]	1. Claim[15]	
5-11	549-551	es	1. Richtig[2]	1. Angemessen[2]	1. Verständlich[2]	*[2]	*[2]	*[2]	Preis/Betrieb vorhanden[2]	Sonstiges vorhanden[2]	*[2]	Wirkungsgrad vorhanden[2]	Contra A[2]	*[2]	*[2]	_	_	Hauptteil[7]	1. Claim[15]	
5-12	552-554	in	1. Richtig[2]	1. Angemessen[2]	1. Verständlich[2]	*[2]	*[2]	*[2]	Preis/Betrieb vorhanden[2]	Sonstiges vorhanden[2]	*[2]	Wirkungsgrad vorhanden[2]	Contra A[2]	*[2]	*[2]	_	_	Hauptteil[7]	1. Claim[15]	
5-13	555-570	Norddeutschland	1. Richtig[2]	1. Angemessen[2]	1. Verständlich[2]	*[2]	*[2]	*[2]	Preis/Betrieb vorhanden[2]	Sonstiges vorhanden[2]	*[2]	Wirkungsgrad vorhanden[2]	Contra A[2]	*[2]	*[2]	_	_	Hauptteil[7]	1. Claim[15]	
5-14	571-576	nicht	1. Richtig[2]	1. Angemessen[2]	1. Verständlich[2]	*[2]	*[2]	*[2]	Preis/Betrieb vorhanden[2]	Sonstiges vorhanden[2]	*[2]	Wirkungsgrad vorhanden[2]	Contra A[2]	*[2]	*[2]	_	_	Hauptteil[7]	1. Claim[15]	
5-15	577-579	so	1. Richtig[2]	1. Angemessen[2]	1. Verständlich[2]	*[2]	*[2]	*[2]	Preis/Betrieb vorhanden[2]	Sonstiges vorhanden[2]	*[2]	Wirkungsgrad vorhanden[2]	Contra A[2]	*[2]	*[2]	_	_	Hauptteil[7]	1. Claim[15]	
5-16	580-585	viele	1. Richtig[2]	1. Angemessen[2]	1. Verständlich[2]	*[2]	*[2]	*[2]	Preis/Betrieb vorhanden[2]	Sonstiges vorhanden[2]	*[2]	Wirkungsgrad vorhanden[2]	Contra A[2]	*[2]	*[2]	_	_	Hauptteil[7]	1. Claim[15]	
5-17	586-592	Flüsse	1. Richtig[2]	1. Angemessen[2]	1. Verständlich[2]	*[2]	*[2]	*[2]	Preis/Betrieb vorhanden[2]	Sonstiges vorhanden[2]	*[2]	Wirkungsgrad vorhanden[2]	Contra A[2]	*[2]	*[2]	_	_	Hauptteil[7]	1. Claim[15]	
5-18	593-597	gibt	1. Richtig[2]	1. Angemessen[2]	1. Verständlich[2]	*[2]	*[2]	*[2]	Preis/Betrieb vorhanden[2]	Sonstiges vorhanden[2]	*[2]	Wirkungsgrad vorhanden[2]	Contra A[2]	*[2]	*[2]	_	_	Hauptteil[7]	1. Claim[15]	
5-19	597-598	,	1. Richtig[2]	1. Angemessen[2]	1. Verständlich[2]	*[2]	*[2]	*[2]	Preis/Betrieb vorhanden[2]	Sonstiges vorhanden[2]	*[2]	Wirkungsgrad vorhanden[2]	Contra A[2]	*[2]	*[2]	_	_	Hauptteil[7]	1. Claim[15]	
5-20	599-606	sondern	1. Richtig[2]	1. Angemessen[2]	1. Verständlich[2]	*[2]	*[2]	*[2]	Preis/Betrieb vorhanden[2]	Sonstiges vorhanden[2]	*[2]	Wirkungsgrad vorhanden[2]	Contra A[2]	*[2]	*[2]	_	_	Hauptteil[7]	1. Claim[15]	
5-21	607-611	eher	1. Richtig[2]	1. Angemessen[2]	1. Verständlich[2]	*[2]	*[2]	*[2]	Preis/Betrieb vorhanden[2]	Sonstiges vorhanden[2]	*[2]	Wirkungsgrad vorhanden[2]	Contra A[2]	*[2]	*[2]	_	_	Hauptteil[7]	1. Claim[15]	
5-22	612-617	Meere	1. Richtig[2]	1. Angemessen[2]	1. Verständlich[2]	*[2]	*[2]	*[2]	Preis/Betrieb vorhanden[2]	Sonstiges vorhanden[2]	*[2]	Wirkungsgrad vorhanden[2]	Contra A[2]	*[2]	*[2]	_	_	Hauptteil[7]	1. Claim[15]	
5-23	617-618	,	1. Richtig[2]	1. Angemessen[2]	1. Verständlich[2]	*[2]	*[2]	*[2]	Preis/Betrieb vorhanden[2]	Sonstiges vorhanden[2]	*[2]	Wirkungsgrad vorhanden[2]	Contra A[2]	*[2]	*[2]	_	_	Hauptteil[7]	1. Claim[15]	
5-24	619-621	wo	1. Richtig[2]	1. Angemessen[2]	1. Verständlich[2]	*[2]	*[2]	*[2]	Preis/Betrieb vorhanden[2]	Sonstiges vorhanden[2]	*[2]	Wirkungsgrad vorhanden[2]	Contra A[2]	*[2]	*[2]	_	_	Hauptteil[7]	1. Claim[15]	
5-25	622-626	eine	1. Richtig[2]	1. Angemessen[2]	1. Verständlich[2]	*[2]	*[2]	*[2]	Preis/Betrieb vorhanden[2]	Sonstiges vorhanden[2]	*[2]	Wirkungsgrad vorhanden[2]	Contra A[2]	*[2]	*[2]	_	_	Hauptteil[7]	1. Claim[15]	
5-26	627-644	Wasserkraftanalge	1. Richtig[2]	1. Angemessen[2]	1. Verständlich[2]	*[2]	*[2]	*[2]	Preis/Betrieb vorhanden[2]	Sonstiges vorhanden[2]	*[2]	Wirkungsgrad vorhanden[2]	Contra A[2]	*[2]	*[2]	_	_	Hauptteil[7]	1. Claim[15]	
5-27	645-651	keinen	1. Richtig[2]	1. Angemessen[2]	1. Verständlich[2]	*[2]	*[2]	*[2]	Preis/Betrieb vorhanden[2]	Sonstiges vorhanden[2]	*[2]	Wirkungsgrad vorhanden[2]	Contra A[2]	*[2]	*[2]	_	_	Hauptteil[7]	1. Claim[15]	
5-28	652-656	Sinn	1. Richtig[2]	1. Angemessen[2]	1. Verständlich[2]	*[2]	*[2]	*[2]	Preis/Betrieb vorhanden[2]	Sonstiges vorhanden[2]	*[2]	Wirkungsgrad vorhanden[2]	Contra A[2]	*[2]	*[2]	_	_	Hauptteil[7]	1. Claim[15]	
5-29	657-662	macht	1. Richtig[2]	1. Angemessen[2]	1. Verständlich[2]	*[2]	*[2]	*[2]	Preis/Betrieb vorhanden[2]	Sonstiges vorhanden[2]	*[2]	Wirkungsgrad vorhanden[2]	Contra A[2]	*[2]	*[2]	_	_	Hauptteil[7]	1. Claim[15]	
5-30	662-663	.	1. Richtig[2]	1. Angemessen[2]	1. Verständlich[2]	*[2]	*[2]	*[2]	Preis/Betrieb vorhanden[2]	Sonstiges vorhanden[2]	*[2]	Wirkungsgrad vorhanden[2]	Contra A[2]	*[2]	*[2]	_	_	Hauptteil[7]	1. Claim[15]	

6-1	665-672	Dagegen	1. Richtig[3]	1. Angemessen[3]	1. Verständlich[3]	*[3]	Lebensdauer/Verfügbarkeit vorhanden[3]	*[3]	Preis/Betrieb vorhanden[3]	*[3]	*[3]	*[3]	*[3]	*[3]	Pro C[3]	_	_	Hauptteil[7]	1. Claim[16]	
6-2	673-677	gibt	1. Richtig[3]	1. Angemessen[3]	1. Verständlich[3]	*[3]	Lebensdauer/Verfügbarkeit vorhanden[3]	*[3]	Preis/Betrieb vorhanden[3]	*[3]	*[3]	*[3]	*[3]	*[3]	Pro C[3]	_	_	Hauptteil[7]	1. Claim[16]	
6-3	678-680	es	1. Richtig[3]	1. Angemessen[3]	1. Verständlich[3]	*[3]	Lebensdauer/Verfügbarkeit vorhanden[3]	*[3]	Preis/Betrieb vorhanden[3]	*[3]	*[3]	*[3]	*[3]	*[3]	Pro C[3]	_	_	Hauptteil[7]	1. Claim[16]	
6-4	681-685	sehr	1. Richtig[3]	1. Angemessen[3]	1. Verständlich[3]	*[3]	Lebensdauer/Verfügbarkeit vorhanden[3]	*[3]	Preis/Betrieb vorhanden[3]	*[3]	*[3]	*[3]	*[3]	*[3]	Pro C[3]	_	_	Hauptteil[7]	1. Claim[16]	
6-5	686-690	viel	1. Richtig[3]	1. Angemessen[3]	1. Verständlich[3]	*[3]	Lebensdauer/Verfügbarkeit vorhanden[3]	*[3]	Preis/Betrieb vorhanden[3]	*[3]	*[3]	*[3]	*[3]	*[3]	Pro C[3]	_	_	Hauptteil[7]	1. Claim[16]	
6-6	691-695	Wind	1. Richtig[3]	1. Angemessen[3]	1. Verständlich[3]	*[3]	Lebensdauer/Verfügbarkeit vorhanden[3]	*[3]	Preis/Betrieb vorhanden[3]	*[3]	*[3]	*[3]	*[3]	*[3]	Pro C[3]	_	_	Hauptteil[7]	1. Claim[16]	
6-7	696-704	aufgrund	1. Richtig[3]	1. Angemessen[3]	1. Verständlich[3]	*[3]	Lebensdauer/Verfügbarkeit vorhanden[3]	*[3]	Preis/Betrieb vorhanden[3]	*[3]	*[3]	*[3]	*[3]	*[3]	Pro C[3]	_	_	Hauptteil[7]	1. Claim[16]	
6-8	705-708	der	1. Richtig[3]	1. Angemessen[3]	1. Verständlich[3]	*[3]	Lebensdauer/Verfügbarkeit vorhanden[3]	*[3]	Preis/Betrieb vorhanden[3]	*[3]	*[3]	*[3]	*[3]	*[3]	Pro C[3]	_	_	Hauptteil[7]	1. Claim[16]	
6-9	709-715	Küsten	1. Richtig[3]	1. Angemessen[3]	1. Verständlich[3]	*[3]	Lebensdauer/Verfügbarkeit vorhanden[3]	*[3]	Preis/Betrieb vorhanden[3]	*[3]	*[3]	*[3]	*[3]	*[3]	Pro C[3]	_	_	Hauptteil[7]	1. Claim[16]	
6-10	715-716	.	1. Richtig[3]	1. Angemessen[3]	1. Verständlich[3]	*[3]	Lebensdauer/Verfügbarkeit vorhanden[3]	*[3]	Preis/Betrieb vorhanden[3]	*[3]	*[3]	*[3]	*[3]	*[3]	Pro C[3]	_	_	Hauptteil[7]	1. Claim[16]	

7-1	718-721	Ein	1. Richtig[3]	1. Angemessen[3]	1. Verständlich[3]	*[3]	Lebensdauer/Verfügbarkeit vorhanden[3]	*[3]	Preis/Betrieb vorhanden[3]	*[3]	*[3]	*[3]	*[3]	*[3]	Pro C[3]	_	_	Hauptteil[7]	2. Data[17]	
7-2	722-730	Windpark	1. Richtig[3]	1. Angemessen[3]	1. Verständlich[3]	*[3]	Lebensdauer/Verfügbarkeit vorhanden[3]	*[3]	Preis/Betrieb vorhanden[3]	*[3]	*[3]	*[3]	*[3]	*[3]	Pro C[3]	_	_	Hauptteil[7]	2. Data[17]	
7-3	731-734	hat	1. Richtig[3]	1. Angemessen[3]	1. Verständlich[3]	*[3]	Lebensdauer/Verfügbarkeit vorhanden[3]	*[3]	Preis/Betrieb vorhanden[3]	*[3]	*[3]	*[3]	*[3]	*[3]	Pro C[3]	_	_	Hauptteil[7]	2. Data[17]	
7-4	735-739	auch	1. Richtig[3]	1. Angemessen[3]	1. Verständlich[3]	*[3]	Lebensdauer/Verfügbarkeit vorhanden[3]	*[3]	Preis/Betrieb vorhanden[3]	*[3]	*[3]	*[3]	*[3]	*[3]	Pro C[3]	_	_	Hauptteil[7]	2. Data[17]	
7-5	740-743	den	1. Richtig[3]	1. Angemessen[3]	1. Verständlich[3]	*[3]	Lebensdauer/Verfügbarkeit vorhanden[3]	*[3]	Preis/Betrieb vorhanden[3]	*[3]	*[3]	*[3]	*[3]	*[3]	Pro C[3]	_	_	Hauptteil[7]	2. Data[17]	
7-6	744-752	höchtsen	1. Richtig[3]	1. Angemessen[3]	1. Verständlich[3]	*[3]	Lebensdauer/Verfügbarkeit vorhanden[3]	*[3]	Preis/Betrieb vorhanden[3]	*[3]	*[3]	*[3]	*[3]	*[3]	Pro C[3]	_	_	Hauptteil[7]	2. Data[17]	
7-7	753-765	Jahresertrag	1. Richtig[3]	1. Angemessen[3]	1. Verständlich[3]	*[3]	Lebensdauer/Verfügbarkeit vorhanden[3]	*[3]	Preis/Betrieb vorhanden[3]	*[3]	*[3]	*[3]	*[3]	*[3]	Pro C[3]	_	_	Hauptteil[7]	2. Data[17]	
7-8	766-769	und	1. Richtig[3]	1. Angemessen[3]	1. Verständlich[3]	*[3]	Lebensdauer/Verfügbarkeit vorhanden[3]	*[3]	Preis/Betrieb vorhanden[3]	*[3]	*[3]	*[3]	*[3]	*[3]	Pro C[3]	_	_	Hauptteil[7]	2. Data[17]	
7-9	770-773	mit	1. Richtig[3]	1. Angemessen[3]	1. Verständlich[3]	*[3]	Lebensdauer/Verfügbarkeit vorhanden[3]	*[3]	Preis/Betrieb vorhanden[3]	*[3]	*[3]	*[3]	*[3]	*[3]	Pro C[3]	_	_	Hauptteil[7]	2. Data[17]	
7-10	774-779	einem	1. Richtig[3]	1. Angemessen[3]	1. Verständlich[3]	*[3]	Lebensdauer/Verfügbarkeit vorhanden[3]	*[3]	Preis/Betrieb vorhanden[3]	*[3]	*[3]	*[3]	*[3]	*[3]	Pro C[3]	_	_	Hauptteil[7]	2. Data[17]	
7-11	780-785	Preis	1. Richtig[3]	1. Angemessen[3]	1. Verständlich[3]	*[3]	Lebensdauer/Verfügbarkeit vorhanden[3]	*[3]	Preis/Betrieb vorhanden[3]	*[3]	*[3]	*[3]	*[3]	*[3]	Pro C[3]	_	_	Hauptteil[7]	2. Data[17]	
7-12	786-789	von	1. Richtig[3]	1. Angemessen[3]	1. Verständlich[3]	*[3]	Lebensdauer/Verfügbarkeit vorhanden[3]	*[3]	Preis/Betrieb vorhanden[3]	*[3]	*[3]	*[3]	*[3]	*[3]	Pro C[3]	_	_	Hauptteil[7]	2. Data[17]	
7-13	790-792	14	1. Richtig[3]	1. Angemessen[3]	1. Verständlich[3]	*[3]	Lebensdauer/Verfügbarkeit vorhanden[3]	*[3]	Preis/Betrieb vorhanden[3]	*[3]	*[3]	*[3]	*[3]	*[3]	Pro C[3]	_	_	Hauptteil[7]	2. Data[17]	
7-14	793-796	mio	1. Richtig[3]	1. Angemessen[3]	1. Verständlich[3]	*[3]	Lebensdauer/Verfügbarkeit vorhanden[3]	*[3]	Preis/Betrieb vorhanden[3]	*[3]	*[3]	*[3]	*[3]	*[3]	Pro C[3]	_	_	Hauptteil[7]	2. Data[17]	
7-15	796-797	.	1. Richtig[3]	1. Angemessen[3]	1. Verständlich[3]	*[3]	Lebensdauer/Verfügbarkeit vorhanden[3]	*[3]	Preis/Betrieb vorhanden[3]	*[3]	*[3]	*[3]	*[3]	*[3]	Pro C[3]	_	_	Hauptteil[7]	2. Data[17]	

8-1	799-803	Euro	1. Richtig[3]	1. Angemessen[3]	1. Verständlich[3]	*[3]	Lebensdauer/Verfügbarkeit vorhanden[3]	*[3]	Preis/Betrieb vorhanden[3]	*[3]	*[3]	*[3]	*[3]	*[3]	Pro C[3]	_	_	Hauptteil[7]	2. Data[17]	
8-2	804-807	ist	1. Richtig[3]	1. Angemessen[3]	1. Verständlich[3]	*[3]	Lebensdauer/Verfügbarkeit vorhanden[3]	*[3]	Preis/Betrieb vorhanden[3]	*[3]	*[3]	*[3]	*[3]	*[3]	Pro C[3]	_	_	Hauptteil[7]	2. Data[18]	
8-3	808-812	auch	1. Richtig[3]	1. Angemessen[3]	1. Verständlich[3]	*[3]	Lebensdauer/Verfügbarkeit vorhanden[3]	*[3]	Preis/Betrieb vorhanden[3]	*[3]	*[3]	*[3]	*[3]	*[3]	Pro C[3]	_	_	Hauptteil[7]	2. Data[18]	
8-4	813-816	die	1. Richtig[3]	1. Angemessen[3]	1. Verständlich[3]	*[3]	Lebensdauer/Verfügbarkeit vorhanden[3]	*[3]	Preis/Betrieb vorhanden[3]	*[3]	*[3]	*[3]	*[3]	*[3]	Pro C[3]	_	_	Hauptteil[7]	2. Data[18]	
8-5	817-828	Lebensdauer	1. Richtig[3]	1. Angemessen[3]	1. Verständlich[3]	*[3]	Lebensdauer/Verfügbarkeit vorhanden[3]	*[3]	Preis/Betrieb vorhanden[3]	*[3]	*[3]	*[3]	*[3]	*[3]	Pro C[3]	_	_	Hauptteil[7]	2. Data[18]	
8-6	829-832	von	1. Richtig[3]	1. Angemessen[3]	1. Verständlich[3]	*[3]	Lebensdauer/Verfügbarkeit vorhanden[3]	*[3]	Preis/Betrieb vorhanden[3]	*[3]	*[3]	*[3]	*[3]	*[3]	Pro C[3]	_	_	Hauptteil[7]	2. Data[18]	
8-7	833-837	etwa	1. Richtig[3]	1. Angemessen[3]	1. Verständlich[3]	*[3]	Lebensdauer/Verfügbarkeit vorhanden[3]	*[3]	Preis/Betrieb vorhanden[3]	*[3]	*[3]	*[3]	*[3]	*[3]	Pro C[3]	_	_	Hauptteil[7]	2. Data[18]	
8-8	838-840	20	1. Richtig[3]	1. Angemessen[3]	1. Verständlich[3]	*[3]	Lebensdauer/Verfügbarkeit vorhanden[3]	*[3]	Preis/Betrieb vorhanden[3]	*[3]	*[3]	*[3]	*[3]	*[3]	Pro C[3]	_	_	Hauptteil[7]	2. Data[18]	
8-9	841-847	Jahren	1. Richtig[3]	1. Angemessen[3]	1. Verständlich[3]	*[3]	Lebensdauer/Verfügbarkeit vorhanden[3]	*[3]	Preis/Betrieb vorhanden[3]	*[3]	*[3]	*[3]	*[3]	*[3]	Pro C[3]	_	_	Hauptteil[7]	2. Data[18]	
8-10	848-852	noch	1. Richtig[3]	1. Angemessen[3]	1. Verständlich[3]	*[3]	Lebensdauer/Verfügbarkeit vorhanden[3]	*[3]	Preis/Betrieb vorhanden[3]	*[3]	*[3]	*[3]	*[3]	*[3]	Pro C[3]	_	_	Hauptteil[7]	2. Data[18]	
8-11	853-863	vertretbar	1. Richtig[3]	1. Angemessen[3]	1. Verständlich[3]	*[3]	Lebensdauer/Verfügbarkeit vorhanden[3]	*[3]	Preis/Betrieb vorhanden[3]	*[3]	*[3]	*[3]	*[3]	*[3]	Pro C[3]	_	_	Hauptteil[7]	2. Data[18]	
8-12	863-864	.	1. Richtig[3]	1. Angemessen[3]	1. Verständlich[3]	*[3]	Lebensdauer/Verfügbarkeit vorhanden[3]	*[3]	Preis/Betrieb vorhanden[3]	*[3]	*[3]	*[3]	*[3]	*[3]	Pro C[3]	_	_	Hauptteil[7]	2. Data[18]	

9-1	866-870	Dazu	1. Richtig[4]	1. Angemessen[4]	1. Verständlich[4]	*[4]	*[4]	*[4]	*[4]	*[4]	Treibhausgasemissionen vorhanden[4]	*[4]	*[4]	*[4]	Pro C[4]	_	_	Hauptteil[7]	2. Data[19]	
9-2	871-876	stößt	1. Richtig[4]	1. Angemessen[4]	1. Verständlich[4]	*[4]	*[4]	*[4]	*[4]	*[4]	Treibhausgasemissionen vorhanden[4]	*[4]	*[4]	*[4]	Pro C[4]	_	_	Hauptteil[7]	2. Data[19]	
9-3	877-880	ein	1. Richtig[4]	1. Angemessen[4]	1. Verständlich[4]	*[4]	*[4]	*[4]	*[4]	*[4]	Treibhausgasemissionen vorhanden[4]	*[4]	*[4]	*[4]	Pro C[4]	_	_	Hauptteil[7]	2. Data[19]	
9-4	881-889	Windpark	1. Richtig[4]	1. Angemessen[4]	1. Verständlich[4]	*[4]	*[4]	*[4]	*[4]	*[4]	Treibhausgasemissionen vorhanden[4]	*[4]	*[4]	*[4]	Pro C[4]	_	_	Hauptteil[7]	2. Data[19]	
9-5	890-892	in	1. Richtig[4]	1. Angemessen[4]	1. Verständlich[4]	*[4]	*[4]	*[4]	*[4]	*[4]	Treibhausgasemissionen vorhanden[4]	*[4]	*[4]	*[4]	Pro C[4]	_	_	Hauptteil[7]	2. Data[19]	
9-6	893-896	der	1. Richtig[4]	1. Angemessen[4]	1. Verständlich[4]	*[4]	*[4]	*[4]	*[4]	*[4]	Treibhausgasemissionen vorhanden[4]	*[4]	*[4]	*[4]	Pro C[4]	_	_	Hauptteil[7]	2. Data[19]	
9-7	897-907	Produktion	1. Richtig[4]	1. Angemessen[4]	1. Verständlich[4]	*[4]	*[4]	*[4]	*[4]	*[4]	Treibhausgasemissionen vorhanden[4]	*[4]	*[4]	*[4]	Pro C[4]	_	_	Hauptteil[7]	2. Data[19]	
9-8	908-911	etc	1. Richtig[4]	1. Angemessen[4]	1. Verständlich[4]	*[4]	*[4]	*[4]	*[4]	*[4]	Treibhausgasemissionen vorhanden[4]	*[4]	*[4]	*[4]	Pro C[4]	_	_	Hauptteil[7]	2. Data[19]	
9-9	911-912	.	1. Richtig[4]	1. Angemessen[4]	1. Verständlich[4]	*[4]	*[4]	*[4]	*[4]	*[4]	Treibhausgasemissionen vorhanden[4]	*[4]	*[4]	*[4]	Pro C[4]	_	_	Hauptteil[7]	2. Data[19]	

10-1	914-916	Am	1. Richtig[4]	1. Angemessen[4]	1. Verständlich[4]	*[4]	*[4]	*[4]	*[4]	*[4]	Treibhausgasemissionen vorhanden[4]	*[4]	*[4]	*[4]	Pro C[4]	_	_	Hauptteil[7]	2. Data[19]	
10-2	917-926	wenigsten	1. Richtig[4]	1. Angemessen[4]	1. Verständlich[4]	*[4]	*[4]	*[4]	*[4]	*[4]	Treibhausgasemissionen vorhanden[4]	*[4]	*[4]	*[4]	Pro C[4]	_	_	Hauptteil[7]	2. Data[19]	
10-3	927-930	aus	1. Richtig[4]	1. Angemessen[4]	1. Verständlich[4]	*[4]	*[4]	*[4]	*[4]	*[4]	Treibhausgasemissionen vorhanden[4]	*[4]	*[4]	*[4]	Pro C[4]	_	_	Hauptteil[7]	2. Data[19]	
10-4	931-934	mit	1. Richtig[4]	1. Angemessen[4]	1. Verständlich[4]	*[4]	*[4]	*[4]	*[4]	*[4]	Treibhausgasemissionen vorhanden[4]	*[4]	*[4]	*[4]	Pro C[4]	_	_	Hauptteil[7]	2. Data[19]	
10-5	935-936	8	1. Richtig[4]	1. Angemessen[4]	1. Verständlich[4]	*[4]	*[4]	*[4]	*[4]	*[4]	Treibhausgasemissionen vorhanden[4]	*[4]	*[4]	*[4]	Pro C[4]	_	_	Hauptteil[7]	2. Data[19]	
10-6	936-937	.	1. Richtig[4]	1. Angemessen[4]	1. Verständlich[4]	*[4]	*[4]	*[4]	*[4]	*[4]	Treibhausgasemissionen vorhanden[4]	*[4]	*[4]	*[4]	Pro C[4]	_	_	Hauptteil[7]	2. Data[19]	
10-7	939-943	800T	1. Richtig[4]	1. Angemessen[4]	1. Verständlich[4]	*[4]	*[4]	*[4]	*[4]	*[4]	Treibhausgasemissionen vorhanden[4]	*[4]	*[4]	*[4]	Pro C[4]	_	_	Hauptteil[7]	2. Data[19]	
10-8	943-944	.	1. Richtig[4]	1. Angemessen[4]	1. Verständlich[4]	*[4]	*[4]	*[4]	*[4]	*[4]	Treibhausgasemissionen vorhanden[4]	*[4]	*[4]	*[4]	Pro C[4]	_	_	Hauptteil[7]	2. Data[19]	

11-1	946-954	Aufgrund	_	_	_	_	_	_	_	_	_	_	_	_	_	2. Cut-off[5]	Gesamtthese[5]	Schluss[8]	_	
11-2	955-958	der	_	_	_	_	_	_	_	_	_	_	_	_	_	2. Cut-off[5]	Gesamtthese[5]	Schluss[8]	_	
11-3	959-963	oben	_	_	_	_	_	_	_	_	_	_	_	_	_	2. Cut-off[5]	Gesamtthese[5]	Schluss[8]	_	
11-4	964-973	genannten	_	_	_	_	_	_	_	_	_	_	_	_	_	2. Cut-off[5]	Gesamtthese[5]	Schluss[8]	_	
11-5	974-983	Argumente	_	_	_	_	_	_	_	_	_	_	_	_	_	2. Cut-off[5]	Gesamtthese[5]	Schluss[8]	_	
11-6	984-989	würde	_	_	_	_	_	_	_	_	_	_	_	_	_	2. Cut-off[5]	Gesamtthese[5]	Schluss[8]	_	
11-7	990-993	ich	_	_	_	_	_	_	_	_	_	_	_	_	_	2. Cut-off[5]	Gesamtthese[5]	Schluss[8]	_	
11-8	994-998	mich	_	_	_	_	_	_	_	_	_	_	_	_	_	2. Cut-off[5]	Gesamtthese[5]	Schluss[8]	_	
11-9	999-1003	klar	_	_	_	_	_	_	_	_	_	_	_	_	_	2. Cut-off[5]	Gesamtthese[5]	Schluss[8]	_	
11-10	1004-1007	für	_	_	_	_	_	_	_	_	_	_	_	_	_	2. Cut-off[5]	Gesamtthese[5]	Schluss[8]	_	
11-11	1008-1013	einen	_	_	_	_	_	_	_	_	_	_	_	_	_	2. Cut-off[5]	Gesamtthese[5]	Schluss[8]	_	
11-12	1014-1022	Windpark	_	_	_	_	_	_	_	_	_	_	_	_	_	2. Cut-off[5]	Gesamtthese[5]	Schluss[8]	_	
11-13	1023-1025	an	_	_	_	_	_	_	_	_	_	_	_	_	_	2. Cut-off[5]	Gesamtthese[5]	Schluss[8]	_	
11-14	1026-1032	Stelle	_	_	_	_	_	_	_	_	_	_	_	_	_	2. Cut-off[5]	Gesamtthese[5]	Schluss[8]	_	
11-15	1033-1036	der	_	_	_	_	_	_	_	_	_	_	_	_	_	2. Cut-off[5]	Gesamtthese[5]	Schluss[8]	_	
11-16	1037-1046	Politiker	_	_	_	_	_	_	_	_	_	_	_	_	_	2. Cut-off[5]	Gesamtthese[5]	Schluss[8]	_	
11-17	1047-1058	entscheiden	_	_	_	_	_	_	_	_	_	_	_	_	_	2. Cut-off[5]	Gesamtthese[5]	Schluss[8]	_	
11-18	1058-1059	.	_	_	_	_	_	_	_	_	_	_	_	_	_	2. Cut-off[5]	Gesamtthese[5]	Schluss[8]	_	
