#FORMAT=WebAnno TSV 3.3
#T_SP=webanno.custom.Argument|Accuracy|Adequacy|Clarity|KriteriumJahresertragEnergiedichte|KriteriumLebensdauerVerfgbarkeit|KriteriumLokaleEmissionenGeruschemissionen|KriteriumPreisBetrieb|KriteriumSonstiges|KriteriumTreibhausgasemissionen|KriteriumWirkungsgrad|OptionA|OptionB|OptionC
#T_SP=webanno.custom.Struktur|Struktur
#T_SP=webanno.custom.StrukturTAP|TAPArgumente


1-1	0-13	Energieträger	_	_	_	_	_	_	_	_	_	_	_	_	_	Einleitung[3]	_	
1-2	14-17	der	_	_	_	_	_	_	_	_	_	_	_	_	_	Einleitung[3]	_	
1-3	18-25	Zukunft	_	_	_	_	_	_	_	_	_	_	_	_	_	Einleitung[3]	_	
1-4	26-28	ES	_	_	_	_	_	_	_	_	_	_	_	_	_	Einleitung[3]	_	
1-5	29-33	geht	_	_	_	_	_	_	_	_	_	_	_	_	_	Einleitung[3]	_	
1-6	34-36	um	_	_	_	_	_	_	_	_	_	_	_	_	_	Einleitung[3]	_	
1-7	37-40	den	_	_	_	_	_	_	_	_	_	_	_	_	_	Einleitung[3]	_	
1-8	41-49	Gebrauch	_	_	_	_	_	_	_	_	_	_	_	_	_	Einleitung[3]	_	
1-9	50-53	von	_	_	_	_	_	_	_	_	_	_	_	_	_	Einleitung[3]	_	
1-10	54-59	neuen	_	_	_	_	_	_	_	_	_	_	_	_	_	Einleitung[3]	_	
1-11	60-74	Energieträgern	_	_	_	_	_	_	_	_	_	_	_	_	_	Einleitung[3]	_	
1-12	74-75	,	_	_	_	_	_	_	_	_	_	_	_	_	_	Einleitung[3]	_	
1-13	76-79	die	_	_	_	_	_	_	_	_	_	_	_	_	_	Einleitung[3]	_	
1-14	80-83	die	_	_	_	_	_	_	_	_	_	_	_	_	_	Einleitung[3]	_	
1-15	84-97	herkömmlichen	_	_	_	_	_	_	_	_	_	_	_	_	_	Einleitung[3]	_	
1-16	97-98	,	_	_	_	_	_	_	_	_	_	_	_	_	_	Einleitung[3]	_	
1-17	99-102	wie	_	_	_	_	_	_	_	_	_	_	_	_	_	Einleitung[3]	_	
1-18	103-109	diesel	_	_	_	_	_	_	_	_	_	_	_	_	_	Einleitung[3]	_	
1-19	110-113	und	_	_	_	_	_	_	_	_	_	_	_	_	_	Einleitung[3]	_	
1-20	114-120	benzin	_	_	_	_	_	_	_	_	_	_	_	_	_	Einleitung[3]	_	
1-21	120-121	,	_	_	_	_	_	_	_	_	_	_	_	_	_	Einleitung[3]	_	
1-22	122-129	ablösen	_	_	_	_	_	_	_	_	_	_	_	_	_	Einleitung[3]	_	
1-23	130-136	sollen	_	_	_	_	_	_	_	_	_	_	_	_	_	Einleitung[3]	_	
1-24	136-137	.	_	_	_	_	_	_	_	_	_	_	_	_	_	Einleitung[3]	_	

2-1	139-144	Diese	_	_	_	_	_	_	_	_	_	_	_	_	_	Einleitung[3]	_	
2-2	145-150	haben	_	_	_	_	_	_	_	_	_	_	_	_	_	Einleitung[3]	_	
2-3	151-155	alle	_	_	_	_	_	_	_	_	_	_	_	_	_	Einleitung[3]	_	
2-4	156-161	einen	_	_	_	_	_	_	_	_	_	_	_	_	_	Einleitung[3]	_	
2-5	162-170	deutlich	_	_	_	_	_	_	_	_	_	_	_	_	_	Einleitung[3]	_	
2-6	171-181	geringeren	_	_	_	_	_	_	_	_	_	_	_	_	_	Einleitung[3]	_	
2-7	182-185	Co2	_	_	_	_	_	_	_	_	_	_	_	_	_	Einleitung[3]	_	
2-8	186-193	Ausstoß	_	_	_	_	_	_	_	_	_	_	_	_	_	Einleitung[3]	_	
2-9	193-194	,	_	_	_	_	_	_	_	_	_	_	_	_	_	Einleitung[3]	_	
2-10	195-209	differenzieren	_	_	_	_	_	_	_	_	_	_	_	_	_	Einleitung[3]	_	
2-11	210-214	sich	_	_	_	_	_	_	_	_	_	_	_	_	_	Einleitung[3]	_	
2-12	215-219	aber	_	_	_	_	_	_	_	_	_	_	_	_	_	Einleitung[3]	_	
2-13	220-228	trotzdem	_	_	_	_	_	_	_	_	_	_	_	_	_	Einleitung[3]	_	
2-14	229-237	ziemlich	_	_	_	_	_	_	_	_	_	_	_	_	_	Einleitung[3]	_	
2-15	238-243	stark	_	_	_	_	_	_	_	_	_	_	_	_	_	Einleitung[3]	_	
2-16	243-244	.	_	_	_	_	_	_	_	_	_	_	_	_	_	Einleitung[3]	_	

3-1	246-249	Das	_	_	_	_	_	_	_	_	_	_	_	_	_	Einleitung[3]	_	
3-2	250-261	Elektroauto	_	_	_	_	_	_	_	_	_	_	_	_	_	Einleitung[3]	_	
3-3	261-262	,	_	_	_	_	_	_	_	_	_	_	_	_	_	Einleitung[3]	_	
3-4	263-264	z	_	_	_	_	_	_	_	_	_	_	_	_	_	Einleitung[3]	_	
3-5	264-265	.	_	_	_	_	_	_	_	_	_	_	_	_	_	Einleitung[3]	_	

4-1	267-268	B	_	_	_	_	_	_	_	_	_	_	_	_	_	Einleitung[3]	_	

5-1	268-269	.	_	_	_	_	_	_	_	_	_	_	_	_	_	Einleitung[3]	_	

6-1	271-272	,	_	_	_	_	_	_	_	_	_	_	_	_	_	Einleitung[3]	_	
6-2	273-277	Wird	_	_	_	_	_	_	_	_	_	_	_	_	_	Einleitung[3]	_	
6-3	278-281	wie	_	_	_	_	_	_	_	_	_	_	_	_	_	Einleitung[3]	_	
6-4	282-285	wir	_	_	_	_	_	_	_	_	_	_	_	_	_	Einleitung[3]	_	
6-5	286-290	alle	_	_	_	_	_	_	_	_	_	_	_	_	_	Einleitung[3]	_	
6-6	291-297	wissen	_	_	_	_	_	_	_	_	_	_	_	_	_	Einleitung[3]	_	
6-7	298-301	mit	_	_	_	_	_	_	_	_	_	_	_	_	_	Einleitung[3]	_	
6-8	302-308	beinem	_	_	_	_	_	_	_	_	_	_	_	_	_	Einleitung[3]	_	
6-9	309-320	Akkumulator	_	_	_	_	_	_	_	_	_	_	_	_	_	Einleitung[3]	_	
6-10	321-322	(	_	_	_	_	_	_	_	_	_	_	_	_	_	Einleitung[3]	_	
6-11	322-326	Akku	_	_	_	_	_	_	_	_	_	_	_	_	_	Einleitung[3]	_	
6-12	326-327	)	_	_	_	_	_	_	_	_	_	_	_	_	_	Einleitung[3]	_	
6-13	328-337	betrieben	_	_	_	_	_	_	_	_	_	_	_	_	_	Einleitung[3]	_	
6-14	337-338	.	_	_	_	_	_	_	_	_	_	_	_	_	_	Einleitung[3]	_	

7-1	340-342	Es	_	_	_	_	_	_	_	_	_	_	_	_	_	Einleitung[3]	_	
7-2	343-347	gibt	_	_	_	_	_	_	_	_	_	_	_	_	_	Einleitung[3]	_	
7-3	348-352	auch	_	_	_	_	_	_	_	_	_	_	_	_	_	Einleitung[3]	_	
7-4	353-356	mit	_	_	_	_	_	_	_	_	_	_	_	_	_	Einleitung[3]	_	
7-5	357-378	Wasserstoffbetriebene	_	_	_	_	_	_	_	_	_	_	_	_	_	Einleitung[3]	_	
7-6	379-384	Autos	_	_	_	_	_	_	_	_	_	_	_	_	_	Einleitung[3]	_	
7-7	385-388	und	_	_	_	_	_	_	_	_	_	_	_	_	_	Einleitung[3]	_	
7-8	389-393	auch	_	_	_	_	_	_	_	_	_	_	_	_	_	Einleitung[3]	_	
7-9	394-400	welche	_	_	_	_	_	_	_	_	_	_	_	_	_	Einleitung[3]	_	
7-10	401-404	mit	_	_	_	_	_	_	_	_	_	_	_	_	_	Einleitung[3]	_	
7-11	405-416	sogenannten	_	_	_	_	_	_	_	_	_	_	_	_	_	Einleitung[3]	_	
7-12	417-424	E-Fuels	_	_	_	_	_	_	_	_	_	_	_	_	_	Einleitung[3]	_	
7-13	424-425	.	_	_	_	_	_	_	_	_	_	_	_	_	_	Einleitung[3]	_	

8-1	427-432	Unter	1. Richtig[1]	1. Angemessen[1]	1. Verständlich[1]	Jahresertrag/Energiedichte Vorhanden[1]	*[1]	*[1]	Preis/Betrieb vorhanden[1]	*[1]	*[1]	Wirkungsgrad vorhanden[1]	Pro A[1]	Contra B[1]	Contra C[1]	Hauptteil[4]	2. Data[5]	
8-2	433-436	all	1. Richtig[1]	1. Angemessen[1]	1. Verständlich[1]	Jahresertrag/Energiedichte Vorhanden[1]	*[1]	*[1]	Preis/Betrieb vorhanden[1]	*[1]	*[1]	Wirkungsgrad vorhanden[1]	Pro A[1]	Contra B[1]	Contra C[1]	Hauptteil[4]	2. Data[5]	
8-3	437-443	diesen	1. Richtig[1]	1. Angemessen[1]	1. Verständlich[1]	Jahresertrag/Energiedichte Vorhanden[1]	*[1]	*[1]	Preis/Betrieb vorhanden[1]	*[1]	*[1]	Wirkungsgrad vorhanden[1]	Pro A[1]	Contra B[1]	Contra C[1]	Hauptteil[4]	2. Data[5]	
8-4	444-457	möglichkeiten	1. Richtig[1]	1. Angemessen[1]	1. Verständlich[1]	Jahresertrag/Energiedichte Vorhanden[1]	*[1]	*[1]	Preis/Betrieb vorhanden[1]	*[1]	*[1]	Wirkungsgrad vorhanden[1]	Pro A[1]	Contra B[1]	Contra C[1]	Hauptteil[4]	2. Data[5]	
8-5	458-461	hat	1. Richtig[1]	1. Angemessen[1]	1. Verständlich[1]	Jahresertrag/Energiedichte Vorhanden[1]	*[1]	*[1]	Preis/Betrieb vorhanden[1]	*[1]	*[1]	Wirkungsgrad vorhanden[1]	Pro A[1]	Contra B[1]	Contra C[1]	Hauptteil[4]	2. Data[5]	
8-6	462-465	der	1. Richtig[1]	1. Angemessen[1]	1. Verständlich[1]	Jahresertrag/Energiedichte Vorhanden[1]	*[1]	*[1]	Preis/Betrieb vorhanden[1]	*[1]	*[1]	Wirkungsgrad vorhanden[1]	Pro A[1]	Contra B[1]	Contra C[1]	Hauptteil[4]	2. Data[5]	
8-7	466-477	Wasserstoff	1. Richtig[1]	1. Angemessen[1]	1. Verständlich[1]	Jahresertrag/Energiedichte Vorhanden[1]	*[1]	*[1]	Preis/Betrieb vorhanden[1]	*[1]	*[1]	Wirkungsgrad vorhanden[1]	Pro A[1]	Contra B[1]	Contra C[1]	Hauptteil[4]	2. Data[5]	
8-8	478-481	dei	1. Richtig[1]	1. Angemessen[1]	1. Verständlich[1]	Jahresertrag/Energiedichte Vorhanden[1]	*[1]	*[1]	Preis/Betrieb vorhanden[1]	*[1]	*[1]	Wirkungsgrad vorhanden[1]	Pro A[1]	Contra B[1]	Contra C[1]	Hauptteil[4]	2. Data[5]	
8-9	482-488	Größte	1. Richtig[1]	1. Angemessen[1]	1. Verständlich[1]	Jahresertrag/Energiedichte Vorhanden[1]	*[1]	*[1]	Preis/Betrieb vorhanden[1]	*[1]	*[1]	Wirkungsgrad vorhanden[1]	Pro A[1]	Contra B[1]	Contra C[1]	Hauptteil[4]	2. Data[5]	
8-10	489-502	energiedichte	1. Richtig[1]	1. Angemessen[1]	1. Verständlich[1]	Jahresertrag/Energiedichte Vorhanden[1]	*[1]	*[1]	Preis/Betrieb vorhanden[1]	*[1]	*[1]	Wirkungsgrad vorhanden[1]	Pro A[1]	Contra B[1]	Contra C[1]	Hauptteil[4]	2. Data[5]	
8-11	502-503	,	1. Richtig[1]	1. Angemessen[1]	1. Verständlich[1]	Jahresertrag/Energiedichte Vorhanden[1]	*[1]	*[1]	Preis/Betrieb vorhanden[1]	*[1]	*[1]	Wirkungsgrad vorhanden[1]	Pro A[1]	Contra B[1]	Contra C[1]	Hauptteil[4]	2. Data[5]	
8-12	504-508	eine	1. Richtig[1]	1. Angemessen[1]	1. Verständlich[1]	Jahresertrag/Energiedichte Vorhanden[1]	*[1]	*[1]	Preis/Betrieb vorhanden[1]	*[1]	*[1]	Wirkungsgrad vorhanden[1]	Pro A[1]	Contra B[1]	Contra C[1]	Hauptteil[4]	2. Data[5]	
8-13	509-518	Tankdauer	1. Richtig[1]	1. Angemessen[1]	1. Verständlich[1]	Jahresertrag/Energiedichte Vorhanden[1]	*[1]	*[1]	Preis/Betrieb vorhanden[1]	*[1]	*[1]	Wirkungsgrad vorhanden[1]	Pro A[1]	Contra B[1]	Contra C[1]	Hauptteil[4]	2. Data[5]	
8-14	519-522	von	1. Richtig[1]	1. Angemessen[1]	1. Verständlich[1]	Jahresertrag/Energiedichte Vorhanden[1]	*[1]	*[1]	Preis/Betrieb vorhanden[1]	*[1]	*[1]	Wirkungsgrad vorhanden[1]	Pro A[1]	Contra B[1]	Contra C[1]	Hauptteil[4]	2. Data[5]	
8-15	523-526	nur	1. Richtig[1]	1. Angemessen[1]	1. Verständlich[1]	Jahresertrag/Energiedichte Vorhanden[1]	*[1]	*[1]	Preis/Betrieb vorhanden[1]	*[1]	*[1]	Wirkungsgrad vorhanden[1]	Pro A[1]	Contra B[1]	Contra C[1]	Hauptteil[4]	2. Data[5]	
8-16	527-528	3	1. Richtig[1]	1. Angemessen[1]	1. Verständlich[1]	Jahresertrag/Energiedichte Vorhanden[1]	*[1]	*[1]	Preis/Betrieb vorhanden[1]	*[1]	*[1]	Wirkungsgrad vorhanden[1]	Pro A[1]	Contra B[1]	Contra C[1]	Hauptteil[4]	2. Data[5]	
8-17	529-532	min	1. Richtig[1]	1. Angemessen[1]	1. Verständlich[1]	Jahresertrag/Energiedichte Vorhanden[1]	*[1]	*[1]	Preis/Betrieb vorhanden[1]	*[1]	*[1]	Wirkungsgrad vorhanden[1]	Pro A[1]	Contra B[1]	Contra C[1]	Hauptteil[4]	2. Data[5]	
8-18	533-536	und	1. Richtig[1]	1. Angemessen[1]	1. Verständlich[1]	Jahresertrag/Energiedichte Vorhanden[1]	*[1]	*[1]	Preis/Betrieb vorhanden[1]	*[1]	*[1]	Wirkungsgrad vorhanden[1]	Pro A[1]	Contra B[1]	Contra C[1]	Hauptteil[4]	2. Data[5]	
8-19	537-541	auch	1. Richtig[1]	1. Angemessen[1]	1. Verständlich[1]	Jahresertrag/Energiedichte Vorhanden[1]	*[1]	*[1]	Preis/Betrieb vorhanden[1]	*[1]	*[1]	Wirkungsgrad vorhanden[1]	Pro A[1]	Contra B[1]	Contra C[1]	Hauptteil[4]	2. Data[5]	
8-20	542-545	den	1. Richtig[1]	1. Angemessen[1]	1. Verständlich[1]	Jahresertrag/Energiedichte Vorhanden[1]	*[1]	*[1]	Preis/Betrieb vorhanden[1]	*[1]	*[1]	Wirkungsgrad vorhanden[1]	Pro A[1]	Contra B[1]	Contra C[1]	Hauptteil[4]	2. Data[5]	
8-21	546-559	zweit-größten	1. Richtig[1]	1. Angemessen[1]	1. Verständlich[1]	Jahresertrag/Energiedichte Vorhanden[1]	*[1]	*[1]	Preis/Betrieb vorhanden[1]	*[1]	*[1]	Wirkungsgrad vorhanden[1]	Pro A[1]	Contra B[1]	Contra C[1]	Hauptteil[4]	2. Data[5]	
8-22	560-578	Gesamtwirkungsgrad	1. Richtig[1]	1. Angemessen[1]	1. Verständlich[1]	Jahresertrag/Energiedichte Vorhanden[1]	*[1]	*[1]	Preis/Betrieb vorhanden[1]	*[1]	*[1]	Wirkungsgrad vorhanden[1]	Pro A[1]	Contra B[1]	Contra C[1]	Hauptteil[4]	2. Data[5]	
8-23	578-579	.	1. Richtig[1]	1. Angemessen[1]	1. Verständlich[1]	Jahresertrag/Energiedichte Vorhanden[1]	*[1]	*[1]	Preis/Betrieb vorhanden[1]	*[1]	*[1]	Wirkungsgrad vorhanden[1]	Pro A[1]	Contra B[1]	Contra C[1]	Hauptteil[4]	2. Data[5]	

9-1	581-584	Die	1. Richtig[2]	1. Angemessen[2]	1. Verständlich[2]	*[2]	*[2]	*[2]	Preis/Betrieb vorhanden[2]	*[2]	Treibhausgasemissionen vorhanden[2]	*[2]	Pro A[2]	Pro B[2]	Contra C[2]	Hauptteil[4]	2. Data[6]	
9-2	585-592	E-Fuels	1. Richtig[2]	1. Angemessen[2]	1. Verständlich[2]	*[2]	*[2]	*[2]	Preis/Betrieb vorhanden[2]	*[2]	Treibhausgasemissionen vorhanden[2]	*[2]	Pro A[2]	Pro B[2]	Contra C[2]	Hauptteil[4]	2. Data[6]	
9-3	593-601	hingegen	1. Richtig[2]	1. Angemessen[2]	1. Verständlich[2]	*[2]	*[2]	*[2]	Preis/Betrieb vorhanden[2]	*[2]	Treibhausgasemissionen vorhanden[2]	*[2]	Pro A[2]	Pro B[2]	Contra C[2]	Hauptteil[4]	2. Data[6]	
9-4	602-607	haben	1. Richtig[2]	1. Angemessen[2]	1. Verständlich[2]	*[2]	*[2]	*[2]	Preis/Betrieb vorhanden[2]	*[2]	Treibhausgasemissionen vorhanden[2]	*[2]	Pro A[2]	Pro B[2]	Contra C[2]	Hauptteil[4]	2. Data[6]	
9-5	608-611	die	1. Richtig[2]	1. Angemessen[2]	1. Verständlich[2]	*[2]	*[2]	*[2]	Preis/Betrieb vorhanden[2]	*[2]	Treibhausgasemissionen vorhanden[2]	*[2]	Pro A[2]	Pro B[2]	Contra C[2]	Hauptteil[4]	2. Data[6]	
9-6	612-621	wenigsten	1. Richtig[2]	1. Angemessen[2]	1. Verständlich[2]	*[2]	*[2]	*[2]	Preis/Betrieb vorhanden[2]	*[2]	Treibhausgasemissionen vorhanden[2]	*[2]	Pro A[2]	Pro B[2]	Contra C[2]	Hauptteil[4]	2. Data[6]	
9-7	622-632	Emissionen	1. Richtig[2]	1. Angemessen[2]	1. Verständlich[2]	*[2]	*[2]	*[2]	Preis/Betrieb vorhanden[2]	*[2]	Treibhausgasemissionen vorhanden[2]	*[2]	Pro A[2]	Pro B[2]	Contra C[2]	Hauptteil[4]	2. Data[6]	
9-8	633-636	und	1. Richtig[2]	1. Angemessen[2]	1. Verständlich[2]	*[2]	*[2]	*[2]	Preis/Betrieb vorhanden[2]	*[2]	Treibhausgasemissionen vorhanden[2]	*[2]	Pro A[2]	Pro B[2]	Contra C[2]	Hauptteil[4]	2. Data[6]	
9-9	637-643	können	1. Richtig[2]	1. Angemessen[2]	1. Verständlich[2]	*[2]	*[2]	*[2]	Preis/Betrieb vorhanden[2]	*[2]	Treibhausgasemissionen vorhanden[2]	*[2]	Pro A[2]	Pro B[2]	Contra C[2]	Hauptteil[4]	2. Data[6]	
9-10	644-651	genauso	1. Richtig[2]	1. Angemessen[2]	1. Verständlich[2]	*[2]	*[2]	*[2]	Preis/Betrieb vorhanden[2]	*[2]	Treibhausgasemissionen vorhanden[2]	*[2]	Pro A[2]	Pro B[2]	Contra C[2]	Hauptteil[4]	2. Data[6]	
9-11	652-659	schnell	1. Richtig[2]	1. Angemessen[2]	1. Verständlich[2]	*[2]	*[2]	*[2]	Preis/Betrieb vorhanden[2]	*[2]	Treibhausgasemissionen vorhanden[2]	*[2]	Pro A[2]	Pro B[2]	Contra C[2]	Hauptteil[4]	2. Data[6]	
9-12	660-663	wie	1. Richtig[2]	1. Angemessen[2]	1. Verständlich[2]	*[2]	*[2]	*[2]	Preis/Betrieb vorhanden[2]	*[2]	Treibhausgasemissionen vorhanden[2]	*[2]	Pro A[2]	Pro B[2]	Contra C[2]	Hauptteil[4]	2. Data[6]	
9-13	664-667	der	1. Richtig[2]	1. Angemessen[2]	1. Verständlich[2]	*[2]	*[2]	*[2]	Preis/Betrieb vorhanden[2]	*[2]	Treibhausgasemissionen vorhanden[2]	*[2]	Pro A[2]	Pro B[2]	Contra C[2]	Hauptteil[4]	2. Data[6]	
9-14	668-679	Wasserstoff	1. Richtig[2]	1. Angemessen[2]	1. Verständlich[2]	*[2]	*[2]	*[2]	Preis/Betrieb vorhanden[2]	*[2]	Treibhausgasemissionen vorhanden[2]	*[2]	Pro A[2]	Pro B[2]	Contra C[2]	Hauptteil[4]	2. Data[6]	
9-15	680-687	getankt	1. Richtig[2]	1. Angemessen[2]	1. Verständlich[2]	*[2]	*[2]	*[2]	Preis/Betrieb vorhanden[2]	*[2]	Treibhausgasemissionen vorhanden[2]	*[2]	Pro A[2]	Pro B[2]	Contra C[2]	Hauptteil[4]	2. Data[6]	
9-16	688-694	werden	1. Richtig[2]	1. Angemessen[2]	1. Verständlich[2]	*[2]	*[2]	*[2]	Preis/Betrieb vorhanden[2]	*[2]	Treibhausgasemissionen vorhanden[2]	*[2]	Pro A[2]	Pro B[2]	Contra C[2]	Hauptteil[4]	2. Data[6]	
9-17	694-695	.	1. Richtig[2]	1. Angemessen[2]	1. Verständlich[2]	*[2]	*[2]	*[2]	Preis/Betrieb vorhanden[2]	*[2]	Treibhausgasemissionen vorhanden[2]	*[2]	Pro A[2]	Pro B[2]	Contra C[2]	Hauptteil[4]	2. Data[6]	
