#FORMAT=WebAnno TSV 3.3
#T_SP=webanno.custom.Argument|Accuracy|Adequacy|Clarity|KriteriumJahresertragEnergiedichte|KriteriumLebensdauerVerfgbarkeit|KriteriumLokaleEmissionenGeruschemissionen|KriteriumPreisBetrieb|KriteriumSonstiges|KriteriumTreibhausgasemissionen|KriteriumWirkungsgrad|OptionA|OptionB|OptionC
#T_SP=webanno.custom.Struktur|Struktur
#T_SP=webanno.custom.StrukturTAP|TAPArgumente


1-1	0-2	In	1. Richtig[1]	1. Angemessen[1]	1. Verständlich[1]	*[1]	*[1]	*[1]	*[1]	*[1]	*[1]	Wirkungsgrad vorhanden[1]	Pro A[1]	Contra B[1]	Contra C[1]	Hauptteil[6]	5. Nicht zutreffend[7]	
1-2	3-6	der	1. Richtig[1]	1. Angemessen[1]	1. Verständlich[1]	*[1]	*[1]	*[1]	*[1]	*[1]	*[1]	Wirkungsgrad vorhanden[1]	Pro A[1]	Contra B[1]	Contra C[1]	Hauptteil[6]	5. Nicht zutreffend[7]	
1-3	7-16	folgenden	1. Richtig[1]	1. Angemessen[1]	1. Verständlich[1]	*[1]	*[1]	*[1]	*[1]	*[1]	*[1]	Wirkungsgrad vorhanden[1]	Pro A[1]	Contra B[1]	Contra C[1]	Hauptteil[6]	5. Nicht zutreffend[7]	
1-4	17-30	Argumentation	1. Richtig[1]	1. Angemessen[1]	1. Verständlich[1]	*[1]	*[1]	*[1]	*[1]	*[1]	*[1]	Wirkungsgrad vorhanden[1]	Pro A[1]	Contra B[1]	Contra C[1]	Hauptteil[6]	5. Nicht zutreffend[7]	
1-5	31-36	werde	1. Richtig[1]	1. Angemessen[1]	1. Verständlich[1]	*[1]	*[1]	*[1]	*[1]	*[1]	*[1]	Wirkungsgrad vorhanden[1]	Pro A[1]	Contra B[1]	Contra C[1]	Hauptteil[6]	5. Nicht zutreffend[7]	
1-6	37-40	ich	1. Richtig[1]	1. Angemessen[1]	1. Verständlich[1]	*[1]	*[1]	*[1]	*[1]	*[1]	*[1]	Wirkungsgrad vorhanden[1]	Pro A[1]	Contra B[1]	Contra C[1]	Hauptteil[6]	5. Nicht zutreffend[7]	
1-7	41-52	diskutieren	1. Richtig[1]	1. Angemessen[1]	1. Verständlich[1]	*[1]	*[1]	*[1]	*[1]	*[1]	*[1]	Wirkungsgrad vorhanden[1]	Pro A[1]	Contra B[1]	Contra C[1]	Hauptteil[6]	5. Nicht zutreffend[7]	
1-8	53-55	ob	1. Richtig[1]	1. Angemessen[1]	1. Verständlich[1]	*[1]	*[1]	*[1]	*[1]	*[1]	*[1]	Wirkungsgrad vorhanden[1]	Pro A[1]	Contra B[1]	Contra C[1]	Hauptteil[6]	5. Nicht zutreffend[7]	
1-9	56-59	die	1. Richtig[1]	1. Angemessen[1]	1. Verständlich[1]	*[1]	*[1]	*[1]	*[1]	*[1]	*[1]	Wirkungsgrad vorhanden[1]	Pro A[1]	Contra B[1]	Contra C[1]	Hauptteil[6]	5. Nicht zutreffend[7]	
1-10	60-71	Anschaffung	1. Richtig[1]	1. Angemessen[1]	1. Verständlich[1]	*[1]	*[1]	*[1]	*[1]	*[1]	*[1]	Wirkungsgrad vorhanden[1]	Pro A[1]	Contra B[1]	Contra C[1]	Hauptteil[6]	5. Nicht zutreffend[7]	
1-11	72-77	eines	1. Richtig[1]	1. Angemessen[1]	1. Verständlich[1]	*[1]	*[1]	*[1]	*[1]	*[1]	*[1]	Wirkungsgrad vorhanden[1]	Pro A[1]	Contra B[1]	Contra C[1]	Hauptteil[6]	5. Nicht zutreffend[7]	
1-12	78-87	windparks	1. Richtig[1]	1. Angemessen[1]	1. Verständlich[1]	*[1]	*[1]	*[1]	*[1]	*[1]	*[1]	Wirkungsgrad vorhanden[1]	Pro A[1]	Contra B[1]	Contra C[1]	Hauptteil[6]	5. Nicht zutreffend[7]	
1-13	87-88	,	1. Richtig[1]	1. Angemessen[1]	1. Verständlich[1]	*[1]	*[1]	*[1]	*[1]	*[1]	*[1]	Wirkungsgrad vorhanden[1]	Pro A[1]	Contra B[1]	Contra C[1]	Hauptteil[6]	5. Nicht zutreffend[7]	
1-14	89-99	solarparks	1. Richtig[1]	1. Angemessen[1]	1. Verständlich[1]	*[1]	*[1]	*[1]	*[1]	*[1]	*[1]	Wirkungsgrad vorhanden[1]	Pro A[1]	Contra B[1]	Contra C[1]	Hauptteil[6]	5. Nicht zutreffend[7]	
1-15	100-104	oder	1. Richtig[1]	1. Angemessen[1]	1. Verständlich[1]	*[1]	*[1]	*[1]	*[1]	*[1]	*[1]	Wirkungsgrad vorhanden[1]	Pro A[1]	Contra B[1]	Contra C[1]	Hauptteil[6]	5. Nicht zutreffend[7]	
1-16	105-110	einer	1. Richtig[1]	1. Angemessen[1]	1. Verständlich[1]	*[1]	*[1]	*[1]	*[1]	*[1]	*[1]	Wirkungsgrad vorhanden[1]	Pro A[1]	Contra B[1]	Contra C[1]	Hauptteil[6]	5. Nicht zutreffend[7]	
1-17	111-128	wasserkraftanlage	1. Richtig[1]	1. Angemessen[1]	1. Verständlich[1]	*[1]	*[1]	*[1]	*[1]	*[1]	*[1]	Wirkungsgrad vorhanden[1]	Pro A[1]	Contra B[1]	Contra C[1]	Hauptteil[6]	5. Nicht zutreffend[7]	
1-18	129-131	am	1. Richtig[1]	1. Angemessen[1]	1. Verständlich[1]	*[1]	*[1]	*[1]	*[1]	*[1]	*[1]	Wirkungsgrad vorhanden[1]	Pro A[1]	Contra B[1]	Contra C[1]	Hauptteil[6]	5. Nicht zutreffend[7]	
1-19	132-144	sinnvollsten	1. Richtig[1]	1. Angemessen[1]	1. Verständlich[1]	*[1]	*[1]	*[1]	*[1]	*[1]	*[1]	Wirkungsgrad vorhanden[1]	Pro A[1]	Contra B[1]	Contra C[1]	Hauptteil[6]	5. Nicht zutreffend[7]	
1-20	145-149	Ware	1. Richtig[1]	1. Angemessen[1]	1. Verständlich[1]	*[1]	*[1]	*[1]	*[1]	*[1]	*[1]	Wirkungsgrad vorhanden[1]	Pro A[1]	Contra B[1]	Contra C[1]	Hauptteil[6]	5. Nicht zutreffend[7]	
1-21	150-152	um	1. Richtig[1]	1. Angemessen[1]	1. Verständlich[1]	*[1]	*[1]	*[1]	*[1]	*[1]	*[1]	Wirkungsgrad vorhanden[1]	Pro A[1]	Contra B[1]	Contra C[1]	Hauptteil[6]	5. Nicht zutreffend[7]	
1-22	153-156	die	1. Richtig[1]	1. Angemessen[1]	1. Verständlich[1]	*[1]	*[1]	*[1]	*[1]	*[1]	*[1]	Wirkungsgrad vorhanden[1]	Pro A[1]	Contra B[1]	Contra C[1]	Hauptteil[6]	5. Nicht zutreffend[7]	
1-23	157-168	Reduzierung	1. Richtig[1]	1. Angemessen[1]	1. Verständlich[1]	*[1]	*[1]	*[1]	*[1]	*[1]	*[1]	Wirkungsgrad vorhanden[1]	Pro A[1]	Contra B[1]	Contra C[1]	Hauptteil[6]	5. Nicht zutreffend[7]	
1-24	169-172	von	1. Richtig[1]	1. Angemessen[1]	1. Verständlich[1]	*[1]	*[1]	*[1]	*[1]	*[1]	*[1]	Wirkungsgrad vorhanden[1]	Pro A[1]	Contra B[1]	Contra C[1]	Hauptteil[6]	5. Nicht zutreffend[7]	
1-25	173-195	Treibhausgasemissionen	1. Richtig[1]	1. Angemessen[1]	1. Verständlich[1]	*[1]	*[1]	*[1]	*[1]	*[1]	*[1]	Wirkungsgrad vorhanden[1]	Pro A[1]	Contra B[1]	Contra C[1]	Hauptteil[6]	5. Nicht zutreffend[7]	
1-26	196-198	im	1. Richtig[1]	1. Angemessen[1]	1. Verständlich[1]	*[1]	*[1]	*[1]	*[1]	*[1]	*[1]	Wirkungsgrad vorhanden[1]	Pro A[1]	Contra B[1]	Contra C[1]	Hauptteil[6]	5. Nicht zutreffend[7]	
1-27	199-212	energiesektor	1. Richtig[1]	1. Angemessen[1]	1. Verständlich[1]	*[1]	*[1]	*[1]	*[1]	*[1]	*[1]	Wirkungsgrad vorhanden[1]	Pro A[1]	Contra B[1]	Contra C[1]	Hauptteil[6]	5. Nicht zutreffend[7]	
1-28	213-223	abzudecken	1. Richtig[1]	1. Angemessen[1]	1. Verständlich[1]	*[1]	*[1]	*[1]	*[1]	*[1]	*[1]	Wirkungsgrad vorhanden[1]	Pro A[1]	Contra B[1]	Contra C[1]	Hauptteil[6]	5. Nicht zutreffend[7]	
1-29	224-227	Die	1. Richtig[1]	1. Angemessen[1]	1. Verständlich[1]	*[1]	*[1]	*[1]	*[1]	*[1]	*[1]	Wirkungsgrad vorhanden[1]	Pro A[1]	Contra B[1]	Contra C[1]	Hauptteil[6]	1. Claim[8]	
1-30	228-232	wohl	1. Richtig[1]	1. Angemessen[1]	1. Verständlich[1]	*[1]	*[1]	*[1]	*[1]	*[1]	*[1]	Wirkungsgrad vorhanden[1]	Pro A[1]	Contra B[1]	Contra C[1]	Hauptteil[6]	1. Claim[8]	
1-31	233-238	beste	1. Richtig[1]	1. Angemessen[1]	1. Verständlich[1]	*[1]	*[1]	*[1]	*[1]	*[1]	*[1]	Wirkungsgrad vorhanden[1]	Pro A[1]	Contra B[1]	Contra C[1]	Hauptteil[6]	1. Claim[8]	
1-32	239-245	Lösung	1. Richtig[1]	1. Angemessen[1]	1. Verständlich[1]	*[1]	*[1]	*[1]	*[1]	*[1]	*[1]	Wirkungsgrad vorhanden[1]	Pro A[1]	Contra B[1]	Contra C[1]	Hauptteil[6]	1. Claim[8]	
1-33	246-252	dieses	1. Richtig[1]	1. Angemessen[1]	1. Verständlich[1]	*[1]	*[1]	*[1]	*[1]	*[1]	*[1]	Wirkungsgrad vorhanden[1]	Pro A[1]	Contra B[1]	Contra C[1]	Hauptteil[6]	1. Claim[8]	
1-34	253-261	Problems	1. Richtig[1]	1. Angemessen[1]	1. Verständlich[1]	*[1]	*[1]	*[1]	*[1]	*[1]	*[1]	Wirkungsgrad vorhanden[1]	Pro A[1]	Contra B[1]	Contra C[1]	Hauptteil[6]	1. Claim[8]	
1-35	262-266	wäre	1. Richtig[1]	1. Angemessen[1]	1. Verständlich[1]	*[1]	*[1]	*[1]	*[1]	*[1]	*[1]	Wirkungsgrad vorhanden[1]	Pro A[1]	Contra B[1]	Contra C[1]	Hauptteil[6]	1. Claim[8]	
1-36	266-267	,	1. Richtig[1]	1. Angemessen[1]	1. Verständlich[1]	*[1]	*[1]	*[1]	*[1]	*[1]	*[1]	Wirkungsgrad vorhanden[1]	Pro A[1]	Contra B[1]	Contra C[1]	Hauptteil[6]	1. Claim[8]	
1-37	268-272	wenn	1. Richtig[1]	1. Angemessen[1]	1. Verständlich[1]	*[1]	*[1]	*[1]	*[1]	*[1]	*[1]	Wirkungsgrad vorhanden[1]	Pro A[1]	Contra B[1]	Contra C[1]	Hauptteil[6]	1. Claim[8]	
1-38	273-276	man	1. Richtig[1]	1. Angemessen[1]	1. Verständlich[1]	*[1]	*[1]	*[1]	*[1]	*[1]	*[1]	Wirkungsgrad vorhanden[1]	Pro A[1]	Contra B[1]	Contra C[1]	Hauptteil[6]	1. Claim[8]	
1-39	277-281	eine	1. Richtig[1]	1. Angemessen[1]	1. Verständlich[1]	*[1]	*[1]	*[1]	*[1]	*[1]	*[1]	Wirkungsgrad vorhanden[1]	Pro A[1]	Contra B[1]	Contra C[1]	Hauptteil[6]	1. Claim[8]	
1-40	282-299	Wasserkraftanlage	1. Richtig[1]	1. Angemessen[1]	1. Verständlich[1]	*[1]	*[1]	*[1]	*[1]	*[1]	*[1]	Wirkungsgrad vorhanden[1]	Pro A[1]	Contra B[1]	Contra C[1]	Hauptteil[6]	1. Claim[8]	
1-41	300-309	einführen	1. Richtig[1]	1. Angemessen[1]	1. Verständlich[1]	*[1]	*[1]	*[1]	*[1]	*[1]	*[1]	Wirkungsgrad vorhanden[1]	Pro A[1]	Contra B[1]	Contra C[1]	Hauptteil[6]	1. Claim[8]	
1-42	310-315	würde	1. Richtig[1]	1. Angemessen[1]	1. Verständlich[1]	*[1]	*[1]	*[1]	*[1]	*[1]	*[1]	Wirkungsgrad vorhanden[1]	Pro A[1]	Contra B[1]	Contra C[1]	Hauptteil[6]	1. Claim[8]	
1-43	315-316	,	1. Richtig[1]	1. Angemessen[1]	1. Verständlich[1]	*[1]	*[1]	*[1]	*[1]	*[1]	*[1]	Wirkungsgrad vorhanden[1]	Pro A[1]	Contra B[1]	Contra C[1]	Hauptteil[6]	1. Claim[8]	
1-44	317-319	da	1. Richtig[1]	1. Angemessen[1]	1. Verständlich[1]	*[1]	*[1]	*[1]	*[1]	*[1]	*[1]	Wirkungsgrad vorhanden[1]	Pro A[1]	Contra B[1]	Contra C[1]	Hauptteil[6]	2. Data[9]	
1-45	320-323	der	1. Richtig[1]	1. Angemessen[1]	1. Verständlich[1]	*[1]	*[1]	*[1]	*[1]	*[1]	*[1]	Wirkungsgrad vorhanden[1]	Pro A[1]	Contra B[1]	Contra C[1]	Hauptteil[6]	2. Data[9]	
1-46	324-336	Wirkungsgrad	1. Richtig[1]	1. Angemessen[1]	1. Verständlich[1]	*[1]	*[1]	*[1]	*[1]	*[1]	*[1]	Wirkungsgrad vorhanden[1]	Pro A[1]	Contra B[1]	Contra C[1]	Hauptteil[6]	2. Data[9]	
1-47	337-341	hier	1. Richtig[1]	1. Angemessen[1]	1. Verständlich[1]	*[1]	*[1]	*[1]	*[1]	*[1]	*[1]	Wirkungsgrad vorhanden[1]	Pro A[1]	Contra B[1]	Contra C[1]	Hauptteil[6]	2. Data[9]	
1-48	342-344	70	1. Richtig[1]	1. Angemessen[1]	1. Verständlich[1]	*[1]	*[1]	*[1]	*[1]	*[1]	*[1]	Wirkungsgrad vorhanden[1]	Pro A[1]	Contra B[1]	Contra C[1]	Hauptteil[6]	2. Data[9]	
1-49	344-345	-	1. Richtig[1]	1. Angemessen[1]	1. Verständlich[1]	*[1]	*[1]	*[1]	*[1]	*[1]	*[1]	Wirkungsgrad vorhanden[1]	Pro A[1]	Contra B[1]	Contra C[1]	Hauptteil[6]	2. Data[9]	
1-50	345-348	90%	1. Richtig[1]	1. Angemessen[1]	1. Verständlich[1]	*[1]	*[1]	*[1]	*[1]	*[1]	*[1]	Wirkungsgrad vorhanden[1]	Pro A[1]	Contra B[1]	Contra C[1]	Hauptteil[6]	2. Data[9]	
1-51	349-359	verspricht	1. Richtig[1]	1. Angemessen[1]	1. Verständlich[1]	*[1]	*[1]	*[1]	*[1]	*[1]	*[1]	Wirkungsgrad vorhanden[1]	Pro A[1]	Contra B[1]	Contra C[1]	Hauptteil[6]	2. Data[9]	
1-52	359-360	.	1. Richtig[1]	1. Angemessen[1]	1. Verständlich[1]	*[1]	*[1]	*[1]	*[1]	*[1]	*[1]	Wirkungsgrad vorhanden[1]	Pro A[1]	Contra B[1]	Contra C[1]	Hauptteil[6]	2. Data[9]	

2-1	362-374	Wahrendessen	1. Richtig[1]	1. Angemessen[1]	1. Verständlich[1]	*[1]	*[1]	*[1]	*[1]	*[1]	*[1]	Wirkungsgrad vorhanden[1]	Pro A[1]	Contra B[1]	Contra C[1]	Hauptteil[6]	2. Data[10]	
2-2	375-378	der	1. Richtig[1]	1. Angemessen[1]	1. Verständlich[1]	*[1]	*[1]	*[1]	*[1]	*[1]	*[1]	Wirkungsgrad vorhanden[1]	Pro A[1]	Contra B[1]	Contra C[1]	Hauptteil[6]	2. Data[10]	
2-3	379-387	windpark	1. Richtig[1]	1. Angemessen[1]	1. Verständlich[1]	*[1]	*[1]	*[1]	*[1]	*[1]	*[1]	Wirkungsgrad vorhanden[1]	Pro A[1]	Contra B[1]	Contra C[1]	Hauptteil[6]	2. Data[10]	
2-4	388-391	und	1. Richtig[1]	1. Angemessen[1]	1. Verständlich[1]	*[1]	*[1]	*[1]	*[1]	*[1]	*[1]	Wirkungsgrad vorhanden[1]	Pro A[1]	Contra B[1]	Contra C[1]	Hauptteil[6]	2. Data[10]	
2-5	392-395	der	1. Richtig[1]	1. Angemessen[1]	1. Verständlich[1]	*[1]	*[1]	*[1]	*[1]	*[1]	*[1]	Wirkungsgrad vorhanden[1]	Pro A[1]	Contra B[1]	Contra C[1]	Hauptteil[6]	2. Data[10]	
2-6	396-405	solarpark	1. Richtig[1]	1. Angemessen[1]	1. Verständlich[1]	*[1]	*[1]	*[1]	*[1]	*[1]	*[1]	Wirkungsgrad vorhanden[1]	Pro A[1]	Contra B[1]	Contra C[1]	Hauptteil[6]	2. Data[10]	
2-7	406-413	jeweils	1. Richtig[1]	1. Angemessen[1]	1. Verständlich[1]	*[1]	*[1]	*[1]	*[1]	*[1]	*[1]	Wirkungsgrad vorhanden[1]	Pro A[1]	Contra B[1]	Contra C[1]	Hauptteil[6]	2. Data[10]	
2-8	414-417	nur	1. Richtig[1]	1. Angemessen[1]	1. Verständlich[1]	*[1]	*[1]	*[1]	*[1]	*[1]	*[1]	Wirkungsgrad vorhanden[1]	Pro A[1]	Contra B[1]	Contra C[1]	Hauptteil[6]	2. Data[10]	
2-9	418-422	eine	1. Richtig[1]	1. Angemessen[1]	1. Verständlich[1]	*[1]	*[1]	*[1]	*[1]	*[1]	*[1]	Wirkungsgrad vorhanden[1]	Pro A[1]	Contra B[1]	Contra C[1]	Hauptteil[6]	2. Data[10]	
2-10	423-426	45%	1. Richtig[1]	1. Angemessen[1]	1. Verständlich[1]	*[1]	*[1]	*[1]	*[1]	*[1]	*[1]	Wirkungsgrad vorhanden[1]	Pro A[1]	Contra B[1]	Contra C[1]	Hauptteil[6]	2. Data[10]	
2-11	427-430	und	1. Richtig[1]	1. Angemessen[1]	1. Verständlich[1]	*[1]	*[1]	*[1]	*[1]	*[1]	*[1]	Wirkungsgrad vorhanden[1]	Pro A[1]	Contra B[1]	Contra C[1]	Hauptteil[6]	2. Data[10]	
2-12	431-435	eine	1. Richtig[1]	1. Angemessen[1]	1. Verständlich[1]	*[1]	*[1]	*[1]	*[1]	*[1]	*[1]	Wirkungsgrad vorhanden[1]	Pro A[1]	Contra B[1]	Contra C[1]	Hauptteil[6]	2. Data[10]	
2-13	436-439	21%	1. Richtig[1]	1. Angemessen[1]	1. Verständlich[1]	*[1]	*[1]	*[1]	*[1]	*[1]	*[1]	Wirkungsgrad vorhanden[1]	Pro A[1]	Contra B[1]	Contra C[1]	Hauptteil[6]	2. Data[10]	
2-14	440-447	Wirkung	1. Richtig[1]	1. Angemessen[1]	1. Verständlich[1]	*[1]	*[1]	*[1]	*[1]	*[1]	*[1]	Wirkungsgrad vorhanden[1]	Pro A[1]	Contra B[1]	Contra C[1]	Hauptteil[6]	2. Data[10]	
2-15	448-459	versprechen	1. Richtig[1]	1. Angemessen[1]	1. Verständlich[1]	*[1]	*[1]	*[1]	*[1]	*[1]	*[1]	Wirkungsgrad vorhanden[1]	Pro A[1]	Contra B[1]	Contra C[1]	Hauptteil[6]	2. Data[10]	
2-16	459-460	.	1. Richtig[1]	1. Angemessen[1]	1. Verständlich[1]	*[1]	*[1]	*[1]	*[1]	*[1]	*[1]	Wirkungsgrad vorhanden[1]	Pro A[1]	Contra B[1]	Contra C[1]	Hauptteil[6]	2. Data[10]	

3-1	462-465	Ein	1. Richtig[2]	1. Angemessen[2]	1. Verständlich[2]	Jahresertrag/Energiedichte Vorhanden[2]	*[2]	*[2]	*[2]	*[2]	*[2]	*[2]	Pro A[2]	*[2]	Pro C[2]	Hauptteil[6]	1. Claim[11]	
3-2	466-474	weiterer	1. Richtig[2]	1. Angemessen[2]	1. Verständlich[2]	Jahresertrag/Energiedichte Vorhanden[2]	*[2]	*[2]	*[2]	*[2]	*[2]	*[2]	Pro A[2]	*[2]	Pro C[2]	Hauptteil[6]	1. Claim[11]	
3-3	475-480	Grund	1. Richtig[2]	1. Angemessen[2]	1. Verständlich[2]	Jahresertrag/Energiedichte Vorhanden[2]	*[2]	*[2]	*[2]	*[2]	*[2]	*[2]	Pro A[2]	*[2]	Pro C[2]	Hauptteil[6]	1. Claim[11]	
3-4	481-483	um	1. Richtig[2]	1. Angemessen[2]	1. Verständlich[2]	Jahresertrag/Energiedichte Vorhanden[2]	*[2]	*[2]	*[2]	*[2]	*[2]	*[2]	Pro A[2]	*[2]	Pro C[2]	Hauptteil[6]	1. Claim[11]	
3-5	484-487	das	1. Richtig[2]	1. Angemessen[2]	1. Verständlich[2]	Jahresertrag/Energiedichte Vorhanden[2]	*[2]	*[2]	*[2]	*[2]	*[2]	*[2]	Pro A[2]	*[2]	Pro C[2]	Hauptteil[6]	1. Claim[11]	
3-6	488-497	einführen	1. Richtig[2]	1. Angemessen[2]	1. Verständlich[2]	Jahresertrag/Energiedichte Vorhanden[2]	*[2]	*[2]	*[2]	*[2]	*[2]	*[2]	Pro A[2]	*[2]	Pro C[2]	Hauptteil[6]	1. Claim[11]	
3-7	498-503	einer	1. Richtig[2]	1. Angemessen[2]	1. Verständlich[2]	Jahresertrag/Energiedichte Vorhanden[2]	*[2]	*[2]	*[2]	*[2]	*[2]	*[2]	Pro A[2]	*[2]	Pro C[2]	Hauptteil[6]	1. Claim[11]	
3-8	504-521	Wasserkraftanlage	1. Richtig[2]	1. Angemessen[2]	1. Verständlich[2]	Jahresertrag/Energiedichte Vorhanden[2]	*[2]	*[2]	*[2]	*[2]	*[2]	*[2]	Pro A[2]	*[2]	Pro C[2]	Hauptteil[6]	1. Claim[11]	
3-9	522-524	zu	1. Richtig[2]	1. Angemessen[2]	1. Verständlich[2]	Jahresertrag/Energiedichte Vorhanden[2]	*[2]	*[2]	*[2]	*[2]	*[2]	*[2]	Pro A[2]	*[2]	Pro C[2]	Hauptteil[6]	1. Claim[11]	
3-10	525-535	bestätigen	1. Richtig[2]	1. Angemessen[2]	1. Verständlich[2]	Jahresertrag/Energiedichte Vorhanden[2]	*[2]	*[2]	*[2]	*[2]	*[2]	*[2]	Pro A[2]	*[2]	Pro C[2]	Hauptteil[6]	1. Claim[11]	
3-11	536-540	wäre	1. Richtig[2]	1. Angemessen[2]	1. Verständlich[2]	Jahresertrag/Energiedichte Vorhanden[2]	*[2]	*[2]	*[2]	*[2]	*[2]	*[2]	Pro A[2]	*[2]	Pro C[2]	Hauptteil[6]	1. Claim[11]	
3-12	540-541	,	1. Richtig[2]	1. Angemessen[2]	1. Verständlich[2]	Jahresertrag/Energiedichte Vorhanden[2]	*[2]	*[2]	*[2]	*[2]	*[2]	*[2]	Pro A[2]	*[2]	Pro C[2]	Hauptteil[6]	1. Claim[11]	
3-13	542-546	dass	1. Richtig[2]	1. Angemessen[2]	1. Verständlich[2]	Jahresertrag/Energiedichte Vorhanden[2]	*[2]	*[2]	*[2]	*[2]	*[2]	*[2]	Pro A[2]	*[2]	Pro C[2]	Hauptteil[6]	2. Data[12]	
3-14	547-550	sie	1. Richtig[2]	1. Angemessen[2]	1. Verständlich[2]	Jahresertrag/Energiedichte Vorhanden[2]	*[2]	*[2]	*[2]	*[2]	*[2]	*[2]	Pro A[2]	*[2]	Pro C[2]	Hauptteil[6]	2. Data[12]	
3-15	551-554	uns	1. Richtig[2]	1. Angemessen[2]	1. Verständlich[2]	Jahresertrag/Energiedichte Vorhanden[2]	*[2]	*[2]	*[2]	*[2]	*[2]	*[2]	Pro A[2]	*[2]	Pro C[2]	Hauptteil[6]	2. Data[12]	
3-16	555-557	39	1. Richtig[2]	1. Angemessen[2]	1. Verständlich[2]	Jahresertrag/Energiedichte Vorhanden[2]	*[2]	*[2]	*[2]	*[2]	*[2]	*[2]	Pro A[2]	*[2]	Pro C[2]	Hauptteil[6]	2. Data[12]	
3-17	558-561	GWH	1. Richtig[2]	1. Angemessen[2]	1. Verständlich[2]	Jahresertrag/Energiedichte Vorhanden[2]	*[2]	*[2]	*[2]	*[2]	*[2]	*[2]	Pro A[2]	*[2]	Pro C[2]	Hauptteil[6]	2. Data[12]	
3-18	562-565	pro	1. Richtig[2]	1. Angemessen[2]	1. Verständlich[2]	Jahresertrag/Energiedichte Vorhanden[2]	*[2]	*[2]	*[2]	*[2]	*[2]	*[2]	Pro A[2]	*[2]	Pro C[2]	Hauptteil[6]	2. Data[12]	
3-19	566-570	Jahr	1. Richtig[2]	1. Angemessen[2]	1. Verständlich[2]	Jahresertrag/Energiedichte Vorhanden[2]	*[2]	*[2]	*[2]	*[2]	*[2]	*[2]	Pro A[2]	*[2]	Pro C[2]	Hauptteil[6]	2. Data[12]	
3-20	571-574	mit	1. Richtig[2]	1. Angemessen[2]	1. Verständlich[2]	Jahresertrag/Energiedichte Vorhanden[2]	*[2]	*[2]	*[2]	*[2]	*[2]	*[2]	Pro A[2]	*[2]	Pro C[2]	Hauptteil[6]	2. Data[12]	
3-21	575-595	3,900volllaststunden	1. Richtig[2]	1. Angemessen[2]	1. Verständlich[2]	Jahresertrag/Energiedichte Vorhanden[2]	*[2]	*[2]	*[2]	*[2]	*[2]	*[2]	Pro A[2]	*[2]	Pro C[2]	Hauptteil[6]	2. Data[12]	
3-22	596-607	versprechen	1. Richtig[2]	1. Angemessen[2]	1. Verständlich[2]	Jahresertrag/Energiedichte Vorhanden[2]	*[2]	*[2]	*[2]	*[2]	*[2]	*[2]	Pro A[2]	*[2]	Pro C[2]	Hauptteil[6]	2. Data[12]	
3-23	608-613	würde	1. Richtig[2]	1. Angemessen[2]	1. Verständlich[2]	Jahresertrag/Energiedichte Vorhanden[2]	*[2]	*[2]	*[2]	*[2]	*[2]	*[2]	Pro A[2]	*[2]	Pro C[2]	Hauptteil[6]	2. Data[12]	
3-24	614-615	,	1. Richtig[2]	1. Angemessen[2]	1. Verständlich[2]	Jahresertrag/Energiedichte Vorhanden[2]	*[2]	*[2]	*[2]	*[2]	*[2]	*[2]	Pro A[2]	*[2]	Pro C[2]	Hauptteil[6]	2. Data[12]	
3-25	616-619	die	1. Richtig[2]	1. Angemessen[2]	1. Verständlich[2]	Jahresertrag/Energiedichte Vorhanden[2]	*[2]	*[2]	*[2]	*[2]	*[2]	*[2]	Pro A[2]	*[2]	Pro C[2]	Hauptteil[6]	2. Data[13]	
3-26	620-626	jedoch	1. Richtig[2]	1. Angemessen[2]	1. Verständlich[2]	Jahresertrag/Energiedichte Vorhanden[2]	*[2]	*[2]	*[2]	*[2]	*[2]	*[2]	Pro A[2]	*[2]	Pro C[2]	Hauptteil[6]	2. Data[13]	
3-27	627-632	etwas	1. Richtig[2]	1. Angemessen[2]	1. Verständlich[2]	Jahresertrag/Energiedichte Vorhanden[2]	*[2]	*[2]	*[2]	*[2]	*[2]	*[2]	Pro A[2]	*[2]	Pro C[2]	Hauptteil[6]	2. Data[13]	
3-28	633-642	niedriger	1. Richtig[2]	1. Angemessen[2]	1. Verständlich[2]	Jahresertrag/Energiedichte Vorhanden[2]	*[2]	*[2]	*[2]	*[2]	*[2]	*[2]	Pro A[2]	*[2]	Pro C[2]	Hauptteil[6]	2. Data[13]	
3-29	643-652	ausfallen	1. Richtig[2]	1. Angemessen[2]	1. Verständlich[2]	Jahresertrag/Energiedichte Vorhanden[2]	*[2]	*[2]	*[2]	*[2]	*[2]	*[2]	Pro A[2]	*[2]	Pro C[2]	Hauptteil[6]	2. Data[13]	
3-30	653-656	als	1. Richtig[2]	1. Angemessen[2]	1. Verständlich[2]	Jahresertrag/Energiedichte Vorhanden[2]	*[2]	*[2]	*[2]	*[2]	*[2]	*[2]	Pro A[2]	*[2]	Pro C[2]	Hauptteil[6]	2. Data[13]	
3-31	657-660	der	1. Richtig[2]	1. Angemessen[2]	1. Verständlich[2]	Jahresertrag/Energiedichte Vorhanden[2]	*[2]	*[2]	*[2]	*[2]	*[2]	*[2]	Pro A[2]	*[2]	Pro C[2]	Hauptteil[6]	2. Data[13]	
3-32	661-673	Jahresertrag	1. Richtig[2]	1. Angemessen[2]	1. Verständlich[2]	Jahresertrag/Energiedichte Vorhanden[2]	*[2]	*[2]	*[2]	*[2]	*[2]	*[2]	Pro A[2]	*[2]	Pro C[2]	Hauptteil[6]	2. Data[13]	
3-33	674-677	des	1. Richtig[2]	1. Angemessen[2]	1. Verständlich[2]	Jahresertrag/Energiedichte Vorhanden[2]	*[2]	*[2]	*[2]	*[2]	*[2]	*[2]	Pro A[2]	*[2]	Pro C[2]	Hauptteil[6]	2. Data[13]	
3-34	678-687	windparks	1. Richtig[2]	1. Angemessen[2]	1. Verständlich[2]	Jahresertrag/Energiedichte Vorhanden[2]	*[2]	*[2]	*[2]	*[2]	*[2]	*[2]	Pro A[2]	*[2]	Pro C[2]	Hauptteil[6]	2. Data[13]	
3-35	688-691	der	1. Richtig[2]	1. Angemessen[2]	1. Verständlich[2]	Jahresertrag/Energiedichte Vorhanden[2]	*[2]	*[2]	*[2]	*[2]	*[2]	*[2]	Pro A[2]	*[2]	Pro C[2]	Hauptteil[6]	2. Data[13]	
3-36	692-693	1	1. Richtig[2]	1. Angemessen[2]	1. Verständlich[2]	Jahresertrag/Energiedichte Vorhanden[2]	*[2]	*[2]	*[2]	*[2]	*[2]	*[2]	Pro A[2]	*[2]	Pro C[2]	Hauptteil[6]	2. Data[13]	
3-37	694-697	GWh	1. Richtig[2]	1. Angemessen[2]	1. Verständlich[2]	Jahresertrag/Energiedichte Vorhanden[2]	*[2]	*[2]	*[2]	*[2]	*[2]	*[2]	Pro A[2]	*[2]	Pro C[2]	Hauptteil[6]	2. Data[13]	
3-38	698-702	mehr	1. Richtig[2]	1. Angemessen[2]	1. Verständlich[2]	Jahresertrag/Energiedichte Vorhanden[2]	*[2]	*[2]	*[2]	*[2]	*[2]	*[2]	Pro A[2]	*[2]	Pro C[2]	Hauptteil[6]	2. Data[13]	
3-39	703-713	verspricht	1. Richtig[2]	1. Angemessen[2]	1. Verständlich[2]	Jahresertrag/Energiedichte Vorhanden[2]	*[2]	*[2]	*[2]	*[2]	*[2]	*[2]	Pro A[2]	*[2]	Pro C[2]	Hauptteil[6]	2. Data[13]	
3-40	714-717	wie	1. Richtig[2]	1. Angemessen[2]	1. Verständlich[2]	Jahresertrag/Energiedichte Vorhanden[2]	*[2]	*[2]	*[2]	*[2]	*[2]	*[2]	Pro A[2]	*[2]	Pro C[2]	Hauptteil[6]	2. Data[13]	
3-41	718-722	auch	1. Richtig[2]	1. Angemessen[2]	1. Verständlich[2]	Jahresertrag/Energiedichte Vorhanden[2]	*[2]	*[2]	*[2]	*[2]	*[2]	*[2]	Pro A[2]	*[2]	Pro C[2]	Hauptteil[6]	2. Data[13]	
3-42	723-726	0,1	1. Richtig[2]	1. Angemessen[2]	1. Verständlich[2]	Jahresertrag/Energiedichte Vorhanden[2]	*[2]	*[2]	*[2]	*[2]	*[2]	*[2]	Pro A[2]	*[2]	Pro C[2]	Hauptteil[6]	2. Data[13]	
3-43	727-742	Volllaststunden	1. Richtig[2]	1. Angemessen[2]	1. Verständlich[2]	Jahresertrag/Energiedichte Vorhanden[2]	*[2]	*[2]	*[2]	*[2]	*[2]	*[2]	Pro A[2]	*[2]	Pro C[2]	Hauptteil[6]	2. Data[13]	
3-44	743-747	mehr	1. Richtig[2]	1. Angemessen[2]	1. Verständlich[2]	Jahresertrag/Energiedichte Vorhanden[2]	*[2]	*[2]	*[2]	*[2]	*[2]	*[2]	Pro A[2]	*[2]	Pro C[2]	Hauptteil[6]	2. Data[13]	
3-45	747-748	.	1. Richtig[2]	1. Angemessen[2]	1. Verständlich[2]	Jahresertrag/Energiedichte Vorhanden[2]	*[2]	*[2]	*[2]	*[2]	*[2]	*[2]	Pro A[2]	*[2]	Pro C[2]	Hauptteil[6]	2. Data[13]	

4-1	750-756	Jedoch	1. Richtig[3]	1. Angemessen[3]	2. Schwer verständlich[3]	*[3]	*[3]	Emissionen vorhanden[3]	*[3]	*[3]	*[3]	*[3]	Pro A[3]	*[3]	Contra C[3]	Hauptteil[6]	1. Claim[14]	
4-2	757-761	wäre	1. Richtig[3]	1. Angemessen[3]	2. Schwer verständlich[3]	*[3]	*[3]	Emissionen vorhanden[3]	*[3]	*[3]	*[3]	*[3]	Pro A[3]	*[3]	Contra C[3]	Hauptteil[6]	1. Claim[14]	
4-3	762-766	hier	1. Richtig[3]	1. Angemessen[3]	2. Schwer verständlich[3]	*[3]	*[3]	Emissionen vorhanden[3]	*[3]	*[3]	*[3]	*[3]	Pro A[3]	*[3]	Contra C[3]	Hauptteil[6]	1. Claim[14]	
4-4	767-769	zu	1. Richtig[3]	1. Angemessen[3]	2. Schwer verständlich[3]	*[3]	*[3]	Emissionen vorhanden[3]	*[3]	*[3]	*[3]	*[3]	Pro A[3]	*[3]	Contra C[3]	Hauptteil[6]	1. Claim[14]	
4-5	770-785	berücksichtigen	1. Richtig[3]	1. Angemessen[3]	2. Schwer verständlich[3]	*[3]	*[3]	Emissionen vorhanden[3]	*[3]	*[3]	*[3]	*[3]	Pro A[3]	*[3]	Contra C[3]	Hauptteil[6]	1. Claim[14]	
4-6	786-789	das	1. Richtig[3]	1. Angemessen[3]	2. Schwer verständlich[3]	*[3]	*[3]	Emissionen vorhanden[3]	*[3]	*[3]	*[3]	*[3]	Pro A[3]	*[3]	Contra C[3]	Hauptteil[6]	1. Claim[14]	
4-7	790-793	die	1. Richtig[3]	1. Angemessen[3]	2. Schwer verständlich[3]	*[3]	*[3]	Emissionen vorhanden[3]	*[3]	*[3]	*[3]	*[3]	Pro A[3]	*[3]	Contra C[3]	Hauptteil[6]	1. Claim[14]	
4-8	794-801	lokalen	1. Richtig[3]	1. Angemessen[3]	2. Schwer verständlich[3]	*[3]	*[3]	Emissionen vorhanden[3]	*[3]	*[3]	*[3]	*[3]	Pro A[3]	*[3]	Contra C[3]	Hauptteil[6]	1. Claim[14]	
4-9	802-812	Emissionen	1. Richtig[3]	1. Angemessen[3]	2. Schwer verständlich[3]	*[3]	*[3]	Emissionen vorhanden[3]	*[3]	*[3]	*[3]	*[3]	Pro A[3]	*[3]	Contra C[3]	Hauptteil[6]	1. Claim[14]	
4-10	813-817	viel	1. Richtig[3]	1. Angemessen[3]	2. Schwer verständlich[3]	*[3]	*[3]	Emissionen vorhanden[3]	*[3]	*[3]	*[3]	*[3]	Pro A[3]	*[3]	Contra C[3]	Hauptteil[6]	1. Claim[14]	
4-11	818-822	mehr	1. Richtig[3]	1. Angemessen[3]	2. Schwer verständlich[3]	*[3]	*[3]	Emissionen vorhanden[3]	*[3]	*[3]	*[3]	*[3]	Pro A[3]	*[3]	Contra C[3]	Hauptteil[6]	1. Claim[14]	
4-12	823-829	Punkte	1. Richtig[3]	1. Angemessen[3]	2. Schwer verständlich[3]	*[3]	*[3]	Emissionen vorhanden[3]	*[3]	*[3]	*[3]	*[3]	Pro A[3]	*[3]	Contra C[3]	Hauptteil[6]	1. Claim[14]	
4-13	830-837	liefern	1. Richtig[3]	1. Angemessen[3]	2. Schwer verständlich[3]	*[3]	*[3]	Emissionen vorhanden[3]	*[3]	*[3]	*[3]	*[3]	Pro A[3]	*[3]	Contra C[3]	Hauptteil[6]	1. Claim[14]	
4-14	838-841	als	1. Richtig[3]	1. Angemessen[3]	2. Schwer verständlich[3]	*[3]	*[3]	Emissionen vorhanden[3]	*[3]	*[3]	*[3]	*[3]	Pro A[3]	*[3]	Contra C[3]	Hauptteil[6]	1. Claim[14]	
4-15	842-845	die	1. Richtig[3]	1. Angemessen[3]	2. Schwer verständlich[3]	*[3]	*[3]	Emissionen vorhanden[3]	*[3]	*[3]	*[3]	*[3]	Pro A[3]	*[3]	Contra C[3]	Hauptteil[6]	1. Claim[14]	
4-16	846-863	wasserkraftanlage	1. Richtig[3]	1. Angemessen[3]	2. Schwer verständlich[3]	*[3]	*[3]	Emissionen vorhanden[3]	*[3]	*[3]	*[3]	*[3]	Pro A[3]	*[3]	Contra C[3]	Hauptteil[6]	1. Claim[14]	
4-17	864-867	die	1. Richtig[3]	1. Angemessen[3]	2. Schwer verständlich[3]	*[3]	*[3]	Emissionen vorhanden[3]	*[3]	*[3]	*[3]	*[3]	Pro A[3]	*[3]	Contra C[3]	Hauptteil[6]	2. Data[15]	
4-18	868-871	nur	1. Richtig[3]	1. Angemessen[3]	2. Schwer verständlich[3]	*[3]	*[3]	Emissionen vorhanden[3]	*[3]	*[3]	*[3]	*[3]	Pro A[3]	*[3]	Contra C[3]	Hauptteil[6]	2. Data[15]	
4-19	872-876	eine	1. Richtig[3]	1. Angemessen[3]	2. Schwer verständlich[3]	*[3]	*[3]	Emissionen vorhanden[3]	*[3]	*[3]	*[3]	*[3]	Pro A[3]	*[3]	Contra C[3]	Hauptteil[6]	2. Data[15]	
4-20	877-883	lokale	1. Richtig[3]	1. Angemessen[3]	2. Schwer verständlich[3]	*[3]	*[3]	Emissionen vorhanden[3]	*[3]	*[3]	*[3]	*[3]	Pro A[3]	*[3]	Contra C[3]	Hauptteil[6]	2. Data[15]	
4-21	884-892	Emission	1. Richtig[3]	1. Angemessen[3]	2. Schwer verständlich[3]	*[3]	*[3]	Emissionen vorhanden[3]	*[3]	*[3]	*[3]	*[3]	Pro A[3]	*[3]	Contra C[3]	Hauptteil[6]	2. Data[15]	
4-22	893-896	mit	1. Richtig[3]	1. Angemessen[3]	2. Schwer verständlich[3]	*[3]	*[3]	Emissionen vorhanden[3]	*[3]	*[3]	*[3]	*[3]	Pro A[3]	*[3]	Contra C[3]	Hauptteil[6]	2. Data[15]	
4-23	897-901	sich	1. Richtig[3]	1. Angemessen[3]	2. Schwer verständlich[3]	*[3]	*[3]	Emissionen vorhanden[3]	*[3]	*[3]	*[3]	*[3]	Pro A[3]	*[3]	Contra C[3]	Hauptteil[6]	2. Data[15]	
4-24	902-908	bringt	1. Richtig[3]	1. Angemessen[3]	2. Schwer verständlich[3]	*[3]	*[3]	Emissionen vorhanden[3]	*[3]	*[3]	*[3]	*[3]	Pro A[3]	*[3]	Contra C[3]	Hauptteil[6]	2. Data[15]	
4-25	909-916	nämlich	1. Richtig[3]	1. Angemessen[3]	2. Schwer verständlich[3]	*[3]	*[3]	Emissionen vorhanden[3]	*[3]	*[3]	*[3]	*[3]	Pro A[3]	*[3]	Contra C[3]	Hauptteil[6]	2. Data[15]	
4-26	917-920	den	1. Richtig[3]	1. Angemessen[3]	2. Schwer verständlich[3]	*[3]	*[3]	Emissionen vorhanden[3]	*[3]	*[3]	*[3]	*[3]	Pro A[3]	*[3]	Contra C[3]	Hauptteil[6]	2. Data[15]	
4-27	921-928	Hör-und	1. Richtig[3]	1. Angemessen[3]	2. Schwer verständlich[3]	*[3]	*[3]	Emissionen vorhanden[3]	*[3]	*[3]	*[3]	*[3]	Pro A[3]	*[3]	Contra C[3]	Hauptteil[6]	2. Data[15]	
4-28	929-940	infraschall	1. Richtig[3]	1. Angemessen[3]	2. Schwer verständlich[3]	*[3]	*[3]	Emissionen vorhanden[3]	*[3]	*[3]	*[3]	*[3]	Pro A[3]	*[3]	Contra C[3]	Hauptteil[6]	2. Data[15]	
4-29	941-944	der	1. Richtig[3]	1. Angemessen[3]	2. Schwer verständlich[3]	*[3]	*[3]	Emissionen vorhanden[3]	*[3]	*[3]	*[3]	*[3]	Pro A[3]	*[3]	Contra C[3]	Hauptteil[6]	1. Claim[16]	
4-30	945-952	unserer	1. Richtig[3]	1. Angemessen[3]	2. Schwer verständlich[3]	*[3]	*[3]	Emissionen vorhanden[3]	*[3]	*[3]	*[3]	*[3]	Pro A[3]	*[3]	Contra C[3]	Hauptteil[6]	1. Claim[16]	
4-31	953-959	Umwelt	1. Richtig[3]	1. Angemessen[3]	2. Schwer verständlich[3]	*[3]	*[3]	Emissionen vorhanden[3]	*[3]	*[3]	*[3]	*[3]	Pro A[3]	*[3]	Contra C[3]	Hauptteil[6]	1. Claim[16]	
4-32	960-968	trotzdem	1. Richtig[3]	1. Angemessen[3]	2. Schwer verständlich[3]	*[3]	*[3]	Emissionen vorhanden[3]	*[3]	*[3]	*[3]	*[3]	Pro A[3]	*[3]	Contra C[3]	Hauptteil[6]	1. Claim[16]	
4-33	969-974	etwas	1. Richtig[3]	1. Angemessen[3]	2. Schwer verständlich[3]	*[3]	*[3]	Emissionen vorhanden[3]	*[3]	*[3]	*[3]	*[3]	Pro A[3]	*[3]	Contra C[3]	Hauptteil[6]	1. Claim[16]	
4-34	975-982	schaden	1. Richtig[3]	1. Angemessen[3]	2. Schwer verständlich[3]	*[3]	*[3]	Emissionen vorhanden[3]	*[3]	*[3]	*[3]	*[3]	Pro A[3]	*[3]	Contra C[3]	Hauptteil[6]	1. Claim[16]	
4-35	983-988	würde	1. Richtig[3]	1. Angemessen[3]	2. Schwer verständlich[3]	*[3]	*[3]	Emissionen vorhanden[3]	*[3]	*[3]	*[3]	*[3]	Pro A[3]	*[3]	Contra C[3]	Hauptteil[6]	1. Claim[16]	
4-36	989-992	was	1. Richtig[3]	1. Angemessen[3]	2. Schwer verständlich[3]	*[3]	*[3]	Emissionen vorhanden[3]	*[3]	*[3]	*[3]	*[3]	Pro A[3]	*[3]	Contra C[3]	Hauptteil[6]	4. Rebuttal[17]	
4-37	993-999	jedoch	1. Richtig[3]	1. Angemessen[3]	2. Schwer verständlich[3]	*[3]	*[3]	Emissionen vorhanden[3]	*[3]	*[3]	*[3]	*[3]	Pro A[3]	*[3]	Contra C[3]	Hauptteil[6]	4. Rebuttal[17]	
4-38	1000-1005	keine	1. Richtig[3]	1. Angemessen[3]	2. Schwer verständlich[3]	*[3]	*[3]	Emissionen vorhanden[3]	*[3]	*[3]	*[3]	*[3]	Pro A[3]	*[3]	Contra C[3]	Hauptteil[6]	4. Rebuttal[17]	
4-39	1006-1017	verhärenden	1. Richtig[3]	1. Angemessen[3]	2. Schwer verständlich[3]	*[3]	*[3]	Emissionen vorhanden[3]	*[3]	*[3]	*[3]	*[3]	Pro A[3]	*[3]	Contra C[3]	Hauptteil[6]	4. Rebuttal[17]	
4-40	1018-1025	Schäden	1. Richtig[3]	1. Angemessen[3]	2. Schwer verständlich[3]	*[3]	*[3]	Emissionen vorhanden[3]	*[3]	*[3]	*[3]	*[3]	Pro A[3]	*[3]	Contra C[3]	Hauptteil[6]	4. Rebuttal[17]	
4-41	1026-1034	aufbirgt	1. Richtig[3]	1. Angemessen[3]	2. Schwer verständlich[3]	*[3]	*[3]	Emissionen vorhanden[3]	*[3]	*[3]	*[3]	*[3]	Pro A[3]	*[3]	Contra C[3]	Hauptteil[6]	4. Rebuttal[17]	
4-42	1034-1035	.	1. Richtig[3]	1. Angemessen[3]	2. Schwer verständlich[3]	*[3]	*[3]	Emissionen vorhanden[3]	*[3]	*[3]	*[3]	*[3]	Pro A[3]	*[3]	Contra C[3]	Hauptteil[6]	4. Rebuttal[17]	

5-1	1037-1040	Ein	2. Falsch[4]	1. Angemessen[4]	1. Verständlich[4]	*[4]	Lebensdauer/Verfügbarkeit vorhanden[4]	*[4]	*[4]	*[4]	*[4]	*[4]	Pro A[4]	*[4]	*[4]	Hauptteil[6]	2. Data[18]	
5-2	1041-1049	weiteres	2. Falsch[4]	1. Angemessen[4]	1. Verständlich[4]	*[4]	Lebensdauer/Verfügbarkeit vorhanden[4]	*[4]	*[4]	*[4]	*[4]	*[4]	Pro A[4]	*[4]	*[4]	Hauptteil[6]	2. Data[18]	
5-3	1050-1058	Argument	2. Falsch[4]	1. Angemessen[4]	1. Verständlich[4]	*[4]	Lebensdauer/Verfügbarkeit vorhanden[4]	*[4]	*[4]	*[4]	*[4]	*[4]	Pro A[4]	*[4]	*[4]	Hauptteil[6]	2. Data[18]	
5-4	1059-1062	ist	2. Falsch[4]	1. Angemessen[4]	1. Verständlich[4]	*[4]	Lebensdauer/Verfügbarkeit vorhanden[4]	*[4]	*[4]	*[4]	*[4]	*[4]	Pro A[4]	*[4]	*[4]	Hauptteil[6]	2. Data[18]	
5-5	1063-1066	die	2. Falsch[4]	1. Angemessen[4]	1. Verständlich[4]	*[4]	Lebensdauer/Verfügbarkeit vorhanden[4]	*[4]	*[4]	*[4]	*[4]	*[4]	Pro A[4]	*[4]	*[4]	Hauptteil[6]	2. Data[18]	
5-6	1067-1078	Lebensdauer	2. Falsch[4]	1. Angemessen[4]	1. Verständlich[4]	*[4]	Lebensdauer/Verfügbarkeit vorhanden[4]	*[4]	*[4]	*[4]	*[4]	*[4]	Pro A[4]	*[4]	*[4]	Hauptteil[6]	2. Data[18]	
5-7	1079-1085	dieser	2. Falsch[4]	1. Angemessen[4]	1. Verständlich[4]	*[4]	Lebensdauer/Verfügbarkeit vorhanden[4]	*[4]	*[4]	*[4]	*[4]	*[4]	Pro A[4]	*[4]	*[4]	Hauptteil[6]	2. Data[18]	
5-8	1086-1103	wasserkraftanlage	2. Falsch[4]	1. Angemessen[4]	1. Verständlich[4]	*[4]	Lebensdauer/Verfügbarkeit vorhanden[4]	*[4]	*[4]	*[4]	*[4]	*[4]	Pro A[4]	*[4]	*[4]	Hauptteil[6]	2. Data[18]	
5-9	1104-1105	,	2. Falsch[4]	1. Angemessen[4]	1. Verständlich[4]	*[4]	Lebensdauer/Verfügbarkeit vorhanden[4]	*[4]	*[4]	*[4]	*[4]	*[4]	Pro A[4]	*[4]	*[4]	Hauptteil[6]	2. Data[18]	
5-10	1106-1109	die	2. Falsch[4]	1. Angemessen[4]	1. Verständlich[4]	*[4]	Lebensdauer/Verfügbarkeit vorhanden[4]	*[4]	*[4]	*[4]	*[4]	*[4]	Pro A[4]	*[4]	*[4]	Hauptteil[6]	2. Data[18]	
5-11	1110-1124	unvorstellbare	2. Falsch[4]	1. Angemessen[4]	1. Verständlich[4]	*[4]	Lebensdauer/Verfügbarkeit vorhanden[4]	*[4]	*[4]	*[4]	*[4]	*[4]	Pro A[4]	*[4]	*[4]	Hauptteil[6]	2. Data[18]	
5-12	1125-1127	89	2. Falsch[4]	1. Angemessen[4]	1. Verständlich[4]	*[4]	Lebensdauer/Verfügbarkeit vorhanden[4]	*[4]	*[4]	*[4]	*[4]	*[4]	Pro A[4]	*[4]	*[4]	Hauptteil[6]	2. Data[18]	
5-13	1128-1133	Jahre	2. Falsch[4]	1. Angemessen[4]	1. Verständlich[4]	*[4]	Lebensdauer/Verfügbarkeit vorhanden[4]	*[4]	*[4]	*[4]	*[4]	*[4]	Pro A[4]	*[4]	*[4]	Hauptteil[6]	2. Data[18]	
5-14	1134-1141	beträgt	2. Falsch[4]	1. Angemessen[4]	1. Verständlich[4]	*[4]	Lebensdauer/Verfügbarkeit vorhanden[4]	*[4]	*[4]	*[4]	*[4]	*[4]	Pro A[4]	*[4]	*[4]	Hauptteil[6]	2. Data[18]	
5-15	1141-1142	.	2. Falsch[4]	1. Angemessen[4]	1. Verständlich[4]	*[4]	Lebensdauer/Verfügbarkeit vorhanden[4]	*[4]	*[4]	*[4]	*[4]	*[4]	Pro A[4]	*[4]	*[4]	Hauptteil[6]	2. Data[18]	

6-1	1144-1150	Jedoch	1. Richtig[5]	1. Angemessen[5]	2. Schwer verständlich[5]	*[5]	Lebensdauer/Verfügbarkeit vorhanden[5]	*[5]	Preis/Betrieb vorhanden[5]	*[5]	*[5]	*[5]	Pro A[5]	*[5]	*[5]	Hauptteil[6]	2. Data[19]	
6-2	1151-1154	ist	1. Richtig[5]	1. Angemessen[5]	2. Schwer verständlich[5]	*[5]	Lebensdauer/Verfügbarkeit vorhanden[5]	*[5]	Preis/Betrieb vorhanden[5]	*[5]	*[5]	*[5]	Pro A[5]	*[5]	*[5]	Hauptteil[6]	2. Data[19]	
6-3	1155-1158	ein	1. Richtig[5]	1. Angemessen[5]	2. Schwer verständlich[5]	*[5]	Lebensdauer/Verfügbarkeit vorhanden[5]	*[5]	Preis/Betrieb vorhanden[5]	*[5]	*[5]	*[5]	Pro A[5]	*[5]	*[5]	Hauptteil[6]	2. Data[19]	
6-4	1159-1167	weiterer	1. Richtig[5]	1. Angemessen[5]	2. Schwer verständlich[5]	*[5]	Lebensdauer/Verfügbarkeit vorhanden[5]	*[5]	Preis/Betrieb vorhanden[5]	*[5]	*[5]	*[5]	Pro A[5]	*[5]	*[5]	Hauptteil[6]	2. Data[19]	
6-5	1168-1183	ausschlagebener	1. Richtig[5]	1. Angemessen[5]	2. Schwer verständlich[5]	*[5]	Lebensdauer/Verfügbarkeit vorhanden[5]	*[5]	Preis/Betrieb vorhanden[5]	*[5]	*[5]	*[5]	Pro A[5]	*[5]	*[5]	Hauptteil[6]	2. Data[19]	
6-6	1184-1189	Punkt	1. Richtig[5]	1. Angemessen[5]	2. Schwer verständlich[5]	*[5]	Lebensdauer/Verfügbarkeit vorhanden[5]	*[5]	Preis/Betrieb vorhanden[5]	*[5]	*[5]	*[5]	Pro A[5]	*[5]	*[5]	Hauptteil[6]	2. Data[19]	
6-7	1190-1193	die	1. Richtig[5]	1. Angemessen[5]	2. Schwer verständlich[5]	*[5]	Lebensdauer/Verfügbarkeit vorhanden[5]	*[5]	Preis/Betrieb vorhanden[5]	*[5]	*[5]	*[5]	Pro A[5]	*[5]	*[5]	Hauptteil[6]	2. Data[19]	
6-8	1194-1200	Kosten	1. Richtig[5]	1. Angemessen[5]	2. Schwer verständlich[5]	*[5]	Lebensdauer/Verfügbarkeit vorhanden[5]	*[5]	Preis/Betrieb vorhanden[5]	*[5]	*[5]	*[5]	Pro A[5]	*[5]	*[5]	Hauptteil[6]	2. Data[19]	
6-9	1201-1202	,	1. Richtig[5]	1. Angemessen[5]	2. Schwer verständlich[5]	*[5]	Lebensdauer/Verfügbarkeit vorhanden[5]	*[5]	Preis/Betrieb vorhanden[5]	*[5]	*[5]	*[5]	Pro A[5]	*[5]	*[5]	Hauptteil[6]	2. Data[19]	
6-10	1203-1206	die	1. Richtig[5]	1. Angemessen[5]	2. Schwer verständlich[5]	*[5]	Lebensdauer/Verfügbarkeit vorhanden[5]	*[5]	Preis/Betrieb vorhanden[5]	*[5]	*[5]	*[5]	Pro A[5]	*[5]	*[5]	Hauptteil[6]	2. Data[19]	
6-11	1207-1213	dieses	1. Richtig[5]	1. Angemessen[5]	2. Schwer verständlich[5]	*[5]	Lebensdauer/Verfügbarkeit vorhanden[5]	*[5]	Preis/Betrieb vorhanden[5]	*[5]	*[5]	*[5]	Pro A[5]	*[5]	*[5]	Hauptteil[6]	2. Data[19]	
6-12	1214-1221	Projekt	1. Richtig[5]	1. Angemessen[5]	2. Schwer verständlich[5]	*[5]	Lebensdauer/Verfügbarkeit vorhanden[5]	*[5]	Preis/Betrieb vorhanden[5]	*[5]	*[5]	*[5]	Pro A[5]	*[5]	*[5]	Hauptteil[6]	2. Data[19]	
6-13	1222-1225	mit	1. Richtig[5]	1. Angemessen[5]	2. Schwer verständlich[5]	*[5]	Lebensdauer/Verfügbarkeit vorhanden[5]	*[5]	Preis/Betrieb vorhanden[5]	*[5]	*[5]	*[5]	Pro A[5]	*[5]	*[5]	Hauptteil[6]	2. Data[19]	
6-14	1226-1228	59	1. Richtig[5]	1. Angemessen[5]	2. Schwer verständlich[5]	*[5]	Lebensdauer/Verfügbarkeit vorhanden[5]	*[5]	Preis/Betrieb vorhanden[5]	*[5]	*[5]	*[5]	Pro A[5]	*[5]	*[5]	Hauptteil[6]	2. Data[19]	
6-15	1229-1238	Millionen	1. Richtig[5]	1. Angemessen[5]	2. Schwer verständlich[5]	*[5]	Lebensdauer/Verfügbarkeit vorhanden[5]	*[5]	Preis/Betrieb vorhanden[5]	*[5]	*[5]	*[5]	Pro A[5]	*[5]	*[5]	Hauptteil[6]	2. Data[19]	
6-16	1239-1240	€	1. Richtig[5]	1. Angemessen[5]	2. Schwer verständlich[5]	*[5]	Lebensdauer/Verfügbarkeit vorhanden[5]	*[5]	Preis/Betrieb vorhanden[5]	*[5]	*[5]	*[5]	Pro A[5]	*[5]	*[5]	Hauptteil[6]	2. Data[19]	
6-17	1241-1246	birgt	1. Richtig[5]	1. Angemessen[5]	2. Schwer verständlich[5]	*[5]	Lebensdauer/Verfügbarkeit vorhanden[5]	*[5]	Preis/Betrieb vorhanden[5]	*[5]	*[5]	*[5]	Pro A[5]	*[5]	*[5]	Hauptteil[6]	2. Data[19]	
6-18	1247-1253	jedoch	1. Richtig[5]	1. Angemessen[5]	2. Schwer verständlich[5]	*[5]	Lebensdauer/Verfügbarkeit vorhanden[5]	*[5]	Preis/Betrieb vorhanden[5]	*[5]	*[5]	*[5]	Pro A[5]	*[5]	*[5]	Hauptteil[6]	4. Rebuttal[20]	
6-19	1254-1260	sollte	1. Richtig[5]	1. Angemessen[5]	2. Schwer verständlich[5]	*[5]	Lebensdauer/Verfügbarkeit vorhanden[5]	*[5]	Preis/Betrieb vorhanden[5]	*[5]	*[5]	*[5]	Pro A[5]	*[5]	*[5]	Hauptteil[6]	4. Rebuttal[20]	
6-20	1261-1264	man	1. Richtig[5]	1. Angemessen[5]	2. Schwer verständlich[5]	*[5]	Lebensdauer/Verfügbarkeit vorhanden[5]	*[5]	Preis/Betrieb vorhanden[5]	*[5]	*[5]	*[5]	Pro A[5]	*[5]	*[5]	Hauptteil[6]	4. Rebuttal[20]	
6-21	1265-1269	hier	1. Richtig[5]	1. Angemessen[5]	2. Schwer verständlich[5]	*[5]	Lebensdauer/Verfügbarkeit vorhanden[5]	*[5]	Preis/Betrieb vorhanden[5]	*[5]	*[5]	*[5]	Pro A[5]	*[5]	*[5]	Hauptteil[6]	4. Rebuttal[20]	
6-22	1270-1285	berücksichtigen	1. Richtig[5]	1. Angemessen[5]	2. Schwer verständlich[5]	*[5]	Lebensdauer/Verfügbarkeit vorhanden[5]	*[5]	Preis/Betrieb vorhanden[5]	*[5]	*[5]	*[5]	Pro A[5]	*[5]	*[5]	Hauptteil[6]	4. Rebuttal[20]	
6-23	1285-1286	,	1. Richtig[5]	1. Angemessen[5]	2. Schwer verständlich[5]	*[5]	Lebensdauer/Verfügbarkeit vorhanden[5]	*[5]	Preis/Betrieb vorhanden[5]	*[5]	*[5]	*[5]	Pro A[5]	*[5]	*[5]	Hauptteil[6]	4. Rebuttal[20]	
6-24	1287-1291	dass	1. Richtig[5]	1. Angemessen[5]	2. Schwer verständlich[5]	*[5]	Lebensdauer/Verfügbarkeit vorhanden[5]	*[5]	Preis/Betrieb vorhanden[5]	*[5]	*[5]	*[5]	Pro A[5]	*[5]	*[5]	Hauptteil[6]	4. Rebuttal[20]	
6-25	1292-1296	eine	1. Richtig[5]	1. Angemessen[5]	2. Schwer verständlich[5]	*[5]	Lebensdauer/Verfügbarkeit vorhanden[5]	*[5]	Preis/Betrieb vorhanden[5]	*[5]	*[5]	*[5]	Pro A[5]	*[5]	*[5]	Hauptteil[6]	4. Rebuttal[20]	
6-26	1297-1302	lange	1. Richtig[5]	1. Angemessen[5]	2. Schwer verständlich[5]	*[5]	Lebensdauer/Verfügbarkeit vorhanden[5]	*[5]	Preis/Betrieb vorhanden[5]	*[5]	*[5]	*[5]	Pro A[5]	*[5]	*[5]	Hauptteil[6]	4. Rebuttal[20]	
6-27	1303-1312	Erhaltung	1. Richtig[5]	1. Angemessen[5]	2. Schwer verständlich[5]	*[5]	Lebensdauer/Verfügbarkeit vorhanden[5]	*[5]	Preis/Betrieb vorhanden[5]	*[5]	*[5]	*[5]	Pro A[5]	*[5]	*[5]	Hauptteil[6]	4. Rebuttal[20]	
6-28	1313-1319	dieses	1. Richtig[5]	1. Angemessen[5]	2. Schwer verständlich[5]	*[5]	Lebensdauer/Verfügbarkeit vorhanden[5]	*[5]	Preis/Betrieb vorhanden[5]	*[5]	*[5]	*[5]	Pro A[5]	*[5]	*[5]	Hauptteil[6]	4. Rebuttal[20]	
6-29	1320-1337	energiekraftwerks	1. Richtig[5]	1. Angemessen[5]	2. Schwer verständlich[5]	*[5]	Lebensdauer/Verfügbarkeit vorhanden[5]	*[5]	Preis/Betrieb vorhanden[5]	*[5]	*[5]	*[5]	Pro A[5]	*[5]	*[5]	Hauptteil[6]	4. Rebuttal[20]	
6-30	1338-1342	sich	1. Richtig[5]	1. Angemessen[5]	2. Schwer verständlich[5]	*[5]	Lebensdauer/Verfügbarkeit vorhanden[5]	*[5]	Preis/Betrieb vorhanden[5]	*[5]	*[5]	*[5]	Pro A[5]	*[5]	*[5]	Hauptteil[6]	4. Rebuttal[20]	
6-31	1343-1347	sehr	1. Richtig[5]	1. Angemessen[5]	2. Schwer verständlich[5]	*[5]	Lebensdauer/Verfügbarkeit vorhanden[5]	*[5]	Preis/Betrieb vorhanden[5]	*[5]	*[5]	*[5]	Pro A[5]	*[5]	*[5]	Hauptteil[6]	4. Rebuttal[20]	
6-32	1348-1355	positiv	1. Richtig[5]	1. Angemessen[5]	2. Schwer verständlich[5]	*[5]	Lebensdauer/Verfügbarkeit vorhanden[5]	*[5]	Preis/Betrieb vorhanden[5]	*[5]	*[5]	*[5]	Pro A[5]	*[5]	*[5]	Hauptteil[6]	4. Rebuttal[20]	
6-33	1356-1364	auswirkt	1. Richtig[5]	1. Angemessen[5]	2. Schwer verständlich[5]	*[5]	Lebensdauer/Verfügbarkeit vorhanden[5]	*[5]	Preis/Betrieb vorhanden[5]	*[5]	*[5]	*[5]	Pro A[5]	*[5]	*[5]	Hauptteil[6]	4. Rebuttal[20]	
6-34	1365-1368	auf	1. Richtig[5]	1. Angemessen[5]	2. Schwer verständlich[5]	*[5]	Lebensdauer/Verfügbarkeit vorhanden[5]	*[5]	Preis/Betrieb vorhanden[5]	*[5]	*[5]	*[5]	Pro A[5]	*[5]	*[5]	Hauptteil[6]	4. Rebuttal[20]	
