#FORMAT=WebAnno TSV 3.3
#T_SP=webanno.custom.Argument|Accuracy|Adequacy|Clarity|KriteriumJahresertragEnergiedichte|KriteriumLebensdauerVerfgbarkeit|KriteriumLokaleEmissionenGeruschemissionen|KriteriumPreisBetrieb|KriteriumSonstiges|KriteriumTreibhausgasemissionen|KriteriumWirkungsgrad|OptionA|OptionB|OptionC
#T_SP=webanno.custom.DecisionMakingStrategies|Decision|Gesamtthese
#T_SP=webanno.custom.Struktur|Struktur
#T_SP=webanno.custom.StrukturTAP|TAPArgumente


1-1	0-3	Die	_	_	_	_	_	_	_	_	_	_	_	_	_	_	_	Einleitung[7]	_	
1-2	4-11	heutige	_	_	_	_	_	_	_	_	_	_	_	_	_	_	_	Einleitung[7]	_	
1-3	12-25	Argumentation	_	_	_	_	_	_	_	_	_	_	_	_	_	_	_	Einleitung[7]	_	
1-4	26-30	wird	_	_	_	_	_	_	_	_	_	_	_	_	_	_	_	Einleitung[7]	_	
1-5	31-35	sich	_	_	_	_	_	_	_	_	_	_	_	_	_	_	_	Einleitung[7]	_	
1-6	36-39	mit	_	_	_	_	_	_	_	_	_	_	_	_	_	_	_	Einleitung[7]	_	
1-7	40-43	der	_	_	_	_	_	_	_	_	_	_	_	_	_	_	_	Einleitung[7]	_	
1-8	44-51	Zukunft	_	_	_	_	_	_	_	_	_	_	_	_	_	_	_	Einleitung[7]	_	
1-9	52-55	der	_	_	_	_	_	_	_	_	_	_	_	_	_	_	_	Einleitung[7]	_	
1-10	56-65	Mobilität	_	_	_	_	_	_	_	_	_	_	_	_	_	_	_	Einleitung[7]	_	
1-11	66-74	befassen	_	_	_	_	_	_	_	_	_	_	_	_	_	_	_	Einleitung[7]	_	
1-12	74-75	.	_	_	_	_	_	_	_	_	_	_	_	_	_	_	_	Einleitung[7]	_	

2-1	77-87	Besprochen	_	_	_	_	_	_	_	_	_	_	_	_	_	_	_	Einleitung[7]	_	
2-2	88-94	werden	_	_	_	_	_	_	_	_	_	_	_	_	_	_	_	Einleitung[7]	_	
2-3	95-108	Akkumulatoren	_	_	_	_	_	_	_	_	_	_	_	_	_	_	_	Einleitung[7]	_	
2-4	108-109	,	_	_	_	_	_	_	_	_	_	_	_	_	_	_	_	Einleitung[7]	_	
2-5	110-127	Wasserstoff-Autos	_	_	_	_	_	_	_	_	_	_	_	_	_	_	_	Einleitung[7]	_	
2-6	127-128	,	_	_	_	_	_	_	_	_	_	_	_	_	_	_	_	Einleitung[7]	_	
2-7	129-134	sowie	_	_	_	_	_	_	_	_	_	_	_	_	_	_	_	Einleitung[7]	_	
2-8	135-142	E-Fuels	_	_	_	_	_	_	_	_	_	_	_	_	_	_	_	Einleitung[7]	_	
2-9	142-143	.	_	_	_	_	_	_	_	_	_	_	_	_	_	_	_	Einleitung[7]	_	

3-1	145-160	Ausschlaggebend	1. Richtig[1]	1. Angemessen[1]	1. Verständlich[1]	*[1]	*[1]	*[1]	Preis/Betrieb vorhanden[1]	*[1]	*[1]	Wirkungsgrad vorhanden[1]	Unklar A[1]	Unklar B[1]	Unklar C[1]	_	_	Hauptteil[8]	1. Claim[9]	
3-2	161-164	für	1. Richtig[1]	1. Angemessen[1]	1. Verständlich[1]	*[1]	*[1]	*[1]	Preis/Betrieb vorhanden[1]	*[1]	*[1]	Wirkungsgrad vorhanden[1]	Unklar A[1]	Unklar B[1]	Unklar C[1]	_	_	Hauptteil[8]	1. Claim[9]	
3-3	165-169	eine	1. Richtig[1]	1. Angemessen[1]	1. Verständlich[1]	*[1]	*[1]	*[1]	Preis/Betrieb vorhanden[1]	*[1]	*[1]	Wirkungsgrad vorhanden[1]	Unklar A[1]	Unklar B[1]	Unklar C[1]	_	_	Hauptteil[8]	1. Claim[9]	
3-4	170-177	saubere	1. Richtig[1]	1. Angemessen[1]	1. Verständlich[1]	*[1]	*[1]	*[1]	Preis/Betrieb vorhanden[1]	*[1]	*[1]	Wirkungsgrad vorhanden[1]	Unklar A[1]	Unklar B[1]	Unklar C[1]	_	_	Hauptteil[8]	1. Claim[9]	
3-5	178-185	Zukunft	1. Richtig[1]	1. Angemessen[1]	1. Verständlich[1]	*[1]	*[1]	*[1]	Preis/Betrieb vorhanden[1]	*[1]	*[1]	Wirkungsgrad vorhanden[1]	Unklar A[1]	Unklar B[1]	Unklar C[1]	_	_	Hauptteil[8]	1. Claim[9]	
3-6	186-189	ist	1. Richtig[1]	1. Angemessen[1]	1. Verständlich[1]	*[1]	*[1]	*[1]	Preis/Betrieb vorhanden[1]	*[1]	*[1]	Wirkungsgrad vorhanden[1]	Unklar A[1]	Unklar B[1]	Unklar C[1]	_	_	Hauptteil[8]	1. Claim[9]	
3-7	190-193	der	1. Richtig[1]	1. Angemessen[1]	1. Verständlich[1]	*[1]	*[1]	*[1]	Preis/Betrieb vorhanden[1]	*[1]	*[1]	Wirkungsgrad vorhanden[1]	Unklar A[1]	Unklar B[1]	Unklar C[1]	_	_	Hauptteil[8]	1. Claim[9]	
3-8	194-206	Wirkungsgrad	1. Richtig[1]	1. Angemessen[1]	1. Verständlich[1]	*[1]	*[1]	*[1]	Preis/Betrieb vorhanden[1]	*[1]	*[1]	Wirkungsgrad vorhanden[1]	Unklar A[1]	Unklar B[1]	Unklar C[1]	_	_	Hauptteil[8]	1. Claim[9]	
3-9	207-210	der	1. Richtig[1]	1. Angemessen[1]	1. Verständlich[1]	*[1]	*[1]	*[1]	Preis/Betrieb vorhanden[1]	*[1]	*[1]	Wirkungsgrad vorhanden[1]	Unklar A[1]	Unklar B[1]	Unklar C[1]	_	_	Hauptteil[8]	1. Claim[9]	
3-10	211-224	verschiedenen	1. Richtig[1]	1. Angemessen[1]	1. Verständlich[1]	*[1]	*[1]	*[1]	Preis/Betrieb vorhanden[1]	*[1]	*[1]	Wirkungsgrad vorhanden[1]	Unklar A[1]	Unklar B[1]	Unklar C[1]	_	_	Hauptteil[8]	1. Claim[9]	
3-11	225-232	Systeme	1. Richtig[1]	1. Angemessen[1]	1. Verständlich[1]	*[1]	*[1]	*[1]	Preis/Betrieb vorhanden[1]	*[1]	*[1]	Wirkungsgrad vorhanden[1]	Unklar A[1]	Unklar B[1]	Unklar C[1]	_	_	Hauptteil[8]	1. Claim[9]	
3-12	232-233	.	1. Richtig[1]	1. Angemessen[1]	1. Verständlich[1]	*[1]	*[1]	*[1]	Preis/Betrieb vorhanden[1]	*[1]	*[1]	Wirkungsgrad vorhanden[1]	Unklar A[1]	Unklar B[1]	Unklar C[1]	_	_	Hauptteil[8]	1. Claim[9]	

4-1	235-248	Akkumulatoren	1. Richtig[1]	1. Angemessen[1]	1. Verständlich[1]	*[1]	*[1]	*[1]	Preis/Betrieb vorhanden[1]	*[1]	*[1]	Wirkungsgrad vorhanden[1]	Unklar A[1]	Unklar B[1]	Unklar C[1]	_	_	Hauptteil[8]	2. Data[10]	
4-2	249-255	liegen	1. Richtig[1]	1. Angemessen[1]	1. Verständlich[1]	*[1]	*[1]	*[1]	Preis/Betrieb vorhanden[1]	*[1]	*[1]	Wirkungsgrad vorhanden[1]	Unklar A[1]	Unklar B[1]	Unklar C[1]	_	_	Hauptteil[8]	2. Data[10]	
4-3	256-260	dort	1. Richtig[1]	1. Angemessen[1]	1. Verständlich[1]	*[1]	*[1]	*[1]	Preis/Betrieb vorhanden[1]	*[1]	*[1]	Wirkungsgrad vorhanden[1]	Unklar A[1]	Unklar B[1]	Unklar C[1]	_	_	Hauptteil[8]	2. Data[10]	
4-4	261-264	mit	1. Richtig[1]	1. Angemessen[1]	1. Verständlich[1]	*[1]	*[1]	*[1]	Preis/Betrieb vorhanden[1]	*[1]	*[1]	Wirkungsgrad vorhanden[1]	Unklar A[1]	Unklar B[1]	Unklar C[1]	_	_	Hauptteil[8]	2. Data[10]	
4-5	265-268	70%	1. Richtig[1]	1. Angemessen[1]	1. Verständlich[1]	*[1]	*[1]	*[1]	Preis/Betrieb vorhanden[1]	*[1]	*[1]	Wirkungsgrad vorhanden[1]	Unklar A[1]	Unklar B[1]	Unklar C[1]	_	_	Hauptteil[8]	2. Data[10]	
4-6	269-273	weit	1. Richtig[1]	1. Angemessen[1]	1. Verständlich[1]	*[1]	*[1]	*[1]	Preis/Betrieb vorhanden[1]	*[1]	*[1]	Wirkungsgrad vorhanden[1]	Unklar A[1]	Unklar B[1]	Unklar C[1]	_	_	Hauptteil[8]	2. Data[10]	
4-7	274-278	über	1. Richtig[1]	1. Angemessen[1]	1. Verständlich[1]	*[1]	*[1]	*[1]	Preis/Betrieb vorhanden[1]	*[1]	*[1]	Wirkungsgrad vorhanden[1]	Unklar A[1]	Unklar B[1]	Unklar C[1]	_	_	Hauptteil[8]	2. Data[10]	
4-8	279-286	E-Fuels	1. Richtig[1]	1. Angemessen[1]	1. Verständlich[1]	*[1]	*[1]	*[1]	Preis/Betrieb vorhanden[1]	*[1]	*[1]	Wirkungsgrad vorhanden[1]	Unklar A[1]	Unklar B[1]	Unklar C[1]	_	_	Hauptteil[8]	2. Data[10]	
4-9	287-290	und	1. Richtig[1]	1. Angemessen[1]	1. Verständlich[1]	*[1]	*[1]	*[1]	Preis/Betrieb vorhanden[1]	*[1]	*[1]	Wirkungsgrad vorhanden[1]	Unklar A[1]	Unklar B[1]	Unklar C[1]	_	_	Hauptteil[8]	2. Data[10]	
4-10	291-302	Wasserstoff	1. Richtig[1]	1. Angemessen[1]	1. Verständlich[1]	*[1]	*[1]	*[1]	Preis/Betrieb vorhanden[1]	*[1]	*[1]	Wirkungsgrad vorhanden[1]	Unklar A[1]	Unklar B[1]	Unklar C[1]	_	_	Hauptteil[8]	2. Data[10]	
4-11	303-308	Wagen	1. Richtig[1]	1. Angemessen[1]	1. Verständlich[1]	*[1]	*[1]	*[1]	Preis/Betrieb vorhanden[1]	*[1]	*[1]	Wirkungsgrad vorhanden[1]	Unklar A[1]	Unklar B[1]	Unklar C[1]	_	_	Hauptteil[8]	2. Data[10]	
4-12	308-309	,	1. Richtig[1]	1. Angemessen[1]	1. Verständlich[1]	*[1]	*[1]	*[1]	Preis/Betrieb vorhanden[1]	*[1]	*[1]	Wirkungsgrad vorhanden[1]	Unklar A[1]	Unklar B[1]	Unklar C[1]	_	_	Hauptteil[8]	2. Data[10]	
4-13	310-319	schneiden	1. Richtig[1]	1. Angemessen[1]	1. Verständlich[1]	*[1]	*[1]	*[1]	Preis/Betrieb vorhanden[1]	*[1]	*[1]	Wirkungsgrad vorhanden[1]	Unklar A[1]	Unklar B[1]	Unklar C[1]	_	_	Hauptteil[8]	4. Rebuttal[11]	
4-14	320-322	im	1. Richtig[1]	1. Angemessen[1]	1. Verständlich[1]	*[1]	*[1]	*[1]	Preis/Betrieb vorhanden[1]	*[1]	*[1]	Wirkungsgrad vorhanden[1]	Unklar A[1]	Unklar B[1]	Unklar C[1]	_	_	Hauptteil[8]	4. Rebuttal[11]	
4-15	323-330	Betrieb	1. Richtig[1]	1. Angemessen[1]	1. Verständlich[1]	*[1]	*[1]	*[1]	Preis/Betrieb vorhanden[1]	*[1]	*[1]	Wirkungsgrad vorhanden[1]	Unklar A[1]	Unklar B[1]	Unklar C[1]	_	_	Hauptteil[8]	4. Rebuttal[11]	
4-16	331-337	jedoch	1. Richtig[1]	1. Angemessen[1]	1. Verständlich[1]	*[1]	*[1]	*[1]	Preis/Betrieb vorhanden[1]	*[1]	*[1]	Wirkungsgrad vorhanden[1]	Unklar A[1]	Unklar B[1]	Unklar C[1]	_	_	Hauptteil[8]	4. Rebuttal[11]	
4-17	338-346	deutlich	1. Richtig[1]	1. Angemessen[1]	1. Verständlich[1]	*[1]	*[1]	*[1]	Preis/Betrieb vorhanden[1]	*[1]	*[1]	Wirkungsgrad vorhanden[1]	Unklar A[1]	Unklar B[1]	Unklar C[1]	_	_	Hauptteil[8]	4. Rebuttal[11]	
4-18	347-357	schlechter	1. Richtig[1]	1. Angemessen[1]	1. Verständlich[1]	*[1]	*[1]	*[1]	Preis/Betrieb vorhanden[1]	*[1]	*[1]	Wirkungsgrad vorhanden[1]	Unklar A[1]	Unklar B[1]	Unklar C[1]	_	_	Hauptteil[8]	4. Rebuttal[11]	
4-19	358-360	ab	1. Richtig[1]	1. Angemessen[1]	1. Verständlich[1]	*[1]	*[1]	*[1]	Preis/Betrieb vorhanden[1]	*[1]	*[1]	Wirkungsgrad vorhanden[1]	Unklar A[1]	Unklar B[1]	Unklar C[1]	_	_	Hauptteil[8]	4. Rebuttal[11]	
4-20	360-361	.	1. Richtig[1]	1. Angemessen[1]	1. Verständlich[1]	*[1]	*[1]	*[1]	Preis/Betrieb vorhanden[1]	*[1]	*[1]	Wirkungsgrad vorhanden[1]	Unklar A[1]	Unklar B[1]	Unklar C[1]	_	_	Hauptteil[8]	4. Rebuttal[11]	

5-1	363-368	Lange	1. Richtig[2]	1. Angemessen[2]	1. Verständlich[2]	*[2]	*[2]	*[2]	Preis/Betrieb vorhanden[2]	*[2]	*[2]	*[2]	Pro A[2]	Pro B[2]	Contra C[2]	_	_	Hauptteil[8]	2. Data[12]	
5-2	369-379	Ladezeiten	1. Richtig[2]	1. Angemessen[2]	1. Verständlich[2]	*[2]	*[2]	*[2]	Preis/Betrieb vorhanden[2]	*[2]	*[2]	*[2]	Pro A[2]	Pro B[2]	Contra C[2]	_	_	Hauptteil[8]	2. Data[12]	
5-3	380-383	und	1. Richtig[2]	1. Angemessen[2]	1. Verständlich[2]	*[2]	*[2]	*[2]	Preis/Betrieb vorhanden[2]	*[2]	*[2]	*[2]	Pro A[2]	Pro B[2]	Contra C[2]	_	_	Hauptteil[8]	2. Data[12]	
5-4	384-389	kurze	1. Richtig[2]	1. Angemessen[2]	1. Verständlich[2]	*[2]	*[2]	*[2]	Preis/Betrieb vorhanden[2]	*[2]	*[2]	*[2]	Pro A[2]	Pro B[2]	Contra C[2]	_	_	Hauptteil[8]	2. Data[12]	
5-5	390-401	Reichweiten	1. Richtig[2]	1. Angemessen[2]	1. Verständlich[2]	*[2]	*[2]	*[2]	Preis/Betrieb vorhanden[2]	*[2]	*[2]	*[2]	Pro A[2]	Pro B[2]	Contra C[2]	_	_	Hauptteil[8]	2. Data[12]	
5-6	402-406	sind	1. Richtig[2]	1. Angemessen[2]	1. Verständlich[2]	*[2]	*[2]	*[2]	Preis/Betrieb vorhanden[2]	*[2]	*[2]	*[2]	Pro A[2]	Pro B[2]	Contra C[2]	_	_	Hauptteil[8]	2. Data[12]	
5-7	407-412	fatal	1. Richtig[2]	1. Angemessen[2]	1. Verständlich[2]	*[2]	*[2]	*[2]	Preis/Betrieb vorhanden[2]	*[2]	*[2]	*[2]	Pro A[2]	Pro B[2]	Contra C[2]	_	_	Hauptteil[8]	2. Data[12]	
5-8	413-416	und	1. Richtig[2]	1. Angemessen[2]	1. Verständlich[2]	*[2]	*[2]	*[2]	Preis/Betrieb vorhanden[2]	*[2]	*[2]	*[2]	Pro A[2]	Pro B[2]	Contra C[2]	_	_	Hauptteil[8]	1. Claim[13]	
5-9	417-423	lassen	1. Richtig[2]	1. Angemessen[2]	1. Verständlich[2]	*[2]	*[2]	*[2]	Preis/Betrieb vorhanden[2]	*[2]	*[2]	*[2]	Pro A[2]	Pro B[2]	Contra C[2]	_	_	Hauptteil[8]	1. Claim[13]	
5-10	424-442	Akkumulatorenautos	1. Richtig[2]	1. Angemessen[2]	1. Verständlich[2]	*[2]	*[2]	*[2]	Preis/Betrieb vorhanden[2]	*[2]	*[2]	*[2]	Pro A[2]	Pro B[2]	Contra C[2]	_	_	Hauptteil[8]	1. Claim[13]	
5-11	443-446	bei	1. Richtig[2]	1. Angemessen[2]	1. Verständlich[2]	*[2]	*[2]	*[2]	Preis/Betrieb vorhanden[2]	*[2]	*[2]	*[2]	Pro A[2]	Pro B[2]	Contra C[2]	_	_	Hauptteil[8]	1. Claim[13]	
5-12	447-450	der	1. Richtig[2]	1. Angemessen[2]	1. Verständlich[2]	*[2]	*[2]	*[2]	Preis/Betrieb vorhanden[2]	*[2]	*[2]	*[2]	Pro A[2]	Pro B[2]	Contra C[2]	_	_	Hauptteil[8]	1. Claim[13]	
5-13	451-469	Zukunftssicherheit	1. Richtig[2]	1. Angemessen[2]	1. Verständlich[2]	*[2]	*[2]	*[2]	Preis/Betrieb vorhanden[2]	*[2]	*[2]	*[2]	Pro A[2]	Pro B[2]	Contra C[2]	_	_	Hauptteil[8]	1. Claim[13]	
5-14	470-472	am	1. Richtig[2]	1. Angemessen[2]	1. Verständlich[2]	*[2]	*[2]	*[2]	Preis/Betrieb vorhanden[2]	*[2]	*[2]	*[2]	Pro A[2]	Pro B[2]	Contra C[2]	_	_	Hauptteil[8]	1. Claim[13]	
5-15	473-486	schlechtesten	1. Richtig[2]	1. Angemessen[2]	1. Verständlich[2]	*[2]	*[2]	*[2]	Preis/Betrieb vorhanden[2]	*[2]	*[2]	*[2]	Pro A[2]	Pro B[2]	Contra C[2]	_	_	Hauptteil[8]	1. Claim[13]	
5-16	487-498	abschließen	1. Richtig[2]	1. Angemessen[2]	1. Verständlich[2]	*[2]	*[2]	*[2]	Preis/Betrieb vorhanden[2]	*[2]	*[2]	*[2]	Pro A[2]	Pro B[2]	Contra C[2]	_	_	Hauptteil[8]	1. Claim[13]	
5-17	498-499	.	1. Richtig[2]	1. Angemessen[2]	1. Verständlich[2]	*[2]	*[2]	*[2]	Preis/Betrieb vorhanden[2]	*[2]	*[2]	*[2]	Pro A[2]	Pro B[2]	Contra C[2]	_	_	Hauptteil[8]	1. Claim[13]	

6-1	501-508	E-Fuels	1. Richtig[3]	1. Angemessen[3]	1. Verständlich[3]	*[3]	*[3]	*[3]	*[3]	*[3]	Treibhausgasemissionen vorhanden[3]	Wirkungsgrad vorhanden[3]	*[3]	Contra B[3]	*[3]	_	_	Hauptteil[8]	2. Data[14]	
6-2	509-514	haben	1. Richtig[3]	1. Angemessen[3]	1. Verständlich[3]	*[3]	*[3]	*[3]	*[3]	*[3]	Treibhausgasemissionen vorhanden[3]	Wirkungsgrad vorhanden[3]	*[3]	Contra B[3]	*[3]	_	_	Hauptteil[8]	2. Data[14]	
6-3	515-519	zwar	1. Richtig[3]	1. Angemessen[3]	1. Verständlich[3]	*[3]	*[3]	*[3]	*[3]	*[3]	Treibhausgasemissionen vorhanden[3]	Wirkungsgrad vorhanden[3]	*[3]	Contra B[3]	*[3]	_	_	Hauptteil[8]	2. Data[14]	
6-4	520-523	den	1. Richtig[3]	1. Angemessen[3]	1. Verständlich[3]	*[3]	*[3]	*[3]	*[3]	*[3]	Treibhausgasemissionen vorhanden[3]	Wirkungsgrad vorhanden[3]	*[3]	Contra B[3]	*[3]	_	_	Hauptteil[8]	2. Data[14]	
6-5	524-534	geringsten	1. Richtig[3]	1. Angemessen[3]	1. Verständlich[3]	*[3]	*[3]	*[3]	*[3]	*[3]	Treibhausgasemissionen vorhanden[3]	Wirkungsgrad vorhanden[3]	*[3]	Contra B[3]	*[3]	_	_	Hauptteil[8]	2. Data[14]	
6-6	535-554	Treibhausgasausstoß	1. Richtig[3]	1. Angemessen[3]	1. Verständlich[3]	*[3]	*[3]	*[3]	*[3]	*[3]	Treibhausgasemissionen vorhanden[3]	Wirkungsgrad vorhanden[3]	*[3]	Contra B[3]	*[3]	_	_	Hauptteil[8]	2. Data[14]	
6-7	555-558	bei	1. Richtig[3]	1. Angemessen[3]	1. Verständlich[3]	*[3]	*[3]	*[3]	*[3]	*[3]	Treibhausgasemissionen vorhanden[3]	Wirkungsgrad vorhanden[3]	*[3]	Contra B[3]	*[3]	_	_	Hauptteil[8]	2. Data[14]	
6-8	559-562	der	1. Richtig[3]	1. Angemessen[3]	1. Verständlich[3]	*[3]	*[3]	*[3]	*[3]	*[3]	Treibhausgasemissionen vorhanden[3]	Wirkungsgrad vorhanden[3]	*[3]	Contra B[3]	*[3]	_	_	Hauptteil[8]	2. Data[14]	
6-9	563-573	Produktion	1. Richtig[3]	1. Angemessen[3]	1. Verständlich[3]	*[3]	*[3]	*[3]	*[3]	*[3]	Treibhausgasemissionen vorhanden[3]	Wirkungsgrad vorhanden[3]	*[3]	Contra B[3]	*[3]	_	_	Hauptteil[8]	2. Data[14]	
6-10	573-574	,	1. Richtig[3]	1. Angemessen[3]	1. Verständlich[3]	*[3]	*[3]	*[3]	*[3]	*[3]	Treibhausgasemissionen vorhanden[3]	Wirkungsgrad vorhanden[3]	*[3]	Contra B[3]	*[3]	_	_	Hauptteil[8]	2. Data[14]	
6-11	575-580	durch	1. Richtig[3]	1. Angemessen[3]	1. Verständlich[3]	*[3]	*[3]	*[3]	*[3]	*[3]	Treibhausgasemissionen vorhanden[3]	Wirkungsgrad vorhanden[3]	*[3]	Contra B[3]	*[3]	_	_	Hauptteil[8]	2. Data[14]	
6-12	581-584	die	1. Richtig[3]	1. Angemessen[3]	1. Verständlich[3]	*[3]	*[3]	*[3]	*[3]	*[3]	Treibhausgasemissionen vorhanden[3]	Wirkungsgrad vorhanden[3]	*[3]	Contra B[3]	*[3]	_	_	Hauptteil[8]	2. Data[14]	
6-13	585-595	Ersetztung	1. Richtig[3]	1. Angemessen[3]	1. Verständlich[3]	*[3]	*[3]	*[3]	*[3]	*[3]	Treibhausgasemissionen vorhanden[3]	Wirkungsgrad vorhanden[3]	*[3]	Contra B[3]	*[3]	_	_	Hauptteil[8]	2. Data[14]	
6-14	596-599	des	1. Richtig[3]	1. Angemessen[3]	1. Verständlich[3]	*[3]	*[3]	*[3]	*[3]	*[3]	Treibhausgasemissionen vorhanden[3]	Wirkungsgrad vorhanden[3]	*[3]	Contra B[3]	*[3]	_	_	Hauptteil[8]	2. Data[14]	
6-15	600-606	Tankes	1. Richtig[3]	1. Angemessen[3]	1. Verständlich[3]	*[3]	*[3]	*[3]	*[3]	*[3]	Treibhausgasemissionen vorhanden[3]	Wirkungsgrad vorhanden[3]	*[3]	Contra B[3]	*[3]	_	_	Hauptteil[8]	2. Data[14]	
6-16	607-610	zur	1. Richtig[3]	1. Angemessen[3]	1. Verständlich[3]	*[3]	*[3]	*[3]	*[3]	*[3]	Treibhausgasemissionen vorhanden[3]	Wirkungsgrad vorhanden[3]	*[3]	Contra B[3]	*[3]	_	_	Hauptteil[8]	2. Data[14]	
6-17	611-619	Batterie	1. Richtig[3]	1. Angemessen[3]	1. Verständlich[3]	*[3]	*[3]	*[3]	*[3]	*[3]	Treibhausgasemissionen vorhanden[3]	Wirkungsgrad vorhanden[3]	*[3]	Contra B[3]	*[3]	_	_	Hauptteil[8]	2. Data[14]	
6-18	619-620	,	1. Richtig[3]	1. Angemessen[3]	1. Verständlich[3]	*[3]	*[3]	*[3]	*[3]	*[3]	Treibhausgasemissionen vorhanden[3]	Wirkungsgrad vorhanden[3]	*[3]	Contra B[3]	*[3]	_	_	Hauptteil[8]	2. Data[14]	
6-19	621-630	schneiden	1. Richtig[3]	1. Angemessen[3]	1. Verständlich[3]	*[3]	*[3]	*[3]	*[3]	*[3]	Treibhausgasemissionen vorhanden[3]	Wirkungsgrad vorhanden[3]	*[3]	Contra B[3]	*[3]	_	_	Hauptteil[8]	4. Rebuttal[15]	
6-20	631-633	in	1. Richtig[3]	1. Angemessen[3]	1. Verständlich[3]	*[3]	*[3]	*[3]	*[3]	*[3]	Treibhausgasemissionen vorhanden[3]	Wirkungsgrad vorhanden[3]	*[3]	Contra B[3]	*[3]	_	_	Hauptteil[8]	4. Rebuttal[15]	
6-21	634-637	der	1. Richtig[3]	1. Angemessen[3]	1. Verständlich[3]	*[3]	*[3]	*[3]	*[3]	*[3]	Treibhausgasemissionen vorhanden[3]	Wirkungsgrad vorhanden[3]	*[3]	Contra B[3]	*[3]	_	_	Hauptteil[8]	4. Rebuttal[15]	
6-22	638-651	Gesamtwirkung	1. Richtig[3]	1. Angemessen[3]	1. Verständlich[3]	*[3]	*[3]	*[3]	*[3]	*[3]	Treibhausgasemissionen vorhanden[3]	Wirkungsgrad vorhanden[3]	*[3]	Contra B[3]	*[3]	_	_	Hauptteil[8]	4. Rebuttal[15]	
6-23	652-655	mit	1. Richtig[3]	1. Angemessen[3]	1. Verständlich[3]	*[3]	*[3]	*[3]	*[3]	*[3]	Treibhausgasemissionen vorhanden[3]	Wirkungsgrad vorhanden[3]	*[3]	Contra B[3]	*[3]	_	_	Hauptteil[8]	4. Rebuttal[15]	
6-24	656-658	15	1. Richtig[3]	1. Angemessen[3]	1. Verständlich[3]	*[3]	*[3]	*[3]	*[3]	*[3]	Treibhausgasemissionen vorhanden[3]	Wirkungsgrad vorhanden[3]	*[3]	Contra B[3]	*[3]	_	_	Hauptteil[8]	4. Rebuttal[15]	
6-25	658-659	-	1. Richtig[3]	1. Angemessen[3]	1. Verständlich[3]	*[3]	*[3]	*[3]	*[3]	*[3]	Treibhausgasemissionen vorhanden[3]	Wirkungsgrad vorhanden[3]	*[3]	Contra B[3]	*[3]	_	_	Hauptteil[8]	4. Rebuttal[15]	
6-26	659-662	20%	1. Richtig[3]	1. Angemessen[3]	1. Verständlich[3]	*[3]	*[3]	*[3]	*[3]	*[3]	Treibhausgasemissionen vorhanden[3]	Wirkungsgrad vorhanden[3]	*[3]	Contra B[3]	*[3]	_	_	Hauptteil[8]	4. Rebuttal[15]	
6-27	663-669	jedoch	1. Richtig[3]	1. Angemessen[3]	1. Verständlich[3]	*[3]	*[3]	*[3]	*[3]	*[3]	Treibhausgasemissionen vorhanden[3]	Wirkungsgrad vorhanden[3]	*[3]	Contra B[3]	*[3]	_	_	Hauptteil[8]	4. Rebuttal[15]	
6-28	670-672	am	1. Richtig[3]	1. Angemessen[3]	1. Verständlich[3]	*[3]	*[3]	*[3]	*[3]	*[3]	Treibhausgasemissionen vorhanden[3]	Wirkungsgrad vorhanden[3]	*[3]	Contra B[3]	*[3]	_	_	Hauptteil[8]	4. Rebuttal[15]	
6-29	673-686	schlechtesten	1. Richtig[3]	1. Angemessen[3]	1. Verständlich[3]	*[3]	*[3]	*[3]	*[3]	*[3]	Treibhausgasemissionen vorhanden[3]	Wirkungsgrad vorhanden[3]	*[3]	Contra B[3]	*[3]	_	_	Hauptteil[8]	4. Rebuttal[15]	
6-30	687-689	ab	1. Richtig[3]	1. Angemessen[3]	1. Verständlich[3]	*[3]	*[3]	*[3]	*[3]	*[3]	Treibhausgasemissionen vorhanden[3]	Wirkungsgrad vorhanden[3]	*[3]	Contra B[3]	*[3]	_	_	Hauptteil[8]	4. Rebuttal[15]	
6-31	689-690	.	1. Richtig[3]	1. Angemessen[3]	1. Verständlich[3]	*[3]	*[3]	*[3]	*[3]	*[3]	Treibhausgasemissionen vorhanden[3]	Wirkungsgrad vorhanden[3]	*[3]	Contra B[3]	*[3]	_	_	Hauptteil[8]	4. Rebuttal[15]	

7-1	692-698	Meiner	1. Richtig[4]	1. Angemessen[4]	1. Verständlich[4]	*[4]	*[4]	*[4]	Preis/Betrieb vorhanden[4]	*[4]	Treibhausgasemissionen vorhanden[4]	*[4]	Pro A[4]	*[4]	*[4]	3. Unbegründet[6]	Gesamtthese[6]	Hauptteil[8]	1. Claim[16]	
7-2	699-706	Meinung	1. Richtig[4]	1. Angemessen[4]	1. Verständlich[4]	*[4]	*[4]	*[4]	Preis/Betrieb vorhanden[4]	*[4]	Treibhausgasemissionen vorhanden[4]	*[4]	Pro A[4]	*[4]	*[4]	3. Unbegründet[6]	Gesamtthese[6]	Hauptteil[8]	1. Claim[16]	
7-3	707-711	nach	1. Richtig[4]	1. Angemessen[4]	1. Verständlich[4]	*[4]	*[4]	*[4]	Preis/Betrieb vorhanden[4]	*[4]	Treibhausgasemissionen vorhanden[4]	*[4]	Pro A[4]	*[4]	*[4]	3. Unbegründet[6]	Gesamtthese[6]	Hauptteil[8]	1. Claim[16]	
7-4	712-719	setzten	1. Richtig[4]	1. Angemessen[4]	1. Verständlich[4]	*[4]	*[4]	*[4]	Preis/Betrieb vorhanden[4]	*[4]	Treibhausgasemissionen vorhanden[4]	*[4]	Pro A[4]	*[4]	*[4]	3. Unbegründet[6]	Gesamtthese[6]	Hauptteil[8]	1. Claim[16]	
7-5	720-736	Wasserstoffwagen	1. Richtig[4]	1. Angemessen[4]	1. Verständlich[4]	*[4]	*[4]	*[4]	Preis/Betrieb vorhanden[4]	*[4]	Treibhausgasemissionen vorhanden[4]	*[4]	Pro A[4]	*[4]	*[4]	3. Unbegründet[6]	Gesamtthese[6]	Hauptteil[8]	1. Claim[16]	
7-6	737-740	ein	1. Richtig[4]	1. Angemessen[4]	1. Verständlich[4]	*[4]	*[4]	*[4]	Preis/Betrieb vorhanden[4]	*[4]	Treibhausgasemissionen vorhanden[4]	*[4]	Pro A[4]	*[4]	*[4]	3. Unbegründet[6]	Gesamtthese[6]	Hauptteil[8]	1. Claim[16]	
7-7	741-747	klares	1. Richtig[4]	1. Angemessen[4]	1. Verständlich[4]	*[4]	*[4]	*[4]	Preis/Betrieb vorhanden[4]	*[4]	Treibhausgasemissionen vorhanden[4]	*[4]	Pro A[4]	*[4]	*[4]	3. Unbegründet[6]	Gesamtthese[6]	Hauptteil[8]	1. Claim[16]	
7-8	748-755	Zeichen	1. Richtig[4]	1. Angemessen[4]	1. Verständlich[4]	*[4]	*[4]	*[4]	Preis/Betrieb vorhanden[4]	*[4]	Treibhausgasemissionen vorhanden[4]	*[4]	Pro A[4]	*[4]	*[4]	3. Unbegründet[6]	Gesamtthese[6]	Hauptteil[8]	1. Claim[16]	
7-9	756-758	in	1. Richtig[4]	1. Angemessen[4]	1. Verständlich[4]	*[4]	*[4]	*[4]	Preis/Betrieb vorhanden[4]	*[4]	Treibhausgasemissionen vorhanden[4]	*[4]	Pro A[4]	*[4]	*[4]	3. Unbegründet[6]	Gesamtthese[6]	Hauptteil[8]	1. Claim[16]	
7-10	759-763	Form	1. Richtig[4]	1. Angemessen[4]	1. Verständlich[4]	*[4]	*[4]	*[4]	Preis/Betrieb vorhanden[4]	*[4]	Treibhausgasemissionen vorhanden[4]	*[4]	Pro A[4]	*[4]	*[4]	3. Unbegründet[6]	Gesamtthese[6]	Hauptteil[8]	1. Claim[16]	
7-11	764-767	der	1. Richtig[4]	1. Angemessen[4]	1. Verständlich[4]	*[4]	*[4]	*[4]	Preis/Betrieb vorhanden[4]	*[4]	Treibhausgasemissionen vorhanden[4]	*[4]	Pro A[4]	*[4]	*[4]	3. Unbegründet[6]	Gesamtthese[6]	Hauptteil[8]	1. Claim[16]	
7-12	768-786	Zukunftssicherheit	1. Richtig[4]	1. Angemessen[4]	1. Verständlich[4]	*[4]	*[4]	*[4]	Preis/Betrieb vorhanden[4]	*[4]	Treibhausgasemissionen vorhanden[4]	*[4]	Pro A[4]	*[4]	*[4]	3. Unbegründet[6]	Gesamtthese[6]	Hauptteil[8]	1. Claim[16]	
7-13	786-787	.	1. Richtig[4]	1. Angemessen[4]	1. Verständlich[4]	*[4]	*[4]	*[4]	Preis/Betrieb vorhanden[4]	*[4]	Treibhausgasemissionen vorhanden[4]	*[4]	Pro A[4]	*[4]	*[4]	3. Unbegründet[6]	Gesamtthese[6]	Hauptteil[8]	1. Claim[16]	

8-1	789-793	Zwar	1. Richtig[4]	1. Angemessen[4]	1. Verständlich[4]	*[4]	*[4]	*[4]	Preis/Betrieb vorhanden[4]	*[4]	Treibhausgasemissionen vorhanden[4]	*[4]	Pro A[4]	*[4]	*[4]	_	_	Hauptteil[8]	2. Data[17]	
8-2	794-799	haben	1. Richtig[4]	1. Angemessen[4]	1. Verständlich[4]	*[4]	*[4]	*[4]	Preis/Betrieb vorhanden[4]	*[4]	Treibhausgasemissionen vorhanden[4]	*[4]	Pro A[4]	*[4]	*[4]	_	_	Hauptteil[8]	2. Data[17]	
8-3	800-803	sie	1. Richtig[4]	1. Angemessen[4]	1. Verständlich[4]	*[4]	*[4]	*[4]	Preis/Betrieb vorhanden[4]	*[4]	Treibhausgasemissionen vorhanden[4]	*[4]	Pro A[4]	*[4]	*[4]	_	_	Hauptteil[8]	2. Data[17]	
8-4	804-807	die	1. Richtig[4]	1. Angemessen[4]	1. Verständlich[4]	*[4]	*[4]	*[4]	Preis/Betrieb vorhanden[4]	*[4]	Treibhausgasemissionen vorhanden[4]	*[4]	Pro A[4]	*[4]	*[4]	_	_	Hauptteil[8]	2. Data[17]	
8-5	808-815	höchste	1. Richtig[4]	1. Angemessen[4]	1. Verständlich[4]	*[4]	*[4]	*[4]	Preis/Betrieb vorhanden[4]	*[4]	Treibhausgasemissionen vorhanden[4]	*[4]	Pro A[4]	*[4]	*[4]	_	_	Hauptteil[8]	2. Data[17]	
8-6	816-836	Treibhausgasemmision	1. Richtig[4]	1. Angemessen[4]	1. Verständlich[4]	*[4]	*[4]	*[4]	Preis/Betrieb vorhanden[4]	*[4]	Treibhausgasemissionen vorhanden[4]	*[4]	Pro A[4]	*[4]	*[4]	_	_	Hauptteil[8]	2. Data[17]	
8-7	836-837	,	1. Richtig[4]	1. Angemessen[4]	1. Verständlich[4]	*[4]	*[4]	*[4]	Preis/Betrieb vorhanden[4]	*[4]	Treibhausgasemissionen vorhanden[4]	*[4]	Pro A[4]	*[4]	*[4]	_	_	Hauptteil[8]	2. Data[17]	
8-8	838-844	jedoch	1. Richtig[4]	1. Angemessen[4]	1. Verständlich[4]	*[4]	*[4]	*[4]	Preis/Betrieb vorhanden[4]	*[4]	Treibhausgasemissionen vorhanden[4]	*[4]	Pro A[4]	*[4]	*[4]	_	_	Hauptteil[8]	4. Rebuttal[18]	
8-9	845-849	wird	1. Richtig[4]	1. Angemessen[4]	1. Verständlich[4]	*[4]	*[4]	*[4]	Preis/Betrieb vorhanden[4]	*[4]	Treibhausgasemissionen vorhanden[4]	*[4]	Pro A[4]	*[4]	*[4]	_	_	Hauptteil[8]	4. Rebuttal[18]	
8-10	850-853	das	1. Richtig[4]	1. Angemessen[4]	1. Verständlich[4]	*[4]	*[4]	*[4]	Preis/Betrieb vorhanden[4]	*[4]	Treibhausgasemissionen vorhanden[4]	*[4]	Pro A[4]	*[4]	*[4]	_	_	Hauptteil[8]	4. Rebuttal[18]	
8-11	854-859	durch	1. Richtig[4]	1. Angemessen[4]	1. Verständlich[4]	*[4]	*[4]	*[4]	Preis/Betrieb vorhanden[4]	*[4]	Treibhausgasemissionen vorhanden[4]	*[4]	Pro A[4]	*[4]	*[4]	_	_	Hauptteil[8]	4. Rebuttal[18]	
8-12	860-866	kurzes	1. Richtig[4]	1. Angemessen[4]	1. Verständlich[4]	*[4]	*[4]	*[4]	Preis/Betrieb vorhanden[4]	*[4]	Treibhausgasemissionen vorhanden[4]	*[4]	Pro A[4]	*[4]	*[4]	_	_	Hauptteil[8]	4. Rebuttal[18]	
8-13	867-873	Tanken	1. Richtig[4]	1. Angemessen[4]	1. Verständlich[4]	*[4]	*[4]	*[4]	Preis/Betrieb vorhanden[4]	*[4]	Treibhausgasemissionen vorhanden[4]	*[4]	Pro A[4]	*[4]	*[4]	_	_	Hauptteil[8]	4. Rebuttal[18]	
8-14	873-874	,	1. Richtig[4]	1. Angemessen[4]	1. Verständlich[4]	*[4]	*[4]	*[4]	Preis/Betrieb vorhanden[4]	*[4]	Treibhausgasemissionen vorhanden[4]	*[4]	Pro A[4]	*[4]	*[4]	_	_	Hauptteil[8]	4. Rebuttal[18]	
8-15	875-882	welches	1. Richtig[4]	1. Angemessen[4]	1. Verständlich[4]	*[4]	*[4]	*[4]	Preis/Betrieb vorhanden[4]	*[4]	Treibhausgasemissionen vorhanden[4]	*[4]	Pro A[4]	*[4]	*[4]	_	_	Hauptteil[8]	4. Rebuttal[18]	
8-16	883-885	zu	1. Richtig[4]	1. Angemessen[4]	1. Verständlich[4]	*[4]	*[4]	*[4]	Preis/Betrieb vorhanden[4]	*[4]	Treibhausgasemissionen vorhanden[4]	*[4]	Pro A[4]	*[4]	*[4]	_	_	Hauptteil[8]	4. Rebuttal[18]	
8-17	886-892	langer	1. Richtig[4]	1. Angemessen[4]	1. Verständlich[4]	*[4]	*[4]	*[4]	Preis/Betrieb vorhanden[4]	*[4]	Treibhausgasemissionen vorhanden[4]	*[4]	Pro A[4]	*[4]	*[4]	_	_	Hauptteil[8]	4. Rebuttal[18]	
8-18	893-903	Reichweite	1. Richtig[4]	1. Angemessen[4]	1. Verständlich[4]	*[4]	*[4]	*[4]	Preis/Betrieb vorhanden[4]	*[4]	Treibhausgasemissionen vorhanden[4]	*[4]	Pro A[4]	*[4]	*[4]	_	_	Hauptteil[8]	4. Rebuttal[18]	
8-19	904-909	führt	1. Richtig[4]	1. Angemessen[4]	1. Verständlich[4]	*[4]	*[4]	*[4]	Preis/Betrieb vorhanden[4]	*[4]	Treibhausgasemissionen vorhanden[4]	*[4]	Pro A[4]	*[4]	*[4]	_	_	Hauptteil[8]	4. Rebuttal[18]	
8-20	909-910	,	1. Richtig[4]	1. Angemessen[4]	1. Verständlich[4]	*[4]	*[4]	*[4]	Preis/Betrieb vorhanden[4]	*[4]	Treibhausgasemissionen vorhanden[4]	*[4]	Pro A[4]	*[4]	*[4]	_	_	Hauptteil[8]	4. Rebuttal[18]	
8-21	911-922	ausgehebelt	1. Richtig[4]	1. Angemessen[4]	1. Verständlich[4]	*[4]	*[4]	*[4]	Preis/Betrieb vorhanden[4]	*[4]	Treibhausgasemissionen vorhanden[4]	*[4]	Pro A[4]	*[4]	*[4]	_	_	Hauptteil[8]	4. Rebuttal[18]	
8-22	922-923	.	1. Richtig[4]	1. Angemessen[4]	1. Verständlich[4]	*[4]	*[4]	*[4]	Preis/Betrieb vorhanden[4]	*[4]	Treibhausgasemissionen vorhanden[4]	*[4]	Pro A[4]	*[4]	*[4]	_	_	Hauptteil[8]	4. Rebuttal[18]	

9-1	925-930	Durch	1. Richtig[5]	1. Angemessen[5]	1. Verständlich[5]	*[5]	*[5]	*[5]	Preis/Betrieb vorhanden[5]	Sonstiges vorhanden[5]	*[5]	*[5]	Pro A[5]	*[5]	*[5]	_	_	Hauptteil[8]	1. Claim[19]	
9-2	931-934	die	1. Richtig[5]	1. Angemessen[5]	1. Verständlich[5]	*[5]	*[5]	*[5]	Preis/Betrieb vorhanden[5]	Sonstiges vorhanden[5]	*[5]	*[5]	Pro A[5]	*[5]	*[5]	_	_	Hauptteil[8]	1. Claim[19]	
9-3	935-943	deutlich	1. Richtig[5]	1. Angemessen[5]	1. Verständlich[5]	*[5]	*[5]	*[5]	Preis/Betrieb vorhanden[5]	Sonstiges vorhanden[5]	*[5]	*[5]	Pro A[5]	*[5]	*[5]	_	_	Hauptteil[8]	1. Claim[19]	
9-4	944-950	höhere	1. Richtig[5]	1. Angemessen[5]	1. Verständlich[5]	*[5]	*[5]	*[5]	Preis/Betrieb vorhanden[5]	Sonstiges vorhanden[5]	*[5]	*[5]	Pro A[5]	*[5]	*[5]	_	_	Hauptteil[8]	1. Claim[19]	
9-5	951-961	Reichweite	1. Richtig[5]	1. Angemessen[5]	1. Verständlich[5]	*[5]	*[5]	*[5]	Preis/Betrieb vorhanden[5]	Sonstiges vorhanden[5]	*[5]	*[5]	Pro A[5]	*[5]	*[5]	_	_	Hauptteil[8]	1. Claim[19]	
9-6	962-966	wird	1. Richtig[5]	1. Angemessen[5]	1. Verständlich[5]	*[5]	*[5]	*[5]	Preis/Betrieb vorhanden[5]	Sonstiges vorhanden[5]	*[5]	*[5]	Pro A[5]	*[5]	*[5]	_	_	Hauptteil[8]	1. Claim[19]	
9-7	967-974	weniger	1. Richtig[5]	1. Angemessen[5]	1. Verständlich[5]	*[5]	*[5]	*[5]	Preis/Betrieb vorhanden[5]	Sonstiges vorhanden[5]	*[5]	*[5]	Pro A[5]	*[5]	*[5]	_	_	Hauptteil[8]	1. Claim[19]	
9-8	975-982	getankt	1. Richtig[5]	1. Angemessen[5]	1. Verständlich[5]	*[5]	*[5]	*[5]	Preis/Betrieb vorhanden[5]	Sonstiges vorhanden[5]	*[5]	*[5]	Pro A[5]	*[5]	*[5]	_	_	Hauptteil[8]	1. Claim[19]	
9-9	982-983	,	1. Richtig[5]	1. Angemessen[5]	1. Verständlich[5]	*[5]	*[5]	*[5]	Preis/Betrieb vorhanden[5]	Sonstiges vorhanden[5]	*[5]	*[5]	Pro A[5]	*[5]	*[5]	_	_	Hauptteil[8]	1. Claim[19]	
9-10	984-991	dadurch	1. Richtig[5]	1. Angemessen[5]	1. Verständlich[5]	*[5]	*[5]	*[5]	Preis/Betrieb vorhanden[5]	Sonstiges vorhanden[5]	*[5]	*[5]	Pro A[5]	*[5]	*[5]	_	_	Hauptteil[8]	1. Claim[20]	
9-11	992-999	weniger	1. Richtig[5]	1. Angemessen[5]	1. Verständlich[5]	*[5]	*[5]	*[5]	Preis/Betrieb vorhanden[5]	Sonstiges vorhanden[5]	*[5]	*[5]	Pro A[5]	*[5]	*[5]	_	_	Hauptteil[8]	1. Claim[20]	
9-12	1000-1007	fossile	1. Richtig[5]	1. Angemessen[5]	1. Verständlich[5]	*[5]	*[5]	*[5]	Preis/Betrieb vorhanden[5]	Sonstiges vorhanden[5]	*[5]	*[5]	Pro A[5]	*[5]	*[5]	_	_	Hauptteil[8]	1. Claim[20]	
9-13	1008-1019	Brennstoffe	1. Richtig[5]	1. Angemessen[5]	1. Verständlich[5]	*[5]	*[5]	*[5]	Preis/Betrieb vorhanden[5]	Sonstiges vorhanden[5]	*[5]	*[5]	Pro A[5]	*[5]	*[5]	_	_	Hauptteil[8]	1. Claim[20]	
9-14	1020-1030	verbraucht	1. Richtig[5]	1. Angemessen[5]	1. Verständlich[5]	*[5]	*[5]	*[5]	Preis/Betrieb vorhanden[5]	Sonstiges vorhanden[5]	*[5]	*[5]	Pro A[5]	*[5]	*[5]	_	_	Hauptteil[8]	1. Claim[20]	
9-15	1031-1034	und	1. Richtig[5]	1. Angemessen[5]	1. Verständlich[5]	*[5]	*[5]	*[5]	Preis/Betrieb vorhanden[5]	Sonstiges vorhanden[5]	*[5]	*[5]	Pro A[5]	*[5]	*[5]	_	_	Hauptteil[8]	1. Claim[20]	
9-16	1035-1039	eine	1. Richtig[5]	1. Angemessen[5]	1. Verständlich[5]	*[5]	*[5]	*[5]	Preis/Betrieb vorhanden[5]	Sonstiges vorhanden[5]	*[5]	*[5]	Pro A[5]	*[5]	*[5]	_	_	Hauptteil[8]	1. Claim[20]	
9-17	1040-1047	saubere	1. Richtig[5]	1. Angemessen[5]	1. Verständlich[5]	*[5]	*[5]	*[5]	Preis/Betrieb vorhanden[5]	Sonstiges vorhanden[5]	*[5]	*[5]	Pro A[5]	*[5]	*[5]	_	_	Hauptteil[8]	1. Claim[20]	
9-18	1048-1055	Zukunft	1. Richtig[5]	1. Angemessen[5]	1. Verständlich[5]	*[5]	*[5]	*[5]	Preis/Betrieb vorhanden[5]	Sonstiges vorhanden[5]	*[5]	*[5]	Pro A[5]	*[5]	*[5]	_	_	Hauptteil[8]	1. Claim[20]	
9-19	1056-1066	garantiert	1. Richtig[5]	1. Angemessen[5]	1. Verständlich[5]	*[5]	*[5]	*[5]	Preis/Betrieb vorhanden[5]	Sonstiges vorhanden[5]	*[5]	*[5]	Pro A[5]	*[5]	*[5]	_	_	Hauptteil[8]	1. Claim[20]	
9-20	1066-1067	.	1. Richtig[5]	1. Angemessen[5]	1. Verständlich[5]	*[5]	*[5]	*[5]	Preis/Betrieb vorhanden[5]	Sonstiges vorhanden[5]	*[5]	*[5]	Pro A[5]	*[5]	*[5]	_	_	Hauptteil[8]	1. Claim[20]	
