#FORMAT=WebAnno TSV 3.3
#T_SP=webanno.custom.Argument|Accuracy|Adequacy|Clarity|KriteriumJahresertragEnergiedichte|KriteriumLebensdauerVerfgbarkeit|KriteriumLokaleEmissionenGeruschemissionen|KriteriumPreisBetrieb|KriteriumSonstiges|KriteriumTreibhausgasemissionen|KriteriumWirkungsgrad|OptionA|OptionB|OptionC
#T_SP=webanno.custom.DecisionMakingStrategies|Decision|Gesamtthese
#T_SP=webanno.custom.Struktur|Struktur
#T_SP=webanno.custom.StrukturTAP|TAPArgumente


1-1	0-3	Ich	_	_	_	_	_	_	_	_	_	_	_	_	_	3. Unbegründet[4]	Gesamtthese[4]	Einleitung[5]	_	
1-2	4-12	vertrete	_	_	_	_	_	_	_	_	_	_	_	_	_	3. Unbegründet[4]	Gesamtthese[4]	Einleitung[5]	_	
1-3	13-16	die	_	_	_	_	_	_	_	_	_	_	_	_	_	3. Unbegründet[4]	Gesamtthese[4]	Einleitung[5]	_	
1-4	17-24	Ansicht	_	_	_	_	_	_	_	_	_	_	_	_	_	3. Unbegründet[4]	Gesamtthese[4]	Einleitung[5]	_	
1-5	24-25	,	_	_	_	_	_	_	_	_	_	_	_	_	_	3. Unbegründet[4]	Gesamtthese[4]	Einleitung[5]	_	
1-6	26-30	dass	_	_	_	_	_	_	_	_	_	_	_	_	_	3. Unbegründet[4]	Gesamtthese[4]	Einleitung[5]	_	
1-7	31-41	Solarparks	_	_	_	_	_	_	_	_	_	_	_	_	_	3. Unbegründet[4]	Gesamtthese[4]	Einleitung[5]	_	
1-8	42-45	die	_	_	_	_	_	_	_	_	_	_	_	_	_	3. Unbegründet[4]	Gesamtthese[4]	Einleitung[5]	_	
1-9	46-51	beste	_	_	_	_	_	_	_	_	_	_	_	_	_	3. Unbegründet[4]	Gesamtthese[4]	Einleitung[5]	_	
1-10	52-63	Alternative	_	_	_	_	_	_	_	_	_	_	_	_	_	3. Unbegründet[4]	Gesamtthese[4]	Einleitung[5]	_	
1-11	64-68	sind	_	_	_	_	_	_	_	_	_	_	_	_	_	3. Unbegründet[4]	Gesamtthese[4]	Einleitung[5]	_	
1-12	68-69	,	_	_	_	_	_	_	_	_	_	_	_	_	_	3. Unbegründet[4]	Gesamtthese[4]	Einleitung[5]	_	
1-13	70-72	um	_	_	_	_	_	_	_	_	_	_	_	_	_	3. Unbegründet[4]	Gesamtthese[4]	Einleitung[5]	_	
1-14	73-85	klimaneutral	_	_	_	_	_	_	_	_	_	_	_	_	_	3. Unbegründet[4]	Gesamtthese[4]	Einleitung[5]	_	
1-15	86-88	zu	_	_	_	_	_	_	_	_	_	_	_	_	_	3. Unbegründet[4]	Gesamtthese[4]	Einleitung[5]	_	
1-16	89-95	werden	_	_	_	_	_	_	_	_	_	_	_	_	_	3. Unbegründet[4]	Gesamtthese[4]	Einleitung[5]	_	
1-17	95-96	.	_	_	_	_	_	_	_	_	_	_	_	_	_	3. Unbegründet[4]	Gesamtthese[4]	Einleitung[5]	_	

2-1	98-101	Sie	1. Richtig[1]	1. Angemessen[1]	1. Verständlich[1]	*[1]	*[1]	*[1]	Preis/Betrieb vorhanden[1]	*[1]	*[1]	*[1]	*[1]	Pro B[1]	*[1]	_	_	Hauptteil[6]	2. Data[7]	
2-2	102-106	sind	1. Richtig[1]	1. Angemessen[1]	1. Verständlich[1]	*[1]	*[1]	*[1]	Preis/Betrieb vorhanden[1]	*[1]	*[1]	*[1]	*[1]	Pro B[1]	*[1]	_	_	Hauptteil[6]	2. Data[7]	
2-3	107-122	vergleichsweise	1. Richtig[1]	1. Angemessen[1]	1. Verständlich[1]	*[1]	*[1]	*[1]	Preis/Betrieb vorhanden[1]	*[1]	*[1]	*[1]	*[1]	Pro B[1]	*[1]	_	_	Hauptteil[6]	2. Data[7]	
2-4	123-130	günstig	1. Richtig[1]	1. Angemessen[1]	1. Verständlich[1]	*[1]	*[1]	*[1]	Preis/Betrieb vorhanden[1]	*[1]	*[1]	*[1]	*[1]	Pro B[1]	*[1]	_	_	Hauptteil[6]	2. Data[7]	
2-5	131-134	und	1. Richtig[1]	1. Angemessen[1]	1. Verständlich[1]	*[1]	*[1]	*[1]	Preis/Betrieb vorhanden[1]	*[1]	*[1]	*[1]	*[1]	Pro B[1]	*[1]	_	_	Hauptteil[6]	3. Warrant[8]	
2-6	135-140	daher	1. Richtig[1]	1. Angemessen[1]	1. Verständlich[1]	*[1]	*[1]	*[1]	Preis/Betrieb vorhanden[1]	*[1]	*[1]	*[1]	*[1]	Pro B[1]	*[1]	_	_	Hauptteil[6]	3. Warrant[8]	
2-7	141-144	für	1. Richtig[1]	1. Angemessen[1]	1. Verständlich[1]	*[1]	*[1]	*[1]	Preis/Betrieb vorhanden[1]	*[1]	*[1]	*[1]	*[1]	Pro B[1]	*[1]	_	_	Hauptteil[6]	3. Warrant[8]	
2-8	145-153	kleinere	1. Richtig[1]	1. Angemessen[1]	1. Verständlich[1]	*[1]	*[1]	*[1]	Preis/Betrieb vorhanden[1]	*[1]	*[1]	*[1]	*[1]	Pro B[1]	*[1]	_	_	Hauptteil[6]	3. Warrant[8]	
2-9	154-160	Städte	1. Richtig[1]	1. Angemessen[1]	1. Verständlich[1]	*[1]	*[1]	*[1]	Preis/Betrieb vorhanden[1]	*[1]	*[1]	*[1]	*[1]	Pro B[1]	*[1]	_	_	Hauptteil[6]	3. Warrant[8]	
2-10	161-169	leichter	1. Richtig[1]	1. Angemessen[1]	1. Verständlich[1]	*[1]	*[1]	*[1]	Preis/Betrieb vorhanden[1]	*[1]	*[1]	*[1]	*[1]	Pro B[1]	*[1]	_	_	Hauptteil[6]	3. Warrant[8]	
2-11	170-181	realisieren	1. Richtig[1]	1. Angemessen[1]	1. Verständlich[1]	*[1]	*[1]	*[1]	Preis/Betrieb vorhanden[1]	*[1]	*[1]	*[1]	*[1]	Pro B[1]	*[1]	_	_	Hauptteil[6]	3. Warrant[8]	
2-12	181-182	.	1. Richtig[1]	1. Angemessen[1]	1. Verständlich[1]	*[1]	*[1]	*[1]	Preis/Betrieb vorhanden[1]	*[1]	*[1]	*[1]	*[1]	Pro B[1]	*[1]	_	_	Hauptteil[6]	3. Warrant[8]	

3-1	184-192	Außerdem	1. Richtig[2]	1. Angemessen[2]	1. Verständlich[2]	*[2]	*[2]	Emissionen vorhanden[2]	*[2]	*[2]	*[2]	*[2]	*[2]	Pro B[2]	Contra C[2]	_	_	Hauptteil[6]	2. Data[9]	
3-2	193-204	verursachen	1. Richtig[2]	1. Angemessen[2]	1. Verständlich[2]	*[2]	*[2]	Emissionen vorhanden[2]	*[2]	*[2]	*[2]	*[2]	*[2]	Pro B[2]	Contra C[2]	_	_	Hauptteil[6]	2. Data[9]	
3-3	205-215	Solarparks	1. Richtig[2]	1. Angemessen[2]	1. Verständlich[2]	*[2]	*[2]	Emissionen vorhanden[2]	*[2]	*[2]	*[2]	*[2]	*[2]	Pro B[2]	Contra C[2]	_	_	Hauptteil[6]	2. Data[9]	
3-4	216-222	keinen	1. Richtig[2]	1. Angemessen[2]	1. Verständlich[2]	*[2]	*[2]	Emissionen vorhanden[2]	*[2]	*[2]	*[2]	*[2]	*[2]	Pro B[2]	Contra C[2]	_	_	Hauptteil[6]	2. Data[9]	
3-5	223-227	Lärm	1. Richtig[2]	1. Angemessen[2]	1. Verständlich[2]	*[2]	*[2]	Emissionen vorhanden[2]	*[2]	*[2]	*[2]	*[2]	*[2]	Pro B[2]	Contra C[2]	_	_	Hauptteil[6]	2. Data[9]	
3-6	228-232	oder	1. Richtig[2]	1. Angemessen[2]	1. Verständlich[2]	*[2]	*[2]	Emissionen vorhanden[2]	*[2]	*[2]	*[2]	*[2]	*[2]	Pro B[2]	Contra C[2]	_	_	Hauptteil[6]	2. Data[9]	
3-7	233-246	Schattenwürfe	1. Richtig[2]	1. Angemessen[2]	1. Verständlich[2]	*[2]	*[2]	Emissionen vorhanden[2]	*[2]	*[2]	*[2]	*[2]	*[2]	Pro B[2]	Contra C[2]	_	_	Hauptteil[6]	2. Data[9]	
3-8	246-247	,	1. Richtig[2]	1. Angemessen[2]	1. Verständlich[2]	*[2]	*[2]	Emissionen vorhanden[2]	*[2]	*[2]	*[2]	*[2]	*[2]	Pro B[2]	Contra C[2]	_	_	Hauptteil[6]	2. Data[9]	
3-9	248-255	wodurch	1. Richtig[2]	1. Angemessen[2]	1. Verständlich[2]	*[2]	*[2]	Emissionen vorhanden[2]	*[2]	*[2]	*[2]	*[2]	*[2]	Pro B[2]	Contra C[2]	_	_	Hauptteil[6]	3. Warrant[10]	
3-10	256-259	sie	1. Richtig[2]	1. Angemessen[2]	1. Verständlich[2]	*[2]	*[2]	Emissionen vorhanden[2]	*[2]	*[2]	*[2]	*[2]	*[2]	Pro B[2]	Contra C[2]	_	_	Hauptteil[6]	3. Warrant[10]	
3-11	260-265	näher	1. Richtig[2]	1. Angemessen[2]	1. Verständlich[2]	*[2]	*[2]	Emissionen vorhanden[2]	*[2]	*[2]	*[2]	*[2]	*[2]	Pro B[2]	Contra C[2]	_	_	Hauptteil[6]	3. Warrant[10]	
3-12	266-268	an	1. Richtig[2]	1. Angemessen[2]	1. Verständlich[2]	*[2]	*[2]	Emissionen vorhanden[2]	*[2]	*[2]	*[2]	*[2]	*[2]	Pro B[2]	Contra C[2]	_	_	Hauptteil[6]	3. Warrant[10]	
3-13	269-279	Siedlungen	1. Richtig[2]	1. Angemessen[2]	1. Verständlich[2]	*[2]	*[2]	Emissionen vorhanden[2]	*[2]	*[2]	*[2]	*[2]	*[2]	Pro B[2]	Contra C[2]	_	_	Hauptteil[6]	3. Warrant[10]	
3-14	280-286	gebaut	1. Richtig[2]	1. Angemessen[2]	1. Verständlich[2]	*[2]	*[2]	Emissionen vorhanden[2]	*[2]	*[2]	*[2]	*[2]	*[2]	Pro B[2]	Contra C[2]	_	_	Hauptteil[6]	3. Warrant[10]	
3-15	287-293	werden	1. Richtig[2]	1. Angemessen[2]	1. Verständlich[2]	*[2]	*[2]	Emissionen vorhanden[2]	*[2]	*[2]	*[2]	*[2]	*[2]	Pro B[2]	Contra C[2]	_	_	Hauptteil[6]	3. Warrant[10]	
3-16	294-300	können	1. Richtig[2]	1. Angemessen[2]	1. Verständlich[2]	*[2]	*[2]	Emissionen vorhanden[2]	*[2]	*[2]	*[2]	*[2]	*[2]	Pro B[2]	Contra C[2]	_	_	Hauptteil[6]	3. Warrant[10]	
3-17	300-301	.	1. Richtig[2]	1. Angemessen[2]	1. Verständlich[2]	*[2]	*[2]	Emissionen vorhanden[2]	*[2]	*[2]	*[2]	*[2]	*[2]	Pro B[2]	Contra C[2]	_	_	Hauptteil[6]	3. Warrant[10]	

4-1	303-313	Solarparks	1. Richtig[2]	1. Angemessen[2]	1. Verständlich[2]	*[2]	*[2]	Emissionen vorhanden[2]	*[2]	*[2]	*[2]	*[2]	*[2]	Pro B[2]	Contra C[2]	_	_	Hauptteil[6]	1. Claim[11]	
4-2	314-319	haben	1. Richtig[2]	1. Angemessen[2]	1. Verständlich[2]	*[2]	*[2]	Emissionen vorhanden[2]	*[2]	*[2]	*[2]	*[2]	*[2]	Pro B[2]	Contra C[2]	_	_	Hauptteil[6]	1. Claim[11]	
4-3	320-322	in	1. Richtig[2]	1. Angemessen[2]	1. Verständlich[2]	*[2]	*[2]	Emissionen vorhanden[2]	*[2]	*[2]	*[2]	*[2]	*[2]	Pro B[2]	Contra C[2]	_	_	Hauptteil[6]	1. Claim[11]	
4-4	323-326	der	1. Richtig[2]	1. Angemessen[2]	1. Verständlich[2]	*[2]	*[2]	Emissionen vorhanden[2]	*[2]	*[2]	*[2]	*[2]	*[2]	Pro B[2]	Contra C[2]	_	_	Hauptteil[6]	1. Claim[11]	
4-5	327-339	Gesellschaft	1. Richtig[2]	1. Angemessen[2]	1. Verständlich[2]	*[2]	*[2]	Emissionen vorhanden[2]	*[2]	*[2]	*[2]	*[2]	*[2]	Pro B[2]	Contra C[2]	_	_	Hauptteil[6]	1. Claim[11]	
4-6	340-344	eine	1. Richtig[2]	1. Angemessen[2]	1. Verständlich[2]	*[2]	*[2]	Emissionen vorhanden[2]	*[2]	*[2]	*[2]	*[2]	*[2]	Pro B[2]	Contra C[2]	_	_	Hauptteil[6]	1. Claim[11]	
4-7	345-352	größere	1. Richtig[2]	1. Angemessen[2]	1. Verständlich[2]	*[2]	*[2]	Emissionen vorhanden[2]	*[2]	*[2]	*[2]	*[2]	*[2]	Pro B[2]	Contra C[2]	_	_	Hauptteil[6]	1. Claim[11]	
4-8	353-362	Akzeptanz	1. Richtig[2]	1. Angemessen[2]	1. Verständlich[2]	*[2]	*[2]	Emissionen vorhanden[2]	*[2]	*[2]	*[2]	*[2]	*[2]	Pro B[2]	Contra C[2]	_	_	Hauptteil[6]	1. Claim[11]	
4-9	362-363	,	1. Richtig[2]	1. Angemessen[2]	1. Verständlich[2]	*[2]	*[2]	Emissionen vorhanden[2]	*[2]	*[2]	*[2]	*[2]	*[2]	Pro B[2]	Contra C[2]	_	_	Hauptteil[6]	1. Claim[11]	
4-10	364-366	da	1. Richtig[2]	1. Angemessen[2]	1. Verständlich[2]	*[2]	*[2]	Emissionen vorhanden[2]	*[2]	*[2]	*[2]	*[2]	*[2]	Pro B[2]	Contra C[2]	_	_	Hauptteil[6]	2. Data[12]	
4-11	367-370	sie	1. Richtig[2]	1. Angemessen[2]	1. Verständlich[2]	*[2]	*[2]	Emissionen vorhanden[2]	*[2]	*[2]	*[2]	*[2]	*[2]	Pro B[2]	Contra C[2]	_	_	Hauptteil[6]	2. Data[12]	
4-12	371-373	im	1. Richtig[2]	1. Angemessen[2]	1. Verständlich[2]	*[2]	*[2]	Emissionen vorhanden[2]	*[2]	*[2]	*[2]	*[2]	*[2]	Pro B[2]	Contra C[2]	_	_	Hauptteil[6]	2. Data[12]	
4-13	374-383	Vergleich	1. Richtig[2]	1. Angemessen[2]	1. Verständlich[2]	*[2]	*[2]	Emissionen vorhanden[2]	*[2]	*[2]	*[2]	*[2]	*[2]	Pro B[2]	Contra C[2]	_	_	Hauptteil[6]	2. Data[12]	
4-14	384-386	zu	1. Richtig[2]	1. Angemessen[2]	1. Verständlich[2]	*[2]	*[2]	Emissionen vorhanden[2]	*[2]	*[2]	*[2]	*[2]	*[2]	Pro B[2]	Contra C[2]	_	_	Hauptteil[6]	2. Data[12]	
4-15	387-396	Windparks	1. Richtig[2]	1. Angemessen[2]	1. Verständlich[2]	*[2]	*[2]	Emissionen vorhanden[2]	*[2]	*[2]	*[2]	*[2]	*[2]	Pro B[2]	Contra C[2]	_	_	Hauptteil[6]	2. Data[12]	
4-16	397-400	als	1. Richtig[2]	1. Angemessen[2]	1. Verständlich[2]	*[2]	*[2]	Emissionen vorhanden[2]	*[2]	*[2]	*[2]	*[2]	*[2]	Pro B[2]	Contra C[2]	_	_	Hauptteil[6]	2. Data[12]	
4-17	401-408	weniger	1. Richtig[2]	1. Angemessen[2]	1. Verständlich[2]	*[2]	*[2]	Emissionen vorhanden[2]	*[2]	*[2]	*[2]	*[2]	*[2]	Pro B[2]	Contra C[2]	_	_	Hauptteil[6]	2. Data[12]	
4-18	409-416	störend	1. Richtig[2]	1. Angemessen[2]	1. Verständlich[2]	*[2]	*[2]	Emissionen vorhanden[2]	*[2]	*[2]	*[2]	*[2]	*[2]	Pro B[2]	Contra C[2]	_	_	Hauptteil[6]	2. Data[12]	
4-19	417-426	empfunden	1. Richtig[2]	1. Angemessen[2]	1. Verständlich[2]	*[2]	*[2]	Emissionen vorhanden[2]	*[2]	*[2]	*[2]	*[2]	*[2]	Pro B[2]	Contra C[2]	_	_	Hauptteil[6]	2. Data[12]	
4-20	427-433	werden	1. Richtig[2]	1. Angemessen[2]	1. Verständlich[2]	*[2]	*[2]	Emissionen vorhanden[2]	*[2]	*[2]	*[2]	*[2]	*[2]	Pro B[2]	Contra C[2]	_	_	Hauptteil[6]	2. Data[12]	
4-21	433-434	.	1. Richtig[2]	1. Angemessen[2]	1. Verständlich[2]	*[2]	*[2]	Emissionen vorhanden[2]	*[2]	*[2]	*[2]	*[2]	*[2]	Pro B[2]	Contra C[2]	_	_	Hauptteil[6]	2. Data[12]	

5-1	436-440	Zwar	2. Falsch[3]	1. Angemessen[3]	1. Verständlich[3]	Jahresertrag/Energiedichte Vorhanden[3]	Lebensdauer/Verfügbarkeit vorhanden[3]	*[3]	Preis/Betrieb vorhanden[3]	*[3]	*[3]	*[3]	Contra A[3]	Pro B[3]	Contra C[3]	_	_	Hauptteil[6]	2. Data[13]	
5-2	441-445	sind	2. Falsch[3]	1. Angemessen[3]	1. Verständlich[3]	Jahresertrag/Energiedichte Vorhanden[3]	Lebensdauer/Verfügbarkeit vorhanden[3]	*[3]	Preis/Betrieb vorhanden[3]	*[3]	*[3]	*[3]	Contra A[3]	Pro B[3]	Contra C[3]	_	_	Hauptteil[6]	2. Data[13]	
5-3	446-456	Solarparks	2. Falsch[3]	1. Angemessen[3]	1. Verständlich[3]	Jahresertrag/Energiedichte Vorhanden[3]	Lebensdauer/Verfügbarkeit vorhanden[3]	*[3]	Preis/Betrieb vorhanden[3]	*[3]	*[3]	*[3]	Contra A[3]	Pro B[3]	Contra C[3]	_	_	Hauptteil[6]	2. Data[13]	
5-4	457-462	nicht	2. Falsch[3]	1. Angemessen[3]	1. Verständlich[3]	Jahresertrag/Energiedichte Vorhanden[3]	Lebensdauer/Verfügbarkeit vorhanden[3]	*[3]	Preis/Betrieb vorhanden[3]	*[3]	*[3]	*[3]	Contra A[3]	Pro B[3]	Contra C[3]	_	_	Hauptteil[6]	2. Data[13]	
5-5	463-465	so	2. Falsch[3]	1. Angemessen[3]	1. Verständlich[3]	Jahresertrag/Energiedichte Vorhanden[3]	Lebensdauer/Verfügbarkeit vorhanden[3]	*[3]	Preis/Betrieb vorhanden[3]	*[3]	*[3]	*[3]	Contra A[3]	Pro B[3]	Contra C[3]	_	_	Hauptteil[6]	2. Data[13]	
5-6	466-475	effizient	2. Falsch[3]	1. Angemessen[3]	1. Verständlich[3]	Jahresertrag/Energiedichte Vorhanden[3]	Lebensdauer/Verfügbarkeit vorhanden[3]	*[3]	Preis/Betrieb vorhanden[3]	*[3]	*[3]	*[3]	Contra A[3]	Pro B[3]	Contra C[3]	_	_	Hauptteil[6]	2. Data[13]	
5-7	476-478	in	2. Falsch[3]	1. Angemessen[3]	1. Verständlich[3]	Jahresertrag/Energiedichte Vorhanden[3]	Lebensdauer/Verfügbarkeit vorhanden[3]	*[3]	Preis/Betrieb vorhanden[3]	*[3]	*[3]	*[3]	Contra A[3]	Pro B[3]	Contra C[3]	_	_	Hauptteil[6]	2. Data[13]	
5-8	479-482	der	2. Falsch[3]	1. Angemessen[3]	1. Verständlich[3]	Jahresertrag/Energiedichte Vorhanden[3]	Lebensdauer/Verfügbarkeit vorhanden[3]	*[3]	Preis/Betrieb vorhanden[3]	*[3]	*[3]	*[3]	Contra A[3]	Pro B[3]	Contra C[3]	_	_	Hauptteil[6]	2. Data[13]	
5-9	483-498	Stromproduktion	2. Falsch[3]	1. Angemessen[3]	1. Verständlich[3]	Jahresertrag/Energiedichte Vorhanden[3]	Lebensdauer/Verfügbarkeit vorhanden[3]	*[3]	Preis/Betrieb vorhanden[3]	*[3]	*[3]	*[3]	Contra A[3]	Pro B[3]	Contra C[3]	_	_	Hauptteil[6]	2. Data[13]	
5-10	499-502	wie	2. Falsch[3]	1. Angemessen[3]	1. Verständlich[3]	Jahresertrag/Energiedichte Vorhanden[3]	Lebensdauer/Verfügbarkeit vorhanden[3]	*[3]	Preis/Betrieb vorhanden[3]	*[3]	*[3]	*[3]	Contra A[3]	Pro B[3]	Contra C[3]	_	_	Hauptteil[6]	2. Data[13]	
5-11	503-512	Windparks	2. Falsch[3]	1. Angemessen[3]	1. Verständlich[3]	Jahresertrag/Energiedichte Vorhanden[3]	Lebensdauer/Verfügbarkeit vorhanden[3]	*[3]	Preis/Betrieb vorhanden[3]	*[3]	*[3]	*[3]	Contra A[3]	Pro B[3]	Contra C[3]	_	_	Hauptteil[6]	2. Data[13]	
5-12	513-516	und	2. Falsch[3]	1. Angemessen[3]	1. Verständlich[3]	Jahresertrag/Energiedichte Vorhanden[3]	Lebensdauer/Verfügbarkeit vorhanden[3]	*[3]	Preis/Betrieb vorhanden[3]	*[3]	*[3]	*[3]	Contra A[3]	Pro B[3]	Contra C[3]	_	_	Hauptteil[6]	2. Data[13]	
5-13	517-535	Wasserkraftanlagen	2. Falsch[3]	1. Angemessen[3]	1. Verständlich[3]	Jahresertrag/Energiedichte Vorhanden[3]	Lebensdauer/Verfügbarkeit vorhanden[3]	*[3]	Preis/Betrieb vorhanden[3]	*[3]	*[3]	*[3]	Contra A[3]	Pro B[3]	Contra C[3]	_	_	Hauptteil[6]	2. Data[13]	
5-14	535-536	,	2. Falsch[3]	1. Angemessen[3]	1. Verständlich[3]	Jahresertrag/Energiedichte Vorhanden[3]	Lebensdauer/Verfügbarkeit vorhanden[3]	*[3]	Preis/Betrieb vorhanden[3]	*[3]	*[3]	*[3]	Contra A[3]	Pro B[3]	Contra C[3]	_	_	Hauptteil[6]	2. Data[13]	
5-15	537-542	dafür	2. Falsch[3]	1. Angemessen[3]	1. Verständlich[3]	Jahresertrag/Energiedichte Vorhanden[3]	Lebensdauer/Verfügbarkeit vorhanden[3]	*[3]	Preis/Betrieb vorhanden[3]	*[3]	*[3]	*[3]	Contra A[3]	Pro B[3]	Contra C[3]	_	_	Hauptteil[6]	4. Rebuttal[14]	
5-16	543-548	haben	2. Falsch[3]	1. Angemessen[3]	1. Verständlich[3]	Jahresertrag/Energiedichte Vorhanden[3]	Lebensdauer/Verfügbarkeit vorhanden[3]	*[3]	Preis/Betrieb vorhanden[3]	*[3]	*[3]	*[3]	Contra A[3]	Pro B[3]	Contra C[3]	_	_	Hauptteil[6]	4. Rebuttal[14]	
5-17	549-552	sie	2. Falsch[3]	1. Angemessen[3]	1. Verständlich[3]	Jahresertrag/Energiedichte Vorhanden[3]	Lebensdauer/Verfügbarkeit vorhanden[3]	*[3]	Preis/Betrieb vorhanden[3]	*[3]	*[3]	*[3]	Contra A[3]	Pro B[3]	Contra C[3]	_	_	Hauptteil[6]	4. Rebuttal[14]	
5-18	553-557	aber	2. Falsch[3]	1. Angemessen[3]	1. Verständlich[3]	Jahresertrag/Energiedichte Vorhanden[3]	Lebensdauer/Verfügbarkeit vorhanden[3]	*[3]	Preis/Betrieb vorhanden[3]	*[3]	*[3]	*[3]	Contra A[3]	Pro B[3]	Contra C[3]	_	_	Hauptteil[6]	4. Rebuttal[14]	
5-19	558-562	eine	2. Falsch[3]	1. Angemessen[3]	1. Verständlich[3]	Jahresertrag/Energiedichte Vorhanden[3]	Lebensdauer/Verfügbarkeit vorhanden[3]	*[3]	Preis/Betrieb vorhanden[3]	*[3]	*[3]	*[3]	Contra A[3]	Pro B[3]	Contra C[3]	_	_	Hauptteil[6]	4. Rebuttal[14]	
5-20	563-570	längere	2. Falsch[3]	1. Angemessen[3]	1. Verständlich[3]	Jahresertrag/Energiedichte Vorhanden[3]	Lebensdauer/Verfügbarkeit vorhanden[3]	*[3]	Preis/Betrieb vorhanden[3]	*[3]	*[3]	*[3]	Contra A[3]	Pro B[3]	Contra C[3]	_	_	Hauptteil[6]	4. Rebuttal[14]	
5-21	571-582	Lebensdauer	2. Falsch[3]	1. Angemessen[3]	1. Verständlich[3]	Jahresertrag/Energiedichte Vorhanden[3]	Lebensdauer/Verfügbarkeit vorhanden[3]	*[3]	Preis/Betrieb vorhanden[3]	*[3]	*[3]	*[3]	Contra A[3]	Pro B[3]	Contra C[3]	_	_	Hauptteil[6]	4. Rebuttal[14]	
5-22	583-586	und	2. Falsch[3]	1. Angemessen[3]	1. Verständlich[3]	Jahresertrag/Energiedichte Vorhanden[3]	Lebensdauer/Verfügbarkeit vorhanden[3]	*[3]	Preis/Betrieb vorhanden[3]	*[3]	*[3]	*[3]	Contra A[3]	Pro B[3]	Contra C[3]	_	_	Hauptteil[6]	4. Rebuttal[14]	
5-23	587-591	sind	2. Falsch[3]	1. Angemessen[3]	1. Verständlich[3]	Jahresertrag/Energiedichte Vorhanden[3]	Lebensdauer/Verfügbarkeit vorhanden[3]	*[3]	Preis/Betrieb vorhanden[3]	*[3]	*[3]	*[3]	Contra A[3]	Pro B[3]	Contra C[3]	_	_	Hauptteil[6]	4. Rebuttal[14]	
5-24	592-596	sehr	2. Falsch[3]	1. Angemessen[3]	1. Verständlich[3]	Jahresertrag/Energiedichte Vorhanden[3]	Lebensdauer/Verfügbarkeit vorhanden[3]	*[3]	Preis/Betrieb vorhanden[3]	*[3]	*[3]	*[3]	Contra A[3]	Pro B[3]	Contra C[3]	_	_	Hauptteil[6]	4. Rebuttal[14]	
5-25	597-604	günstig	2. Falsch[3]	1. Angemessen[3]	1. Verständlich[3]	Jahresertrag/Energiedichte Vorhanden[3]	Lebensdauer/Verfügbarkeit vorhanden[3]	*[3]	Preis/Betrieb vorhanden[3]	*[3]	*[3]	*[3]	Contra A[3]	Pro B[3]	Contra C[3]	_	_	Hauptteil[6]	4. Rebuttal[14]	
5-26	604-605	.	2. Falsch[3]	1. Angemessen[3]	1. Verständlich[3]	Jahresertrag/Energiedichte Vorhanden[3]	Lebensdauer/Verfügbarkeit vorhanden[3]	*[3]	Preis/Betrieb vorhanden[3]	*[3]	*[3]	*[3]	Contra A[3]	Pro B[3]	Contra C[3]	_	_	Hauptteil[6]	4. Rebuttal[14]	

6-1	607-611	Wenn	2. Falsch[3]	1. Angemessen[3]	1. Verständlich[3]	Jahresertrag/Energiedichte Vorhanden[3]	Lebensdauer/Verfügbarkeit vorhanden[3]	*[3]	Preis/Betrieb vorhanden[3]	*[3]	*[3]	*[3]	Contra A[3]	Pro B[3]	Contra C[3]	_	_	Hauptteil[6]	1. Claim[15]	
6-2	612-615	man	2. Falsch[3]	1. Angemessen[3]	1. Verständlich[3]	Jahresertrag/Energiedichte Vorhanden[3]	Lebensdauer/Verfügbarkeit vorhanden[3]	*[3]	Preis/Betrieb vorhanden[3]	*[3]	*[3]	*[3]	Contra A[3]	Pro B[3]	Contra C[3]	_	_	Hauptteil[6]	1. Claim[15]	
6-3	616-621	damit	2. Falsch[3]	1. Angemessen[3]	1. Verständlich[3]	Jahresertrag/Energiedichte Vorhanden[3]	Lebensdauer/Verfügbarkeit vorhanden[3]	*[3]	Preis/Betrieb vorhanden[3]	*[3]	*[3]	*[3]	Contra A[3]	Pro B[3]	Contra C[3]	_	_	Hauptteil[6]	1. Claim[15]	
6-4	622-626	eine	2. Falsch[3]	1. Angemessen[3]	1. Verständlich[3]	Jahresertrag/Energiedichte Vorhanden[3]	Lebensdauer/Verfügbarkeit vorhanden[3]	*[3]	Preis/Betrieb vorhanden[3]	*[3]	*[3]	*[3]	Contra A[3]	Pro B[3]	Contra C[3]	_	_	Hauptteil[6]	1. Claim[15]	
6-5	627-634	größere	2. Falsch[3]	1. Angemessen[3]	1. Verständlich[3]	Jahresertrag/Energiedichte Vorhanden[3]	Lebensdauer/Verfügbarkeit vorhanden[3]	*[3]	Preis/Betrieb vorhanden[3]	*[3]	*[3]	*[3]	Contra A[3]	Pro B[3]	Contra C[3]	_	_	Hauptteil[6]	1. Claim[15]	
6-6	635-641	Fläche	2. Falsch[3]	1. Angemessen[3]	1. Verständlich[3]	Jahresertrag/Energiedichte Vorhanden[3]	Lebensdauer/Verfügbarkeit vorhanden[3]	*[3]	Preis/Betrieb vorhanden[3]	*[3]	*[3]	*[3]	Contra A[3]	Pro B[3]	Contra C[3]	_	_	Hauptteil[6]	1. Claim[15]	
6-7	642-648	bebaut	2. Falsch[3]	1. Angemessen[3]	1. Verständlich[3]	Jahresertrag/Energiedichte Vorhanden[3]	Lebensdauer/Verfügbarkeit vorhanden[3]	*[3]	Preis/Betrieb vorhanden[3]	*[3]	*[3]	*[3]	Contra A[3]	Pro B[3]	Contra C[3]	_	_	Hauptteil[6]	1. Claim[15]	
6-8	648-649	,	2. Falsch[3]	1. Angemessen[3]	1. Verständlich[3]	Jahresertrag/Energiedichte Vorhanden[3]	Lebensdauer/Verfügbarkeit vorhanden[3]	*[3]	Preis/Betrieb vorhanden[3]	*[3]	*[3]	*[3]	Contra A[3]	Pro B[3]	Contra C[3]	_	_	Hauptteil[6]	1. Claim[15]	
6-9	650-655	würde	2. Falsch[3]	1. Angemessen[3]	1. Verständlich[3]	Jahresertrag/Energiedichte Vorhanden[3]	Lebensdauer/Verfügbarkeit vorhanden[3]	*[3]	Preis/Betrieb vorhanden[3]	*[3]	*[3]	*[3]	Contra A[3]	Pro B[3]	Contra C[3]	_	_	Hauptteil[6]	1. Claim[15]	
6-10	656-659	das	2. Falsch[3]	1. Angemessen[3]	1. Verständlich[3]	Jahresertrag/Energiedichte Vorhanden[3]	Lebensdauer/Verfügbarkeit vorhanden[3]	*[3]	Preis/Betrieb vorhanden[3]	*[3]	*[3]	*[3]	Contra A[3]	Pro B[3]	Contra C[3]	_	_	Hauptteil[6]	1. Claim[15]	
6-11	660-663	die	2. Falsch[3]	1. Angemessen[3]	1. Verständlich[3]	Jahresertrag/Energiedichte Vorhanden[3]	Lebensdauer/Verfügbarkeit vorhanden[3]	*[3]	Preis/Betrieb vorhanden[3]	*[3]	*[3]	*[3]	Contra A[3]	Pro B[3]	Contra C[3]	_	_	Hauptteil[6]	1. Claim[15]	
6-12	664-673	Nachteile	2. Falsch[3]	1. Angemessen[3]	1. Verständlich[3]	Jahresertrag/Energiedichte Vorhanden[3]	Lebensdauer/Verfügbarkeit vorhanden[3]	*[3]	Preis/Betrieb vorhanden[3]	*[3]	*[3]	*[3]	Contra A[3]	Pro B[3]	Contra C[3]	_	_	Hauptteil[6]	1. Claim[15]	
6-13	674-680	wieder	2. Falsch[3]	1. Angemessen[3]	1. Verständlich[3]	Jahresertrag/Energiedichte Vorhanden[3]	Lebensdauer/Verfügbarkeit vorhanden[3]	*[3]	Preis/Betrieb vorhanden[3]	*[3]	*[3]	*[3]	Contra A[3]	Pro B[3]	Contra C[3]	_	_	Hauptteil[6]	1. Claim[15]	
6-14	681-692	ausgleichen	2. Falsch[3]	1. Angemessen[3]	1. Verständlich[3]	Jahresertrag/Energiedichte Vorhanden[3]	Lebensdauer/Verfügbarkeit vorhanden[3]	*[3]	Preis/Betrieb vorhanden[3]	*[3]	*[3]	*[3]	Contra A[3]	Pro B[3]	Contra C[3]	_	_	Hauptteil[6]	1. Claim[15]	
6-15	692-693	.	2. Falsch[3]	1. Angemessen[3]	1. Verständlich[3]	Jahresertrag/Energiedichte Vorhanden[3]	Lebensdauer/Verfügbarkeit vorhanden[3]	*[3]	Preis/Betrieb vorhanden[3]	*[3]	*[3]	*[3]	Contra A[3]	Pro B[3]	Contra C[3]	_	_	Hauptteil[6]	1. Claim[15]	
