#FORMAT=WebAnno TSV 3.3
#T_SP=webanno.custom.Argument|Accuracy|Adequacy|Clarity|KriteriumJahresertragEnergiedichte|KriteriumLebensdauerVerfgbarkeit|KriteriumLokaleEmissionenGeruschemissionen|KriteriumPreisBetrieb|KriteriumSonstiges|KriteriumTreibhausgasemissionen|KriteriumWirkungsgrad|OptionA|OptionB|OptionC
#T_SP=webanno.custom.Struktur|Struktur
#T_SP=webanno.custom.StrukturTAP|TAPArgumente


1-1	0-4	Sind	_	_	_	_	_	_	_	_	_	_	_	_	_	Einleitung[4]	_	
1-2	5-14	Windparks	_	_	_	_	_	_	_	_	_	_	_	_	_	Einleitung[4]	_	
1-3	15-29	wirkungsvoller	_	_	_	_	_	_	_	_	_	_	_	_	_	Einleitung[4]	_	
1-4	30-33	als	_	_	_	_	_	_	_	_	_	_	_	_	_	Einleitung[4]	_	
1-5	34-44	Solarparks	_	_	_	_	_	_	_	_	_	_	_	_	_	Einleitung[4]	_	
1-6	45-49	oder	_	_	_	_	_	_	_	_	_	_	_	_	_	Einleitung[4]	_	
1-7	50-68	Wasserkraftanlagen	_	_	_	_	_	_	_	_	_	_	_	_	_	Einleitung[4]	_	
1-8	68-69	?	_	_	_	_	_	_	_	_	_	_	_	_	_	Einleitung[4]	_	

2-1	70-79	Windparks	2. Falsch[1]	2. Unangemessen[1]	1. Verständlich[1]	Jahresertrag/Energiedichte Vorhanden[1]	*[1]	*[1]	Preis/Betrieb vorhanden[1]	*[1]	*[1]	*[1]	Contra A[1]	Contra B[1]	Pro C[1]	Hauptteil[5]	2. Data[6]	
2-2	80-84	sind	2. Falsch[1]	2. Unangemessen[1]	1. Verständlich[1]	Jahresertrag/Energiedichte Vorhanden[1]	*[1]	*[1]	Preis/Betrieb vorhanden[1]	*[1]	*[1]	*[1]	Contra A[1]	Contra B[1]	Pro C[1]	Hauptteil[5]	2. Data[6]	
2-3	85-90	nicht	2. Falsch[1]	2. Unangemessen[1]	1. Verständlich[1]	Jahresertrag/Energiedichte Vorhanden[1]	*[1]	*[1]	Preis/Betrieb vorhanden[1]	*[1]	*[1]	*[1]	Contra A[1]	Contra B[1]	Pro C[1]	Hauptteil[5]	2. Data[6]	
2-4	91-94	die	2. Falsch[1]	2. Unangemessen[1]	1. Verständlich[1]	Jahresertrag/Energiedichte Vorhanden[1]	*[1]	*[1]	Preis/Betrieb vorhanden[1]	*[1]	*[1]	*[1]	Contra A[1]	Contra B[1]	Pro C[1]	Hauptteil[5]	2. Data[6]	
2-5	95-103	biligste	2. Falsch[1]	2. Unangemessen[1]	1. Verständlich[1]	Jahresertrag/Energiedichte Vorhanden[1]	*[1]	*[1]	Preis/Betrieb vorhanden[1]	*[1]	*[1]	*[1]	Contra A[1]	Contra B[1]	Pro C[1]	Hauptteil[5]	2. Data[6]	
2-6	104-110	Option	2. Falsch[1]	2. Unangemessen[1]	1. Verständlich[1]	Jahresertrag/Energiedichte Vorhanden[1]	*[1]	*[1]	Preis/Betrieb vorhanden[1]	*[1]	*[1]	*[1]	Contra A[1]	Contra B[1]	Pro C[1]	Hauptteil[5]	2. Data[6]	
2-7	110-111	,	2. Falsch[1]	2. Unangemessen[1]	1. Verständlich[1]	Jahresertrag/Energiedichte Vorhanden[1]	*[1]	*[1]	Preis/Betrieb vorhanden[1]	*[1]	*[1]	*[1]	Contra A[1]	Contra B[1]	Pro C[1]	Hauptteil[5]	2. Data[6]	
2-8	112-117	dafür	2. Falsch[1]	2. Unangemessen[1]	1. Verständlich[1]	Jahresertrag/Energiedichte Vorhanden[1]	*[1]	*[1]	Preis/Betrieb vorhanden[1]	*[1]	*[1]	*[1]	Contra A[1]	Contra B[1]	Pro C[1]	Hauptteil[5]	4. Rebuttal[7]	
2-9	118-125	bringen	2. Falsch[1]	2. Unangemessen[1]	1. Verständlich[1]	Jahresertrag/Energiedichte Vorhanden[1]	*[1]	*[1]	Preis/Betrieb vorhanden[1]	*[1]	*[1]	*[1]	Contra A[1]	Contra B[1]	Pro C[1]	Hauptteil[5]	4. Rebuttal[7]	
2-10	126-129	sie	2. Falsch[1]	2. Unangemessen[1]	1. Verständlich[1]	Jahresertrag/Energiedichte Vorhanden[1]	*[1]	*[1]	Preis/Betrieb vorhanden[1]	*[1]	*[1]	*[1]	Contra A[1]	Contra B[1]	Pro C[1]	Hauptteil[5]	4. Rebuttal[7]	
2-11	130-140	allerdings	2. Falsch[1]	2. Unangemessen[1]	1. Verständlich[1]	Jahresertrag/Energiedichte Vorhanden[1]	*[1]	*[1]	Preis/Betrieb vorhanden[1]	*[1]	*[1]	*[1]	Contra A[1]	Contra B[1]	Pro C[1]	Hauptteil[5]	4. Rebuttal[7]	
2-12	141-143	40	2. Falsch[1]	2. Unangemessen[1]	1. Verständlich[1]	Jahresertrag/Energiedichte Vorhanden[1]	*[1]	*[1]	Preis/Betrieb vorhanden[1]	*[1]	*[1]	*[1]	Contra A[1]	Contra B[1]	Pro C[1]	Hauptteil[5]	4. Rebuttal[7]	
2-13	144-147	GWh	2. Falsch[1]	2. Unangemessen[1]	1. Verständlich[1]	Jahresertrag/Energiedichte Vorhanden[1]	*[1]	*[1]	Preis/Betrieb vorhanden[1]	*[1]	*[1]	*[1]	Contra A[1]	Contra B[1]	Pro C[1]	Hauptteil[5]	4. Rebuttal[7]	
2-14	148-151	pro	2. Falsch[1]	2. Unangemessen[1]	1. Verständlich[1]	Jahresertrag/Energiedichte Vorhanden[1]	*[1]	*[1]	Preis/Betrieb vorhanden[1]	*[1]	*[1]	*[1]	Contra A[1]	Contra B[1]	Pro C[1]	Hauptteil[5]	4. Rebuttal[7]	
2-15	152-156	Jahr	2. Falsch[1]	2. Unangemessen[1]	1. Verständlich[1]	Jahresertrag/Energiedichte Vorhanden[1]	*[1]	*[1]	Preis/Betrieb vorhanden[1]	*[1]	*[1]	*[1]	Contra A[1]	Contra B[1]	Pro C[1]	Hauptteil[5]	4. Rebuttal[7]	
2-16	156-157	,	2. Falsch[1]	2. Unangemessen[1]	1. Verständlich[1]	Jahresertrag/Energiedichte Vorhanden[1]	*[1]	*[1]	Preis/Betrieb vorhanden[1]	*[1]	*[1]	*[1]	Contra A[1]	Contra B[1]	Pro C[1]	Hauptteil[5]	4. Rebuttal[7]	
2-17	158-165	welches	2. Falsch[1]	2. Unangemessen[1]	1. Verständlich[1]	Jahresertrag/Energiedichte Vorhanden[1]	*[1]	*[1]	Preis/Betrieb vorhanden[1]	*[1]	*[1]	*[1]	Contra A[1]	Contra B[1]	Pro C[1]	Hauptteil[5]	2. Data[8]	
2-18	166-168	im	2. Falsch[1]	2. Unangemessen[1]	1. Verständlich[1]	Jahresertrag/Energiedichte Vorhanden[1]	*[1]	*[1]	Preis/Betrieb vorhanden[1]	*[1]	*[1]	*[1]	Contra A[1]	Contra B[1]	Pro C[1]	Hauptteil[5]	2. Data[8]	
2-19	169-178	Vergleich	2. Falsch[1]	2. Unangemessen[1]	1. Verständlich[1]	Jahresertrag/Energiedichte Vorhanden[1]	*[1]	*[1]	Preis/Betrieb vorhanden[1]	*[1]	*[1]	*[1]	Contra A[1]	Contra B[1]	Pro C[1]	Hauptteil[5]	2. Data[8]	
2-20	179-181	zu	2. Falsch[1]	2. Unangemessen[1]	1. Verständlich[1]	Jahresertrag/Energiedichte Vorhanden[1]	*[1]	*[1]	Preis/Betrieb vorhanden[1]	*[1]	*[1]	*[1]	Contra A[1]	Contra B[1]	Pro C[1]	Hauptteil[5]	2. Data[8]	
2-21	182-193	Wasserkraft	2. Falsch[1]	2. Unangemessen[1]	1. Verständlich[1]	Jahresertrag/Energiedichte Vorhanden[1]	*[1]	*[1]	Preis/Betrieb vorhanden[1]	*[1]	*[1]	*[1]	Contra A[1]	Contra B[1]	Pro C[1]	Hauptteil[5]	2. Data[8]	
2-22	194-197	und	2. Falsch[1]	2. Unangemessen[1]	1. Verständlich[1]	Jahresertrag/Energiedichte Vorhanden[1]	*[1]	*[1]	Preis/Betrieb vorhanden[1]	*[1]	*[1]	*[1]	Contra A[1]	Contra B[1]	Pro C[1]	Hauptteil[5]	2. Data[8]	
2-23	198-203	Solar	2. Falsch[1]	2. Unangemessen[1]	1. Verständlich[1]	Jahresertrag/Energiedichte Vorhanden[1]	*[1]	*[1]	Preis/Betrieb vorhanden[1]	*[1]	*[1]	*[1]	Contra A[1]	Contra B[1]	Pro C[1]	Hauptteil[5]	2. Data[8]	
2-24	203-204	,	2. Falsch[1]	2. Unangemessen[1]	1. Verständlich[1]	Jahresertrag/Energiedichte Vorhanden[1]	*[1]	*[1]	Preis/Betrieb vorhanden[1]	*[1]	*[1]	*[1]	Contra A[1]	Contra B[1]	Pro C[1]	Hauptteil[5]	2. Data[8]	
2-25	205-207	am	2. Falsch[1]	2. Unangemessen[1]	1. Verständlich[1]	Jahresertrag/Energiedichte Vorhanden[1]	*[1]	*[1]	Preis/Betrieb vorhanden[1]	*[1]	*[1]	*[1]	Contra A[1]	Contra B[1]	Pro C[1]	Hauptteil[5]	2. Data[8]	
2-26	208-216	höchsten	2. Falsch[1]	2. Unangemessen[1]	1. Verständlich[1]	Jahresertrag/Energiedichte Vorhanden[1]	*[1]	*[1]	Preis/Betrieb vorhanden[1]	*[1]	*[1]	*[1]	Contra A[1]	Contra B[1]	Pro C[1]	Hauptteil[5]	2. Data[8]	
2-27	217-220	ist	2. Falsch[1]	2. Unangemessen[1]	1. Verständlich[1]	Jahresertrag/Energiedichte Vorhanden[1]	*[1]	*[1]	Preis/Betrieb vorhanden[1]	*[1]	*[1]	*[1]	Contra A[1]	Contra B[1]	Pro C[1]	Hauptteil[5]	2. Data[8]	
2-28	220-221	.	2. Falsch[1]	2. Unangemessen[1]	1. Verständlich[1]	Jahresertrag/Energiedichte Vorhanden[1]	*[1]	*[1]	Preis/Betrieb vorhanden[1]	*[1]	*[1]	*[1]	Contra A[1]	Contra B[1]	Pro C[1]	Hauptteil[5]	2. Data[8]	

3-1	223-228	Diese	2. Falsch[1]	2. Unangemessen[1]	1. Verständlich[1]	Jahresertrag/Energiedichte Vorhanden[1]	*[1]	*[1]	Preis/Betrieb vorhanden[1]	*[1]	*[1]	*[1]	Contra A[1]	Contra B[1]	Pro C[1]	Hauptteil[5]	4. Rebuttal[9]	
3-2	229-234	Werte	2. Falsch[1]	2. Unangemessen[1]	1. Verständlich[1]	Jahresertrag/Energiedichte Vorhanden[1]	*[1]	*[1]	Preis/Betrieb vorhanden[1]	*[1]	*[1]	*[1]	Contra A[1]	Contra B[1]	Pro C[1]	Hauptteil[5]	4. Rebuttal[9]	
3-3	235-241	können	2. Falsch[1]	2. Unangemessen[1]	1. Verständlich[1]	Jahresertrag/Energiedichte Vorhanden[1]	*[1]	*[1]	Preis/Betrieb vorhanden[1]	*[1]	*[1]	*[1]	Contra A[1]	Contra B[1]	Pro C[1]	Hauptteil[5]	4. Rebuttal[9]	
3-4	242-252	allerdings	2. Falsch[1]	2. Unangemessen[1]	1. Verständlich[1]	Jahresertrag/Energiedichte Vorhanden[1]	*[1]	*[1]	Preis/Betrieb vorhanden[1]	*[1]	*[1]	*[1]	Contra A[1]	Contra B[1]	Pro C[1]	Hauptteil[5]	4. Rebuttal[9]	
3-5	253-256	nur	2. Falsch[1]	2. Unangemessen[1]	1. Verständlich[1]	Jahresertrag/Energiedichte Vorhanden[1]	*[1]	*[1]	Preis/Betrieb vorhanden[1]	*[1]	*[1]	*[1]	Contra A[1]	Contra B[1]	Pro C[1]	Hauptteil[5]	4. Rebuttal[9]	
3-6	257-259	an	2. Falsch[1]	2. Unangemessen[1]	1. Verständlich[1]	Jahresertrag/Energiedichte Vorhanden[1]	*[1]	*[1]	Preis/Betrieb vorhanden[1]	*[1]	*[1]	*[1]	Contra A[1]	Contra B[1]	Pro C[1]	Hauptteil[5]	4. Rebuttal[9]	
3-7	260-265	Tagen	2. Falsch[1]	2. Unangemessen[1]	1. Verständlich[1]	Jahresertrag/Energiedichte Vorhanden[1]	*[1]	*[1]	Preis/Betrieb vorhanden[1]	*[1]	*[1]	*[1]	Contra A[1]	Contra B[1]	Pro C[1]	Hauptteil[5]	4. Rebuttal[9]	
3-8	266-269	mit	2. Falsch[1]	2. Unangemessen[1]	1. Verständlich[1]	Jahresertrag/Energiedichte Vorhanden[1]	*[1]	*[1]	Preis/Betrieb vorhanden[1]	*[1]	*[1]	*[1]	Contra A[1]	Contra B[1]	Pro C[1]	Hauptteil[5]	4. Rebuttal[9]	
3-9	270-275	hohen	2. Falsch[1]	2. Unangemessen[1]	1. Verständlich[1]	Jahresertrag/Energiedichte Vorhanden[1]	*[1]	*[1]	Preis/Betrieb vorhanden[1]	*[1]	*[1]	*[1]	Contra A[1]	Contra B[1]	Pro C[1]	Hauptteil[5]	4. Rebuttal[9]	
3-10	276-296	Windgeschwindikeiten	2. Falsch[1]	2. Unangemessen[1]	1. Verständlich[1]	Jahresertrag/Energiedichte Vorhanden[1]	*[1]	*[1]	Preis/Betrieb vorhanden[1]	*[1]	*[1]	*[1]	Contra A[1]	Contra B[1]	Pro C[1]	Hauptteil[5]	4. Rebuttal[9]	
3-11	297-304	ereicht	2. Falsch[1]	2. Unangemessen[1]	1. Verständlich[1]	Jahresertrag/Energiedichte Vorhanden[1]	*[1]	*[1]	Preis/Betrieb vorhanden[1]	*[1]	*[1]	*[1]	Contra A[1]	Contra B[1]	Pro C[1]	Hauptteil[5]	4. Rebuttal[9]	
3-12	305-311	werden	2. Falsch[1]	2. Unangemessen[1]	1. Verständlich[1]	Jahresertrag/Energiedichte Vorhanden[1]	*[1]	*[1]	Preis/Betrieb vorhanden[1]	*[1]	*[1]	*[1]	Contra A[1]	Contra B[1]	Pro C[1]	Hauptteil[5]	4. Rebuttal[9]	
3-13	311-312	.	2. Falsch[1]	2. Unangemessen[1]	1. Verständlich[1]	Jahresertrag/Energiedichte Vorhanden[1]	*[1]	*[1]	Preis/Betrieb vorhanden[1]	*[1]	*[1]	*[1]	Contra A[1]	Contra B[1]	Pro C[1]	Hauptteil[5]	4. Rebuttal[9]	

4-1	314-317	Sie	1. Richtig[2]	1. Angemessen[2]	1. Verständlich[2]	*[2]	*[2]	*[2]	*[2]	*[2]	Treibhausgasemissionen vorhanden[2]	*[2]	Contra A[2]	Contra B[2]	Pro C[2]	Hauptteil[5]	2. Data[10]	
4-2	318-322	sind	1. Richtig[2]	1. Angemessen[2]	1. Verständlich[2]	*[2]	*[2]	*[2]	*[2]	*[2]	Treibhausgasemissionen vorhanden[2]	*[2]	Contra A[2]	Contra B[2]	Pro C[2]	Hauptteil[5]	2. Data[10]	
4-3	323-326	mit	1. Richtig[2]	1. Angemessen[2]	1. Verständlich[2]	*[2]	*[2]	*[2]	*[2]	*[2]	Treibhausgasemissionen vorhanden[2]	*[2]	Contra A[2]	Contra B[2]	Pro C[2]	Hauptteil[5]	2. Data[10]	
4-4	327-332	einem	1. Richtig[2]	1. Angemessen[2]	1. Verständlich[2]	*[2]	*[2]	*[2]	*[2]	*[2]	Treibhausgasemissionen vorhanden[2]	*[2]	Contra A[2]	Contra B[2]	Pro C[2]	Hauptteil[5]	2. Data[10]	
4-5	333-336	CO2	1. Richtig[2]	1. Angemessen[2]	1. Verständlich[2]	*[2]	*[2]	*[2]	*[2]	*[2]	Treibhausgasemissionen vorhanden[2]	*[2]	Contra A[2]	Contra B[2]	Pro C[2]	Hauptteil[5]	2. Data[10]	
4-6	337-344	Ausstoß	1. Richtig[2]	1. Angemessen[2]	1. Verständlich[2]	*[2]	*[2]	*[2]	*[2]	*[2]	Treibhausgasemissionen vorhanden[2]	*[2]	Contra A[2]	Contra B[2]	Pro C[2]	Hauptteil[5]	2. Data[10]	
4-7	345-348	von	1. Richtig[2]	1. Angemessen[2]	1. Verständlich[2]	*[2]	*[2]	*[2]	*[2]	*[2]	Treibhausgasemissionen vorhanden[2]	*[2]	Contra A[2]	Contra B[2]	Pro C[2]	Hauptteil[5]	2. Data[10]	
4-8	349-354	8,800	1. Richtig[2]	1. Angemessen[2]	1. Verständlich[2]	*[2]	*[2]	*[2]	*[2]	*[2]	Treibhausgasemissionen vorhanden[2]	*[2]	Contra A[2]	Contra B[2]	Pro C[2]	Hauptteil[5]	2. Data[10]	
4-9	355-356	t	1. Richtig[2]	1. Angemessen[2]	1. Verständlich[2]	*[2]	*[2]	*[2]	*[2]	*[2]	Treibhausgasemissionen vorhanden[2]	*[2]	Contra A[2]	Contra B[2]	Pro C[2]	Hauptteil[5]	2. Data[10]	
4-10	357-361	auch	1. Richtig[2]	1. Angemessen[2]	1. Verständlich[2]	*[2]	*[2]	*[2]	*[2]	*[2]	Treibhausgasemissionen vorhanden[2]	*[2]	Contra A[2]	Contra B[2]	Pro C[2]	Hauptteil[5]	2. Data[10]	
4-11	362-364	am	1. Richtig[2]	1. Angemessen[2]	1. Verständlich[2]	*[2]	*[2]	*[2]	*[2]	*[2]	Treibhausgasemissionen vorhanden[2]	*[2]	Contra A[2]	Contra B[2]	Pro C[2]	Hauptteil[5]	2. Data[10]	
4-12	365-384	Klimafreundlichsten	1. Richtig[2]	1. Angemessen[2]	1. Verständlich[2]	*[2]	*[2]	*[2]	*[2]	*[2]	Treibhausgasemissionen vorhanden[2]	*[2]	Contra A[2]	Contra B[2]	Pro C[2]	Hauptteil[5]	2. Data[10]	
4-13	384-385	.	1. Richtig[2]	1. Angemessen[2]	1. Verständlich[2]	*[2]	*[2]	*[2]	*[2]	*[2]	Treibhausgasemissionen vorhanden[2]	*[2]	Contra A[2]	Contra B[2]	Pro C[2]	Hauptteil[5]	2. Data[10]	
4-14	387-390	64%	1. Richtig[2]	1. Angemessen[2]	1. Verständlich[2]	*[2]	*[2]	*[2]	*[2]	*[2]	Treibhausgasemissionen vorhanden[2]	*[2]	Contra A[2]	Contra B[2]	Pro C[2]	Hauptteil[5]	2. Data[11]	
4-15	391-395	Sind	1. Richtig[2]	1. Angemessen[2]	1. Verständlich[2]	*[2]	*[2]	*[2]	*[2]	*[2]	Treibhausgasemissionen vorhanden[2]	*[2]	Contra A[2]	Contra B[2]	Pro C[2]	Hauptteil[5]	2. Data[11]	
4-16	396-401	davon	1. Richtig[2]	1. Angemessen[2]	1. Verständlich[2]	*[2]	*[2]	*[2]	*[2]	*[2]	Treibhausgasemissionen vorhanden[2]	*[2]	Contra A[2]	Contra B[2]	Pro C[2]	Hauptteil[5]	2. Data[11]	
4-17	402-405	nur	1. Richtig[2]	1. Angemessen[2]	1. Verständlich[2]	*[2]	*[2]	*[2]	*[2]	*[2]	Treibhausgasemissionen vorhanden[2]	*[2]	Contra A[2]	Contra B[2]	Pro C[2]	Hauptteil[5]	2. Data[11]	
4-18	406-409	auf	1. Richtig[2]	1. Angemessen[2]	1. Verständlich[2]	*[2]	*[2]	*[2]	*[2]	*[2]	Treibhausgasemissionen vorhanden[2]	*[2]	Contra A[2]	Contra B[2]	Pro C[2]	Hauptteil[5]	2. Data[11]	
4-19	410-413	die	1. Richtig[2]	1. Angemessen[2]	1. Verständlich[2]	*[2]	*[2]	*[2]	*[2]	*[2]	Treibhausgasemissionen vorhanden[2]	*[2]	Contra A[2]	Contra B[2]	Pro C[2]	Hauptteil[5]	2. Data[11]	
4-20	414-424	Produktion	1. Richtig[2]	1. Angemessen[2]	1. Verständlich[2]	*[2]	*[2]	*[2]	*[2]	*[2]	Treibhausgasemissionen vorhanden[2]	*[2]	Contra A[2]	Contra B[2]	Pro C[2]	Hauptteil[5]	2. Data[11]	
4-21	425-439	zurückzuführen	1. Richtig[2]	1. Angemessen[2]	1. Verständlich[2]	*[2]	*[2]	*[2]	*[2]	*[2]	Treibhausgasemissionen vorhanden[2]	*[2]	Contra A[2]	Contra B[2]	Pro C[2]	Hauptteil[5]	2. Data[11]	
4-22	439-440	.	1. Richtig[2]	1. Angemessen[2]	1. Verständlich[2]	*[2]	*[2]	*[2]	*[2]	*[2]	Treibhausgasemissionen vorhanden[2]	*[2]	Contra A[2]	Contra B[2]	Pro C[2]	Hauptteil[5]	2. Data[11]	

5-1	442-452	Allerdings	1. Richtig[3]	1. Angemessen[3]	1. Verständlich[3]	*[3]	Lebensdauer/Verfügbarkeit vorhanden[3]	*[3]	*[3]	*[3]	*[3]	*[3]	*[3]	*[3]	Contra C[3]	Hauptteil[5]	2. Data[12]	
5-2	453-458	haben	1. Richtig[3]	1. Angemessen[3]	1. Verständlich[3]	*[3]	Lebensdauer/Verfügbarkeit vorhanden[3]	*[3]	*[3]	*[3]	*[3]	*[3]	*[3]	*[3]	Contra C[3]	Hauptteil[5]	2. Data[12]	
5-3	459-468	Windparks	1. Richtig[3]	1. Angemessen[3]	1. Verständlich[3]	*[3]	Lebensdauer/Verfügbarkeit vorhanden[3]	*[3]	*[3]	*[3]	*[3]	*[3]	*[3]	*[3]	Contra C[3]	Hauptteil[5]	2. Data[12]	
5-4	469-472	mit	1. Richtig[3]	1. Angemessen[3]	1. Verständlich[3]	*[3]	Lebensdauer/Verfügbarkeit vorhanden[3]	*[3]	*[3]	*[3]	*[3]	*[3]	*[3]	*[3]	Contra C[3]	Hauptteil[5]	2. Data[12]	
5-5	473-475	20	1. Richtig[3]	1. Angemessen[3]	1. Verständlich[3]	*[3]	Lebensdauer/Verfügbarkeit vorhanden[3]	*[3]	*[3]	*[3]	*[3]	*[3]	*[3]	*[3]	Contra C[3]	Hauptteil[5]	2. Data[12]	
5-6	476-482	Jahren	1. Richtig[3]	1. Angemessen[3]	1. Verständlich[3]	*[3]	Lebensdauer/Verfügbarkeit vorhanden[3]	*[3]	*[3]	*[3]	*[3]	*[3]	*[3]	*[3]	Contra C[3]	Hauptteil[5]	2. Data[12]	
5-7	483-486	die	1. Richtig[3]	1. Angemessen[3]	1. Verständlich[3]	*[3]	Lebensdauer/Verfügbarkeit vorhanden[3]	*[3]	*[3]	*[3]	*[3]	*[3]	*[3]	*[3]	Contra C[3]	Hauptteil[5]	2. Data[12]	
5-8	487-497	niedrigste	1. Richtig[3]	1. Angemessen[3]	1. Verständlich[3]	*[3]	Lebensdauer/Verfügbarkeit vorhanden[3]	*[3]	*[3]	*[3]	*[3]	*[3]	*[3]	*[3]	Contra C[3]	Hauptteil[5]	2. Data[12]	
5-9	498-509	Lebensdauer	1. Richtig[3]	1. Angemessen[3]	1. Verständlich[3]	*[3]	Lebensdauer/Verfügbarkeit vorhanden[3]	*[3]	*[3]	*[3]	*[3]	*[3]	*[3]	*[3]	Contra C[3]	Hauptteil[5]	2. Data[12]	
5-10	509-510	.	1. Richtig[3]	1. Angemessen[3]	1. Verständlich[3]	*[3]	Lebensdauer/Verfügbarkeit vorhanden[3]	*[3]	*[3]	*[3]	*[3]	*[3]	*[3]	*[3]	Contra C[3]	Hauptteil[5]	2. Data[12]	

6-1	512-516	Dies	1. Richtig[3]	1. Angemessen[3]	1. Verständlich[3]	*[3]	Lebensdauer/Verfügbarkeit vorhanden[3]	*[3]	*[3]	*[3]	*[3]	*[3]	*[3]	*[3]	Contra C[3]	Hauptteil[5]	2. Data[13]	
6-2	517-522	kommt	1. Richtig[3]	1. Angemessen[3]	1. Verständlich[3]	*[3]	Lebensdauer/Verfügbarkeit vorhanden[3]	*[3]	*[3]	*[3]	*[3]	*[3]	*[3]	*[3]	Contra C[3]	Hauptteil[5]	2. Data[13]	
6-3	523-528	durch	1. Richtig[3]	1. Angemessen[3]	1. Verständlich[3]	*[3]	Lebensdauer/Verfügbarkeit vorhanden[3]	*[3]	*[3]	*[3]	*[3]	*[3]	*[3]	*[3]	Contra C[3]	Hauptteil[5]	2. Data[13]	
6-4	529-532	die	1. Richtig[3]	1. Angemessen[3]	1. Verständlich[3]	*[3]	Lebensdauer/Verfügbarkeit vorhanden[3]	*[3]	*[3]	*[3]	*[3]	*[3]	*[3]	*[3]	Contra C[3]	Hauptteil[5]	2. Data[13]	
6-5	533-537	hohe	1. Richtig[3]	1. Angemessen[3]	1. Verständlich[3]	*[3]	Lebensdauer/Verfügbarkeit vorhanden[3]	*[3]	*[3]	*[3]	*[3]	*[3]	*[3]	*[3]	Contra C[3]	Hauptteil[5]	2. Data[13]	
6-6	538-549	mechanische	1. Richtig[3]	1. Angemessen[3]	1. Verständlich[3]	*[3]	Lebensdauer/Verfügbarkeit vorhanden[3]	*[3]	*[3]	*[3]	*[3]	*[3]	*[3]	*[3]	Contra C[3]	Hauptteil[5]	2. Data[13]	
6-7	550-559	Belastung	1. Richtig[3]	1. Angemessen[3]	1. Verständlich[3]	*[3]	Lebensdauer/Verfügbarkeit vorhanden[3]	*[3]	*[3]	*[3]	*[3]	*[3]	*[3]	*[3]	Contra C[3]	Hauptteil[5]	2. Data[13]	
6-8	559-560	,	1. Richtig[3]	1. Angemessen[3]	1. Verständlich[3]	*[3]	Lebensdauer/Verfügbarkeit vorhanden[3]	*[3]	*[3]	*[3]	*[3]	*[3]	*[3]	*[3]	Contra C[3]	Hauptteil[5]	2. Data[13]	
6-9	561-568	welchen	1. Richtig[3]	1. Angemessen[3]	1. Verständlich[3]	*[3]	Lebensdauer/Verfügbarkeit vorhanden[3]	*[3]	*[3]	*[3]	*[3]	*[3]	*[3]	*[3]	Contra C[3]	Hauptteil[5]	2. Data[13]	
6-10	569-571	im	1. Richtig[3]	1. Angemessen[3]	1. Verständlich[3]	*[3]	Lebensdauer/Verfügbarkeit vorhanden[3]	*[3]	*[3]	*[3]	*[3]	*[3]	*[3]	*[3]	Contra C[3]	Hauptteil[5]	2. Data[13]	
6-11	572-583	schlimmsten	1. Richtig[3]	1. Angemessen[3]	1. Verständlich[3]	*[3]	Lebensdauer/Verfügbarkeit vorhanden[3]	*[3]	*[3]	*[3]	*[3]	*[3]	*[3]	*[3]	Contra C[3]	Hauptteil[5]	2. Data[13]	
6-12	584-588	Fall	1. Richtig[3]	1. Angemessen[3]	1. Verständlich[3]	*[3]	Lebensdauer/Verfügbarkeit vorhanden[3]	*[3]	*[3]	*[3]	*[3]	*[3]	*[3]	*[3]	Contra C[3]	Hauptteil[5]	2. Data[13]	
6-13	589-592	die	1. Richtig[3]	1. Angemessen[3]	1. Verständlich[3]	*[3]	Lebensdauer/Verfügbarkeit vorhanden[3]	*[3]	*[3]	*[3]	*[3]	*[3]	*[3]	*[3]	Contra C[3]	Hauptteil[5]	2. Data[13]	
6-14	593-600	Rotoren	1. Richtig[3]	1. Angemessen[3]	1. Verständlich[3]	*[3]	Lebensdauer/Verfügbarkeit vorhanden[3]	*[3]	*[3]	*[3]	*[3]	*[3]	*[3]	*[3]	Contra C[3]	Hauptteil[5]	2. Data[13]	
6-15	601-610	zerstören	1. Richtig[3]	1. Angemessen[3]	1. Verständlich[3]	*[3]	Lebensdauer/Verfügbarkeit vorhanden[3]	*[3]	*[3]	*[3]	*[3]	*[3]	*[3]	*[3]	Contra C[3]	Hauptteil[5]	2. Data[13]	
6-16	611-617	könnte	1. Richtig[3]	1. Angemessen[3]	1. Verständlich[3]	*[3]	Lebensdauer/Verfügbarkeit vorhanden[3]	*[3]	*[3]	*[3]	*[3]	*[3]	*[3]	*[3]	Contra C[3]	Hauptteil[5]	2. Data[13]	
6-17	617-618	.	1. Richtig[3]	1. Angemessen[3]	1. Verständlich[3]	*[3]	Lebensdauer/Verfügbarkeit vorhanden[3]	*[3]	*[3]	*[3]	*[3]	*[3]	*[3]	*[3]	Contra C[3]	Hauptteil[5]	2. Data[13]	

7-1	620-630	Allerdings	1. Richtig[3]	1. Angemessen[3]	1. Verständlich[3]	*[3]	Lebensdauer/Verfügbarkeit vorhanden[3]	*[3]	*[3]	*[3]	*[3]	*[3]	*[3]	*[3]	Contra C[3]	Hauptteil[5]	4. Rebuttal[14]	
7-2	631-637	können	1. Richtig[3]	1. Angemessen[3]	1. Verständlich[3]	*[3]	Lebensdauer/Verfügbarkeit vorhanden[3]	*[3]	*[3]	*[3]	*[3]	*[3]	*[3]	*[3]	Contra C[3]	Hauptteil[5]	4. Rebuttal[14]	
7-3	638-643	diese	1. Richtig[3]	1. Angemessen[3]	1. Verständlich[3]	*[3]	Lebensdauer/Verfügbarkeit vorhanden[3]	*[3]	*[3]	*[3]	*[3]	*[3]	*[3]	*[3]	Contra C[3]	Hauptteil[5]	4. Rebuttal[14]	
7-4	644-649	Teile	1. Richtig[3]	1. Angemessen[3]	1. Verständlich[3]	*[3]	Lebensdauer/Verfügbarkeit vorhanden[3]	*[3]	*[3]	*[3]	*[3]	*[3]	*[3]	*[3]	Contra C[3]	Hauptteil[5]	4. Rebuttal[14]	
7-5	650-665	wiederverwendet	1. Richtig[3]	1. Angemessen[3]	1. Verständlich[3]	*[3]	Lebensdauer/Verfügbarkeit vorhanden[3]	*[3]	*[3]	*[3]	*[3]	*[3]	*[3]	*[3]	Contra C[3]	Hauptteil[5]	4. Rebuttal[14]	
7-6	666-672	werden	1. Richtig[3]	1. Angemessen[3]	1. Verständlich[3]	*[3]	Lebensdauer/Verfügbarkeit vorhanden[3]	*[3]	*[3]	*[3]	*[3]	*[3]	*[3]	*[3]	Contra C[3]	Hauptteil[5]	4. Rebuttal[14]	
7-7	672-673	.	1. Richtig[3]	1. Angemessen[3]	1. Verständlich[3]	*[3]	Lebensdauer/Verfügbarkeit vorhanden[3]	*[3]	*[3]	*[3]	*[3]	*[3]	*[3]	*[3]	Contra C[3]	Hauptteil[5]	4. Rebuttal[14]	

8-1	675-679	Wind	3. Nicht zutreffend	3. Nicht zutreffend	3. Unverständlich	*	*	*	*	Sonstiges vorhanden	*	*	*	*	Unklar C	Hauptteil[5]	5. Nicht zutreffend	
