#FORMAT=WebAnno TSV 3.3
#T_SP=webanno.custom.Argument|Accuracy|Adequacy|Clarity|KriteriumJahresertragEnergiedichte|KriteriumLebensdauerVerfgbarkeit|KriteriumLokaleEmissionenGeruschemissionen|KriteriumPreisBetrieb|KriteriumSonstiges|KriteriumTreibhausgasemissionen|KriteriumWirkungsgrad|OptionA|OptionB|OptionC
#T_SP=webanno.custom.DecisionMakingStrategies|Decision|Gesamtthese
#T_SP=webanno.custom.Struktur|Struktur
#T_SP=webanno.custom.StrukturTAP|TAPArgumente


1-1	0-3	Ich	_	_	_	_	_	_	_	_	_	_	_	_	_	2. Cut-off[7]	Gesamtthese[7]	Einleitung[8]	_	
1-2	4-14	persönlich	_	_	_	_	_	_	_	_	_	_	_	_	_	2. Cut-off[7]	Gesamtthese[7]	Einleitung[8]	_	
1-3	15-20	finde	_	_	_	_	_	_	_	_	_	_	_	_	_	2. Cut-off[7]	Gesamtthese[7]	Einleitung[8]	_	
1-4	21-28	E-Fuels	_	_	_	_	_	_	_	_	_	_	_	_	_	2. Cut-off[7]	Gesamtthese[7]	Einleitung[8]	_	
1-5	29-33	sind	_	_	_	_	_	_	_	_	_	_	_	_	_	2. Cut-off[7]	Gesamtthese[7]	Einleitung[8]	_	
1-6	34-37	die	_	_	_	_	_	_	_	_	_	_	_	_	_	2. Cut-off[7]	Gesamtthese[7]	Einleitung[8]	_	
1-7	38-43	beste	_	_	_	_	_	_	_	_	_	_	_	_	_	2. Cut-off[7]	Gesamtthese[7]	Einleitung[8]	_	
1-8	44-55	alternative	_	_	_	_	_	_	_	_	_	_	_	_	_	2. Cut-off[7]	Gesamtthese[7]	Einleitung[8]	_	
1-9	55-56	.	_	_	_	_	_	_	_	_	_	_	_	_	_	2. Cut-off[7]	Gesamtthese[7]	Einleitung[8]	_	

2-1	58-63	Dafür	_	_	_	_	_	_	_	_	_	_	_	_	_	_	_	Einleitung[8]	_	
2-2	64-72	sprechen	_	_	_	_	_	_	_	_	_	_	_	_	_	_	_	Einleitung[8]	_	
2-3	73-78	viele	_	_	_	_	_	_	_	_	_	_	_	_	_	_	_	Einleitung[8]	_	
2-4	79-85	Punkte	_	_	_	_	_	_	_	_	_	_	_	_	_	_	_	Einleitung[8]	_	
2-5	85-86	.	_	_	_	_	_	_	_	_	_	_	_	_	_	_	_	Einleitung[8]	_	

3-1	88-91	Ein	1. Richtig[1]	1. Angemessen[1]	1. Verständlich[1]	Jahresertrag/Energiedichte Vorhanden[1]	*[1]	*[1]	*[1]	*[1]	*[1]	*[1]	*[1]	Pro B[1]	*[1]	_	_	Hauptteil[9]	5. Nicht zutreffend[10]	
3-2	92-97	Punkt	1. Richtig[1]	1. Angemessen[1]	1. Verständlich[1]	Jahresertrag/Energiedichte Vorhanden[1]	*[1]	*[1]	*[1]	*[1]	*[1]	*[1]	*[1]	Pro B[1]	*[1]	_	_	Hauptteil[9]	5. Nicht zutreffend[10]	
3-3	98-102	wäre	1. Richtig[1]	1. Angemessen[1]	1. Verständlich[1]	Jahresertrag/Energiedichte Vorhanden[1]	*[1]	*[1]	*[1]	*[1]	*[1]	*[1]	*[1]	Pro B[1]	*[1]	_	_	Hauptteil[9]	5. Nicht zutreffend[10]	
3-4	103-106	die	1. Richtig[1]	1. Angemessen[1]	1. Verständlich[1]	Jahresertrag/Energiedichte Vorhanden[1]	*[1]	*[1]	*[1]	*[1]	*[1]	*[1]	*[1]	Pro B[1]	*[1]	_	_	Hauptteil[9]	5. Nicht zutreffend[10]	
3-5	107-121	Massenbezogene	1. Richtig[1]	1. Angemessen[1]	1. Verständlich[1]	Jahresertrag/Energiedichte Vorhanden[1]	*[1]	*[1]	*[1]	*[1]	*[1]	*[1]	*[1]	Pro B[1]	*[1]	_	_	Hauptteil[9]	5. Nicht zutreffend[10]	
3-6	122-135	Energiedichte	1. Richtig[1]	1. Angemessen[1]	1. Verständlich[1]	Jahresertrag/Energiedichte Vorhanden[1]	*[1]	*[1]	*[1]	*[1]	*[1]	*[1]	*[1]	Pro B[1]	*[1]	_	_	Hauptteil[9]	5. Nicht zutreffend[10]	
3-7	135-136	.	1. Richtig[1]	1. Angemessen[1]	1. Verständlich[1]	Jahresertrag/Energiedichte Vorhanden[1]	*[1]	*[1]	*[1]	*[1]	*[1]	*[1]	*[1]	Pro B[1]	*[1]	_	_	Hauptteil[9]	5. Nicht zutreffend[10]	

4-1	138-142	Dort	1. Richtig[1]	1. Angemessen[1]	1. Verständlich[1]	Jahresertrag/Energiedichte Vorhanden[1]	*[1]	*[1]	*[1]	*[1]	*[1]	*[1]	*[1]	Pro B[1]	*[1]	_	_	Hauptteil[9]	2. Data[11]	
4-2	143-147	sind	1. Richtig[1]	1. Angemessen[1]	1. Verständlich[1]	Jahresertrag/Energiedichte Vorhanden[1]	*[1]	*[1]	*[1]	*[1]	*[1]	*[1]	*[1]	Pro B[1]	*[1]	_	_	Hauptteil[9]	2. Data[11]	
4-3	148-155	E-Fuels	1. Richtig[1]	1. Angemessen[1]	1. Verständlich[1]	Jahresertrag/Energiedichte Vorhanden[1]	*[1]	*[1]	*[1]	*[1]	*[1]	*[1]	*[1]	Pro B[1]	*[1]	_	_	Hauptteil[9]	2. Data[11]	
4-4	156-159	die	1. Richtig[1]	1. Angemessen[1]	1. Verständlich[1]	Jahresertrag/Energiedichte Vorhanden[1]	*[1]	*[1]	*[1]	*[1]	*[1]	*[1]	*[1]	Pro B[1]	*[1]	_	_	Hauptteil[9]	2. Data[11]	
4-5	160-170	zweitbeste	1. Richtig[1]	1. Angemessen[1]	1. Verständlich[1]	Jahresertrag/Energiedichte Vorhanden[1]	*[1]	*[1]	*[1]	*[1]	*[1]	*[1]	*[1]	Pro B[1]	*[1]	_	_	Hauptteil[9]	2. Data[11]	
4-6	171-182	Möglichkeit	1. Richtig[1]	1. Angemessen[1]	1. Verständlich[1]	Jahresertrag/Energiedichte Vorhanden[1]	*[1]	*[1]	*[1]	*[1]	*[1]	*[1]	*[1]	Pro B[1]	*[1]	_	_	Hauptteil[9]	2. Data[11]	
4-7	183-186	mit	1. Richtig[1]	1. Angemessen[1]	1. Verständlich[1]	Jahresertrag/Energiedichte Vorhanden[1]	*[1]	*[1]	*[1]	*[1]	*[1]	*[1]	*[1]	Pro B[1]	*[1]	_	_	Hauptteil[9]	2. Data[11]	
4-8	187-189	ca	1. Richtig[1]	1. Angemessen[1]	1. Verständlich[1]	Jahresertrag/Energiedichte Vorhanden[1]	*[1]	*[1]	*[1]	*[1]	*[1]	*[1]	*[1]	Pro B[1]	*[1]	_	_	Hauptteil[9]	2. Data[11]	
4-9	189-190	.	1. Richtig[1]	1. Angemessen[1]	1. Verständlich[1]	Jahresertrag/Energiedichte Vorhanden[1]	*[1]	*[1]	*[1]	*[1]	*[1]	*[1]	*[1]	Pro B[1]	*[1]	_	_	Hauptteil[9]	2. Data[11]	
4-10	192-196	46,4	1. Richtig[1]	1. Angemessen[1]	1. Verständlich[1]	Jahresertrag/Energiedichte Vorhanden[1]	*[1]	*[1]	*[1]	*[1]	*[1]	*[1]	*[1]	Pro B[1]	*[1]	_	_	Hauptteil[9]	2. Data[11]	
4-11	197-199	MJ	1. Richtig[1]	1. Angemessen[1]	1. Verständlich[1]	Jahresertrag/Energiedichte Vorhanden[1]	*[1]	*[1]	*[1]	*[1]	*[1]	*[1]	*[1]	Pro B[1]	*[1]	_	_	Hauptteil[9]	2. Data[11]	
4-12	199-200	/	1. Richtig[1]	1. Angemessen[1]	1. Verständlich[1]	Jahresertrag/Energiedichte Vorhanden[1]	*[1]	*[1]	*[1]	*[1]	*[1]	*[1]	*[1]	Pro B[1]	*[1]	_	_	Hauptteil[9]	2. Data[11]	
4-13	200-202	kg	1. Richtig[1]	1. Angemessen[1]	1. Verständlich[1]	Jahresertrag/Energiedichte Vorhanden[1]	*[1]	*[1]	*[1]	*[1]	*[1]	*[1]	*[1]	Pro B[1]	*[1]	_	_	Hauptteil[9]	2. Data[11]	
4-14	202-203	.	1. Richtig[1]	1. Angemessen[1]	1. Verständlich[1]	Jahresertrag/Energiedichte Vorhanden[1]	*[1]	*[1]	*[1]	*[1]	*[1]	*[1]	*[1]	Pro B[1]	*[1]	_	_	Hauptteil[9]	2. Data[11]	

5-1	205-215	Allerdings	1. Richtig[2]	1. Angemessen[2]	1. Verständlich[2]	*[2]	*[2]	*[2]	*[2]	*[2]	*[2]	Wirkungsgrad vorhanden[2]	*[2]	Contra B[2]	Pro C[2]	_	_	Hauptteil[9]	1. Claim[12]	
5-2	216-220	sind	1. Richtig[2]	1. Angemessen[2]	1. Verständlich[2]	*[2]	*[2]	*[2]	*[2]	*[2]	*[2]	Wirkungsgrad vorhanden[2]	*[2]	Contra B[2]	Pro C[2]	_	_	Hauptteil[9]	1. Claim[12]	
5-3	221-228	E-Fuels	1. Richtig[2]	1. Angemessen[2]	1. Verständlich[2]	*[2]	*[2]	*[2]	*[2]	*[2]	*[2]	Wirkungsgrad vorhanden[2]	*[2]	Contra B[2]	Pro C[2]	_	_	Hauptteil[9]	1. Claim[12]	
5-4	229-234	keine	1. Richtig[2]	1. Angemessen[2]	1. Verständlich[2]	*[2]	*[2]	*[2]	*[2]	*[2]	*[2]	Wirkungsgrad vorhanden[2]	*[2]	Contra B[2]	Pro C[2]	_	_	Hauptteil[9]	1. Claim[12]	
5-5	235-243	Wirksame	1. Richtig[2]	1. Angemessen[2]	1. Verständlich[2]	*[2]	*[2]	*[2]	*[2]	*[2]	*[2]	Wirkungsgrad vorhanden[2]	*[2]	Contra B[2]	Pro C[2]	_	_	Hauptteil[9]	1. Claim[12]	
5-6	244-255	Alternative	1. Richtig[2]	1. Angemessen[2]	1. Verständlich[2]	*[2]	*[2]	*[2]	*[2]	*[2]	*[2]	Wirkungsgrad vorhanden[2]	*[2]	Contra B[2]	Pro C[2]	_	_	Hauptteil[9]	1. Claim[12]	
5-7	255-256	.	1. Richtig[2]	1. Angemessen[2]	1. Verständlich[2]	*[2]	*[2]	*[2]	*[2]	*[2]	*[2]	Wirkungsgrad vorhanden[2]	*[2]	Contra B[2]	Pro C[2]	_	_	Hauptteil[9]	1. Claim[12]	

6-1	258-260	Da	1. Richtig[2]	1. Angemessen[2]	1. Verständlich[2]	*[2]	*[2]	*[2]	*[2]	*[2]	*[2]	Wirkungsgrad vorhanden[2]	*[2]	Contra B[2]	Pro C[2]	_	_	Hauptteil[9]	2. Data[13]	
6-2	261-266	diese	1. Richtig[2]	1. Angemessen[2]	1. Verständlich[2]	*[2]	*[2]	*[2]	*[2]	*[2]	*[2]	Wirkungsgrad vorhanden[2]	*[2]	Contra B[2]	Pro C[2]	_	_	Hauptteil[9]	2. Data[13]	
6-3	267-270	nur	1. Richtig[2]	1. Angemessen[2]	1. Verständlich[2]	*[2]	*[2]	*[2]	*[2]	*[2]	*[2]	Wirkungsgrad vorhanden[2]	*[2]	Contra B[2]	Pro C[2]	_	_	Hauptteil[9]	2. Data[13]	
6-4	271-276	einen	1. Richtig[2]	1. Angemessen[2]	1. Verständlich[2]	*[2]	*[2]	*[2]	*[2]	*[2]	*[2]	Wirkungsgrad vorhanden[2]	*[2]	Contra B[2]	Pro C[2]	_	_	Hauptteil[9]	2. Data[13]	
6-5	277-295	Gesamtwirkungsgrad	1. Richtig[2]	1. Angemessen[2]	1. Verständlich[2]	*[2]	*[2]	*[2]	*[2]	*[2]	*[2]	Wirkungsgrad vorhanden[2]	*[2]	Contra B[2]	Pro C[2]	_	_	Hauptteil[9]	2. Data[13]	
6-6	296-299	von	1. Richtig[2]	1. Angemessen[2]	1. Verständlich[2]	*[2]	*[2]	*[2]	*[2]	*[2]	*[2]	Wirkungsgrad vorhanden[2]	*[2]	Contra B[2]	Pro C[2]	_	_	Hauptteil[9]	2. Data[13]	
6-7	300-302	15	1. Richtig[2]	1. Angemessen[2]	1. Verständlich[2]	*[2]	*[2]	*[2]	*[2]	*[2]	*[2]	Wirkungsgrad vorhanden[2]	*[2]	Contra B[2]	Pro C[2]	_	_	Hauptteil[9]	2. Data[13]	
6-8	302-303	-	1. Richtig[2]	1. Angemessen[2]	1. Verständlich[2]	*[2]	*[2]	*[2]	*[2]	*[2]	*[2]	Wirkungsgrad vorhanden[2]	*[2]	Contra B[2]	Pro C[2]	_	_	Hauptteil[9]	2. Data[13]	
6-9	303-306	20%	1. Richtig[2]	1. Angemessen[2]	1. Verständlich[2]	*[2]	*[2]	*[2]	*[2]	*[2]	*[2]	Wirkungsgrad vorhanden[2]	*[2]	Contra B[2]	Pro C[2]	_	_	Hauptteil[9]	2. Data[13]	
6-10	307-312	haben	1. Richtig[2]	1. Angemessen[2]	1. Verständlich[2]	*[2]	*[2]	*[2]	*[2]	*[2]	*[2]	Wirkungsgrad vorhanden[2]	*[2]	Contra B[2]	Pro C[2]	_	_	Hauptteil[9]	2. Data[13]	
6-11	312-313	,	1. Richtig[2]	1. Angemessen[2]	1. Verständlich[2]	*[2]	*[2]	*[2]	*[2]	*[2]	*[2]	Wirkungsgrad vorhanden[2]	*[2]	Contra B[2]	Pro C[2]	_	_	Hauptteil[9]	2. Data[13]	
6-12	314-321	während	1. Richtig[2]	1. Angemessen[2]	1. Verständlich[2]	*[2]	*[2]	*[2]	*[2]	*[2]	*[2]	Wirkungsgrad vorhanden[2]	*[2]	Contra B[2]	Pro C[2]	_	_	Hauptteil[9]	2. Data[13]	
6-13	322-335	Akkumulatoren	1. Richtig[2]	1. Angemessen[2]	1. Verständlich[2]	*[2]	*[2]	*[2]	*[2]	*[2]	*[2]	Wirkungsgrad vorhanden[2]	*[2]	Contra B[2]	Pro C[2]	_	_	Hauptteil[9]	2. Data[13]	
6-14	336-341	einen	1. Richtig[2]	1. Angemessen[2]	1. Verständlich[2]	*[2]	*[2]	*[2]	*[2]	*[2]	*[2]	Wirkungsgrad vorhanden[2]	*[2]	Contra B[2]	Pro C[2]	_	_	Hauptteil[9]	2. Data[13]	
6-15	342-360	Gesamtwirkungsgrad	1. Richtig[2]	1. Angemessen[2]	1. Verständlich[2]	*[2]	*[2]	*[2]	*[2]	*[2]	*[2]	Wirkungsgrad vorhanden[2]	*[2]	Contra B[2]	Pro C[2]	_	_	Hauptteil[9]	2. Data[13]	
6-16	361-364	von	1. Richtig[2]	1. Angemessen[2]	1. Verständlich[2]	*[2]	*[2]	*[2]	*[2]	*[2]	*[2]	Wirkungsgrad vorhanden[2]	*[2]	Contra B[2]	Pro C[2]	_	_	Hauptteil[9]	2. Data[13]	
6-17	365-368	70%	1. Richtig[2]	1. Angemessen[2]	1. Verständlich[2]	*[2]	*[2]	*[2]	*[2]	*[2]	*[2]	Wirkungsgrad vorhanden[2]	*[2]	Contra B[2]	Pro C[2]	_	_	Hauptteil[9]	2. Data[13]	
6-18	369-374	haben	1. Richtig[2]	1. Angemessen[2]	1. Verständlich[2]	*[2]	*[2]	*[2]	*[2]	*[2]	*[2]	Wirkungsgrad vorhanden[2]	*[2]	Contra B[2]	Pro C[2]	_	_	Hauptteil[9]	2. Data[13]	
6-19	374-375	.	1. Richtig[2]	1. Angemessen[2]	1. Verständlich[2]	*[2]	*[2]	*[2]	*[2]	*[2]	*[2]	Wirkungsgrad vorhanden[2]	*[2]	Contra B[2]	Pro C[2]	_	_	Hauptteil[9]	2. Data[13]	

7-1	377-381	Aber	1. Richtig[3]	1. Angemessen[3]	1. Verständlich[3]	*[3]	*[3]	*[3]	*[3]	*[3]	Treibhausgasemissionen vorhanden[3]	*[3]	Contra A[3]	Pro B[3]	Contra C[3]	_	_	Hauptteil[9]	1. Claim[14]	
7-2	382-385	ein	1. Richtig[3]	1. Angemessen[3]	1. Verständlich[3]	*[3]	*[3]	*[3]	*[3]	*[3]	Treibhausgasemissionen vorhanden[3]	*[3]	Contra A[3]	Pro B[3]	Contra C[3]	_	_	Hauptteil[9]	1. Claim[14]	
7-3	386-395	positiver	1. Richtig[3]	1. Angemessen[3]	1. Verständlich[3]	*[3]	*[3]	*[3]	*[3]	*[3]	Treibhausgasemissionen vorhanden[3]	*[3]	Contra A[3]	Pro B[3]	Contra C[3]	_	_	Hauptteil[9]	1. Claim[14]	
7-4	396-401	Punkt	1. Richtig[3]	1. Angemessen[3]	1. Verständlich[3]	*[3]	*[3]	*[3]	*[3]	*[3]	Treibhausgasemissionen vorhanden[3]	*[3]	Contra A[3]	Pro B[3]	Contra C[3]	_	_	Hauptteil[9]	1. Claim[14]	
7-5	402-406	sind	1. Richtig[3]	1. Angemessen[3]	1. Verständlich[3]	*[3]	*[3]	*[3]	*[3]	*[3]	Treibhausgasemissionen vorhanden[3]	*[3]	Contra A[3]	Pro B[3]	Contra C[3]	_	_	Hauptteil[9]	1. Claim[14]	
7-6	407-410	die	1. Richtig[3]	1. Angemessen[3]	1. Verständlich[3]	*[3]	*[3]	*[3]	*[3]	*[3]	Treibhausgasemissionen vorhanden[3]	*[3]	Contra A[3]	Pro B[3]	Contra C[3]	_	_	Hauptteil[9]	1. Claim[14]	
7-7	411-433	Treibhausgasemmisionen	1. Richtig[3]	1. Angemessen[3]	1. Verständlich[3]	*[3]	*[3]	*[3]	*[3]	*[3]	Treibhausgasemissionen vorhanden[3]	*[3]	Contra A[3]	Pro B[3]	Contra C[3]	_	_	Hauptteil[9]	1. Claim[14]	
7-8	434-437	bei	1. Richtig[3]	1. Angemessen[3]	1. Verständlich[3]	*[3]	*[3]	*[3]	*[3]	*[3]	Treibhausgasemissionen vorhanden[3]	*[3]	Contra A[3]	Pro B[3]	Contra C[3]	_	_	Hauptteil[9]	1. Claim[14]	
7-9	438-441	der	1. Richtig[3]	1. Angemessen[3]	1. Verständlich[3]	*[3]	*[3]	*[3]	*[3]	*[3]	Treibhausgasemissionen vorhanden[3]	*[3]	Contra A[3]	Pro B[3]	Contra C[3]	_	_	Hauptteil[9]	1. Claim[14]	
7-10	442-452	Produktion	1. Richtig[3]	1. Angemessen[3]	1. Verständlich[3]	*[3]	*[3]	*[3]	*[3]	*[3]	Treibhausgasemissionen vorhanden[3]	*[3]	Contra A[3]	Pro B[3]	Contra C[3]	_	_	Hauptteil[9]	1. Claim[14]	
7-11	452-453	.	1. Richtig[3]	1. Angemessen[3]	1. Verständlich[3]	*[3]	*[3]	*[3]	*[3]	*[3]	Treibhausgasemissionen vorhanden[3]	*[3]	Contra A[3]	Pro B[3]	Contra C[3]	_	_	Hauptteil[9]	1. Claim[14]	

8-1	455-462	E-Fuels	1. Richtig[3]	1. Angemessen[3]	1. Verständlich[3]	*[3]	*[3]	*[3]	*[3]	*[3]	Treibhausgasemissionen vorhanden[3]	*[3]	Contra A[3]	Pro B[3]	Contra C[3]	_	_	Hauptteil[9]	2. Data[15]	
8-2	463-468	haben	1. Richtig[3]	1. Angemessen[3]	1. Verständlich[3]	*[3]	*[3]	*[3]	*[3]	*[3]	Treibhausgasemissionen vorhanden[3]	*[3]	Contra A[3]	Pro B[3]	Contra C[3]	_	_	Hauptteil[9]	2. Data[15]	
8-3	469-476	doppelt	1. Richtig[3]	1. Angemessen[3]	1. Verständlich[3]	*[3]	*[3]	*[3]	*[3]	*[3]	Treibhausgasemissionen vorhanden[3]	*[3]	Contra A[3]	Pro B[3]	Contra C[3]	_	_	Hauptteil[9]	2. Data[15]	
8-4	477-479	so	1. Richtig[3]	1. Angemessen[3]	1. Verständlich[3]	*[3]	*[3]	*[3]	*[3]	*[3]	Treibhausgasemissionen vorhanden[3]	*[3]	Contra A[3]	Pro B[3]	Contra C[3]	_	_	Hauptteil[9]	2. Data[15]	
8-5	480-485	wenig	1. Richtig[3]	1. Angemessen[3]	1. Verständlich[3]	*[3]	*[3]	*[3]	*[3]	*[3]	Treibhausgasemissionen vorhanden[3]	*[3]	Contra A[3]	Pro B[3]	Contra C[3]	_	_	Hauptteil[9]	2. Data[15]	
8-6	486-496	Emissionen	1. Richtig[3]	1. Angemessen[3]	1. Verständlich[3]	*[3]	*[3]	*[3]	*[3]	*[3]	Treibhausgasemissionen vorhanden[3]	*[3]	Contra A[3]	Pro B[3]	Contra C[3]	_	_	Hauptteil[9]	2. Data[15]	
8-7	497-500	wie	1. Richtig[3]	1. Angemessen[3]	1. Verständlich[3]	*[3]	*[3]	*[3]	*[3]	*[3]	Treibhausgasemissionen vorhanden[3]	*[3]	Contra A[3]	Pro B[3]	Contra C[3]	_	_	Hauptteil[9]	2. Data[15]	
8-8	501-514	Akkumulatoren	1. Richtig[3]	1. Angemessen[3]	1. Verständlich[3]	*[3]	*[3]	*[3]	*[3]	*[3]	Treibhausgasemissionen vorhanden[3]	*[3]	Contra A[3]	Pro B[3]	Contra C[3]	_	_	Hauptteil[9]	2. Data[15]	
8-9	515-519	oder	1. Richtig[3]	1. Angemessen[3]	1. Verständlich[3]	*[3]	*[3]	*[3]	*[3]	*[3]	Treibhausgasemissionen vorhanden[3]	*[3]	Contra A[3]	Pro B[3]	Contra C[3]	_	_	Hauptteil[9]	2. Data[15]	
8-10	520-531	Wasserstoff	1. Richtig[3]	1. Angemessen[3]	1. Verständlich[3]	*[3]	*[3]	*[3]	*[3]	*[3]	Treibhausgasemissionen vorhanden[3]	*[3]	Contra A[3]	Pro B[3]	Contra C[3]	_	_	Hauptteil[9]	2. Data[15]	
8-11	531-532	.	1. Richtig[3]	1. Angemessen[3]	1. Verständlich[3]	*[3]	*[3]	*[3]	*[3]	*[3]	Treibhausgasemissionen vorhanden[3]	*[3]	Contra A[3]	Pro B[3]	Contra C[3]	_	_	Hauptteil[9]	2. Data[15]	

9-1	534-542	Außerdem	1. Richtig[4]	1. Angemessen[4]	1. Verständlich[4]	*[4]	Lebensdauer/Verfügbarkeit vorhanden[4]	*[4]	*[4]	*[4]	*[4]	*[4]	Contra A[4]	Pro B[4]	*[4]	_	_	Hauptteil[9]	2. Data[16]	
9-2	543-547	Sind	1. Richtig[4]	1. Angemessen[4]	1. Verständlich[4]	*[4]	Lebensdauer/Verfügbarkeit vorhanden[4]	*[4]	*[4]	*[4]	*[4]	*[4]	Contra A[4]	Pro B[4]	*[4]	_	_	Hauptteil[9]	2. Data[16]	
9-3	548-555	E-Fuels	1. Richtig[4]	1. Angemessen[4]	1. Verständlich[4]	*[4]	Lebensdauer/Verfügbarkeit vorhanden[4]	*[4]	*[4]	*[4]	*[4]	*[4]	Contra A[4]	Pro B[4]	*[4]	_	_	Hauptteil[9]	2. Data[16]	
9-4	556-560	auch	1. Richtig[4]	1. Angemessen[4]	1. Verständlich[4]	*[4]	Lebensdauer/Verfügbarkeit vorhanden[4]	*[4]	*[4]	*[4]	*[4]	*[4]	Contra A[4]	Pro B[4]	*[4]	_	_	Hauptteil[9]	2. Data[16]	
9-5	561-563	an	1. Richtig[4]	1. Angemessen[4]	1. Verständlich[4]	*[4]	Lebensdauer/Verfügbarkeit vorhanden[4]	*[4]	*[4]	*[4]	*[4]	*[4]	Contra A[4]	Pro B[4]	*[4]	_	_	Hauptteil[9]	2. Data[16]	
9-6	564-568	eine	1. Richtig[4]	1. Angemessen[4]	1. Verständlich[4]	*[4]	Lebensdauer/Verfügbarkeit vorhanden[4]	*[4]	*[4]	*[4]	*[4]	*[4]	Contra A[4]	Pro B[4]	*[4]	_	_	Hauptteil[9]	2. Data[16]	
9-7	569-584	Massenfertigung	1. Richtig[4]	1. Angemessen[4]	1. Verständlich[4]	*[4]	Lebensdauer/Verfügbarkeit vorhanden[4]	*[4]	*[4]	*[4]	*[4]	*[4]	Contra A[4]	Pro B[4]	*[4]	_	_	Hauptteil[9]	2. Data[16]	
9-8	585-593	gebunden	1. Richtig[4]	1. Angemessen[4]	1. Verständlich[4]	*[4]	Lebensdauer/Verfügbarkeit vorhanden[4]	*[4]	*[4]	*[4]	*[4]	*[4]	Contra A[4]	Pro B[4]	*[4]	_	_	Hauptteil[9]	2. Data[16]	
9-9	593-594	,	1. Richtig[4]	1. Angemessen[4]	1. Verständlich[4]	*[4]	Lebensdauer/Verfügbarkeit vorhanden[4]	*[4]	*[4]	*[4]	*[4]	*[4]	Contra A[4]	Pro B[4]	*[4]	_	_	Hauptteil[9]	2. Data[16]	
9-10	595-598	was	1. Richtig[4]	1. Angemessen[4]	1. Verständlich[4]	*[4]	Lebensdauer/Verfügbarkeit vorhanden[4]	*[4]	*[4]	*[4]	*[4]	*[4]	Contra A[4]	Pro B[4]	*[4]	_	_	Hauptteil[9]	3. Warrant[17]	
9-11	599-602	die	1. Richtig[4]	1. Angemessen[4]	1. Verständlich[4]	*[4]	Lebensdauer/Verfügbarkeit vorhanden[4]	*[4]	*[4]	*[4]	*[4]	*[4]	Contra A[4]	Pro B[4]	*[4]	_	_	Hauptteil[9]	3. Warrant[17]	
9-12	603-613	Versorgung	1. Richtig[4]	1. Angemessen[4]	1. Verständlich[4]	*[4]	Lebensdauer/Verfügbarkeit vorhanden[4]	*[4]	*[4]	*[4]	*[4]	*[4]	Contra A[4]	Pro B[4]	*[4]	_	_	Hauptteil[9]	3. Warrant[17]	
9-13	614-622	leichter	1. Richtig[4]	1. Angemessen[4]	1. Verständlich[4]	*[4]	Lebensdauer/Verfügbarkeit vorhanden[4]	*[4]	*[4]	*[4]	*[4]	*[4]	Contra A[4]	Pro B[4]	*[4]	_	_	Hauptteil[9]	3. Warrant[17]	
9-14	623-628	macht	1. Richtig[4]	1. Angemessen[4]	1. Verständlich[4]	*[4]	Lebensdauer/Verfügbarkeit vorhanden[4]	*[4]	*[4]	*[4]	*[4]	*[4]	Contra A[4]	Pro B[4]	*[4]	_	_	Hauptteil[9]	3. Warrant[17]	
9-15	629-632	als	1. Richtig[4]	1. Angemessen[4]	1. Verständlich[4]	*[4]	Lebensdauer/Verfügbarkeit vorhanden[4]	*[4]	*[4]	*[4]	*[4]	*[4]	Contra A[4]	Pro B[4]	*[4]	_	_	Hauptteil[9]	3. Warrant[17]	
9-16	633-636	bei	1. Richtig[4]	1. Angemessen[4]	1. Verständlich[4]	*[4]	Lebensdauer/Verfügbarkeit vorhanden[4]	*[4]	*[4]	*[4]	*[4]	*[4]	Contra A[4]	Pro B[4]	*[4]	_	_	Hauptteil[9]	3. Warrant[17]	
9-17	637-648	Wasserstoff	1. Richtig[4]	1. Angemessen[4]	1. Verständlich[4]	*[4]	Lebensdauer/Verfügbarkeit vorhanden[4]	*[4]	*[4]	*[4]	*[4]	*[4]	Contra A[4]	Pro B[4]	*[4]	_	_	Hauptteil[9]	3. Warrant[17]	
9-18	648-649	.	1. Richtig[4]	1. Angemessen[4]	1. Verständlich[4]	*[4]	Lebensdauer/Verfügbarkeit vorhanden[4]	*[4]	*[4]	*[4]	*[4]	*[4]	Contra A[4]	Pro B[4]	*[4]	_	_	Hauptteil[9]	3. Warrant[17]	

10-1	651-654	Was	1. Richtig[5]	1. Angemessen[5]	1. Verständlich[5]	*[5]	*[5]	*[5]	Preis/Betrieb vorhanden[5]	*[5]	*[5]	*[5]	Pro A[5]	Pro B[5]	Contra C[5]	_	_	Hauptteil[9]	2. Data[18]	
10-2	655-658	den	1. Richtig[5]	1. Angemessen[5]	1. Verständlich[5]	*[5]	*[5]	*[5]	Preis/Betrieb vorhanden[5]	*[5]	*[5]	*[5]	Pro A[5]	Pro B[5]	Contra C[5]	_	_	Hauptteil[9]	2. Data[18]	
10-3	659-666	Betrieb	1. Richtig[5]	1. Angemessen[5]	1. Verständlich[5]	*[5]	*[5]	*[5]	Preis/Betrieb vorhanden[5]	*[5]	*[5]	*[5]	Pro A[5]	Pro B[5]	Contra C[5]	_	_	Hauptteil[9]	2. Data[18]	
10-4	667-673	angeht	1. Richtig[5]	1. Angemessen[5]	1. Verständlich[5]	*[5]	*[5]	*[5]	Preis/Betrieb vorhanden[5]	*[5]	*[5]	*[5]	Pro A[5]	Pro B[5]	Contra C[5]	_	_	Hauptteil[9]	2. Data[18]	
10-5	673-674	,	1. Richtig[5]	1. Angemessen[5]	1. Verständlich[5]	*[5]	*[5]	*[5]	Preis/Betrieb vorhanden[5]	*[5]	*[5]	*[5]	Pro A[5]	Pro B[5]	Contra C[5]	_	_	Hauptteil[9]	2. Data[18]	
10-6	675-679	sind	1. Richtig[5]	1. Angemessen[5]	1. Verständlich[5]	*[5]	*[5]	*[5]	Preis/Betrieb vorhanden[5]	*[5]	*[5]	*[5]	Pro A[5]	Pro B[5]	Contra C[5]	_	_	Hauptteil[9]	2. Data[18]	
10-7	680-687	E-Fuels	1. Richtig[5]	1. Angemessen[5]	1. Verständlich[5]	*[5]	*[5]	*[5]	Preis/Betrieb vorhanden[5]	*[5]	*[5]	*[5]	Pro A[5]	Pro B[5]	Contra C[5]	_	_	Hauptteil[9]	2. Data[18]	
10-8	688-695	genauso	1. Richtig[5]	1. Angemessen[5]	1. Verständlich[5]	*[5]	*[5]	*[5]	Preis/Betrieb vorhanden[5]	*[5]	*[5]	*[5]	Pro A[5]	Pro B[5]	Contra C[5]	_	_	Hauptteil[9]	2. Data[18]	
10-9	696-704	Effektiv	1. Richtig[5]	1. Angemessen[5]	1. Verständlich[5]	*[5]	*[5]	*[5]	Preis/Betrieb vorhanden[5]	*[5]	*[5]	*[5]	Pro A[5]	Pro B[5]	Contra C[5]	_	_	Hauptteil[9]	2. Data[18]	
10-10	705-708	wie	1. Richtig[5]	1. Angemessen[5]	1. Verständlich[5]	*[5]	*[5]	*[5]	Preis/Betrieb vorhanden[5]	*[5]	*[5]	*[5]	Pro A[5]	Pro B[5]	Contra C[5]	_	_	Hauptteil[9]	2. Data[18]	
10-11	709-720	Wasserstoff	1. Richtig[5]	1. Angemessen[5]	1. Verständlich[5]	*[5]	*[5]	*[5]	Preis/Betrieb vorhanden[5]	*[5]	*[5]	*[5]	Pro A[5]	Pro B[5]	Contra C[5]	_	_	Hauptteil[9]	2. Data[18]	
10-12	720-721	.	1. Richtig[5]	1. Angemessen[5]	1. Verständlich[5]	*[5]	*[5]	*[5]	Preis/Betrieb vorhanden[5]	*[5]	*[5]	*[5]	Pro A[5]	Pro B[5]	Contra C[5]	_	_	Hauptteil[9]	2. Data[18]	

11-1	723-730	E-Fuels	1. Richtig[5]	1. Angemessen[5]	1. Verständlich[5]	*[5]	*[5]	*[5]	Preis/Betrieb vorhanden[5]	*[5]	*[5]	*[5]	Pro A[5]	Pro B[5]	Contra C[5]	_	_	Hauptteil[9]	2. Data[19]	
11-2	731-736	haben	1. Richtig[5]	1. Angemessen[5]	1. Verständlich[5]	*[5]	*[5]	*[5]	Preis/Betrieb vorhanden[5]	*[5]	*[5]	*[5]	Pro A[5]	Pro B[5]	Contra C[5]	_	_	Hauptteil[9]	2. Data[19]	
11-3	737-740	nur	1. Richtig[5]	1. Angemessen[5]	1. Verständlich[5]	*[5]	*[5]	*[5]	Preis/Betrieb vorhanden[5]	*[5]	*[5]	*[5]	Pro A[5]	Pro B[5]	Contra C[5]	_	_	Hauptteil[9]	2. Data[19]	
11-4	741-745	eine	1. Richtig[5]	1. Angemessen[5]	1. Verständlich[5]	*[5]	*[5]	*[5]	Preis/Betrieb vorhanden[5]	*[5]	*[5]	*[5]	Pro A[5]	Pro B[5]	Contra C[5]	_	_	Hauptteil[9]	2. Data[19]	
11-5	746-755	Tankdauer	1. Richtig[5]	1. Angemessen[5]	1. Verständlich[5]	*[5]	*[5]	*[5]	Preis/Betrieb vorhanden[5]	*[5]	*[5]	*[5]	Pro A[5]	Pro B[5]	Contra C[5]	_	_	Hauptteil[9]	2. Data[19]	
11-6	756-759	von	1. Richtig[5]	1. Angemessen[5]	1. Verständlich[5]	*[5]	*[5]	*[5]	Preis/Betrieb vorhanden[5]	*[5]	*[5]	*[5]	Pro A[5]	Pro B[5]	Contra C[5]	_	_	Hauptteil[9]	2. Data[19]	
11-7	760-764	3min	1. Richtig[5]	1. Angemessen[5]	1. Verständlich[5]	*[5]	*[5]	*[5]	Preis/Betrieb vorhanden[5]	*[5]	*[5]	*[5]	Pro A[5]	Pro B[5]	Contra C[5]	_	_	Hauptteil[9]	2. Data[19]	
11-8	765-768	und	1. Richtig[5]	1. Angemessen[5]	1. Verständlich[5]	*[5]	*[5]	*[5]	Preis/Betrieb vorhanden[5]	*[5]	*[5]	*[5]	Pro A[5]	Pro B[5]	Contra C[5]	_	_	Hauptteil[9]	2. Data[19]	
11-9	769-773	eine	1. Richtig[5]	1. Angemessen[5]	1. Verständlich[5]	*[5]	*[5]	*[5]	Preis/Betrieb vorhanden[5]	*[5]	*[5]	*[5]	Pro A[5]	Pro B[5]	Contra C[5]	_	_	Hauptteil[9]	2. Data[19]	
11-10	774-784	Reichweite	1. Richtig[5]	1. Angemessen[5]	1. Verständlich[5]	*[5]	*[5]	*[5]	Preis/Betrieb vorhanden[5]	*[5]	*[5]	*[5]	Pro A[5]	Pro B[5]	Contra C[5]	_	_	Hauptteil[9]	2. Data[19]	
11-11	785-788	von	1. Richtig[5]	1. Angemessen[5]	1. Verständlich[5]	*[5]	*[5]	*[5]	Preis/Betrieb vorhanden[5]	*[5]	*[5]	*[5]	Pro A[5]	Pro B[5]	Contra C[5]	_	_	Hauptteil[9]	2. Data[19]	
11-12	789-794	700km	1. Richtig[5]	1. Angemessen[5]	1. Verständlich[5]	*[5]	*[5]	*[5]	Preis/Betrieb vorhanden[5]	*[5]	*[5]	*[5]	Pro A[5]	Pro B[5]	Contra C[5]	_	_	Hauptteil[9]	2. Data[19]	
11-13	794-795	,	1. Richtig[5]	1. Angemessen[5]	1. Verständlich[5]	*[5]	*[5]	*[5]	Preis/Betrieb vorhanden[5]	*[5]	*[5]	*[5]	Pro A[5]	Pro B[5]	Contra C[5]	_	_	Hauptteil[9]	2. Data[19]	
11-14	796-803	während	1. Richtig[5]	1. Angemessen[5]	1. Verständlich[5]	*[5]	*[5]	*[5]	Preis/Betrieb vorhanden[5]	*[5]	*[5]	*[5]	Pro A[5]	Pro B[5]	Contra C[5]	_	_	Hauptteil[9]	2. Data[19]	
11-15	804-817	Akkumulatoren	1. Richtig[5]	1. Angemessen[5]	1. Verständlich[5]	*[5]	*[5]	*[5]	Preis/Betrieb vorhanden[5]	*[5]	*[5]	*[5]	Pro A[5]	Pro B[5]	Contra C[5]	_	_	Hauptteil[9]	2. Data[19]	
11-16	818-822	eine	1. Richtig[5]	1. Angemessen[5]	1. Verständlich[5]	*[5]	*[5]	*[5]	Preis/Betrieb vorhanden[5]	*[5]	*[5]	*[5]	Pro A[5]	Pro B[5]	Contra C[5]	_	_	Hauptteil[9]	2. Data[19]	
11-17	823-832	Tankdauer	1. Richtig[5]	1. Angemessen[5]	1. Verständlich[5]	*[5]	*[5]	*[5]	Preis/Betrieb vorhanden[5]	*[5]	*[5]	*[5]	Pro A[5]	Pro B[5]	Contra C[5]	_	_	Hauptteil[9]	2. Data[19]	
11-18	833-836	von	1. Richtig[5]	1. Angemessen[5]	1. Verständlich[5]	*[5]	*[5]	*[5]	Preis/Betrieb vorhanden[5]	*[5]	*[5]	*[5]	Pro A[5]	Pro B[5]	Contra C[5]	_	_	Hauptteil[9]	2. Data[19]	
11-19	837-842	30min	1. Richtig[5]	1. Angemessen[5]	1. Verständlich[5]	*[5]	*[5]	*[5]	Preis/Betrieb vorhanden[5]	*[5]	*[5]	*[5]	Pro A[5]	Pro B[5]	Contra C[5]	_	_	Hauptteil[9]	2. Data[19]	
11-20	843-846	und	1. Richtig[5]	1. Angemessen[5]	1. Verständlich[5]	*[5]	*[5]	*[5]	Preis/Betrieb vorhanden[5]	*[5]	*[5]	*[5]	Pro A[5]	Pro B[5]	Contra C[5]	_	_	Hauptteil[9]	2. Data[19]	
11-21	847-851	eine	1. Richtig[5]	1. Angemessen[5]	1. Verständlich[5]	*[5]	*[5]	*[5]	Preis/Betrieb vorhanden[5]	*[5]	*[5]	*[5]	Pro A[5]	Pro B[5]	Contra C[5]	_	_	Hauptteil[9]	2. Data[19]	
11-22	852-862	Reichweite	1. Richtig[5]	1. Angemessen[5]	1. Verständlich[5]	*[5]	*[5]	*[5]	Preis/Betrieb vorhanden[5]	*[5]	*[5]	*[5]	Pro A[5]	Pro B[5]	Contra C[5]	_	_	Hauptteil[9]	2. Data[19]	
11-23	863-866	von	1. Richtig[5]	1. Angemessen[5]	1. Verständlich[5]	*[5]	*[5]	*[5]	Preis/Betrieb vorhanden[5]	*[5]	*[5]	*[5]	Pro A[5]	Pro B[5]	Contra C[5]	_	_	Hauptteil[9]	2. Data[19]	
11-24	867-872	300km	1. Richtig[5]	1. Angemessen[5]	1. Verständlich[5]	*[5]	*[5]	*[5]	Preis/Betrieb vorhanden[5]	*[5]	*[5]	*[5]	Pro A[5]	Pro B[5]	Contra C[5]	_	_	Hauptteil[9]	2. Data[19]	
11-25	873-878	haben	1. Richtig[5]	1. Angemessen[5]	1. Verständlich[5]	*[5]	*[5]	*[5]	Preis/Betrieb vorhanden[5]	*[5]	*[5]	*[5]	Pro A[5]	Pro B[5]	Contra C[5]	_	_	Hauptteil[9]	2. Data[19]	
11-26	878-879	.	1. Richtig[5]	1. Angemessen[5]	1. Verständlich[5]	*[5]	*[5]	*[5]	Preis/Betrieb vorhanden[5]	*[5]	*[5]	*[5]	Pro A[5]	Pro B[5]	Contra C[5]	_	_	Hauptteil[9]	2. Data[19]	

12-1	881-891	Allerdings	1. Richtig[6]	1. Angemessen[6]	1. Verständlich[6]	*[6]	*[6]	Emissionen vorhanden[6]	*[6]	*[6]	*[6]	*[6]	Pro A[6]	Contra B[6]	Pro C[6]	_	_	Hauptteil[9]	2. Data[20]	
12-2	892-896	sind	1. Richtig[6]	1. Angemessen[6]	1. Verständlich[6]	*[6]	*[6]	Emissionen vorhanden[6]	*[6]	*[6]	*[6]	*[6]	Pro A[6]	Contra B[6]	Pro C[6]	_	_	Hauptteil[9]	2. Data[20]	
12-3	897-904	E-Fuels	1. Richtig[6]	1. Angemessen[6]	1. Verständlich[6]	*[6]	*[6]	Emissionen vorhanden[6]	*[6]	*[6]	*[6]	*[6]	Pro A[6]	Contra B[6]	Pro C[6]	_	_	Hauptteil[9]	2. Data[20]	
12-4	905-908	mit	1. Richtig[6]	1. Angemessen[6]	1. Verständlich[6]	*[6]	*[6]	Emissionen vorhanden[6]	*[6]	*[6]	*[6]	*[6]	Pro A[6]	Contra B[6]	Pro C[6]	_	_	Hauptteil[9]	2. Data[20]	
12-5	909-913	61dB	1. Richtig[6]	1. Angemessen[6]	1. Verständlich[6]	*[6]	*[6]	Emissionen vorhanden[6]	*[6]	*[6]	*[6]	*[6]	Pro A[6]	Contra B[6]	Pro C[6]	_	_	Hauptteil[9]	2. Data[20]	
12-6	914-917	bei	1. Richtig[6]	1. Angemessen[6]	1. Verständlich[6]	*[6]	*[6]	Emissionen vorhanden[6]	*[6]	*[6]	*[6]	*[6]	Pro A[6]	Contra B[6]	Pro C[6]	_	_	Hauptteil[9]	2. Data[20]	
12-7	918-922	39km	1. Richtig[6]	1. Angemessen[6]	1. Verständlich[6]	*[6]	*[6]	Emissionen vorhanden[6]	*[6]	*[6]	*[6]	*[6]	Pro A[6]	Contra B[6]	Pro C[6]	_	_	Hauptteil[9]	2. Data[20]	
12-8	922-923	/	1. Richtig[6]	1. Angemessen[6]	1. Verständlich[6]	*[6]	*[6]	Emissionen vorhanden[6]	*[6]	*[6]	*[6]	*[6]	Pro A[6]	Contra B[6]	Pro C[6]	_	_	Hauptteil[9]	2. Data[20]	
12-9	923-924	h	1. Richtig[6]	1. Angemessen[6]	1. Verständlich[6]	*[6]	*[6]	Emissionen vorhanden[6]	*[6]	*[6]	*[6]	*[6]	Pro A[6]	Contra B[6]	Pro C[6]	_	_	Hauptteil[9]	2. Data[20]	
12-10	925-928	die	1. Richtig[6]	1. Angemessen[6]	1. Verständlich[6]	*[6]	*[6]	Emissionen vorhanden[6]	*[6]	*[6]	*[6]	*[6]	Pro A[6]	Contra B[6]	Pro C[6]	_	_	Hauptteil[9]	2. Data[20]	
12-11	929-937	lauteste	1. Richtig[6]	1. Angemessen[6]	1. Verständlich[6]	*[6]	*[6]	Emissionen vorhanden[6]	*[6]	*[6]	*[6]	*[6]	Pro A[6]	Contra B[6]	Pro C[6]	_	_	Hauptteil[9]	2. Data[20]	
12-12	938-949	Alternative	1. Richtig[6]	1. Angemessen[6]	1. Verständlich[6]	*[6]	*[6]	Emissionen vorhanden[6]	*[6]	*[6]	*[6]	*[6]	Pro A[6]	Contra B[6]	Pro C[6]	_	_	Hauptteil[9]	2. Data[20]	
12-13	949-950	.	1. Richtig[6]	1. Angemessen[6]	1. Verständlich[6]	*[6]	*[6]	Emissionen vorhanden[6]	*[6]	*[6]	*[6]	*[6]	Pro A[6]	Contra B[6]	Pro C[6]	_	_	Hauptteil[9]	2. Data[20]	

13-1	952-955	Was	1. Richtig[6]	1. Angemessen[6]	1. Verständlich[6]	*[6]	*[6]	Emissionen vorhanden[6]	*[6]	*[6]	*[6]	*[6]	Pro A[6]	Contra B[6]	Pro C[6]	_	_	Hauptteil[9]	1. Claim[21]	
13-2	956-965	natürlich	1. Richtig[6]	1. Angemessen[6]	1. Verständlich[6]	*[6]	*[6]	Emissionen vorhanden[6]	*[6]	*[6]	*[6]	*[6]	Pro A[6]	Contra B[6]	Pro C[6]	_	_	Hauptteil[9]	1. Claim[21]	
13-3	966-969	ein	1. Richtig[6]	1. Angemessen[6]	1. Verständlich[6]	*[6]	*[6]	Emissionen vorhanden[6]	*[6]	*[6]	*[6]	*[6]	Pro A[6]	Contra B[6]	Pro C[6]	_	_	Hauptteil[9]	1. Claim[21]	
13-4	970-978	nerviger	1. Richtig[6]	1. Angemessen[6]	1. Verständlich[6]	*[6]	*[6]	Emissionen vorhanden[6]	*[6]	*[6]	*[6]	*[6]	Pro A[6]	Contra B[6]	Pro C[6]	_	_	Hauptteil[9]	1. Claim[21]	
13-5	979-985	Faktor	1. Richtig[6]	1. Angemessen[6]	1. Verständlich[6]	*[6]	*[6]	Emissionen vorhanden[6]	*[6]	*[6]	*[6]	*[6]	Pro A[6]	Contra B[6]	Pro C[6]	_	_	Hauptteil[9]	1. Claim[21]	
13-6	986-989	ist	1. Richtig[6]	1. Angemessen[6]	1. Verständlich[6]	*[6]	*[6]	Emissionen vorhanden[6]	*[6]	*[6]	*[6]	*[6]	Pro A[6]	Contra B[6]	Pro C[6]	_	_	Hauptteil[9]	1. Claim[21]	
13-7	989-990	.	1. Richtig[6]	1. Angemessen[6]	1. Verständlich[6]	*[6]	*[6]	Emissionen vorhanden[6]	*[6]	*[6]	*[6]	*[6]	Pro A[6]	Contra B[6]	Pro C[6]	_	_	Hauptteil[9]	1. Claim[21]	
