#FORMAT=WebAnno TSV 3.3
#T_SP=webanno.custom.Argument|Accuracy|Adequacy|Clarity|KriteriumJahresertragEnergiedichte|KriteriumLebensdauerVerfgbarkeit|KriteriumLokaleEmissionenGeruschemissionen|KriteriumPreisBetrieb|KriteriumSonstiges|KriteriumTreibhausgasemissionen|KriteriumWirkungsgrad|OptionA|OptionB|OptionC
#T_SP=webanno.custom.DecisionMakingStrategies|Decision|Gesamtthese
#T_SP=webanno.custom.Struktur|Struktur
#T_SP=webanno.custom.StrukturTAP|TAPArgumente


1-1	0-3	Ich	_	_	_	_	_	_	_	_	_	_	_	_	_	3. Unbegründet[5]	Gesamtthese[5]	Einleitung[6]	_	
1-2	4-12	empfehle	_	_	_	_	_	_	_	_	_	_	_	_	_	3. Unbegründet[5]	Gesamtthese[5]	Einleitung[6]	_	
1-3	13-16	den	_	_	_	_	_	_	_	_	_	_	_	_	_	3. Unbegründet[5]	Gesamtthese[5]	Einleitung[6]	_	
1-4	17-30	Energieträger	_	_	_	_	_	_	_	_	_	_	_	_	_	3. Unbegründet[5]	Gesamtthese[5]	Einleitung[6]	_	
1-5	31-38	É-Fuels	_	_	_	_	_	_	_	_	_	_	_	_	_	3. Unbegründet[5]	Gesamtthese[5]	Einleitung[6]	_	
1-6	39-41	zu	_	_	_	_	_	_	_	_	_	_	_	_	_	3. Unbegründet[5]	Gesamtthese[5]	Einleitung[6]	_	
1-7	42-49	Fördern	_	_	_	_	_	_	_	_	_	_	_	_	_	3. Unbegründet[5]	Gesamtthese[5]	Einleitung[6]	_	
1-8	49-50	.	_	_	_	_	_	_	_	_	_	_	_	_	_	3. Unbegründet[5]	Gesamtthese[5]	Einleitung[6]	_	

2-1	52-54	Da	3. Nicht zutreffend[1]	3. Nicht zutreffend[1]	2. Schwer verständlich[1]	*[1]	*[1]	*[1]	*[1]	Sonstiges vorhanden[1]	Treibhausgasemissionen vorhanden[1]	*[1]	*[1]	Pro B[1]	Contra C[1]	_	_	Hauptteil[7]	2. Data[8]	
2-2	55-58	die	3. Nicht zutreffend[1]	3. Nicht zutreffend[1]	2. Schwer verständlich[1]	*[1]	*[1]	*[1]	*[1]	Sonstiges vorhanden[1]	Treibhausgasemissionen vorhanden[1]	*[1]	*[1]	Pro B[1]	Contra C[1]	_	_	Hauptteil[7]	2. Data[8]	
2-3	59-80	Treibhausgasemisionen	3. Nicht zutreffend[1]	3. Nicht zutreffend[1]	2. Schwer verständlich[1]	*[1]	*[1]	*[1]	*[1]	Sonstiges vorhanden[1]	Treibhausgasemissionen vorhanden[1]	*[1]	*[1]	Pro B[1]	Contra C[1]	_	_	Hauptteil[7]	2. Data[8]	
2-4	81-84	bei	3. Nicht zutreffend[1]	3. Nicht zutreffend[1]	2. Schwer verständlich[1]	*[1]	*[1]	*[1]	*[1]	Sonstiges vorhanden[1]	Treibhausgasemissionen vorhanden[1]	*[1]	*[1]	Pro B[1]	Contra C[1]	_	_	Hauptteil[7]	2. Data[8]	
2-5	85-90	einem	3. Nicht zutreffend[1]	3. Nicht zutreffend[1]	2. Schwer verständlich[1]	*[1]	*[1]	*[1]	*[1]	Sonstiges vorhanden[1]	Treibhausgasemissionen vorhanden[1]	*[1]	*[1]	Pro B[1]	Contra C[1]	_	_	Hauptteil[7]	2. Data[8]	
2-6	91-98	E-Fuels	3. Nicht zutreffend[1]	3. Nicht zutreffend[1]	2. Schwer verständlich[1]	*[1]	*[1]	*[1]	*[1]	Sonstiges vorhanden[1]	Treibhausgasemissionen vorhanden[1]	*[1]	*[1]	Pro B[1]	Contra C[1]	_	_	Hauptteil[7]	2. Data[8]	
2-7	99-108	niedriger	3. Nicht zutreffend[1]	3. Nicht zutreffend[1]	2. Schwer verständlich[1]	*[1]	*[1]	*[1]	*[1]	Sonstiges vorhanden[1]	Treibhausgasemissionen vorhanden[1]	*[1]	*[1]	Pro B[1]	Contra C[1]	_	_	Hauptteil[7]	2. Data[8]	
2-8	109-113	sind	3. Nicht zutreffend[1]	3. Nicht zutreffend[1]	2. Schwer verständlich[1]	*[1]	*[1]	*[1]	*[1]	Sonstiges vorhanden[1]	Treibhausgasemissionen vorhanden[1]	*[1]	*[1]	Pro B[1]	Contra C[1]	_	_	Hauptteil[7]	2. Data[8]	
2-9	114-117	als	3. Nicht zutreffend[1]	3. Nicht zutreffend[1]	2. Schwer verständlich[1]	*[1]	*[1]	*[1]	*[1]	Sonstiges vorhanden[1]	Treibhausgasemissionen vorhanden[1]	*[1]	*[1]	Pro B[1]	Contra C[1]	_	_	Hauptteil[7]	2. Data[8]	
2-10	118-121	bei	3. Nicht zutreffend[1]	3. Nicht zutreffend[1]	2. Schwer verständlich[1]	*[1]	*[1]	*[1]	*[1]	Sonstiges vorhanden[1]	Treibhausgasemissionen vorhanden[1]	*[1]	*[1]	Pro B[1]	Contra C[1]	_	_	Hauptteil[7]	2. Data[8]	
2-11	122-127	einem	3. Nicht zutreffend[1]	3. Nicht zutreffend[1]	2. Schwer verständlich[1]	*[1]	*[1]	*[1]	*[1]	Sonstiges vorhanden[1]	Treibhausgasemissionen vorhanden[1]	*[1]	*[1]	Pro B[1]	Contra C[1]	_	_	Hauptteil[7]	2. Data[8]	
2-12	128-139	Akkumulator	3. Nicht zutreffend[1]	3. Nicht zutreffend[1]	2. Schwer verständlich[1]	*[1]	*[1]	*[1]	*[1]	Sonstiges vorhanden[1]	Treibhausgasemissionen vorhanden[1]	*[1]	*[1]	Pro B[1]	Contra C[1]	_	_	Hauptteil[7]	2. Data[8]	
2-13	140-143	und	3. Nicht zutreffend[1]	3. Nicht zutreffend[1]	2. Schwer verständlich[1]	*[1]	*[1]	*[1]	*[1]	Sonstiges vorhanden[1]	Treibhausgasemissionen vorhanden[1]	*[1]	*[1]	Pro B[1]	Contra C[1]	_	_	Hauptteil[7]	1. Claim[9]	
2-14	144-147	die	3. Nicht zutreffend[1]	3. Nicht zutreffend[1]	2. Schwer verständlich[1]	*[1]	*[1]	*[1]	*[1]	Sonstiges vorhanden[1]	Treibhausgasemissionen vorhanden[1]	*[1]	*[1]	Pro B[1]	Contra C[1]	_	_	Hauptteil[7]	1. Claim[9]	
2-15	148-152	Zeit	3. Nicht zutreffend[1]	3. Nicht zutreffend[1]	2. Schwer verständlich[1]	*[1]	*[1]	*[1]	*[1]	Sonstiges vorhanden[1]	Treibhausgasemissionen vorhanden[1]	*[1]	*[1]	Pro B[1]	Contra C[1]	_	_	Hauptteil[7]	1. Claim[9]	
2-16	153-156	ist	3. Nicht zutreffend[1]	3. Nicht zutreffend[1]	2. Schwer verständlich[1]	*[1]	*[1]	*[1]	*[1]	Sonstiges vorhanden[1]	Treibhausgasemissionen vorhanden[1]	*[1]	*[1]	Pro B[1]	Contra C[1]	_	_	Hauptteil[7]	1. Claim[9]	
2-17	157-161	auch	3. Nicht zutreffend[1]	3. Nicht zutreffend[1]	2. Schwer verständlich[1]	*[1]	*[1]	*[1]	*[1]	Sonstiges vorhanden[1]	Treibhausgasemissionen vorhanden[1]	*[1]	*[1]	Pro B[1]	Contra C[1]	_	_	Hauptteil[7]	1. Claim[9]	
2-18	162-170	geringer	3. Nicht zutreffend[1]	3. Nicht zutreffend[1]	2. Schwer verständlich[1]	*[1]	*[1]	*[1]	*[1]	Sonstiges vorhanden[1]	Treibhausgasemissionen vorhanden[1]	*[1]	*[1]	Pro B[1]	Contra C[1]	_	_	Hauptteil[7]	1. Claim[9]	
2-19	170-171	.	3. Nicht zutreffend[1]	3. Nicht zutreffend[1]	2. Schwer verständlich[1]	*[1]	*[1]	*[1]	*[1]	Sonstiges vorhanden[1]	Treibhausgasemissionen vorhanden[1]	*[1]	*[1]	Pro B[1]	Contra C[1]	_	_	Hauptteil[7]	1. Claim[9]	

3-1	173-175	Er	1. Richtig[2]	1. Angemessen[2]	1. Verständlich[2]	*[2]	Lebensdauer/Verfügbarkeit vorhanden[2]	*[2]	*[2]	*[2]	*[2]	*[2]	Contra A[2]	Pro B[2]	*[2]	_	_	Hauptteil[7]	2. Data[10]	
3-2	176-179	hat	1. Richtig[2]	1. Angemessen[2]	1. Verständlich[2]	*[2]	Lebensdauer/Verfügbarkeit vorhanden[2]	*[2]	*[2]	*[2]	*[2]	*[2]	Contra A[2]	Pro B[2]	*[2]	_	_	Hauptteil[7]	2. Data[10]	
3-3	180-184	eine	1. Richtig[2]	1. Angemessen[2]	1. Verständlich[2]	*[2]	Lebensdauer/Verfügbarkeit vorhanden[2]	*[2]	*[2]	*[2]	*[2]	*[2]	Contra A[2]	Pro B[2]	*[2]	_	_	Hauptteil[7]	2. Data[10]	
3-4	185-196	massenhafte	1. Richtig[2]	1. Angemessen[2]	1. Verständlich[2]	*[2]	Lebensdauer/Verfügbarkeit vorhanden[2]	*[2]	*[2]	*[2]	*[2]	*[2]	Contra A[2]	Pro B[2]	*[2]	_	_	Hauptteil[7]	2. Data[10]	
3-5	197-208	Anvertigung	1. Richtig[2]	1. Angemessen[2]	1. Verständlich[2]	*[2]	Lebensdauer/Verfügbarkeit vorhanden[2]	*[2]	*[2]	*[2]	*[2]	*[2]	Contra A[2]	Pro B[2]	*[2]	_	_	Hauptteil[7]	2. Data[10]	
3-6	209-211	im	1. Richtig[2]	1. Angemessen[2]	1. Verständlich[2]	*[2]	Lebensdauer/Verfügbarkeit vorhanden[2]	*[2]	*[2]	*[2]	*[2]	*[2]	Contra A[2]	Pro B[2]	*[2]	_	_	Hauptteil[7]	2. Data[10]	
3-7	212-221	Gegensatz	1. Richtig[2]	1. Angemessen[2]	1. Verständlich[2]	*[2]	Lebensdauer/Verfügbarkeit vorhanden[2]	*[2]	*[2]	*[2]	*[2]	*[2]	Contra A[2]	Pro B[2]	*[2]	_	_	Hauptteil[7]	2. Data[10]	
3-8	222-224	zu	1. Richtig[2]	1. Angemessen[2]	1. Verständlich[2]	*[2]	Lebensdauer/Verfügbarkeit vorhanden[2]	*[2]	*[2]	*[2]	*[2]	*[2]	Contra A[2]	Pro B[2]	*[2]	_	_	Hauptteil[7]	2. Data[10]	
3-9	225-230	einem	1. Richtig[2]	1. Angemessen[2]	1. Verständlich[2]	*[2]	Lebensdauer/Verfügbarkeit vorhanden[2]	*[2]	*[2]	*[2]	*[2]	*[2]	Contra A[2]	Pro B[2]	*[2]	_	_	Hauptteil[7]	2. Data[10]	
3-10	231-246	Wasserstofmotor	1. Richtig[2]	1. Angemessen[2]	1. Verständlich[2]	*[2]	Lebensdauer/Verfügbarkeit vorhanden[2]	*[2]	*[2]	*[2]	*[2]	*[2]	Contra A[2]	Pro B[2]	*[2]	_	_	Hauptteil[7]	2. Data[10]	
3-11	246-247	.	1. Richtig[2]	1. Angemessen[2]	1. Verständlich[2]	*[2]	Lebensdauer/Verfügbarkeit vorhanden[2]	*[2]	*[2]	*[2]	*[2]	*[2]	Contra A[2]	Pro B[2]	*[2]	_	_	Hauptteil[7]	2. Data[10]	

4-1	249-252	Die	1. Richtig[3]	1. Angemessen[3]	1. Verständlich[3]	Jahresertrag/Energiedichte Vorhanden[3]	*[3]	*[3]	*[3]	*[3]	*[3]	*[3]	*[3]	Pro B[3]	Contra C[3]	_	_	Hauptteil[7]	2. Data[11]	
4-2	253-267	Massenbezogene	1. Richtig[3]	1. Angemessen[3]	1. Verständlich[3]	Jahresertrag/Energiedichte Vorhanden[3]	*[3]	*[3]	*[3]	*[3]	*[3]	*[3]	*[3]	Pro B[3]	Contra C[3]	_	_	Hauptteil[7]	2. Data[11]	
4-3	268-281	Energiedichte	1. Richtig[3]	1. Angemessen[3]	1. Verständlich[3]	Jahresertrag/Energiedichte Vorhanden[3]	*[3]	*[3]	*[3]	*[3]	*[3]	*[3]	*[3]	Pro B[3]	Contra C[3]	_	_	Hauptteil[7]	2. Data[11]	
4-4	282-287	liegt	1. Richtig[3]	1. Angemessen[3]	1. Verständlich[3]	Jahresertrag/Energiedichte Vorhanden[3]	*[3]	*[3]	*[3]	*[3]	*[3]	*[3]	*[3]	Pro B[3]	Contra C[3]	_	_	Hauptteil[7]	2. Data[11]	
4-5	288-290	im	1. Richtig[3]	1. Angemessen[3]	1. Verständlich[3]	Jahresertrag/Energiedichte Vorhanden[3]	*[3]	*[3]	*[3]	*[3]	*[3]	*[3]	*[3]	Pro B[3]	Contra C[3]	_	_	Hauptteil[7]	2. Data[11]	
4-6	291-295	40er	1. Richtig[3]	1. Angemessen[3]	1. Verständlich[3]	Jahresertrag/Energiedichte Vorhanden[3]	*[3]	*[3]	*[3]	*[3]	*[3]	*[3]	*[3]	Pro B[3]	Contra C[3]	_	_	Hauptteil[7]	2. Data[11]	
4-7	296-303	Bereich	1. Richtig[3]	1. Angemessen[3]	1. Verständlich[3]	Jahresertrag/Energiedichte Vorhanden[3]	*[3]	*[3]	*[3]	*[3]	*[3]	*[3]	*[3]	Pro B[3]	Contra C[3]	_	_	Hauptteil[7]	2. Data[11]	
4-8	304-305	,	1. Richtig[3]	1. Angemessen[3]	1. Verständlich[3]	Jahresertrag/Energiedichte Vorhanden[3]	*[3]	*[3]	*[3]	*[3]	*[3]	*[3]	*[3]	Pro B[3]	Contra C[3]	_	_	Hauptteil[7]	2. Data[11]	
4-9	306-311	damit	1. Richtig[3]	1. Angemessen[3]	1. Verständlich[3]	Jahresertrag/Energiedichte Vorhanden[3]	*[3]	*[3]	*[3]	*[3]	*[3]	*[3]	*[3]	Pro B[3]	Contra C[3]	_	_	Hauptteil[7]	2. Data[11]	
4-10	312-315	hat	1. Richtig[3]	1. Angemessen[3]	1. Verständlich[3]	Jahresertrag/Energiedichte Vorhanden[3]	*[3]	*[3]	*[3]	*[3]	*[3]	*[3]	*[3]	Pro B[3]	Contra C[3]	_	_	Hauptteil[7]	2. Data[11]	
4-11	316-318	er	1. Richtig[3]	1. Angemessen[3]	1. Verständlich[3]	Jahresertrag/Energiedichte Vorhanden[3]	*[3]	*[3]	*[3]	*[3]	*[3]	*[3]	*[3]	Pro B[3]	Contra C[3]	_	_	Hauptteil[7]	2. Data[11]	
4-12	319-323	eine	1. Richtig[3]	1. Angemessen[3]	1. Verständlich[3]	Jahresertrag/Energiedichte Vorhanden[3]	*[3]	*[3]	*[3]	*[3]	*[3]	*[3]	*[3]	Pro B[3]	Contra C[3]	_	_	Hauptteil[7]	2. Data[11]	
4-13	324-331	größere	1. Richtig[3]	1. Angemessen[3]	1. Verständlich[3]	Jahresertrag/Energiedichte Vorhanden[3]	*[3]	*[3]	*[3]	*[3]	*[3]	*[3]	*[3]	Pro B[3]	Contra C[3]	_	_	Hauptteil[7]	2. Data[11]	
4-14	332-346	Massenbezogene	1. Richtig[3]	1. Angemessen[3]	1. Verständlich[3]	Jahresertrag/Energiedichte Vorhanden[3]	*[3]	*[3]	*[3]	*[3]	*[3]	*[3]	*[3]	Pro B[3]	Contra C[3]	_	_	Hauptteil[7]	2. Data[11]	
4-15	347-360	Energiedichte	1. Richtig[3]	1. Angemessen[3]	1. Verständlich[3]	Jahresertrag/Energiedichte Vorhanden[3]	*[3]	*[3]	*[3]	*[3]	*[3]	*[3]	*[3]	Pro B[3]	Contra C[3]	_	_	Hauptteil[7]	2. Data[11]	
4-16	361-364	als	1. Richtig[3]	1. Angemessen[3]	1. Verständlich[3]	Jahresertrag/Energiedichte Vorhanden[3]	*[3]	*[3]	*[3]	*[3]	*[3]	*[3]	*[3]	Pro B[3]	Contra C[3]	_	_	Hauptteil[7]	2. Data[11]	
4-17	365-368	ein	1. Richtig[3]	1. Angemessen[3]	1. Verständlich[3]	Jahresertrag/Energiedichte Vorhanden[3]	*[3]	*[3]	*[3]	*[3]	*[3]	*[3]	*[3]	Pro B[3]	Contra C[3]	_	_	Hauptteil[7]	2. Data[11]	
4-18	369-387	Akkumulatorenmotor	1. Richtig[3]	1. Angemessen[3]	1. Verständlich[3]	Jahresertrag/Energiedichte Vorhanden[3]	*[3]	*[3]	*[3]	*[3]	*[3]	*[3]	*[3]	Pro B[3]	Contra C[3]	_	_	Hauptteil[7]	2. Data[11]	
4-19	387-388	.	1. Richtig[3]	1. Angemessen[3]	1. Verständlich[3]	Jahresertrag/Energiedichte Vorhanden[3]	*[3]	*[3]	*[3]	*[3]	*[3]	*[3]	*[3]	Pro B[3]	Contra C[3]	_	_	Hauptteil[7]	2. Data[11]	

5-1	390-393	Die	1. Richtig[4]	1. Angemessen[4]	1. Verständlich[4]	*[4]	*[4]	*[4]	Preis/Betrieb vorhanden[4]	*[4]	*[4]	*[4]	*[4]	Pro B[4]	Contra C[4]	_	_	Hauptteil[7]	2. Data[12]	
5-2	394-403	Tankdauer	1. Richtig[4]	1. Angemessen[4]	1. Verständlich[4]	*[4]	*[4]	*[4]	Preis/Betrieb vorhanden[4]	*[4]	*[4]	*[4]	*[4]	Pro B[4]	Contra C[4]	_	_	Hauptteil[7]	2. Data[12]	
5-3	404-409	eines	1. Richtig[4]	1. Angemessen[4]	1. Verständlich[4]	*[4]	*[4]	*[4]	Preis/Betrieb vorhanden[4]	*[4]	*[4]	*[4]	*[4]	Pro B[4]	Contra C[4]	_	_	Hauptteil[7]	2. Data[12]	
5-4	410-417	E-Fuels	1. Richtig[4]	1. Angemessen[4]	1. Verständlich[4]	*[4]	*[4]	*[4]	Preis/Betrieb vorhanden[4]	*[4]	*[4]	*[4]	*[4]	Pro B[4]	Contra C[4]	_	_	Hauptteil[7]	2. Data[12]	
5-5	418-425	beträgt	1. Richtig[4]	1. Angemessen[4]	1. Verständlich[4]	*[4]	*[4]	*[4]	Preis/Betrieb vorhanden[4]	*[4]	*[4]	*[4]	*[4]	Pro B[4]	Contra C[4]	_	_	Hauptteil[7]	2. Data[12]	
5-6	426-430	auch	1. Richtig[4]	1. Angemessen[4]	1. Verständlich[4]	*[4]	*[4]	*[4]	Preis/Betrieb vorhanden[4]	*[4]	*[4]	*[4]	*[4]	Pro B[4]	Contra C[4]	_	_	Hauptteil[7]	2. Data[12]	
5-7	431-434	nur	1. Richtig[4]	1. Angemessen[4]	1. Verständlich[4]	*[4]	*[4]	*[4]	Preis/Betrieb vorhanden[4]	*[4]	*[4]	*[4]	*[4]	Pro B[4]	Contra C[4]	_	_	Hauptteil[7]	2. Data[12]	
5-8	435-436	3	1. Richtig[4]	1. Angemessen[4]	1. Verständlich[4]	*[4]	*[4]	*[4]	Preis/Betrieb vorhanden[4]	*[4]	*[4]	*[4]	*[4]	Pro B[4]	Contra C[4]	_	_	Hauptteil[7]	2. Data[12]	
5-9	437-444	Minuten	1. Richtig[4]	1. Angemessen[4]	1. Verständlich[4]	*[4]	*[4]	*[4]	Preis/Betrieb vorhanden[4]	*[4]	*[4]	*[4]	*[4]	Pro B[4]	Contra C[4]	_	_	Hauptteil[7]	2. Data[12]	
5-10	444-445	,	1. Richtig[4]	1. Angemessen[4]	1. Verständlich[4]	*[4]	*[4]	*[4]	Preis/Betrieb vorhanden[4]	*[4]	*[4]	*[4]	*[4]	Pro B[4]	Contra C[4]	_	_	Hauptteil[7]	2. Data[12]	
5-11	446-449	was	1. Richtig[4]	1. Angemessen[4]	1. Verständlich[4]	*[4]	*[4]	*[4]	Preis/Betrieb vorhanden[4]	*[4]	*[4]	*[4]	*[4]	Pro B[4]	Contra C[4]	_	_	Hauptteil[7]	2. Data[12]	
5-12	450-452	im	1. Richtig[4]	1. Angemessen[4]	1. Verständlich[4]	*[4]	*[4]	*[4]	Preis/Betrieb vorhanden[4]	*[4]	*[4]	*[4]	*[4]	Pro B[4]	Contra C[4]	_	_	Hauptteil[7]	2. Data[12]	
5-13	453-462	Gegensatz	1. Richtig[4]	1. Angemessen[4]	1. Verständlich[4]	*[4]	*[4]	*[4]	Preis/Betrieb vorhanden[4]	*[4]	*[4]	*[4]	*[4]	Pro B[4]	Contra C[4]	_	_	Hauptteil[7]	2. Data[12]	
5-14	463-465	zu	1. Richtig[4]	1. Angemessen[4]	1. Verständlich[4]	*[4]	*[4]	*[4]	Preis/Betrieb vorhanden[4]	*[4]	*[4]	*[4]	*[4]	Pro B[4]	Contra C[4]	_	_	Hauptteil[7]	2. Data[12]	
5-15	466-471	einem	1. Richtig[4]	1. Angemessen[4]	1. Verständlich[4]	*[4]	*[4]	*[4]	Preis/Betrieb vorhanden[4]	*[4]	*[4]	*[4]	*[4]	Pro B[4]	Contra C[4]	_	_	Hauptteil[7]	2. Data[12]	
5-16	472-488	Akkumulatormotor	1. Richtig[4]	1. Angemessen[4]	1. Verständlich[4]	*[4]	*[4]	*[4]	Preis/Betrieb vorhanden[4]	*[4]	*[4]	*[4]	*[4]	Pro B[4]	Contra C[4]	_	_	Hauptteil[7]	2. Data[12]	
5-17	489-492	ein	1. Richtig[4]	1. Angemessen[4]	1. Verständlich[4]	*[4]	*[4]	*[4]	Preis/Betrieb vorhanden[4]	*[4]	*[4]	*[4]	*[4]	Pro B[4]	Contra C[4]	_	_	Hauptteil[7]	2. Data[12]	
5-18	493-499	großer	1. Richtig[4]	1. Angemessen[4]	1. Verständlich[4]	*[4]	*[4]	*[4]	Preis/Betrieb vorhanden[4]	*[4]	*[4]	*[4]	*[4]	Pro B[4]	Contra C[4]	_	_	Hauptteil[7]	2. Data[12]	
5-19	500-511	Unterschied	1. Richtig[4]	1. Angemessen[4]	1. Verständlich[4]	*[4]	*[4]	*[4]	Preis/Betrieb vorhanden[4]	*[4]	*[4]	*[4]	*[4]	Pro B[4]	Contra C[4]	_	_	Hauptteil[7]	2. Data[12]	
5-20	512-515	ist	1. Richtig[4]	1. Angemessen[4]	1. Verständlich[4]	*[4]	*[4]	*[4]	Preis/Betrieb vorhanden[4]	*[4]	*[4]	*[4]	*[4]	Pro B[4]	Contra C[4]	_	_	Hauptteil[7]	2. Data[12]	
5-21	515-516	.	1. Richtig[4]	1. Angemessen[4]	1. Verständlich[4]	*[4]	*[4]	*[4]	Preis/Betrieb vorhanden[4]	*[4]	*[4]	*[4]	*[4]	Pro B[4]	Contra C[4]	_	_	Hauptteil[7]	2. Data[12]	

6-1	518-521	Der	1. Richtig[4]	1. Angemessen[4]	1. Verständlich[4]	*[4]	*[4]	*[4]	Preis/Betrieb vorhanden[4]	*[4]	*[4]	*[4]	*[4]	Pro B[4]	Contra C[4]	_	_	Hauptteil[7]	2. Data[13]	
6-2	522-527	eines	1. Richtig[4]	1. Angemessen[4]	1. Verständlich[4]	*[4]	*[4]	*[4]	Preis/Betrieb vorhanden[4]	*[4]	*[4]	*[4]	*[4]	Pro B[4]	Contra C[4]	_	_	Hauptteil[7]	2. Data[13]	
6-3	528-545	Akkumulatormotors	1. Richtig[4]	1. Angemessen[4]	1. Verständlich[4]	*[4]	*[4]	*[4]	Preis/Betrieb vorhanden[4]	*[4]	*[4]	*[4]	*[4]	Pro B[4]	Contra C[4]	_	_	Hauptteil[7]	2. Data[13]	
6-4	546-553	beträgt	1. Richtig[4]	1. Angemessen[4]	1. Verständlich[4]	*[4]	*[4]	*[4]	Preis/Betrieb vorhanden[4]	*[4]	*[4]	*[4]	*[4]	Pro B[4]	Contra C[4]	_	_	Hauptteil[7]	2. Data[13]	
6-5	554-561	nämlich	1. Richtig[4]	1. Angemessen[4]	1. Verständlich[4]	*[4]	*[4]	*[4]	Preis/Betrieb vorhanden[4]	*[4]	*[4]	*[4]	*[4]	Pro B[4]	Contra C[4]	_	_	Hauptteil[7]	2. Data[13]	
6-6	562-564	30	1. Richtig[4]	1. Angemessen[4]	1. Verständlich[4]	*[4]	*[4]	*[4]	Preis/Betrieb vorhanden[4]	*[4]	*[4]	*[4]	*[4]	Pro B[4]	Contra C[4]	_	_	Hauptteil[7]	2. Data[13]	
6-7	565-572	Minuten	1. Richtig[4]	1. Angemessen[4]	1. Verständlich[4]	*[4]	*[4]	*[4]	Preis/Betrieb vorhanden[4]	*[4]	*[4]	*[4]	*[4]	Pro B[4]	Contra C[4]	_	_	Hauptteil[7]	2. Data[13]	
6-8	572-573	.	1. Richtig[4]	1. Angemessen[4]	1. Verständlich[4]	*[4]	*[4]	*[4]	Preis/Betrieb vorhanden[4]	*[4]	*[4]	*[4]	*[4]	Pro B[4]	Contra C[4]	_	_	Hauptteil[7]	2. Data[13]	
