#FORMAT=WebAnno TSV 3.3
#T_SP=webanno.custom.Argument|Accuracy|Adequacy|Clarity|KriteriumJahresertragEnergiedichte|KriteriumLebensdauerVerfgbarkeit|KriteriumLokaleEmissionenGeruschemissionen|KriteriumPreisBetrieb|KriteriumSonstiges|KriteriumTreibhausgasemissionen|KriteriumWirkungsgrad|OptionA|OptionB|OptionC
#T_SP=webanno.custom.DecisionMakingStrategies|Decision|Gesamtthese
#T_SP=webanno.custom.Struktur|Struktur
#T_SP=webanno.custom.StrukturTAP|TAPArgumente


1-1	0-17	Wasserkraftanlage	1. Richtig[1]	1. Angemessen[1]	1. Verständlich[1]	*[1]	Lebensdauer/Verfügbarkeit vorhanden[1]	*[1]	*[1]	*[1]	*[1]	Wirkungsgrad vorhanden[1]	Pro A[1]	Contra B[1]	Contra C[1]	2. Cut-off[4]	Gesamtthese[4]	Hauptteil[5]	1. Claim[6]	
1-2	18-20	it	1. Richtig[1]	1. Angemessen[1]	1. Verständlich[1]	*[1]	Lebensdauer/Verfügbarkeit vorhanden[1]	*[1]	*[1]	*[1]	*[1]	Wirkungsgrad vorhanden[1]	Pro A[1]	Contra B[1]	Contra C[1]	2. Cut-off[4]	Gesamtthese[4]	Hauptteil[5]	1. Claim[6]	
1-3	21-24	die	1. Richtig[1]	1. Angemessen[1]	1. Verständlich[1]	*[1]	Lebensdauer/Verfügbarkeit vorhanden[1]	*[1]	*[1]	*[1]	*[1]	Wirkungsgrad vorhanden[1]	Pro A[1]	Contra B[1]	Contra C[1]	2. Cut-off[4]	Gesamtthese[4]	Hauptteil[5]	1. Claim[6]	
1-4	25-30	beste	1. Richtig[1]	1. Angemessen[1]	1. Verständlich[1]	*[1]	Lebensdauer/Verfügbarkeit vorhanden[1]	*[1]	*[1]	*[1]	*[1]	Wirkungsgrad vorhanden[1]	Pro A[1]	Contra B[1]	Contra C[1]	2. Cut-off[4]	Gesamtthese[4]	Hauptteil[5]	1. Claim[6]	
1-5	31-37	Lösung	1. Richtig[1]	1. Angemessen[1]	1. Verständlich[1]	*[1]	Lebensdauer/Verfügbarkeit vorhanden[1]	*[1]	*[1]	*[1]	*[1]	Wirkungsgrad vorhanden[1]	Pro A[1]	Contra B[1]	Contra C[1]	2. Cut-off[4]	Gesamtthese[4]	Hauptteil[5]	1. Claim[6]	
1-6	38-42	denn	1. Richtig[1]	1. Angemessen[1]	1. Verständlich[1]	*[1]	Lebensdauer/Verfügbarkeit vorhanden[1]	*[1]	*[1]	*[1]	*[1]	Wirkungsgrad vorhanden[1]	Pro A[1]	Contra B[1]	Contra C[1]	2. Cut-off[4]	Gesamtthese[4]	Hauptteil[5]	2. Data[7]	
1-7	43-46	sie	1. Richtig[1]	1. Angemessen[1]	1. Verständlich[1]	*[1]	Lebensdauer/Verfügbarkeit vorhanden[1]	*[1]	*[1]	*[1]	*[1]	Wirkungsgrad vorhanden[1]	Pro A[1]	Contra B[1]	Contra C[1]	2. Cut-off[4]	Gesamtthese[4]	Hauptteil[5]	2. Data[7]	
1-8	47-50	ist	1. Richtig[1]	1. Angemessen[1]	1. Verständlich[1]	*[1]	Lebensdauer/Verfügbarkeit vorhanden[1]	*[1]	*[1]	*[1]	*[1]	Wirkungsgrad vorhanden[1]	Pro A[1]	Contra B[1]	Contra C[1]	2. Cut-off[4]	Gesamtthese[4]	Hauptteil[5]	2. Data[7]	
1-9	51-54	die	1. Richtig[1]	1. Angemessen[1]	1. Verständlich[1]	*[1]	Lebensdauer/Verfügbarkeit vorhanden[1]	*[1]	*[1]	*[1]	*[1]	Wirkungsgrad vorhanden[1]	Pro A[1]	Contra B[1]	Contra C[1]	2. Cut-off[4]	Gesamtthese[4]	Hauptteil[5]	2. Data[7]	
1-10	55-67	langlebigste	1. Richtig[1]	1. Angemessen[1]	1. Verständlich[1]	*[1]	Lebensdauer/Verfügbarkeit vorhanden[1]	*[1]	*[1]	*[1]	*[1]	Wirkungsgrad vorhanden[1]	Pro A[1]	Contra B[1]	Contra C[1]	2. Cut-off[4]	Gesamtthese[4]	Hauptteil[5]	2. Data[7]	
1-11	68-71	und	1. Richtig[1]	1. Angemessen[1]	1. Verständlich[1]	*[1]	Lebensdauer/Verfügbarkeit vorhanden[1]	*[1]	*[1]	*[1]	*[1]	Wirkungsgrad vorhanden[1]	Pro A[1]	Contra B[1]	Contra C[1]	2. Cut-off[4]	Gesamtthese[4]	Hauptteil[5]	2. Data[7]	
1-12	72-75	vom	1. Richtig[1]	1. Angemessen[1]	1. Verständlich[1]	*[1]	Lebensdauer/Verfügbarkeit vorhanden[1]	*[1]	*[1]	*[1]	*[1]	Wirkungsgrad vorhanden[1]	Pro A[1]	Contra B[1]	Contra C[1]	2. Cut-off[4]	Gesamtthese[4]	Hauptteil[5]	2. Data[7]	
1-13	76-88	Wirkungsgrad	1. Richtig[1]	1. Angemessen[1]	1. Verständlich[1]	*[1]	Lebensdauer/Verfügbarkeit vorhanden[1]	*[1]	*[1]	*[1]	*[1]	Wirkungsgrad vorhanden[1]	Pro A[1]	Contra B[1]	Contra C[1]	2. Cut-off[4]	Gesamtthese[4]	Hauptteil[5]	2. Data[7]	
1-14	89-92	die	1. Richtig[1]	1. Angemessen[1]	1. Verständlich[1]	*[1]	Lebensdauer/Verfügbarkeit vorhanden[1]	*[1]	*[1]	*[1]	*[1]	Wirkungsgrad vorhanden[1]	Pro A[1]	Contra B[1]	Contra C[1]	2. Cut-off[4]	Gesamtthese[4]	Hauptteil[5]	2. Data[7]	
1-15	93-98	beste	1. Richtig[1]	1. Angemessen[1]	1. Verständlich[1]	*[1]	Lebensdauer/Verfügbarkeit vorhanden[1]	*[1]	*[1]	*[1]	*[1]	Wirkungsgrad vorhanden[1]	Pro A[1]	Contra B[1]	Contra C[1]	2. Cut-off[4]	Gesamtthese[4]	Hauptteil[5]	2. Data[7]	
1-16	98-99	.	1. Richtig[1]	1. Angemessen[1]	1. Verständlich[1]	*[1]	Lebensdauer/Verfügbarkeit vorhanden[1]	*[1]	*[1]	*[1]	*[1]	Wirkungsgrad vorhanden[1]	Pro A[1]	Contra B[1]	Contra C[1]	2. Cut-off[4]	Gesamtthese[4]	Hauptteil[5]	2. Data[7]	

2-1	101-104	Der	3. Nicht zutreffend[2]	3. Nicht zutreffend[2]	1. Verständlich[2]	*[2]	*[2]	*[2]	Preis/Betrieb vorhanden[2]	*[2]	*[2]	*[2]	Unklar A[2]	*[2]	*[2]	_	_	Hauptteil[5]	1. Claim[8]	
2-2	105-110	Preiß	3. Nicht zutreffend[2]	3. Nicht zutreffend[2]	1. Verständlich[2]	*[2]	*[2]	*[2]	Preis/Betrieb vorhanden[2]	*[2]	*[2]	*[2]	Unklar A[2]	*[2]	*[2]	_	_	Hauptteil[5]	1. Claim[8]	
2-3	111-117	sollte	3. Nicht zutreffend[2]	3. Nicht zutreffend[2]	1. Verständlich[2]	*[2]	*[2]	*[2]	Preis/Betrieb vorhanden[2]	*[2]	*[2]	*[2]	Unklar A[2]	*[2]	*[2]	_	_	Hauptteil[5]	1. Claim[8]	
2-4	118-122	kein	3. Nicht zutreffend[2]	3. Nicht zutreffend[2]	1. Verständlich[2]	*[2]	*[2]	*[2]	Preis/Betrieb vorhanden[2]	*[2]	*[2]	*[2]	Unklar A[2]	*[2]	*[2]	_	_	Hauptteil[5]	1. Claim[8]	
2-5	123-130	Problem	3. Nicht zutreffend[2]	3. Nicht zutreffend[2]	1. Verständlich[2]	*[2]	*[2]	*[2]	Preis/Betrieb vorhanden[2]	*[2]	*[2]	*[2]	Unklar A[2]	*[2]	*[2]	_	_	Hauptteil[5]	1. Claim[8]	
2-6	131-135	sein	3. Nicht zutreffend[2]	3. Nicht zutreffend[2]	1. Verständlich[2]	*[2]	*[2]	*[2]	Preis/Betrieb vorhanden[2]	*[2]	*[2]	*[2]	Unklar A[2]	*[2]	*[2]	_	_	Hauptteil[5]	1. Claim[8]	
2-7	136-139	den	3. Nicht zutreffend[2]	3. Nicht zutreffend[2]	1. Verständlich[2]	*[2]	*[2]	*[2]	Preis/Betrieb vorhanden[2]	*[2]	*[2]	*[2]	Unklar A[2]	*[2]	*[2]	_	_	Hauptteil[5]	1. Claim[9]	
2-8	140-143	wir	3. Nicht zutreffend[2]	3. Nicht zutreffend[2]	1. Verständlich[2]	*[2]	*[2]	*[2]	Preis/Betrieb vorhanden[2]	*[2]	*[2]	*[2]	Unklar A[2]	*[2]	*[2]	_	_	Hauptteil[5]	1. Claim[9]	
2-9	144-150	zahlen	3. Nicht zutreffend[2]	3. Nicht zutreffend[2]	1. Verständlich[2]	*[2]	*[2]	*[2]	Preis/Betrieb vorhanden[2]	*[2]	*[2]	*[2]	Unklar A[2]	*[2]	*[2]	_	_	Hauptteil[5]	1. Claim[9]	
2-10	151-158	sowieso	3. Nicht zutreffend[2]	3. Nicht zutreffend[2]	1. Verständlich[2]	*[2]	*[2]	*[2]	Preis/Betrieb vorhanden[2]	*[2]	*[2]	*[2]	Unklar A[2]	*[2]	*[2]	_	_	Hauptteil[5]	1. Claim[9]	
2-11	159-163	ohne	3. Nicht zutreffend[2]	3. Nicht zutreffend[2]	1. Verständlich[2]	*[2]	*[2]	*[2]	Preis/Betrieb vorhanden[2]	*[2]	*[2]	*[2]	Unklar A[2]	*[2]	*[2]	_	_	Hauptteil[5]	1. Claim[9]	
2-12	164-168	Ende	3. Nicht zutreffend[2]	3. Nicht zutreffend[2]	1. Verständlich[2]	*[2]	*[2]	*[2]	Preis/Betrieb vorhanden[2]	*[2]	*[2]	*[2]	Unklar A[2]	*[2]	*[2]	_	_	Hauptteil[5]	1. Claim[9]	
2-13	169-176	Steuern	3. Nicht zutreffend[2]	3. Nicht zutreffend[2]	1. Verständlich[2]	*[2]	*[2]	*[2]	Preis/Betrieb vorhanden[2]	*[2]	*[2]	*[2]	Unklar A[2]	*[2]	*[2]	_	_	Hauptteil[5]	1. Claim[9]	
2-14	177-181	dann	3. Nicht zutreffend[2]	3. Nicht zutreffend[2]	1. Verständlich[2]	*[2]	*[2]	*[2]	Preis/Betrieb vorhanden[2]	*[2]	*[2]	*[2]	Unklar A[2]	*[2]	*[2]	_	_	Hauptteil[5]	1. Claim[9]	
2-15	182-186	kann	3. Nicht zutreffend[2]	3. Nicht zutreffend[2]	1. Verständlich[2]	*[2]	*[2]	*[2]	Preis/Betrieb vorhanden[2]	*[2]	*[2]	*[2]	Unklar A[2]	*[2]	*[2]	_	_	Hauptteil[5]	1. Claim[9]	
2-16	187-191	auch	3. Nicht zutreffend[2]	3. Nicht zutreffend[2]	1. Verständlich[2]	*[2]	*[2]	*[2]	Preis/Betrieb vorhanden[2]	*[2]	*[2]	*[2]	Unklar A[2]	*[2]	*[2]	_	_	Hauptteil[5]	1. Claim[9]	
2-17	192-195	mal	3. Nicht zutreffend[2]	3. Nicht zutreffend[2]	1. Verständlich[2]	*[2]	*[2]	*[2]	Preis/Betrieb vorhanden[2]	*[2]	*[2]	*[2]	Unklar A[2]	*[2]	*[2]	_	_	Hauptteil[5]	1. Claim[9]	
2-18	196-200	eine	3. Nicht zutreffend[2]	3. Nicht zutreffend[2]	1. Verständlich[2]	*[2]	*[2]	*[2]	Preis/Betrieb vorhanden[2]	*[2]	*[2]	*[2]	Unklar A[2]	*[2]	*[2]	_	_	Hauptteil[5]	1. Claim[9]	
2-19	201-218	Wasserkraftanlage	3. Nicht zutreffend[2]	3. Nicht zutreffend[2]	1. Verständlich[2]	*[2]	*[2]	*[2]	Preis/Betrieb vorhanden[2]	*[2]	*[2]	*[2]	Unklar A[2]	*[2]	*[2]	_	_	Hauptteil[5]	1. Claim[9]	
2-20	219-225	gebaut	3. Nicht zutreffend[2]	3. Nicht zutreffend[2]	1. Verständlich[2]	*[2]	*[2]	*[2]	Preis/Betrieb vorhanden[2]	*[2]	*[2]	*[2]	Unklar A[2]	*[2]	*[2]	_	_	Hauptteil[5]	1. Claim[9]	
2-21	226-232	werden	3. Nicht zutreffend[2]	3. Nicht zutreffend[2]	1. Verständlich[2]	*[2]	*[2]	*[2]	Preis/Betrieb vorhanden[2]	*[2]	*[2]	*[2]	Unklar A[2]	*[2]	*[2]	_	_	Hauptteil[5]	1. Claim[9]	
2-22	232-233	.	3. Nicht zutreffend[2]	3. Nicht zutreffend[2]	1. Verständlich[2]	*[2]	*[2]	*[2]	Preis/Betrieb vorhanden[2]	*[2]	*[2]	*[2]	Unklar A[2]	*[2]	*[2]	_	_	Hauptteil[5]	1. Claim[9]	

3-1	235-238	Der	1. Richtig[3]	1. Angemessen[3]	1. Verständlich[3]	*[3]	*[3]	*[3]	*[3]	*[3]	Treibhausgasemissionen vorhanden[3]	Wirkungsgrad vorhanden[3]	Pro A[3]	Contra B[3]	Pro C[3]	_	_	Hauptteil[5]	1. Claim[10]	
3-2	239-248	Solarpark	1. Richtig[3]	1. Angemessen[3]	1. Verständlich[3]	*[3]	*[3]	*[3]	*[3]	*[3]	Treibhausgasemissionen vorhanden[3]	Wirkungsgrad vorhanden[3]	Pro A[3]	Contra B[3]	Pro C[3]	_	_	Hauptteil[5]	1. Claim[10]	
3-3	249-252	ist	1. Richtig[3]	1. Angemessen[3]	1. Verständlich[3]	*[3]	*[3]	*[3]	*[3]	*[3]	Treibhausgasemissionen vorhanden[3]	Wirkungsgrad vorhanden[3]	Pro A[3]	Contra B[3]	Pro C[3]	_	_	Hauptteil[5]	1. Claim[10]	
3-4	253-256	die	1. Richtig[3]	1. Angemessen[3]	1. Verständlich[3]	*[3]	*[3]	*[3]	*[3]	*[3]	Treibhausgasemissionen vorhanden[3]	Wirkungsgrad vorhanden[3]	Pro A[3]	Contra B[3]	Pro C[3]	_	_	Hauptteil[5]	1. Claim[10]	
3-5	257-269	schlechteste	1. Richtig[3]	1. Angemessen[3]	1. Verständlich[3]	*[3]	*[3]	*[3]	*[3]	*[3]	Treibhausgasemissionen vorhanden[3]	Wirkungsgrad vorhanden[3]	Pro A[3]	Contra B[3]	Pro C[3]	_	_	Hauptteil[5]	1. Claim[10]	
3-6	270-276	Option	1. Richtig[3]	1. Angemessen[3]	1. Verständlich[3]	*[3]	*[3]	*[3]	*[3]	*[3]	Treibhausgasemissionen vorhanden[3]	Wirkungsgrad vorhanden[3]	Pro A[3]	Contra B[3]	Pro C[3]	_	_	Hauptteil[5]	1. Claim[10]	
3-7	277-280	den	1. Richtig[3]	1. Angemessen[3]	1. Verständlich[3]	*[3]	*[3]	*[3]	*[3]	*[3]	Treibhausgasemissionen vorhanden[3]	Wirkungsgrad vorhanden[3]	Pro A[3]	Contra B[3]	Pro C[3]	_	_	Hauptteil[5]	2. Data[11]	
3-8	281-284	die	1. Richtig[3]	1. Angemessen[3]	1. Verständlich[3]	*[3]	*[3]	*[3]	*[3]	*[3]	Treibhausgasemissionen vorhanden[3]	Wirkungsgrad vorhanden[3]	Pro A[3]	Contra B[3]	Pro C[3]	_	_	Hauptteil[5]	2. Data[11]	
3-9	285-307	Treibhausgasemissionen	1. Richtig[3]	1. Angemessen[3]	1. Verständlich[3]	*[3]	*[3]	*[3]	*[3]	*[3]	Treibhausgasemissionen vorhanden[3]	Wirkungsgrad vorhanden[3]	Pro A[3]	Contra B[3]	Pro C[3]	_	_	Hauptteil[5]	2. Data[11]	
3-10	308-312	sind	1. Richtig[3]	1. Angemessen[3]	1. Verständlich[3]	*[3]	*[3]	*[3]	*[3]	*[3]	Treibhausgasemissionen vorhanden[3]	Wirkungsgrad vorhanden[3]	Pro A[3]	Contra B[3]	Pro C[3]	_	_	Hauptteil[5]	2. Data[11]	
3-11	313-315	am	1. Richtig[3]	1. Angemessen[3]	1. Verständlich[3]	*[3]	*[3]	*[3]	*[3]	*[3]	Treibhausgasemissionen vorhanden[3]	Wirkungsgrad vorhanden[3]	Pro A[3]	Contra B[3]	Pro C[3]	_	_	Hauptteil[5]	2. Data[11]	
3-12	316-324	höchsten	1. Richtig[3]	1. Angemessen[3]	1. Verständlich[3]	*[3]	*[3]	*[3]	*[3]	*[3]	Treibhausgasemissionen vorhanden[3]	Wirkungsgrad vorhanden[3]	Pro A[3]	Contra B[3]	Pro C[3]	_	_	Hauptteil[5]	2. Data[11]	
3-13	325-328	und	1. Richtig[3]	1. Angemessen[3]	1. Verständlich[3]	*[3]	*[3]	*[3]	*[3]	*[3]	Treibhausgasemissionen vorhanden[3]	Wirkungsgrad vorhanden[3]	Pro A[3]	Contra B[3]	Pro C[3]	_	_	Hauptteil[5]	2. Data[11]	
3-14	329-332	der	1. Richtig[3]	1. Angemessen[3]	1. Verständlich[3]	*[3]	*[3]	*[3]	*[3]	*[3]	Treibhausgasemissionen vorhanden[3]	Wirkungsgrad vorhanden[3]	Pro A[3]	Contra B[3]	Pro C[3]	_	_	Hauptteil[5]	2. Data[11]	
3-15	333-345	Wirkungsgrad	1. Richtig[3]	1. Angemessen[3]	1. Verständlich[3]	*[3]	*[3]	*[3]	*[3]	*[3]	Treibhausgasemissionen vorhanden[3]	Wirkungsgrad vorhanden[3]	Pro A[3]	Contra B[3]	Pro C[3]	_	_	Hauptteil[5]	2. Data[11]	
3-16	346-348	am	1. Richtig[3]	1. Angemessen[3]	1. Verständlich[3]	*[3]	*[3]	*[3]	*[3]	*[3]	Treibhausgasemissionen vorhanden[3]	Wirkungsgrad vorhanden[3]	Pro A[3]	Contra B[3]	Pro C[3]	_	_	Hauptteil[5]	2. Data[11]	
3-17	349-360	niedrigsten	1. Richtig[3]	1. Angemessen[3]	1. Verständlich[3]	*[3]	*[3]	*[3]	*[3]	*[3]	Treibhausgasemissionen vorhanden[3]	Wirkungsgrad vorhanden[3]	Pro A[3]	Contra B[3]	Pro C[3]	_	_	Hauptteil[5]	2. Data[11]	
3-18	360-361	.	1. Richtig[3]	1. Angemessen[3]	1. Verständlich[3]	*[3]	*[3]	*[3]	*[3]	*[3]	Treibhausgasemissionen vorhanden[3]	Wirkungsgrad vorhanden[3]	Pro A[3]	Contra B[3]	Pro C[3]	_	_	Hauptteil[5]	2. Data[11]	
