#FORMAT=WebAnno TSV 3.3
#T_SP=webanno.custom.Argument|Accuracy|Adequacy|Clarity|KriteriumJahresertragEnergiedichte|KriteriumLebensdauerVerfgbarkeit|KriteriumLokaleEmissionenGeruschemissionen|KriteriumPreisBetrieb|KriteriumSonstiges|KriteriumTreibhausgasemissionen|KriteriumWirkungsgrad|OptionA|OptionB|OptionC
#T_SP=webanno.custom.DecisionMakingStrategies|Decision|Gesamtthese
#T_SP=webanno.custom.Struktur|Struktur
#T_SP=webanno.custom.StrukturTAP|TAPArgumente


1-1	0-3	Das	1. Richtig[1]	1. Angemessen[1]	1. Verständlich[1]	*[1]	*[1]	Emissionen vorhanden[1]	Preis/Betrieb vorhanden[1]	*[1]	*[1]	Wirkungsgrad vorhanden[1]	Contra A[1]	Contra B[1]	Pro C[1]	_	_	Hauptteil[3]	1. Claim[4]	
1-2	4-14	krieterium	1. Richtig[1]	1. Angemessen[1]	1. Verständlich[1]	*[1]	*[1]	Emissionen vorhanden[1]	Preis/Betrieb vorhanden[1]	*[1]	*[1]	Wirkungsgrad vorhanden[1]	Contra A[1]	Contra B[1]	Pro C[1]	_	_	Hauptteil[3]	1. Claim[4]	
1-3	15-33	Gesamtwirkungsgrad	1. Richtig[1]	1. Angemessen[1]	1. Verständlich[1]	*[1]	*[1]	Emissionen vorhanden[1]	Preis/Betrieb vorhanden[1]	*[1]	*[1]	Wirkungsgrad vorhanden[1]	Contra A[1]	Contra B[1]	Pro C[1]	_	_	Hauptteil[3]	1. Claim[4]	
1-4	34-37	und	1. Richtig[1]	1. Angemessen[1]	1. Verständlich[1]	*[1]	*[1]	Emissionen vorhanden[1]	Preis/Betrieb vorhanden[1]	*[1]	*[1]	Wirkungsgrad vorhanden[1]	Contra A[1]	Contra B[1]	Pro C[1]	_	_	Hauptteil[3]	1. Claim[4]	
1-5	38-56	Geräuschemmisionen	1. Richtig[1]	1. Angemessen[1]	1. Verständlich[1]	*[1]	*[1]	Emissionen vorhanden[1]	Preis/Betrieb vorhanden[1]	*[1]	*[1]	Wirkungsgrad vorhanden[1]	Contra A[1]	Contra B[1]	Pro C[1]	_	_	Hauptteil[3]	1. Claim[4]	
1-6	57-61	sind	1. Richtig[1]	1. Angemessen[1]	1. Verständlich[1]	*[1]	*[1]	Emissionen vorhanden[1]	Preis/Betrieb vorhanden[1]	*[1]	*[1]	Wirkungsgrad vorhanden[1]	Contra A[1]	Contra B[1]	Pro C[1]	_	_	Hauptteil[3]	1. Claim[4]	
1-7	62-71	wichtiger	1. Richtig[1]	1. Angemessen[1]	1. Verständlich[1]	*[1]	*[1]	Emissionen vorhanden[1]	Preis/Betrieb vorhanden[1]	*[1]	*[1]	Wirkungsgrad vorhanden[1]	Contra A[1]	Contra B[1]	Pro C[1]	_	_	Hauptteil[3]	1. Claim[4]	
1-8	72-75	als	1. Richtig[1]	1. Angemessen[1]	1. Verständlich[1]	*[1]	*[1]	Emissionen vorhanden[1]	Preis/Betrieb vorhanden[1]	*[1]	*[1]	Wirkungsgrad vorhanden[1]	Contra A[1]	Contra B[1]	Pro C[1]	_	_	Hauptteil[3]	1. Claim[4]	
1-9	76-78	zb	1. Richtig[1]	1. Angemessen[1]	1. Verständlich[1]	*[1]	*[1]	Emissionen vorhanden[1]	Preis/Betrieb vorhanden[1]	*[1]	*[1]	Wirkungsgrad vorhanden[1]	Contra A[1]	Contra B[1]	Pro C[1]	_	_	Hauptteil[3]	1. Claim[4]	
1-10	79-82	das	1. Richtig[1]	1. Angemessen[1]	1. Verständlich[1]	*[1]	*[1]	Emissionen vorhanden[1]	Preis/Betrieb vorhanden[1]	*[1]	*[1]	Wirkungsgrad vorhanden[1]	Contra A[1]	Contra B[1]	Pro C[1]	_	_	Hauptteil[3]	1. Claim[4]	
1-11	83-92	Kriterium	1. Richtig[1]	1. Angemessen[1]	1. Verständlich[1]	*[1]	*[1]	Emissionen vorhanden[1]	Preis/Betrieb vorhanden[1]	*[1]	*[1]	Wirkungsgrad vorhanden[1]	Contra A[1]	Contra B[1]	Pro C[1]	_	_	Hauptteil[3]	1. Claim[4]	
1-12	93-100	Betrieb	1. Richtig[1]	1. Angemessen[1]	1. Verständlich[1]	*[1]	*[1]	Emissionen vorhanden[1]	Preis/Betrieb vorhanden[1]	*[1]	*[1]	Wirkungsgrad vorhanden[1]	Contra A[1]	Contra B[1]	Pro C[1]	_	_	Hauptteil[3]	1. Claim[4]	
1-13	100-101	.	1. Richtig[1]	1. Angemessen[1]	1. Verständlich[1]	*[1]	*[1]	Emissionen vorhanden[1]	Preis/Betrieb vorhanden[1]	*[1]	*[1]	Wirkungsgrad vorhanden[1]	Contra A[1]	Contra B[1]	Pro C[1]	_	_	Hauptteil[3]	1. Claim[4]	

2-1	103-116	Akkumulatoren	1. Richtig[1]	1. Angemessen[1]	1. Verständlich[1]	*[1]	*[1]	Emissionen vorhanden[1]	Preis/Betrieb vorhanden[1]	*[1]	*[1]	Wirkungsgrad vorhanden[1]	Contra A[1]	Contra B[1]	Pro C[1]	2. Cut-off[2]	Gesamtthese[2]	Hauptteil[3]	1. Claim[5]	
2-2	117-121	sind	1. Richtig[1]	1. Angemessen[1]	1. Verständlich[1]	*[1]	*[1]	Emissionen vorhanden[1]	Preis/Betrieb vorhanden[1]	*[1]	*[1]	Wirkungsgrad vorhanden[1]	Contra A[1]	Contra B[1]	Pro C[1]	2. Cut-off[2]	Gesamtthese[2]	Hauptteil[3]	1. Claim[5]	
2-3	122-125	die	1. Richtig[1]	1. Angemessen[1]	1. Verständlich[1]	*[1]	*[1]	Emissionen vorhanden[1]	Preis/Betrieb vorhanden[1]	*[1]	*[1]	Wirkungsgrad vorhanden[1]	Contra A[1]	Contra B[1]	Pro C[1]	2. Cut-off[2]	Gesamtthese[2]	Hauptteil[3]	1. Claim[5]	
2-4	126-131	beste	1. Richtig[1]	1. Angemessen[1]	1. Verständlich[1]	*[1]	*[1]	Emissionen vorhanden[1]	Preis/Betrieb vorhanden[1]	*[1]	*[1]	Wirkungsgrad vorhanden[1]	Contra A[1]	Contra B[1]	Pro C[1]	2. Cut-off[2]	Gesamtthese[2]	Hauptteil[3]	1. Claim[5]	
2-5	132-138	Lösung	1. Richtig[1]	1. Angemessen[1]	1. Verständlich[1]	*[1]	*[1]	Emissionen vorhanden[1]	Preis/Betrieb vorhanden[1]	*[1]	*[1]	Wirkungsgrad vorhanden[1]	Contra A[1]	Contra B[1]	Pro C[1]	2. Cut-off[2]	Gesamtthese[2]	Hauptteil[3]	1. Claim[5]	
2-6	139-141	da	1. Richtig[1]	1. Angemessen[1]	1. Verständlich[1]	*[1]	*[1]	Emissionen vorhanden[1]	Preis/Betrieb vorhanden[1]	*[1]	*[1]	Wirkungsgrad vorhanden[1]	Contra A[1]	Contra B[1]	Pro C[1]	2. Cut-off[2]	Gesamtthese[2]	Hauptteil[3]	2. Data[6]	
2-7	142-145	sie	1. Richtig[1]	1. Angemessen[1]	1. Verständlich[1]	*[1]	*[1]	Emissionen vorhanden[1]	Preis/Betrieb vorhanden[1]	*[1]	*[1]	Wirkungsgrad vorhanden[1]	Contra A[1]	Contra B[1]	Pro C[1]	2. Cut-off[2]	Gesamtthese[2]	Hauptteil[3]	2. Data[6]	
2-8	146-151	leise	1. Richtig[1]	1. Angemessen[1]	1. Verständlich[1]	*[1]	*[1]	Emissionen vorhanden[1]	Preis/Betrieb vorhanden[1]	*[1]	*[1]	Wirkungsgrad vorhanden[1]	Contra A[1]	Contra B[1]	Pro C[1]	2. Cut-off[2]	Gesamtthese[2]	Hauptteil[3]	2. Data[6]	
2-9	152-155	und	1. Richtig[1]	1. Angemessen[1]	1. Verständlich[1]	*[1]	*[1]	Emissionen vorhanden[1]	Preis/Betrieb vorhanden[1]	*[1]	*[1]	Wirkungsgrad vorhanden[1]	Contra A[1]	Contra B[1]	Pro C[1]	2. Cut-off[2]	Gesamtthese[2]	Hauptteil[3]	2. Data[6]	
2-10	156-161	einen	1. Richtig[1]	1. Angemessen[1]	1. Verständlich[1]	*[1]	*[1]	Emissionen vorhanden[1]	Preis/Betrieb vorhanden[1]	*[1]	*[1]	Wirkungsgrad vorhanden[1]	Contra A[1]	Contra B[1]	Pro C[1]	2. Cut-off[2]	Gesamtthese[2]	Hauptteil[3]	2. Data[6]	
2-11	162-180	Gesamtwirkungsgrad	1. Richtig[1]	1. Angemessen[1]	1. Verständlich[1]	*[1]	*[1]	Emissionen vorhanden[1]	Preis/Betrieb vorhanden[1]	*[1]	*[1]	Wirkungsgrad vorhanden[1]	Contra A[1]	Contra B[1]	Pro C[1]	2. Cut-off[2]	Gesamtthese[2]	Hauptteil[3]	2. Data[6]	
2-12	181-184	von	1. Richtig[1]	1. Angemessen[1]	1. Verständlich[1]	*[1]	*[1]	Emissionen vorhanden[1]	Preis/Betrieb vorhanden[1]	*[1]	*[1]	Wirkungsgrad vorhanden[1]	Contra A[1]	Contra B[1]	Pro C[1]	2. Cut-off[2]	Gesamtthese[2]	Hauptteil[3]	2. Data[6]	
2-13	185-188	70%	1. Richtig[1]	1. Angemessen[1]	1. Verständlich[1]	*[1]	*[1]	Emissionen vorhanden[1]	Preis/Betrieb vorhanden[1]	*[1]	*[1]	Wirkungsgrad vorhanden[1]	Contra A[1]	Contra B[1]	Pro C[1]	2. Cut-off[2]	Gesamtthese[2]	Hauptteil[3]	2. Data[6]	
2-14	189-194	haben	1. Richtig[1]	1. Angemessen[1]	1. Verständlich[1]	*[1]	*[1]	Emissionen vorhanden[1]	Preis/Betrieb vorhanden[1]	*[1]	*[1]	Wirkungsgrad vorhanden[1]	Contra A[1]	Contra B[1]	Pro C[1]	2. Cut-off[2]	Gesamtthese[2]	Hauptteil[3]	2. Data[6]	
2-15	194-195	.	1. Richtig[1]	1. Angemessen[1]	1. Verständlich[1]	*[1]	*[1]	Emissionen vorhanden[1]	Preis/Betrieb vorhanden[1]	*[1]	*[1]	Wirkungsgrad vorhanden[1]	Contra A[1]	Contra B[1]	Pro C[1]	2. Cut-off[2]	Gesamtthese[2]	Hauptteil[3]	2. Data[6]	
