#FORMAT=WebAnno TSV 3.3
#T_SP=webanno.custom.Argument|Accuracy|Adequacy|Clarity|KriteriumJahresertragEnergiedichte|KriteriumLebensdauerVerfgbarkeit|KriteriumLokaleEmissionenGeruschemissionen|KriteriumPreisBetrieb|KriteriumSonstiges|KriteriumTreibhausgasemissionen|KriteriumWirkungsgrad|OptionA|OptionB|OptionC
#T_SP=webanno.custom.DecisionMakingStrategies|Decision|Gesamtthese
#T_SP=webanno.custom.Struktur|Struktur
#T_SP=webanno.custom.StrukturTAP|TAPArgumente


1-1	0-2	Im	1. Richtig[1]	1. Angemessen[1]	1. Verständlich[1]	*[1]	Lebensdauer/Verfügbarkeit vorhanden[1]	*[1]	*[1]	*[1]	Treibhausgasemissionen vorhanden[1]	*[1]	*[1]	Pro B[1]	*[1]	2. Cut-off[5]	Gesamtthese[5]	Hauptteil[6]	2. Data[7]	
1-2	3-12	Angesicht	1. Richtig[1]	1. Angemessen[1]	1. Verständlich[1]	*[1]	Lebensdauer/Verfügbarkeit vorhanden[1]	*[1]	*[1]	*[1]	Treibhausgasemissionen vorhanden[1]	*[1]	*[1]	Pro B[1]	*[1]	2. Cut-off[5]	Gesamtthese[5]	Hauptteil[6]	2. Data[7]	
1-3	13-16	der	1. Richtig[1]	1. Angemessen[1]	1. Verständlich[1]	*[1]	Lebensdauer/Verfügbarkeit vorhanden[1]	*[1]	*[1]	*[1]	Treibhausgasemissionen vorhanden[1]	*[1]	*[1]	Pro B[1]	*[1]	2. Cut-off[5]	Gesamtthese[5]	Hauptteil[6]	2. Data[7]	
1-4	17-25	Tatsache	1. Richtig[1]	1. Angemessen[1]	1. Verständlich[1]	*[1]	Lebensdauer/Verfügbarkeit vorhanden[1]	*[1]	*[1]	*[1]	Treibhausgasemissionen vorhanden[1]	*[1]	*[1]	Pro B[1]	*[1]	2. Cut-off[5]	Gesamtthese[5]	Hauptteil[6]	2. Data[7]	
1-5	25-26	,	1. Richtig[1]	1. Angemessen[1]	1. Verständlich[1]	*[1]	Lebensdauer/Verfügbarkeit vorhanden[1]	*[1]	*[1]	*[1]	Treibhausgasemissionen vorhanden[1]	*[1]	*[1]	Pro B[1]	*[1]	2. Cut-off[5]	Gesamtthese[5]	Hauptteil[6]	2. Data[7]	
1-6	27-31	dass	1. Richtig[1]	1. Angemessen[1]	1. Verständlich[1]	*[1]	Lebensdauer/Verfügbarkeit vorhanden[1]	*[1]	*[1]	*[1]	Treibhausgasemissionen vorhanden[1]	*[1]	*[1]	Pro B[1]	*[1]	2. Cut-off[5]	Gesamtthese[5]	Hauptteil[6]	2. Data[7]	
1-7	32-39	E-Fuels	1. Richtig[1]	1. Angemessen[1]	1. Verständlich[1]	*[1]	Lebensdauer/Verfügbarkeit vorhanden[1]	*[1]	*[1]	*[1]	Treibhausgasemissionen vorhanden[1]	*[1]	*[1]	Pro B[1]	*[1]	2. Cut-off[5]	Gesamtthese[5]	Hauptteil[6]	2. Data[7]	
1-8	40-43	die	1. Richtig[1]	1. Angemessen[1]	1. Verständlich[1]	*[1]	Lebensdauer/Verfügbarkeit vorhanden[1]	*[1]	*[1]	*[1]	Treibhausgasemissionen vorhanden[1]	*[1]	*[1]	Pro B[1]	*[1]	2. Cut-off[5]	Gesamtthese[5]	Hauptteil[6]	2. Data[7]	
1-9	44-55	niedrigsten	1. Richtig[1]	1. Angemessen[1]	1. Verständlich[1]	*[1]	Lebensdauer/Verfügbarkeit vorhanden[1]	*[1]	*[1]	*[1]	Treibhausgasemissionen vorhanden[1]	*[1]	*[1]	Pro B[1]	*[1]	2. Cut-off[5]	Gesamtthese[5]	Hauptteil[6]	2. Data[7]	
1-10	56-78	Treibhausgasemissionen	1. Richtig[1]	1. Angemessen[1]	1. Verständlich[1]	*[1]	Lebensdauer/Verfügbarkeit vorhanden[1]	*[1]	*[1]	*[1]	Treibhausgasemissionen vorhanden[1]	*[1]	*[1]	Pro B[1]	*[1]	2. Cut-off[5]	Gesamtthese[5]	Hauptteil[6]	2. Data[7]	
1-11	79-82	bei	1. Richtig[1]	1. Angemessen[1]	1. Verständlich[1]	*[1]	Lebensdauer/Verfügbarkeit vorhanden[1]	*[1]	*[1]	*[1]	Treibhausgasemissionen vorhanden[1]	*[1]	*[1]	Pro B[1]	*[1]	2. Cut-off[5]	Gesamtthese[5]	Hauptteil[6]	2. Data[7]	
1-12	83-86	der	1. Richtig[1]	1. Angemessen[1]	1. Verständlich[1]	*[1]	Lebensdauer/Verfügbarkeit vorhanden[1]	*[1]	*[1]	*[1]	Treibhausgasemissionen vorhanden[1]	*[1]	*[1]	Pro B[1]	*[1]	2. Cut-off[5]	Gesamtthese[5]	Hauptteil[6]	2. Data[7]	
1-13	87-98	Herstellung	1. Richtig[1]	1. Angemessen[1]	1. Verständlich[1]	*[1]	Lebensdauer/Verfügbarkeit vorhanden[1]	*[1]	*[1]	*[1]	Treibhausgasemissionen vorhanden[1]	*[1]	*[1]	Pro B[1]	*[1]	2. Cut-off[5]	Gesamtthese[5]	Hauptteil[6]	2. Data[7]	
1-14	99-104	haben	1. Richtig[1]	1. Angemessen[1]	1. Verständlich[1]	*[1]	Lebensdauer/Verfügbarkeit vorhanden[1]	*[1]	*[1]	*[1]	Treibhausgasemissionen vorhanden[1]	*[1]	*[1]	Pro B[1]	*[1]	2. Cut-off[5]	Gesamtthese[5]	Hauptteil[6]	2. Data[7]	
1-15	105-108	und	1. Richtig[1]	1. Angemessen[1]	1. Verständlich[1]	*[1]	Lebensdauer/Verfügbarkeit vorhanden[1]	*[1]	*[1]	*[1]	Treibhausgasemissionen vorhanden[1]	*[1]	*[1]	Pro B[1]	*[1]	2. Cut-off[5]	Gesamtthese[5]	Hauptteil[6]	2. Data[7]	
1-16	109-116	dennoch	1. Richtig[1]	1. Angemessen[1]	1. Verständlich[1]	*[1]	Lebensdauer/Verfügbarkeit vorhanden[1]	*[1]	*[1]	*[1]	Treibhausgasemissionen vorhanden[1]	*[1]	*[1]	Pro B[1]	*[1]	2. Cut-off[5]	Gesamtthese[5]	Hauptteil[6]	2. Data[7]	
1-17	117-119	in	1. Richtig[1]	1. Angemessen[1]	1. Verständlich[1]	*[1]	Lebensdauer/Verfügbarkeit vorhanden[1]	*[1]	*[1]	*[1]	Treibhausgasemissionen vorhanden[1]	*[1]	*[1]	Pro B[1]	*[1]	2. Cut-off[5]	Gesamtthese[5]	Hauptteil[6]	2. Data[7]	
1-18	120-126	Massen	1. Richtig[1]	1. Angemessen[1]	1. Verständlich[1]	*[1]	Lebensdauer/Verfügbarkeit vorhanden[1]	*[1]	*[1]	*[1]	Treibhausgasemissionen vorhanden[1]	*[1]	*[1]	Pro B[1]	*[1]	2. Cut-off[5]	Gesamtthese[5]	Hauptteil[6]	2. Data[7]	
1-19	127-137	produziert	1. Richtig[1]	1. Angemessen[1]	1. Verständlich[1]	*[1]	Lebensdauer/Verfügbarkeit vorhanden[1]	*[1]	*[1]	*[1]	Treibhausgasemissionen vorhanden[1]	*[1]	*[1]	Pro B[1]	*[1]	2. Cut-off[5]	Gesamtthese[5]	Hauptteil[6]	2. Data[7]	
1-20	138-144	werden	1. Richtig[1]	1. Angemessen[1]	1. Verständlich[1]	*[1]	Lebensdauer/Verfügbarkeit vorhanden[1]	*[1]	*[1]	*[1]	Treibhausgasemissionen vorhanden[1]	*[1]	*[1]	Pro B[1]	*[1]	2. Cut-off[5]	Gesamtthese[5]	Hauptteil[6]	2. Data[7]	
1-21	145-151	können	1. Richtig[1]	1. Angemessen[1]	1. Verständlich[1]	*[1]	Lebensdauer/Verfügbarkeit vorhanden[1]	*[1]	*[1]	*[1]	Treibhausgasemissionen vorhanden[1]	*[1]	*[1]	Pro B[1]	*[1]	2. Cut-off[5]	Gesamtthese[5]	Hauptteil[6]	2. Data[7]	
1-22	151-152	,	1. Richtig[1]	1. Angemessen[1]	1. Verständlich[1]	*[1]	Lebensdauer/Verfügbarkeit vorhanden[1]	*[1]	*[1]	*[1]	Treibhausgasemissionen vorhanden[1]	*[1]	*[1]	Pro B[1]	*[1]	2. Cut-off[5]	Gesamtthese[5]	Hauptteil[6]	2. Data[7]	
1-23	153-163	entscheide	1. Richtig[1]	1. Angemessen[1]	1. Verständlich[1]	*[1]	Lebensdauer/Verfügbarkeit vorhanden[1]	*[1]	*[1]	*[1]	Treibhausgasemissionen vorhanden[1]	*[1]	*[1]	Pro B[1]	*[1]	2. Cut-off[5]	Gesamtthese[5]	Hauptteil[6]	1. Claim[8]	
1-24	164-167	ich	1. Richtig[1]	1. Angemessen[1]	1. Verständlich[1]	*[1]	Lebensdauer/Verfügbarkeit vorhanden[1]	*[1]	*[1]	*[1]	Treibhausgasemissionen vorhanden[1]	*[1]	*[1]	Pro B[1]	*[1]	2. Cut-off[5]	Gesamtthese[5]	Hauptteil[6]	1. Claim[8]	
1-25	168-172	mich	1. Richtig[1]	1. Angemessen[1]	1. Verständlich[1]	*[1]	Lebensdauer/Verfügbarkeit vorhanden[1]	*[1]	*[1]	*[1]	Treibhausgasemissionen vorhanden[1]	*[1]	*[1]	Pro B[1]	*[1]	2. Cut-off[5]	Gesamtthese[5]	Hauptteil[6]	1. Claim[8]	
1-26	173-176	für	1. Richtig[1]	1. Angemessen[1]	1. Verständlich[1]	*[1]	Lebensdauer/Verfügbarkeit vorhanden[1]	*[1]	*[1]	*[1]	Treibhausgasemissionen vorhanden[1]	*[1]	*[1]	Pro B[1]	*[1]	2. Cut-off[5]	Gesamtthese[5]	Hauptteil[6]	1. Claim[8]	
1-27	177-182	diese	1. Richtig[1]	1. Angemessen[1]	1. Verständlich[1]	*[1]	Lebensdauer/Verfügbarkeit vorhanden[1]	*[1]	*[1]	*[1]	Treibhausgasemissionen vorhanden[1]	*[1]	*[1]	Pro B[1]	*[1]	2. Cut-off[5]	Gesamtthese[5]	Hauptteil[6]	1. Claim[8]	
1-28	183-186	der	1. Richtig[1]	1. Angemessen[1]	1. Verständlich[1]	*[1]	Lebensdauer/Verfügbarkeit vorhanden[1]	*[1]	*[1]	*[1]	Treibhausgasemissionen vorhanden[1]	*[1]	*[1]	Pro B[1]	*[1]	2. Cut-off[5]	Gesamtthese[5]	Hauptteil[6]	1. Claim[8]	
1-29	187-191	drei	1. Richtig[1]	1. Angemessen[1]	1. Verständlich[1]	*[1]	Lebensdauer/Verfügbarkeit vorhanden[1]	*[1]	*[1]	*[1]	Treibhausgasemissionen vorhanden[1]	*[1]	*[1]	Pro B[1]	*[1]	2. Cut-off[5]	Gesamtthese[5]	Hauptteil[6]	1. Claim[8]	
1-30	192-200	Lösungen	1. Richtig[1]	1. Angemessen[1]	1. Verständlich[1]	*[1]	Lebensdauer/Verfügbarkeit vorhanden[1]	*[1]	*[1]	*[1]	Treibhausgasemissionen vorhanden[1]	*[1]	*[1]	Pro B[1]	*[1]	2. Cut-off[5]	Gesamtthese[5]	Hauptteil[6]	1. Claim[8]	
1-31	200-201	.	1. Richtig[1]	1. Angemessen[1]	1. Verständlich[1]	*[1]	Lebensdauer/Verfügbarkeit vorhanden[1]	*[1]	*[1]	*[1]	Treibhausgasemissionen vorhanden[1]	*[1]	*[1]	Pro B[1]	*[1]	2. Cut-off[5]	Gesamtthese[5]	Hauptteil[6]	1. Claim[8]	

2-1	203-207	Denn	1. Richtig[1]	1. Angemessen[1]	1. Verständlich[1]	*[1]	Lebensdauer/Verfügbarkeit vorhanden[1]	*[1]	*[1]	*[1]	Treibhausgasemissionen vorhanden[1]	*[1]	*[1]	Pro B[1]	*[1]	_	_	Hauptteil[6]	3. Warrant[9]	
2-2	208-210	es	1. Richtig[1]	1. Angemessen[1]	1. Verständlich[1]	*[1]	Lebensdauer/Verfügbarkeit vorhanden[1]	*[1]	*[1]	*[1]	Treibhausgasemissionen vorhanden[1]	*[1]	*[1]	Pro B[1]	*[1]	_	_	Hauptteil[6]	3. Warrant[9]	
2-3	211-214	ist	1. Richtig[1]	1. Angemessen[1]	1. Verständlich[1]	*[1]	Lebensdauer/Verfügbarkeit vorhanden[1]	*[1]	*[1]	*[1]	Treibhausgasemissionen vorhanden[1]	*[1]	*[1]	Pro B[1]	*[1]	_	_	Hauptteil[6]	3. Warrant[9]	
2-4	215-222	wichtig	1. Richtig[1]	1. Angemessen[1]	1. Verständlich[1]	*[1]	Lebensdauer/Verfügbarkeit vorhanden[1]	*[1]	*[1]	*[1]	Treibhausgasemissionen vorhanden[1]	*[1]	*[1]	Pro B[1]	*[1]	_	_	Hauptteil[6]	3. Warrant[9]	
2-5	223-226	das	1. Richtig[1]	1. Angemessen[1]	1. Verständlich[1]	*[1]	Lebensdauer/Verfügbarkeit vorhanden[1]	*[1]	*[1]	*[1]	Treibhausgasemissionen vorhanden[1]	*[1]	*[1]	Pro B[1]	*[1]	_	_	Hauptteil[6]	3. Warrant[9]	
2-6	227-230	man	1. Richtig[1]	1. Angemessen[1]	1. Verständlich[1]	*[1]	Lebensdauer/Verfügbarkeit vorhanden[1]	*[1]	*[1]	*[1]	Treibhausgasemissionen vorhanden[1]	*[1]	*[1]	Pro B[1]	*[1]	_	_	Hauptteil[6]	3. Warrant[9]	
2-7	231-238	schnell	1. Richtig[1]	1. Angemessen[1]	1. Verständlich[1]	*[1]	Lebensdauer/Verfügbarkeit vorhanden[1]	*[1]	*[1]	*[1]	Treibhausgasemissionen vorhanden[1]	*[1]	*[1]	Pro B[1]	*[1]	_	_	Hauptteil[6]	3. Warrant[9]	
2-8	239-243	viel	1. Richtig[1]	1. Angemessen[1]	1. Verständlich[1]	*[1]	Lebensdauer/Verfügbarkeit vorhanden[1]	*[1]	*[1]	*[1]	Treibhausgasemissionen vorhanden[1]	*[1]	*[1]	Pro B[1]	*[1]	_	_	Hauptteil[6]	3. Warrant[9]	
2-9	244-249	davon	1. Richtig[1]	1. Angemessen[1]	1. Verständlich[1]	*[1]	Lebensdauer/Verfügbarkeit vorhanden[1]	*[1]	*[1]	*[1]	Treibhausgasemissionen vorhanden[1]	*[1]	*[1]	Pro B[1]	*[1]	_	_	Hauptteil[6]	3. Warrant[9]	
2-10	250-261	produzieren	1. Richtig[1]	1. Angemessen[1]	1. Verständlich[1]	*[1]	Lebensdauer/Verfügbarkeit vorhanden[1]	*[1]	*[1]	*[1]	Treibhausgasemissionen vorhanden[1]	*[1]	*[1]	Pro B[1]	*[1]	_	_	Hauptteil[6]	3. Warrant[9]	
2-11	262-266	kann	1. Richtig[1]	1. Angemessen[1]	1. Verständlich[1]	*[1]	Lebensdauer/Verfügbarkeit vorhanden[1]	*[1]	*[1]	*[1]	Treibhausgasemissionen vorhanden[1]	*[1]	*[1]	Pro B[1]	*[1]	_	_	Hauptteil[6]	3. Warrant[9]	
2-12	267-271	ohne	1. Richtig[1]	1. Angemessen[1]	1. Verständlich[1]	*[1]	Lebensdauer/Verfügbarkeit vorhanden[1]	*[1]	*[1]	*[1]	Treibhausgasemissionen vorhanden[1]	*[1]	*[1]	Pro B[1]	*[1]	_	_	Hauptteil[6]	3. Warrant[9]	
2-13	272-276	viel	1. Richtig[1]	1. Angemessen[1]	1. Verständlich[1]	*[1]	Lebensdauer/Verfügbarkeit vorhanden[1]	*[1]	*[1]	*[1]	Treibhausgasemissionen vorhanden[1]	*[1]	*[1]	Pro B[1]	*[1]	_	_	Hauptteil[6]	3. Warrant[9]	
2-14	277-280	CO2	1. Richtig[1]	1. Angemessen[1]	1. Verständlich[1]	*[1]	Lebensdauer/Verfügbarkeit vorhanden[1]	*[1]	*[1]	*[1]	Treibhausgasemissionen vorhanden[1]	*[1]	*[1]	Pro B[1]	*[1]	_	_	Hauptteil[6]	3. Warrant[9]	
2-15	281-292	auszustoßen	1. Richtig[1]	1. Angemessen[1]	1. Verständlich[1]	*[1]	Lebensdauer/Verfügbarkeit vorhanden[1]	*[1]	*[1]	*[1]	Treibhausgasemissionen vorhanden[1]	*[1]	*[1]	Pro B[1]	*[1]	_	_	Hauptteil[6]	3. Warrant[9]	
2-16	292-293	,	1. Richtig[1]	1. Angemessen[1]	1. Verständlich[1]	*[1]	Lebensdauer/Verfügbarkeit vorhanden[1]	*[1]	*[1]	*[1]	Treibhausgasemissionen vorhanden[1]	*[1]	*[1]	Pro B[1]	*[1]	_	_	Hauptteil[6]	3. Warrant[9]	
2-17	294-296	da	1. Richtig[1]	1. Angemessen[1]	1. Verständlich[1]	*[1]	Lebensdauer/Verfügbarkeit vorhanden[1]	*[1]	*[1]	*[1]	Treibhausgasemissionen vorhanden[1]	*[1]	*[1]	Pro B[1]	*[1]	_	_	Hauptteil[6]	3. Warrant[9]	
2-18	297-301	nach	1. Richtig[1]	1. Angemessen[1]	1. Verständlich[1]	*[1]	Lebensdauer/Verfügbarkeit vorhanden[1]	*[1]	*[1]	*[1]	Treibhausgasemissionen vorhanden[1]	*[1]	*[1]	Pro B[1]	*[1]	_	_	Hauptteil[6]	3. Warrant[9]	
2-19	302-307	einem	1. Richtig[1]	1. Angemessen[1]	1. Verständlich[1]	*[1]	Lebensdauer/Verfügbarkeit vorhanden[1]	*[1]	*[1]	*[1]	Treibhausgasemissionen vorhanden[1]	*[1]	*[1]	Pro B[1]	*[1]	_	_	Hauptteil[6]	3. Warrant[9]	
2-20	308-314	Verbot	1. Richtig[1]	1. Angemessen[1]	1. Verständlich[1]	*[1]	Lebensdauer/Verfügbarkeit vorhanden[1]	*[1]	*[1]	*[1]	Treibhausgasemissionen vorhanden[1]	*[1]	*[1]	Pro B[1]	*[1]	_	_	Hauptteil[6]	3. Warrant[9]	
2-21	315-318	der	1. Richtig[1]	1. Angemessen[1]	1. Verständlich[1]	*[1]	Lebensdauer/Verfügbarkeit vorhanden[1]	*[1]	*[1]	*[1]	Treibhausgasemissionen vorhanden[1]	*[1]	*[1]	Pro B[1]	*[1]	_	_	Hauptteil[6]	3. Warrant[9]	
2-22	319-324	alten	1. Richtig[1]	1. Angemessen[1]	1. Verständlich[1]	*[1]	Lebensdauer/Verfügbarkeit vorhanden[1]	*[1]	*[1]	*[1]	Treibhausgasemissionen vorhanden[1]	*[1]	*[1]	Pro B[1]	*[1]	_	_	Hauptteil[6]	3. Warrant[9]	
2-23	325-330	Autor	1. Richtig[1]	1. Angemessen[1]	1. Verständlich[1]	*[1]	Lebensdauer/Verfügbarkeit vorhanden[1]	*[1]	*[1]	*[1]	Treibhausgasemissionen vorhanden[1]	*[1]	*[1]	Pro B[1]	*[1]	_	_	Hauptteil[6]	3. Warrant[9]	
2-24	331-334	die	1. Richtig[1]	1. Angemessen[1]	1. Verständlich[1]	*[1]	Lebensdauer/Verfügbarkeit vorhanden[1]	*[1]	*[1]	*[1]	Treibhausgasemissionen vorhanden[1]	*[1]	*[1]	Pro B[1]	*[1]	_	_	Hauptteil[6]	3. Warrant[9]	
2-25	335-344	Nachfrage	1. Richtig[1]	1. Angemessen[1]	1. Verständlich[1]	*[1]	Lebensdauer/Verfügbarkeit vorhanden[1]	*[1]	*[1]	*[1]	Treibhausgasemissionen vorhanden[1]	*[1]	*[1]	Pro B[1]	*[1]	_	_	Hauptteil[6]	3. Warrant[9]	
2-26	345-349	nach	1. Richtig[1]	1. Angemessen[1]	1. Verständlich[1]	*[1]	Lebensdauer/Verfügbarkeit vorhanden[1]	*[1]	*[1]	*[1]	Treibhausgasemissionen vorhanden[1]	*[1]	*[1]	Pro B[1]	*[1]	_	_	Hauptteil[6]	3. Warrant[9]	
2-27	350-357	E-Fuels	1. Richtig[1]	1. Angemessen[1]	1. Verständlich[1]	*[1]	Lebensdauer/Verfügbarkeit vorhanden[1]	*[1]	*[1]	*[1]	Treibhausgasemissionen vorhanden[1]	*[1]	*[1]	Pro B[1]	*[1]	_	_	Hauptteil[6]	3. Warrant[9]	
2-28	358-363	stark	1. Richtig[1]	1. Angemessen[1]	1. Verständlich[1]	*[1]	Lebensdauer/Verfügbarkeit vorhanden[1]	*[1]	*[1]	*[1]	Treibhausgasemissionen vorhanden[1]	*[1]	*[1]	Pro B[1]	*[1]	_	_	Hauptteil[6]	3. Warrant[9]	
2-29	364-371	steigen	1. Richtig[1]	1. Angemessen[1]	1. Verständlich[1]	*[1]	Lebensdauer/Verfügbarkeit vorhanden[1]	*[1]	*[1]	*[1]	Treibhausgasemissionen vorhanden[1]	*[1]	*[1]	Pro B[1]	*[1]	_	_	Hauptteil[6]	3. Warrant[9]	
2-30	372-376	wird	1. Richtig[1]	1. Angemessen[1]	1. Verständlich[1]	*[1]	Lebensdauer/Verfügbarkeit vorhanden[1]	*[1]	*[1]	*[1]	Treibhausgasemissionen vorhanden[1]	*[1]	*[1]	Pro B[1]	*[1]	_	_	Hauptteil[6]	3. Warrant[9]	
2-31	376-377	.	1. Richtig[1]	1. Angemessen[1]	1. Verständlich[1]	*[1]	Lebensdauer/Verfügbarkeit vorhanden[1]	*[1]	*[1]	*[1]	Treibhausgasemissionen vorhanden[1]	*[1]	*[1]	Pro B[1]	*[1]	_	_	Hauptteil[6]	3. Warrant[9]	

3-1	379-386	E-Fuels	1. Richtig[2]	1. Angemessen[2]	1. Verständlich[2]	*[2]	*[2]	*[2]	Preis/Betrieb vorhanden[2]	*[2]	*[2]	Wirkungsgrad vorhanden[2]	*[2]	Pro B[2]	Contra C[2]	_	_	Hauptteil[6]	2. Data[10]	
3-2	387-392	haben	1. Richtig[2]	1. Angemessen[2]	1. Verständlich[2]	*[2]	*[2]	*[2]	Preis/Betrieb vorhanden[2]	*[2]	*[2]	Wirkungsgrad vorhanden[2]	*[2]	Pro B[2]	Contra C[2]	_	_	Hauptteil[6]	2. Data[10]	
3-3	393-397	zwar	1. Richtig[2]	1. Angemessen[2]	1. Verständlich[2]	*[2]	*[2]	*[2]	Preis/Betrieb vorhanden[2]	*[2]	*[2]	Wirkungsgrad vorhanden[2]	*[2]	Pro B[2]	Contra C[2]	_	_	Hauptteil[6]	2. Data[10]	
3-4	398-401	den	1. Richtig[2]	1. Angemessen[2]	1. Verständlich[2]	*[2]	*[2]	*[2]	Preis/Betrieb vorhanden[2]	*[2]	*[2]	Wirkungsgrad vorhanden[2]	*[2]	Pro B[2]	Contra C[2]	_	_	Hauptteil[6]	2. Data[10]	
3-5	402-413	niedrigsten	1. Richtig[2]	1. Angemessen[2]	1. Verständlich[2]	*[2]	*[2]	*[2]	Preis/Betrieb vorhanden[2]	*[2]	*[2]	Wirkungsgrad vorhanden[2]	*[2]	Pro B[2]	Contra C[2]	_	_	Hauptteil[6]	2. Data[10]	
3-6	414-432	Gesamtwirkungsgrad	1. Richtig[2]	1. Angemessen[2]	1. Verständlich[2]	*[2]	*[2]	*[2]	Preis/Betrieb vorhanden[2]	*[2]	*[2]	Wirkungsgrad vorhanden[2]	*[2]	Pro B[2]	Contra C[2]	_	_	Hauptteil[6]	2. Data[10]	
3-7	433-434	(	1. Richtig[2]	1. Angemessen[2]	1. Verständlich[2]	*[2]	*[2]	*[2]	Preis/Betrieb vorhanden[2]	*[2]	*[2]	Wirkungsgrad vorhanden[2]	*[2]	Pro B[2]	Contra C[2]	_	_	Hauptteil[6]	2. Data[10]	
3-8	434-436	15	1. Richtig[2]	1. Angemessen[2]	1. Verständlich[2]	*[2]	*[2]	*[2]	Preis/Betrieb vorhanden[2]	*[2]	*[2]	Wirkungsgrad vorhanden[2]	*[2]	Pro B[2]	Contra C[2]	_	_	Hauptteil[6]	2. Data[10]	
3-9	436-437	-	1. Richtig[2]	1. Angemessen[2]	1. Verständlich[2]	*[2]	*[2]	*[2]	Preis/Betrieb vorhanden[2]	*[2]	*[2]	Wirkungsgrad vorhanden[2]	*[2]	Pro B[2]	Contra C[2]	_	_	Hauptteil[6]	2. Data[10]	
3-10	437-440	20%	1. Richtig[2]	1. Angemessen[2]	1. Verständlich[2]	*[2]	*[2]	*[2]	Preis/Betrieb vorhanden[2]	*[2]	*[2]	Wirkungsgrad vorhanden[2]	*[2]	Pro B[2]	Contra C[2]	_	_	Hauptteil[6]	2. Data[10]	
3-11	440-441	)	1. Richtig[2]	1. Angemessen[2]	1. Verständlich[2]	*[2]	*[2]	*[2]	Preis/Betrieb vorhanden[2]	*[2]	*[2]	Wirkungsgrad vorhanden[2]	*[2]	Pro B[2]	Contra C[2]	_	_	Hauptteil[6]	2. Data[10]	
3-12	441-442	,	1. Richtig[2]	1. Angemessen[2]	1. Verständlich[2]	*[2]	*[2]	*[2]	Preis/Betrieb vorhanden[2]	*[2]	*[2]	Wirkungsgrad vorhanden[2]	*[2]	Pro B[2]	Contra C[2]	_	_	Hauptteil[6]	2. Data[10]	
3-13	443-451	brauchen	1. Richtig[2]	1. Angemessen[2]	1. Verständlich[2]	*[2]	*[2]	*[2]	Preis/Betrieb vorhanden[2]	*[2]	*[2]	Wirkungsgrad vorhanden[2]	*[2]	Pro B[2]	Contra C[2]	_	_	Hauptteil[6]	4. Rebuttal[11]	
3-14	452-456	aber	1. Richtig[2]	1. Angemessen[2]	1. Verständlich[2]	*[2]	*[2]	*[2]	Preis/Betrieb vorhanden[2]	*[2]	*[2]	Wirkungsgrad vorhanden[2]	*[2]	Pro B[2]	Contra C[2]	_	_	Hauptteil[6]	4. Rebuttal[11]	
3-15	457-461	auch	1. Richtig[2]	1. Angemessen[2]	1. Verständlich[2]	*[2]	*[2]	*[2]	Preis/Betrieb vorhanden[2]	*[2]	*[2]	Wirkungsgrad vorhanden[2]	*[2]	Pro B[2]	Contra C[2]	_	_	Hauptteil[6]	4. Rebuttal[11]	
3-16	462-465	nur	1. Richtig[2]	1. Angemessen[2]	1. Verständlich[2]	*[2]	*[2]	*[2]	Preis/Betrieb vorhanden[2]	*[2]	*[2]	Wirkungsgrad vorhanden[2]	*[2]	Pro B[2]	Contra C[2]	_	_	Hauptteil[6]	4. Rebuttal[11]	
3-17	466-470	drei	1. Richtig[2]	1. Angemessen[2]	1. Verständlich[2]	*[2]	*[2]	*[2]	Preis/Betrieb vorhanden[2]	*[2]	*[2]	Wirkungsgrad vorhanden[2]	*[2]	Pro B[2]	Contra C[2]	_	_	Hauptteil[6]	4. Rebuttal[11]	
3-18	471-478	Minuten	1. Richtig[2]	1. Angemessen[2]	1. Verständlich[2]	*[2]	*[2]	*[2]	Preis/Betrieb vorhanden[2]	*[2]	*[2]	Wirkungsgrad vorhanden[2]	*[2]	Pro B[2]	Contra C[2]	_	_	Hauptteil[6]	4. Rebuttal[11]	
3-19	479-482	zum	1. Richtig[2]	1. Angemessen[2]	1. Verständlich[2]	*[2]	*[2]	*[2]	Preis/Betrieb vorhanden[2]	*[2]	*[2]	Wirkungsgrad vorhanden[2]	*[2]	Pro B[2]	Contra C[2]	_	_	Hauptteil[6]	4. Rebuttal[11]	
3-20	483-489	tanken	1. Richtig[2]	1. Angemessen[2]	1. Verständlich[2]	*[2]	*[2]	*[2]	Preis/Betrieb vorhanden[2]	*[2]	*[2]	Wirkungsgrad vorhanden[2]	*[2]	Pro B[2]	Contra C[2]	_	_	Hauptteil[6]	4. Rebuttal[11]	
3-21	490-493	und	1. Richtig[2]	1. Angemessen[2]	1. Verständlich[2]	*[2]	*[2]	*[2]	Preis/Betrieb vorhanden[2]	*[2]	*[2]	Wirkungsgrad vorhanden[2]	*[2]	Pro B[2]	Contra C[2]	_	_	Hauptteil[6]	4. Rebuttal[11]	
3-22	494-499	haben	1. Richtig[2]	1. Angemessen[2]	1. Verständlich[2]	*[2]	*[2]	*[2]	Preis/Betrieb vorhanden[2]	*[2]	*[2]	Wirkungsgrad vorhanden[2]	*[2]	Pro B[2]	Contra C[2]	_	_	Hauptteil[6]	4. Rebuttal[11]	
3-23	500-504	eine	1. Richtig[2]	1. Angemessen[2]	1. Verständlich[2]	*[2]	*[2]	*[2]	Preis/Betrieb vorhanden[2]	*[2]	*[2]	Wirkungsgrad vorhanden[2]	*[2]	Pro B[2]	Contra C[2]	_	_	Hauptteil[6]	4. Rebuttal[11]	
3-24	505-515	Reichweite	1. Richtig[2]	1. Angemessen[2]	1. Verständlich[2]	*[2]	*[2]	*[2]	Preis/Betrieb vorhanden[2]	*[2]	*[2]	Wirkungsgrad vorhanden[2]	*[2]	Pro B[2]	Contra C[2]	_	_	Hauptteil[6]	4. Rebuttal[11]	
3-25	516-519	von	1. Richtig[2]	1. Angemessen[2]	1. Verständlich[2]	*[2]	*[2]	*[2]	Preis/Betrieb vorhanden[2]	*[2]	*[2]	Wirkungsgrad vorhanden[2]	*[2]	Pro B[2]	Contra C[2]	_	_	Hauptteil[6]	4. Rebuttal[11]	
3-26	520-523	700	1. Richtig[2]	1. Angemessen[2]	1. Verständlich[2]	*[2]	*[2]	*[2]	Preis/Betrieb vorhanden[2]	*[2]	*[2]	Wirkungsgrad vorhanden[2]	*[2]	Pro B[2]	Contra C[2]	_	_	Hauptteil[6]	4. Rebuttal[11]	
3-27	524-526	km	1. Richtig[2]	1. Angemessen[2]	1. Verständlich[2]	*[2]	*[2]	*[2]	Preis/Betrieb vorhanden[2]	*[2]	*[2]	Wirkungsgrad vorhanden[2]	*[2]	Pro B[2]	Contra C[2]	_	_	Hauptteil[6]	4. Rebuttal[11]	
3-28	526-527	.	1. Richtig[2]	1. Angemessen[2]	1. Verständlich[2]	*[2]	*[2]	*[2]	Preis/Betrieb vorhanden[2]	*[2]	*[2]	Wirkungsgrad vorhanden[2]	*[2]	Pro B[2]	Contra C[2]	_	_	Hauptteil[6]	4. Rebuttal[11]	

4-1	529-533	Dies	1. Richtig[2]	1. Angemessen[2]	1. Verständlich[2]	*[2]	*[2]	*[2]	Preis/Betrieb vorhanden[2]	*[2]	*[2]	Wirkungsgrad vorhanden[2]	*[2]	Pro B[2]	Contra C[2]	_	_	Hauptteil[6]	1. Claim[12]	
4-2	534-538	wäre	1. Richtig[2]	1. Angemessen[2]	1. Verständlich[2]	*[2]	*[2]	*[2]	Preis/Betrieb vorhanden[2]	*[2]	*[2]	Wirkungsgrad vorhanden[2]	*[2]	Pro B[2]	Contra C[2]	_	_	Hauptteil[6]	1. Claim[12]	
4-3	539-543	auch	1. Richtig[2]	1. Angemessen[2]	1. Verständlich[2]	*[2]	*[2]	*[2]	Preis/Betrieb vorhanden[2]	*[2]	*[2]	Wirkungsgrad vorhanden[2]	*[2]	Pro B[2]	Contra C[2]	_	_	Hauptteil[6]	1. Claim[12]	
4-4	544-547	für	1. Richtig[2]	1. Angemessen[2]	1. Verständlich[2]	*[2]	*[2]	*[2]	Preis/Betrieb vorhanden[2]	*[2]	*[2]	Wirkungsgrad vorhanden[2]	*[2]	Pro B[2]	Contra C[2]	_	_	Hauptteil[6]	1. Claim[12]	
4-5	548-551	den	1. Richtig[2]	1. Angemessen[2]	1. Verständlich[2]	*[2]	*[2]	*[2]	Preis/Betrieb vorhanden[2]	*[2]	*[2]	Wirkungsgrad vorhanden[2]	*[2]	Pro B[2]	Contra C[2]	_	_	Hauptteil[6]	1. Claim[12]	
4-6	552-563	Verbraucher	1. Richtig[2]	1. Angemessen[2]	1. Verständlich[2]	*[2]	*[2]	*[2]	Preis/Betrieb vorhanden[2]	*[2]	*[2]	Wirkungsgrad vorhanden[2]	*[2]	Pro B[2]	Contra C[2]	_	_	Hauptteil[6]	1. Claim[12]	
4-7	564-567	von	1. Richtig[2]	1. Angemessen[2]	1. Verständlich[2]	*[2]	*[2]	*[2]	Preis/Betrieb vorhanden[2]	*[2]	*[2]	Wirkungsgrad vorhanden[2]	*[2]	Pro B[2]	Contra C[2]	_	_	Hauptteil[6]	1. Claim[12]	
4-8	568-575	Vorteil	1. Richtig[2]	1. Angemessen[2]	1. Verständlich[2]	*[2]	*[2]	*[2]	Preis/Betrieb vorhanden[2]	*[2]	*[2]	Wirkungsgrad vorhanden[2]	*[2]	Pro B[2]	Contra C[2]	_	_	Hauptteil[6]	1. Claim[12]	
4-9	575-576	.	1. Richtig[2]	1. Angemessen[2]	1. Verständlich[2]	*[2]	*[2]	*[2]	Preis/Betrieb vorhanden[2]	*[2]	*[2]	Wirkungsgrad vorhanden[2]	*[2]	Pro B[2]	Contra C[2]	_	_	Hauptteil[6]	1. Claim[12]	

5-1	578-591	Akkumulatoren	1. Richtig[2]	1. Angemessen[2]	1. Verständlich[2]	*[2]	*[2]	*[2]	Preis/Betrieb vorhanden[2]	*[2]	*[2]	Wirkungsgrad vorhanden[2]	*[2]	Pro B[2]	Contra C[2]	_	_	Hauptteil[6]	2. Data[13]	
5-2	592-595	zum	1. Richtig[2]	1. Angemessen[2]	1. Verständlich[2]	*[2]	*[2]	*[2]	Preis/Betrieb vorhanden[2]	*[2]	*[2]	Wirkungsgrad vorhanden[2]	*[2]	Pro B[2]	Contra C[2]	_	_	Hauptteil[6]	2. Data[13]	
5-3	596-604	Beispiel	1. Richtig[2]	1. Angemessen[2]	1. Verständlich[2]	*[2]	*[2]	*[2]	Preis/Betrieb vorhanden[2]	*[2]	*[2]	Wirkungsgrad vorhanden[2]	*[2]	Pro B[2]	Contra C[2]	_	_	Hauptteil[6]	2. Data[13]	
5-4	605-610	haben	1. Richtig[2]	1. Angemessen[2]	1. Verständlich[2]	*[2]	*[2]	*[2]	Preis/Betrieb vorhanden[2]	*[2]	*[2]	Wirkungsgrad vorhanden[2]	*[2]	Pro B[2]	Contra C[2]	_	_	Hauptteil[6]	2. Data[13]	
5-5	611-615	zwar	1. Richtig[2]	1. Angemessen[2]	1. Verständlich[2]	*[2]	*[2]	*[2]	Preis/Betrieb vorhanden[2]	*[2]	*[2]	Wirkungsgrad vorhanden[2]	*[2]	Pro B[2]	Contra C[2]	_	_	Hauptteil[6]	2. Data[13]	
5-6	616-619	den	1. Richtig[2]	1. Angemessen[2]	1. Verständlich[2]	*[2]	*[2]	*[2]	Preis/Betrieb vorhanden[2]	*[2]	*[2]	Wirkungsgrad vorhanden[2]	*[2]	Pro B[2]	Contra C[2]	_	_	Hauptteil[6]	2. Data[13]	
5-7	620-628	höchsten	1. Richtig[2]	1. Angemessen[2]	1. Verständlich[2]	*[2]	*[2]	*[2]	Preis/Betrieb vorhanden[2]	*[2]	*[2]	Wirkungsgrad vorhanden[2]	*[2]	Pro B[2]	Contra C[2]	_	_	Hauptteil[6]	2. Data[13]	
5-8	629-647	Gesamtwirkungsgrad	1. Richtig[2]	1. Angemessen[2]	1. Verständlich[2]	*[2]	*[2]	*[2]	Preis/Betrieb vorhanden[2]	*[2]	*[2]	Wirkungsgrad vorhanden[2]	*[2]	Pro B[2]	Contra C[2]	_	_	Hauptteil[6]	2. Data[13]	
5-9	647-648	,	1. Richtig[2]	1. Angemessen[2]	1. Verständlich[2]	*[2]	*[2]	*[2]	Preis/Betrieb vorhanden[2]	*[2]	*[2]	Wirkungsgrad vorhanden[2]	*[2]	Pro B[2]	Contra C[2]	_	_	Hauptteil[6]	2. Data[13]	
5-10	649-659	allerdings	1. Richtig[2]	1. Angemessen[2]	1. Verständlich[2]	*[2]	*[2]	*[2]	Preis/Betrieb vorhanden[2]	*[2]	*[2]	Wirkungsgrad vorhanden[2]	*[2]	Pro B[2]	Contra C[2]	_	_	Hauptteil[6]	4. Rebuttal[14]	
5-11	660-663	nur	1. Richtig[2]	1. Angemessen[2]	1. Verständlich[2]	*[2]	*[2]	*[2]	Preis/Betrieb vorhanden[2]	*[2]	*[2]	Wirkungsgrad vorhanden[2]	*[2]	Pro B[2]	Contra C[2]	_	_	Hauptteil[6]	4. Rebuttal[14]	
5-12	664-668	eine	1. Richtig[2]	1. Angemessen[2]	1. Verständlich[2]	*[2]	*[2]	*[2]	Preis/Betrieb vorhanden[2]	*[2]	*[2]	Wirkungsgrad vorhanden[2]	*[2]	Pro B[2]	Contra C[2]	_	_	Hauptteil[6]	4. Rebuttal[14]	
5-13	669-679	Reichweite	1. Richtig[2]	1. Angemessen[2]	1. Verständlich[2]	*[2]	*[2]	*[2]	Preis/Betrieb vorhanden[2]	*[2]	*[2]	Wirkungsgrad vorhanden[2]	*[2]	Pro B[2]	Contra C[2]	_	_	Hauptteil[6]	4. Rebuttal[14]	
5-14	680-683	von	1. Richtig[2]	1. Angemessen[2]	1. Verständlich[2]	*[2]	*[2]	*[2]	Preis/Betrieb vorhanden[2]	*[2]	*[2]	Wirkungsgrad vorhanden[2]	*[2]	Pro B[2]	Contra C[2]	_	_	Hauptteil[6]	4. Rebuttal[14]	
5-15	684-687	400	1. Richtig[2]	1. Angemessen[2]	1. Verständlich[2]	*[2]	*[2]	*[2]	Preis/Betrieb vorhanden[2]	*[2]	*[2]	Wirkungsgrad vorhanden[2]	*[2]	Pro B[2]	Contra C[2]	_	_	Hauptteil[6]	4. Rebuttal[14]	
5-16	688-690	km	1. Richtig[2]	1. Angemessen[2]	1. Verständlich[2]	*[2]	*[2]	*[2]	Preis/Betrieb vorhanden[2]	*[2]	*[2]	Wirkungsgrad vorhanden[2]	*[2]	Pro B[2]	Contra C[2]	_	_	Hauptteil[6]	4. Rebuttal[14]	
5-17	691-694	und	1. Richtig[2]	1. Angemessen[2]	1. Verständlich[2]	*[2]	*[2]	*[2]	Preis/Betrieb vorhanden[2]	*[2]	*[2]	Wirkungsgrad vorhanden[2]	*[2]	Pro B[2]	Contra C[2]	_	_	Hauptteil[6]	4. Rebuttal[14]	
5-18	695-699	eine	1. Richtig[2]	1. Angemessen[2]	1. Verständlich[2]	*[2]	*[2]	*[2]	Preis/Betrieb vorhanden[2]	*[2]	*[2]	Wirkungsgrad vorhanden[2]	*[2]	Pro B[2]	Contra C[2]	_	_	Hauptteil[6]	4. Rebuttal[14]	
5-19	700-709	Ladedauer	1. Richtig[2]	1. Angemessen[2]	1. Verständlich[2]	*[2]	*[2]	*[2]	Preis/Betrieb vorhanden[2]	*[2]	*[2]	Wirkungsgrad vorhanden[2]	*[2]	Pro B[2]	Contra C[2]	_	_	Hauptteil[6]	4. Rebuttal[14]	
5-20	710-713	von	1. Richtig[2]	1. Angemessen[2]	1. Verständlich[2]	*[2]	*[2]	*[2]	Preis/Betrieb vorhanden[2]	*[2]	*[2]	Wirkungsgrad vorhanden[2]	*[2]	Pro B[2]	Contra C[2]	_	_	Hauptteil[6]	4. Rebuttal[14]	
5-21	714-716	30	1. Richtig[2]	1. Angemessen[2]	1. Verständlich[2]	*[2]	*[2]	*[2]	Preis/Betrieb vorhanden[2]	*[2]	*[2]	Wirkungsgrad vorhanden[2]	*[2]	Pro B[2]	Contra C[2]	_	_	Hauptteil[6]	4. Rebuttal[14]	
5-22	717-724	Minuten	1. Richtig[2]	1. Angemessen[2]	1. Verständlich[2]	*[2]	*[2]	*[2]	Preis/Betrieb vorhanden[2]	*[2]	*[2]	Wirkungsgrad vorhanden[2]	*[2]	Pro B[2]	Contra C[2]	_	_	Hauptteil[6]	4. Rebuttal[14]	
5-23	724-725	.	1. Richtig[2]	1. Angemessen[2]	1. Verständlich[2]	*[2]	*[2]	*[2]	Preis/Betrieb vorhanden[2]	*[2]	*[2]	Wirkungsgrad vorhanden[2]	*[2]	Pro B[2]	Contra C[2]	_	_	Hauptteil[6]	4. Rebuttal[14]	

6-1	727-730	Für	1. Richtig[3]	1. Angemessen[3]	1. Verständlich[3]	*[3]	*[3]	Emissionen vorhanden[3]	*[3]	*[3]	*[3]	*[3]	Pro A[3]	*[3]	Pro C[3]	_	_	Hauptteil[6]	1. Claim[15]	
6-2	731-734	die	1. Richtig[3]	1. Angemessen[3]	1. Verständlich[3]	*[3]	*[3]	Emissionen vorhanden[3]	*[3]	*[3]	*[3]	*[3]	Pro A[3]	*[3]	Pro C[3]	_	_	Hauptteil[6]	1. Claim[15]	
6-3	735-744	Passanten	1. Richtig[3]	1. Angemessen[3]	1. Verständlich[3]	*[3]	*[3]	Emissionen vorhanden[3]	*[3]	*[3]	*[3]	*[3]	Pro A[3]	*[3]	Pro C[3]	_	_	Hauptteil[6]	1. Claim[15]	
6-4	745-750	wären	1. Richtig[3]	1. Angemessen[3]	1. Verständlich[3]	*[3]	*[3]	Emissionen vorhanden[3]	*[3]	*[3]	*[3]	*[3]	Pro A[3]	*[3]	Pro C[3]	_	_	Hauptteil[6]	1. Claim[15]	
6-5	751-761	allerdings	1. Richtig[3]	1. Angemessen[3]	1. Verständlich[3]	*[3]	*[3]	Emissionen vorhanden[3]	*[3]	*[3]	*[3]	*[3]	Pro A[3]	*[3]	Pro C[3]	_	_	Hauptteil[6]	1. Claim[15]	
6-6	762-775	Akkumulatoren	1. Richtig[3]	1. Angemessen[3]	1. Verständlich[3]	*[3]	*[3]	Emissionen vorhanden[3]	*[3]	*[3]	*[3]	*[3]	Pro A[3]	*[3]	Pro C[3]	_	_	Hauptteil[6]	1. Claim[15]	
6-7	776-780	oder	1. Richtig[3]	1. Angemessen[3]	1. Verständlich[3]	*[3]	*[3]	Emissionen vorhanden[3]	*[3]	*[3]	*[3]	*[3]	Pro A[3]	*[3]	Pro C[3]	_	_	Hauptteil[6]	1. Claim[15]	
6-8	781-792	Wasserstoff	1. Richtig[3]	1. Angemessen[3]	1. Verständlich[3]	*[3]	*[3]	Emissionen vorhanden[3]	*[3]	*[3]	*[3]	*[3]	Pro A[3]	*[3]	Pro C[3]	_	_	Hauptteil[6]	1. Claim[15]	
6-9	793-798	Autos	1. Richtig[3]	1. Angemessen[3]	1. Verständlich[3]	*[3]	*[3]	Emissionen vorhanden[3]	*[3]	*[3]	*[3]	*[3]	Pro A[3]	*[3]	Pro C[3]	_	_	Hauptteil[6]	1. Claim[15]	
6-10	799-802	die	1. Richtig[3]	1. Angemessen[3]	1. Verständlich[3]	*[3]	*[3]	Emissionen vorhanden[3]	*[3]	*[3]	*[3]	*[3]	Pro A[3]	*[3]	Pro C[3]	_	_	Hauptteil[6]	1. Claim[15]	
6-11	803-810	bessere	1. Richtig[3]	1. Angemessen[3]	1. Verständlich[3]	*[3]	*[3]	Emissionen vorhanden[3]	*[3]	*[3]	*[3]	*[3]	Pro A[3]	*[3]	Pro C[3]	_	_	Hauptteil[6]	1. Claim[15]	
6-12	811-815	Wahl	1. Richtig[3]	1. Angemessen[3]	1. Verständlich[3]	*[3]	*[3]	Emissionen vorhanden[3]	*[3]	*[3]	*[3]	*[3]	Pro A[3]	*[3]	Pro C[3]	_	_	Hauptteil[6]	1. Claim[15]	
6-13	815-816	,	1. Richtig[3]	1. Angemessen[3]	1. Verständlich[3]	*[3]	*[3]	Emissionen vorhanden[3]	*[3]	*[3]	*[3]	*[3]	Pro A[3]	*[3]	Pro C[3]	_	_	Hauptteil[6]	1. Claim[15]	
6-14	817-819	da	1. Richtig[3]	1. Angemessen[3]	1. Verständlich[3]	*[3]	*[3]	Emissionen vorhanden[3]	*[3]	*[3]	*[3]	*[3]	Pro A[3]	*[3]	Pro C[3]	_	_	Hauptteil[6]	2. Data[16]	
6-15	820-827	E-Fuels	1. Richtig[3]	1. Angemessen[3]	1. Verständlich[3]	*[3]	*[3]	Emissionen vorhanden[3]	*[3]	*[3]	*[3]	*[3]	Pro A[3]	*[3]	Pro C[3]	_	_	Hauptteil[6]	2. Data[16]	
6-16	828-834	höhere	1. Richtig[3]	1. Angemessen[3]	1. Verständlich[3]	*[3]	*[3]	Emissionen vorhanden[3]	*[3]	*[3]	*[3]	*[3]	Pro A[3]	*[3]	Pro C[3]	_	_	Hauptteil[6]	2. Data[16]	
6-17	835-853	Geräuschemissionen	1. Richtig[3]	1. Angemessen[3]	1. Verständlich[3]	*[3]	*[3]	Emissionen vorhanden[3]	*[3]	*[3]	*[3]	*[3]	Pro A[3]	*[3]	Pro C[3]	_	_	Hauptteil[6]	2. Data[16]	
6-18	854-862	erzeugen	1. Richtig[3]	1. Angemessen[3]	1. Verständlich[3]	*[3]	*[3]	Emissionen vorhanden[3]	*[3]	*[3]	*[3]	*[3]	Pro A[3]	*[3]	Pro C[3]	_	_	Hauptteil[6]	2. Data[16]	
6-19	862-863	,	1. Richtig[3]	1. Angemessen[3]	1. Verständlich[3]	*[3]	*[3]	Emissionen vorhanden[3]	*[3]	*[3]	*[3]	*[3]	Pro A[3]	*[3]	Pro C[3]	_	_	Hauptteil[6]	2. Data[16]	
6-20	864-867	was	1. Richtig[3]	1. Angemessen[3]	1. Verständlich[3]	*[3]	*[3]	Emissionen vorhanden[3]	*[3]	*[3]	*[3]	*[3]	Pro A[3]	*[3]	Pro C[3]	_	_	Hauptteil[6]	2. Data[16]	
6-21	868-870	zu	1. Richtig[3]	1. Angemessen[3]	1. Verständlich[3]	*[3]	*[3]	Emissionen vorhanden[3]	*[3]	*[3]	*[3]	*[3]	Pro A[3]	*[3]	Pro C[3]	_	_	Hauptteil[6]	2. Data[16]	
6-22	871-876	einer	1. Richtig[3]	1. Angemessen[3]	1. Verständlich[3]	*[3]	*[3]	Emissionen vorhanden[3]	*[3]	*[3]	*[3]	*[3]	Pro A[3]	*[3]	Pro C[3]	_	_	Hauptteil[6]	2. Data[16]	
6-23	877-886	Belastung	1. Richtig[3]	1. Angemessen[3]	1. Verständlich[3]	*[3]	*[3]	Emissionen vorhanden[3]	*[3]	*[3]	*[3]	*[3]	Pro A[3]	*[3]	Pro C[3]	_	_	Hauptteil[6]	2. Data[16]	
6-24	887-890	für	1. Richtig[3]	1. Angemessen[3]	1. Verständlich[3]	*[3]	*[3]	Emissionen vorhanden[3]	*[3]	*[3]	*[3]	*[3]	Pro A[3]	*[3]	Pro C[3]	_	_	Hauptteil[6]	2. Data[16]	
6-25	891-894	die	1. Richtig[3]	1. Angemessen[3]	1. Verständlich[3]	*[3]	*[3]	Emissionen vorhanden[3]	*[3]	*[3]	*[3]	*[3]	Pro A[3]	*[3]	Pro C[3]	_	_	Hauptteil[6]	2. Data[16]	
6-26	895-906	Mitmenschen	1. Richtig[3]	1. Angemessen[3]	1. Verständlich[3]	*[3]	*[3]	Emissionen vorhanden[3]	*[3]	*[3]	*[3]	*[3]	Pro A[3]	*[3]	Pro C[3]	_	_	Hauptteil[6]	2. Data[16]	
6-27	907-913	führen	1. Richtig[3]	1. Angemessen[3]	1. Verständlich[3]	*[3]	*[3]	Emissionen vorhanden[3]	*[3]	*[3]	*[3]	*[3]	Pro A[3]	*[3]	Pro C[3]	_	_	Hauptteil[6]	2. Data[16]	
6-28	914-920	könnte	1. Richtig[3]	1. Angemessen[3]	1. Verständlich[3]	*[3]	*[3]	Emissionen vorhanden[3]	*[3]	*[3]	*[3]	*[3]	Pro A[3]	*[3]	Pro C[3]	_	_	Hauptteil[6]	2. Data[16]	
6-29	920-921	.	1. Richtig[3]	1. Angemessen[3]	1. Verständlich[3]	*[3]	*[3]	Emissionen vorhanden[3]	*[3]	*[3]	*[3]	*[3]	Pro A[3]	*[3]	Pro C[3]	_	_	Hauptteil[6]	2. Data[16]	

7-1	923-934	Wasserstoff	1. Richtig[4]	1. Angemessen[4]	1. Verständlich[4]	*[4]	Lebensdauer/Verfügbarkeit vorhanden[4]	*[4]	*[4]	*[4]	*[4]	*[4]	Contra A[4]	*[4]	*[4]	_	_	Hauptteil[6]	2. Data[17]	
7-2	935-940	Autos	1. Richtig[4]	1. Angemessen[4]	1. Verständlich[4]	*[4]	Lebensdauer/Verfügbarkeit vorhanden[4]	*[4]	*[4]	*[4]	*[4]	*[4]	Contra A[4]	*[4]	*[4]	_	_	Hauptteil[6]	2. Data[17]	
7-3	941-947	können	1. Richtig[4]	1. Angemessen[4]	1. Verständlich[4]	*[4]	Lebensdauer/Verfügbarkeit vorhanden[4]	*[4]	*[4]	*[4]	*[4]	*[4]	Contra A[4]	*[4]	*[4]	_	_	Hauptteil[6]	2. Data[17]	
7-4	948-954	jedoch	1. Richtig[4]	1. Angemessen[4]	1. Verständlich[4]	*[4]	Lebensdauer/Verfügbarkeit vorhanden[4]	*[4]	*[4]	*[4]	*[4]	*[4]	Contra A[4]	*[4]	*[4]	_	_	Hauptteil[6]	2. Data[17]	
7-5	955-960	nicht	1. Richtig[4]	1. Angemessen[4]	1. Verständlich[4]	*[4]	Lebensdauer/Verfügbarkeit vorhanden[4]	*[4]	*[4]	*[4]	*[4]	*[4]	Contra A[4]	*[4]	*[4]	_	_	Hauptteil[6]	2. Data[17]	
7-6	961-963	in	1. Richtig[4]	1. Angemessen[4]	1. Verständlich[4]	*[4]	Lebensdauer/Verfügbarkeit vorhanden[4]	*[4]	*[4]	*[4]	*[4]	*[4]	Contra A[4]	*[4]	*[4]	_	_	Hauptteil[6]	2. Data[17]	
7-7	964-970	Massen	1. Richtig[4]	1. Angemessen[4]	1. Verständlich[4]	*[4]	Lebensdauer/Verfügbarkeit vorhanden[4]	*[4]	*[4]	*[4]	*[4]	*[4]	Contra A[4]	*[4]	*[4]	_	_	Hauptteil[6]	2. Data[17]	
7-8	971-982	angefertigt	1. Richtig[4]	1. Angemessen[4]	1. Verständlich[4]	*[4]	Lebensdauer/Verfügbarkeit vorhanden[4]	*[4]	*[4]	*[4]	*[4]	*[4]	Contra A[4]	*[4]	*[4]	_	_	Hauptteil[6]	2. Data[17]	
7-9	983-989	werden	1. Richtig[4]	1. Angemessen[4]	1. Verständlich[4]	*[4]	Lebensdauer/Verfügbarkeit vorhanden[4]	*[4]	*[4]	*[4]	*[4]	*[4]	Contra A[4]	*[4]	*[4]	_	_	Hauptteil[6]	2. Data[17]	
7-10	989-990	,	1. Richtig[4]	1. Angemessen[4]	1. Verständlich[4]	*[4]	Lebensdauer/Verfügbarkeit vorhanden[4]	*[4]	*[4]	*[4]	*[4]	*[4]	Contra A[4]	*[4]	*[4]	_	_	Hauptteil[6]	_	
7-11	991-994	was	1. Richtig[4]	1. Angemessen[4]	1. Verständlich[4]	*[4]	Lebensdauer/Verfügbarkeit vorhanden[4]	*[4]	*[4]	*[4]	*[4]	*[4]	Contra A[4]	*[4]	*[4]	_	_	Hauptteil[6]	1. Claim[18]	
7-12	994-995	,	1. Richtig[4]	1. Angemessen[4]	1. Verständlich[4]	*[4]	Lebensdauer/Verfügbarkeit vorhanden[4]	*[4]	*[4]	*[4]	*[4]	*[4]	Contra A[4]	*[4]	*[4]	_	_	Hauptteil[6]	1. Claim[18]	
7-13	996-999	wie	1. Richtig[4]	1. Angemessen[4]	1. Verständlich[4]	*[4]	Lebensdauer/Verfügbarkeit vorhanden[4]	*[4]	*[4]	*[4]	*[4]	*[4]	Contra A[4]	*[4]	*[4]	_	_	Hauptteil[6]	1. Claim[18]	
7-14	1000-1004	oben	1. Richtig[4]	1. Angemessen[4]	1. Verständlich[4]	*[4]	Lebensdauer/Verfügbarkeit vorhanden[4]	*[4]	*[4]	*[4]	*[4]	*[4]	Contra A[4]	*[4]	*[4]	_	_	Hauptteil[6]	1. Claim[18]	
7-15	1005-1012	erwähnt	1. Richtig[4]	1. Angemessen[4]	1. Verständlich[4]	*[4]	Lebensdauer/Verfügbarkeit vorhanden[4]	*[4]	*[4]	*[4]	*[4]	*[4]	Contra A[4]	*[4]	*[4]	_	_	Hauptteil[6]	1. Claim[18]	
7-16	1012-1013	,	1. Richtig[4]	1. Angemessen[4]	1. Verständlich[4]	*[4]	Lebensdauer/Verfügbarkeit vorhanden[4]	*[4]	*[4]	*[4]	*[4]	*[4]	Contra A[4]	*[4]	*[4]	_	_	Hauptteil[6]	1. Claim[18]	
7-17	1014-1022	durchaus	1. Richtig[4]	1. Angemessen[4]	1. Verständlich[4]	*[4]	Lebensdauer/Verfügbarkeit vorhanden[4]	*[4]	*[4]	*[4]	*[4]	*[4]	Contra A[4]	*[4]	*[4]	_	_	Hauptteil[6]	1. Claim[18]	
7-18	1023-1026	zum	1. Richtig[4]	1. Angemessen[4]	1. Verständlich[4]	*[4]	Lebensdauer/Verfügbarkeit vorhanden[4]	*[4]	*[4]	*[4]	*[4]	*[4]	Contra A[4]	*[4]	*[4]	_	_	Hauptteil[6]	1. Claim[18]	
7-19	1027-1034	Problem	1. Richtig[4]	1. Angemessen[4]	1. Verständlich[4]	*[4]	Lebensdauer/Verfügbarkeit vorhanden[4]	*[4]	*[4]	*[4]	*[4]	*[4]	Contra A[4]	*[4]	*[4]	_	_	Hauptteil[6]	1. Claim[18]	
7-20	1035-1041	werden	1. Richtig[4]	1. Angemessen[4]	1. Verständlich[4]	*[4]	Lebensdauer/Verfügbarkeit vorhanden[4]	*[4]	*[4]	*[4]	*[4]	*[4]	Contra A[4]	*[4]	*[4]	_	_	Hauptteil[6]	1. Claim[18]	
7-21	1042-1048	könnte	1. Richtig[4]	1. Angemessen[4]	1. Verständlich[4]	*[4]	Lebensdauer/Verfügbarkeit vorhanden[4]	*[4]	*[4]	*[4]	*[4]	*[4]	Contra A[4]	*[4]	*[4]	_	_	Hauptteil[6]	1. Claim[18]	
7-22	1048-1049	.	1. Richtig[4]	1. Angemessen[4]	1. Verständlich[4]	*[4]	Lebensdauer/Verfügbarkeit vorhanden[4]	*[4]	*[4]	*[4]	*[4]	*[4]	Contra A[4]	*[4]	*[4]	_	_	Hauptteil[6]	1. Claim[18]	

8-1	1051-1052	J	3. Nicht zutreffend	3. Nicht zutreffend	3. Unverständlich	*	*	*	*	Sonstiges vorhanden	*	*	*	*	*	_	_	Hauptteil[6]	5. Nicht zutreffend	
