#FORMAT=WebAnno TSV 3.3
#T_SP=webanno.custom.Argument|Accuracy|Adequacy|Clarity|KriteriumJahresertragEnergiedichte|KriteriumLebensdauerVerfgbarkeit|KriteriumLokaleEmissionenGeruschemissionen|KriteriumPreisBetrieb|KriteriumSonstiges|KriteriumTreibhausgasemissionen|KriteriumWirkungsgrad|OptionA|OptionB|OptionC
#T_SP=webanno.custom.DecisionMakingStrategies|Decision|Gesamtthese
#T_SP=webanno.custom.Struktur|Struktur
#T_SP=webanno.custom.StrukturTAP|TAPArgumente


1-1	0-3	Ich	_	_	_	_	_	_	_	_	_	_	_	_	_	3. Unbegründet[4]	Gesamtthese[4]	Einleitung[6]	_	
1-2	4-7	bin	_	_	_	_	_	_	_	_	_	_	_	_	_	3. Unbegründet[4]	Gesamtthese[4]	Einleitung[6]	_	
1-3	8-11	der	_	_	_	_	_	_	_	_	_	_	_	_	_	3. Unbegründet[4]	Gesamtthese[4]	Einleitung[6]	_	
1-4	12-19	Meinung	_	_	_	_	_	_	_	_	_	_	_	_	_	3. Unbegründet[4]	Gesamtthese[4]	Einleitung[6]	_	
1-5	19-20	,	_	_	_	_	_	_	_	_	_	_	_	_	_	3. Unbegründet[4]	Gesamtthese[4]	Einleitung[6]	_	
1-6	21-25	dass	_	_	_	_	_	_	_	_	_	_	_	_	_	3. Unbegründet[4]	Gesamtthese[4]	Einleitung[6]	_	
1-7	26-44	Wasserkraftanlagen	_	_	_	_	_	_	_	_	_	_	_	_	_	3. Unbegründet[4]	Gesamtthese[4]	Einleitung[6]	_	
1-8	45-49	mehr	_	_	_	_	_	_	_	_	_	_	_	_	_	3. Unbegründet[4]	Gesamtthese[4]	Einleitung[6]	_	
1-9	50-59	gefördert	_	_	_	_	_	_	_	_	_	_	_	_	_	3. Unbegründet[4]	Gesamtthese[4]	Einleitung[6]	_	
1-10	60-66	werden	_	_	_	_	_	_	_	_	_	_	_	_	_	3. Unbegründet[4]	Gesamtthese[4]	Einleitung[6]	_	
1-11	67-74	sollten	_	_	_	_	_	_	_	_	_	_	_	_	_	3. Unbegründet[4]	Gesamtthese[4]	Einleitung[6]	_	
1-12	74-75	.	_	_	_	_	_	_	_	_	_	_	_	_	_	3. Unbegründet[4]	Gesamtthese[4]	Einleitung[6]	_	

2-1	77-80	Die	1. Richtig[1]	1. Angemessen[1]	1. Verständlich[1]	*[1]	*[1]	*[1]	*[1]	*[1]	*[1]	Wirkungsgrad vorhanden[1]	Pro A[1]	Contra B[1]	Contra C[1]	_	_	Hauptteil[7]	1. Claim[8]	
2-2	81-88	Energie	1. Richtig[1]	1. Angemessen[1]	1. Verständlich[1]	*[1]	*[1]	*[1]	*[1]	*[1]	*[1]	Wirkungsgrad vorhanden[1]	Pro A[1]	Contra B[1]	Contra C[1]	_	_	Hauptteil[7]	1. Claim[8]	
2-3	89-93	dort	1. Richtig[1]	1. Angemessen[1]	1. Verständlich[1]	*[1]	*[1]	*[1]	*[1]	*[1]	*[1]	Wirkungsgrad vorhanden[1]	Pro A[1]	Contra B[1]	Contra C[1]	_	_	Hauptteil[7]	1. Claim[8]	
2-4	94-104	einfließen	1. Richtig[1]	1. Angemessen[1]	1. Verständlich[1]	*[1]	*[1]	*[1]	*[1]	*[1]	*[1]	Wirkungsgrad vorhanden[1]	Pro A[1]	Contra B[1]	Contra C[1]	_	_	Hauptteil[7]	1. Claim[8]	
2-5	105-107	zu	1. Richtig[1]	1. Angemessen[1]	1. Verständlich[1]	*[1]	*[1]	*[1]	*[1]	*[1]	*[1]	Wirkungsgrad vorhanden[1]	Pro A[1]	Contra B[1]	Contra C[1]	_	_	Hauptteil[7]	1. Claim[8]	
2-6	108-114	lassen	1. Richtig[1]	1. Angemessen[1]	1. Verständlich[1]	*[1]	*[1]	*[1]	*[1]	*[1]	*[1]	Wirkungsgrad vorhanden[1]	Pro A[1]	Contra B[1]	Contra C[1]	_	_	Hauptteil[7]	1. Claim[8]	
2-7	115-120	lohnt	1. Richtig[1]	1. Angemessen[1]	1. Verständlich[1]	*[1]	*[1]	*[1]	*[1]	*[1]	*[1]	Wirkungsgrad vorhanden[1]	Pro A[1]	Contra B[1]	Contra C[1]	_	_	Hauptteil[7]	1. Claim[8]	
2-8	121-125	sich	1. Richtig[1]	1. Angemessen[1]	1. Verständlich[1]	*[1]	*[1]	*[1]	*[1]	*[1]	*[1]	Wirkungsgrad vorhanden[1]	Pro A[1]	Contra B[1]	Contra C[1]	_	_	Hauptteil[7]	1. Claim[8]	
2-9	126-134	wirklich	1. Richtig[1]	1. Angemessen[1]	1. Verständlich[1]	*[1]	*[1]	*[1]	*[1]	*[1]	*[1]	Wirkungsgrad vorhanden[1]	Pro A[1]	Contra B[1]	Contra C[1]	_	_	Hauptteil[7]	1. Claim[8]	
2-10	134-135	,	1. Richtig[1]	1. Angemessen[1]	1. Verständlich[1]	*[1]	*[1]	*[1]	*[1]	*[1]	*[1]	Wirkungsgrad vorhanden[1]	Pro A[1]	Contra B[1]	Contra C[1]	_	_	Hauptteil[7]	1. Claim[8]	
2-11	136-138	da	1. Richtig[1]	1. Angemessen[1]	1. Verständlich[1]	*[1]	*[1]	*[1]	*[1]	*[1]	*[1]	Wirkungsgrad vorhanden[1]	Pro A[1]	Contra B[1]	Contra C[1]	_	_	Hauptteil[7]	2. Data[9]	
2-12	139-142	der	1. Richtig[1]	1. Angemessen[1]	1. Verständlich[1]	*[1]	*[1]	*[1]	*[1]	*[1]	*[1]	Wirkungsgrad vorhanden[1]	Pro A[1]	Contra B[1]	Contra C[1]	_	_	Hauptteil[7]	2. Data[9]	
2-13	143-155	Wirkungsgrad	1. Richtig[1]	1. Angemessen[1]	1. Verständlich[1]	*[1]	*[1]	*[1]	*[1]	*[1]	*[1]	Wirkungsgrad vorhanden[1]	Pro A[1]	Contra B[1]	Contra C[1]	_	_	Hauptteil[7]	2. Data[9]	
2-14	156-158	70	1. Richtig[1]	1. Angemessen[1]	1. Verständlich[1]	*[1]	*[1]	*[1]	*[1]	*[1]	*[1]	Wirkungsgrad vorhanden[1]	Pro A[1]	Contra B[1]	Contra C[1]	_	_	Hauptteil[7]	2. Data[9]	
2-15	158-159	-	1. Richtig[1]	1. Angemessen[1]	1. Verständlich[1]	*[1]	*[1]	*[1]	*[1]	*[1]	*[1]	Wirkungsgrad vorhanden[1]	Pro A[1]	Contra B[1]	Contra C[1]	_	_	Hauptteil[7]	2. Data[9]	
2-16	159-162	90%	1. Richtig[1]	1. Angemessen[1]	1. Verständlich[1]	*[1]	*[1]	*[1]	*[1]	*[1]	*[1]	Wirkungsgrad vorhanden[1]	Pro A[1]	Contra B[1]	Contra C[1]	_	_	Hauptteil[7]	2. Data[9]	
2-17	163-170	beträgt	1. Richtig[1]	1. Angemessen[1]	1. Verständlich[1]	*[1]	*[1]	*[1]	*[1]	*[1]	*[1]	Wirkungsgrad vorhanden[1]	Pro A[1]	Contra B[1]	Contra C[1]	_	_	Hauptteil[7]	2. Data[9]	
2-18	170-171	,	1. Richtig[1]	1. Angemessen[1]	1. Verständlich[1]	*[1]	*[1]	*[1]	*[1]	*[1]	*[1]	Wirkungsgrad vorhanden[1]	Pro A[1]	Contra B[1]	Contra C[1]	_	_	Hauptteil[7]	2. Data[9]	
2-19	172-175	was	1. Richtig[1]	1. Angemessen[1]	1. Verständlich[1]	*[1]	*[1]	*[1]	*[1]	*[1]	*[1]	Wirkungsgrad vorhanden[1]	Pro A[1]	Contra B[1]	Contra C[1]	_	_	Hauptteil[7]	2. Data[9]	
2-20	176-184	gewaltig	1. Richtig[1]	1. Angemessen[1]	1. Verständlich[1]	*[1]	*[1]	*[1]	*[1]	*[1]	*[1]	Wirkungsgrad vorhanden[1]	Pro A[1]	Contra B[1]	Contra C[1]	_	_	Hauptteil[7]	2. Data[9]	
2-21	185-188	ist	1. Richtig[1]	1. Angemessen[1]	1. Verständlich[1]	*[1]	*[1]	*[1]	*[1]	*[1]	*[1]	Wirkungsgrad vorhanden[1]	Pro A[1]	Contra B[1]	Contra C[1]	_	_	Hauptteil[7]	2. Data[9]	
2-22	188-189	.	1. Richtig[1]	1. Angemessen[1]	1. Verständlich[1]	*[1]	*[1]	*[1]	*[1]	*[1]	*[1]	Wirkungsgrad vorhanden[1]	Pro A[1]	Contra B[1]	Contra C[1]	_	_	Hauptteil[7]	2. Data[9]	

3-1	191-197	Selbst	1. Richtig[1]	1. Angemessen[1]	1. Verständlich[1]	*[1]	*[1]	*[1]	*[1]	*[1]	*[1]	Wirkungsgrad vorhanden[1]	Pro A[1]	Contra B[1]	Contra C[1]	_	_	Hauptteil[7]	2. Data[10]	
3-2	198-201	bei	1. Richtig[1]	1. Angemessen[1]	1. Verständlich[1]	*[1]	*[1]	*[1]	*[1]	*[1]	*[1]	Wirkungsgrad vorhanden[1]	Pro A[1]	Contra B[1]	Contra C[1]	_	_	Hauptteil[7]	2. Data[10]	
3-3	202-205	der	1. Richtig[1]	1. Angemessen[1]	1. Verständlich[1]	*[1]	*[1]	*[1]	*[1]	*[1]	*[1]	Wirkungsgrad vorhanden[1]	Pro A[1]	Contra B[1]	Contra C[1]	_	_	Hauptteil[7]	2. Data[10]	
3-4	206-215	Windkraft	1. Richtig[1]	1. Angemessen[1]	1. Verständlich[1]	*[1]	*[1]	*[1]	*[1]	*[1]	*[1]	Wirkungsgrad vorhanden[1]	Pro A[1]	Contra B[1]	Contra C[1]	_	_	Hauptteil[7]	2. Data[10]	
3-5	216-220	sind	1. Richtig[1]	1. Angemessen[1]	1. Verständlich[1]	*[1]	*[1]	*[1]	*[1]	*[1]	*[1]	Wirkungsgrad vorhanden[1]	Pro A[1]	Contra B[1]	Contra C[1]	_	_	Hauptteil[7]	2. Data[10]	
3-6	221-223	es	1. Richtig[1]	1. Angemessen[1]	1. Verständlich[1]	*[1]	*[1]	*[1]	*[1]	*[1]	*[1]	Wirkungsgrad vorhanden[1]	Pro A[1]	Contra B[1]	Contra C[1]	_	_	Hauptteil[7]	2. Data[10]	
3-7	224-229	keine	1. Richtig[1]	1. Angemessen[1]	1. Verständlich[1]	*[1]	*[1]	*[1]	*[1]	*[1]	*[1]	Wirkungsgrad vorhanden[1]	Pro A[1]	Contra B[1]	Contra C[1]	_	_	Hauptteil[7]	2. Data[10]	
3-8	230-233	50%	1. Richtig[1]	1. Angemessen[1]	1. Verständlich[1]	*[1]	*[1]	*[1]	*[1]	*[1]	*[1]	Wirkungsgrad vorhanden[1]	Pro A[1]	Contra B[1]	Contra C[1]	_	_	Hauptteil[7]	2. Data[10]	
3-9	233-234	,	1. Richtig[1]	1. Angemessen[1]	1. Verständlich[1]	*[1]	*[1]	*[1]	*[1]	*[1]	*[1]	Wirkungsgrad vorhanden[1]	Pro A[1]	Contra B[1]	Contra C[1]	_	_	Hauptteil[7]	2. Data[10]	
3-10	235-239	ganz	1. Richtig[1]	1. Angemessen[1]	1. Verständlich[1]	*[1]	*[1]	*[1]	*[1]	*[1]	*[1]	Wirkungsgrad vorhanden[1]	Pro A[1]	Contra B[1]	Contra C[1]	_	_	Hauptteil[7]	2. Data[10]	
3-11	240-242	zu	1. Richtig[1]	1. Angemessen[1]	1. Verständlich[1]	*[1]	*[1]	*[1]	*[1]	*[1]	*[1]	Wirkungsgrad vorhanden[1]	Pro A[1]	Contra B[1]	Contra C[1]	_	_	Hauptteil[7]	2. Data[10]	
3-12	243-252	schweigen	1. Richtig[1]	1. Angemessen[1]	1. Verständlich[1]	*[1]	*[1]	*[1]	*[1]	*[1]	*[1]	Wirkungsgrad vorhanden[1]	Pro A[1]	Contra B[1]	Contra C[1]	_	_	Hauptteil[7]	2. Data[10]	
3-13	253-256	von	1. Richtig[1]	1. Angemessen[1]	1. Verständlich[1]	*[1]	*[1]	*[1]	*[1]	*[1]	*[1]	Wirkungsgrad vorhanden[1]	Pro A[1]	Contra B[1]	Contra C[1]	_	_	Hauptteil[7]	2. Data[10]	
3-14	257-260	dem	1. Richtig[1]	1. Angemessen[1]	1. Verständlich[1]	*[1]	*[1]	*[1]	*[1]	*[1]	*[1]	Wirkungsgrad vorhanden[1]	Pro A[1]	Contra B[1]	Contra C[1]	_	_	Hauptteil[7]	2. Data[10]	
3-15	261-270	Solarpark	1. Richtig[1]	1. Angemessen[1]	1. Verständlich[1]	*[1]	*[1]	*[1]	*[1]	*[1]	*[1]	Wirkungsgrad vorhanden[1]	Pro A[1]	Contra B[1]	Contra C[1]	_	_	Hauptteil[7]	2. Data[10]	
3-16	271-274	mit	1. Richtig[1]	1. Angemessen[1]	1. Verständlich[1]	*[1]	*[1]	*[1]	*[1]	*[1]	*[1]	Wirkungsgrad vorhanden[1]	Pro A[1]	Contra B[1]	Contra C[1]	_	_	Hauptteil[7]	2. Data[10]	
3-17	275-281	gerade	1. Richtig[1]	1. Angemessen[1]	1. Verständlich[1]	*[1]	*[1]	*[1]	*[1]	*[1]	*[1]	Wirkungsgrad vorhanden[1]	Pro A[1]	Contra B[1]	Contra C[1]	_	_	Hauptteil[7]	2. Data[10]	
3-18	282-288	einmal	1. Richtig[1]	1. Angemessen[1]	1. Verständlich[1]	*[1]	*[1]	*[1]	*[1]	*[1]	*[1]	Wirkungsgrad vorhanden[1]	Pro A[1]	Contra B[1]	Contra C[1]	_	_	Hauptteil[7]	2. Data[10]	
3-19	289-292	21%	1. Richtig[1]	1. Angemessen[1]	1. Verständlich[1]	*[1]	*[1]	*[1]	*[1]	*[1]	*[1]	Wirkungsgrad vorhanden[1]	Pro A[1]	Contra B[1]	Contra C[1]	_	_	Hauptteil[7]	2. Data[10]	
3-20	292-293	.	1. Richtig[1]	1. Angemessen[1]	1. Verständlich[1]	*[1]	*[1]	*[1]	*[1]	*[1]	*[1]	Wirkungsgrad vorhanden[1]	Pro A[1]	Contra B[1]	Contra C[1]	_	_	Hauptteil[7]	2. Data[10]	

4-1	295-299	Auch	1. Richtig[2]	1. Angemessen[2]	1. Verständlich[2]	Jahresertrag/Energiedichte Vorhanden[2]	*[2]	*[2]	*[2]	*[2]	*[2]	*[2]	Pro A[2]	Contra B[2]	Pro C[2]	_	_	Hauptteil[7]	1. Claim[11]	
4-2	300-303	der	1. Richtig[2]	1. Angemessen[2]	1. Verständlich[2]	Jahresertrag/Energiedichte Vorhanden[2]	*[2]	*[2]	*[2]	*[2]	*[2]	*[2]	Pro A[2]	Contra B[2]	Pro C[2]	_	_	Hauptteil[7]	1. Claim[11]	
4-3	304-316	Jahresertrag	1. Richtig[2]	1. Angemessen[2]	1. Verständlich[2]	Jahresertrag/Energiedichte Vorhanden[2]	*[2]	*[2]	*[2]	*[2]	*[2]	*[2]	Pro A[2]	Contra B[2]	Pro C[2]	_	_	Hauptteil[7]	1. Claim[11]	
4-4	317-320	ist	1. Richtig[2]	1. Angemessen[2]	1. Verständlich[2]	Jahresertrag/Energiedichte Vorhanden[2]	*[2]	*[2]	*[2]	*[2]	*[2]	*[2]	Pro A[2]	Contra B[2]	Pro C[2]	_	_	Hauptteil[7]	1. Claim[11]	
4-5	321-329	ziemlich	1. Richtig[2]	1. Angemessen[2]	1. Verständlich[2]	Jahresertrag/Energiedichte Vorhanden[2]	*[2]	*[2]	*[2]	*[2]	*[2]	*[2]	Pro A[2]	Contra B[2]	Pro C[2]	_	_	Hauptteil[7]	1. Claim[11]	
4-6	330-333	gut	1. Richtig[2]	1. Angemessen[2]	1. Verständlich[2]	Jahresertrag/Energiedichte Vorhanden[2]	*[2]	*[2]	*[2]	*[2]	*[2]	*[2]	Pro A[2]	Contra B[2]	Pro C[2]	_	_	Hauptteil[7]	1. Claim[11]	
4-7	333-334	,	1. Richtig[2]	1. Angemessen[2]	1. Verständlich[2]	Jahresertrag/Energiedichte Vorhanden[2]	*[2]	*[2]	*[2]	*[2]	*[2]	*[2]	Pro A[2]	Contra B[2]	Pro C[2]	_	_	Hauptteil[7]	1. Claim[11]	
4-8	335-338	mit	1. Richtig[2]	1. Angemessen[2]	1. Verständlich[2]	Jahresertrag/Energiedichte Vorhanden[2]	*[2]	*[2]	*[2]	*[2]	*[2]	*[2]	Pro A[2]	Contra B[2]	Pro C[2]	_	_	Hauptteil[7]	2. Data[12]	
4-9	339-341	39	1. Richtig[2]	1. Angemessen[2]	1. Verständlich[2]	Jahresertrag/Energiedichte Vorhanden[2]	*[2]	*[2]	*[2]	*[2]	*[2]	*[2]	Pro A[2]	Contra B[2]	Pro C[2]	_	_	Hauptteil[7]	2. Data[12]	
4-10	342-345	GWh	1. Richtig[2]	1. Angemessen[2]	1. Verständlich[2]	Jahresertrag/Energiedichte Vorhanden[2]	*[2]	*[2]	*[2]	*[2]	*[2]	*[2]	Pro A[2]	Contra B[2]	Pro C[2]	_	_	Hauptteil[7]	2. Data[12]	
4-11	346-349	pro	1. Richtig[2]	1. Angemessen[2]	1. Verständlich[2]	Jahresertrag/Energiedichte Vorhanden[2]	*[2]	*[2]	*[2]	*[2]	*[2]	*[2]	Pro A[2]	Contra B[2]	Pro C[2]	_	_	Hauptteil[7]	2. Data[12]	
4-12	350-354	Jahr	1. Richtig[2]	1. Angemessen[2]	1. Verständlich[2]	Jahresertrag/Energiedichte Vorhanden[2]	*[2]	*[2]	*[2]	*[2]	*[2]	*[2]	Pro A[2]	Contra B[2]	Pro C[2]	_	_	Hauptteil[7]	2. Data[12]	
4-13	355-359	fast	1. Richtig[2]	1. Angemessen[2]	1. Verständlich[2]	Jahresertrag/Energiedichte Vorhanden[2]	*[2]	*[2]	*[2]	*[2]	*[2]	*[2]	Pro A[2]	Contra B[2]	Pro C[2]	_	_	Hauptteil[7]	2. Data[12]	
4-14	360-362	so	1. Richtig[2]	1. Angemessen[2]	1. Verständlich[2]	Jahresertrag/Energiedichte Vorhanden[2]	*[2]	*[2]	*[2]	*[2]	*[2]	*[2]	Pro A[2]	Contra B[2]	Pro C[2]	_	_	Hauptteil[7]	2. Data[12]	
4-15	363-366	gut	1. Richtig[2]	1. Angemessen[2]	1. Verständlich[2]	Jahresertrag/Energiedichte Vorhanden[2]	*[2]	*[2]	*[2]	*[2]	*[2]	*[2]	Pro A[2]	Contra B[2]	Pro C[2]	_	_	Hauptteil[7]	2. Data[12]	
4-16	367-370	wie	1. Richtig[2]	1. Angemessen[2]	1. Verständlich[2]	Jahresertrag/Energiedichte Vorhanden[2]	*[2]	*[2]	*[2]	*[2]	*[2]	*[2]	Pro A[2]	Contra B[2]	Pro C[2]	_	_	Hauptteil[7]	2. Data[12]	
4-17	371-374	der	1. Richtig[2]	1. Angemessen[2]	1. Verständlich[2]	Jahresertrag/Energiedichte Vorhanden[2]	*[2]	*[2]	*[2]	*[2]	*[2]	*[2]	Pro A[2]	Contra B[2]	Pro C[2]	_	_	Hauptteil[7]	2. Data[12]	
4-18	375-380	eines	1. Richtig[2]	1. Angemessen[2]	1. Verständlich[2]	Jahresertrag/Energiedichte Vorhanden[2]	*[2]	*[2]	*[2]	*[2]	*[2]	*[2]	Pro A[2]	Contra B[2]	Pro C[2]	_	_	Hauptteil[7]	2. Data[12]	
4-19	381-390	Windparks	1. Richtig[2]	1. Angemessen[2]	1. Verständlich[2]	Jahresertrag/Energiedichte Vorhanden[2]	*[2]	*[2]	*[2]	*[2]	*[2]	*[2]	Pro A[2]	Contra B[2]	Pro C[2]	_	_	Hauptteil[7]	2. Data[12]	
4-20	391-394	mit	1. Richtig[2]	1. Angemessen[2]	1. Verständlich[2]	Jahresertrag/Energiedichte Vorhanden[2]	*[2]	*[2]	*[2]	*[2]	*[2]	*[2]	Pro A[2]	Contra B[2]	Pro C[2]	_	_	Hauptteil[7]	2. Data[12]	
4-21	395-397	40	1. Richtig[2]	1. Angemessen[2]	1. Verständlich[2]	Jahresertrag/Energiedichte Vorhanden[2]	*[2]	*[2]	*[2]	*[2]	*[2]	*[2]	Pro A[2]	Contra B[2]	Pro C[2]	_	_	Hauptteil[7]	2. Data[12]	
4-22	398-401	GWh	1. Richtig[2]	1. Angemessen[2]	1. Verständlich[2]	Jahresertrag/Energiedichte Vorhanden[2]	*[2]	*[2]	*[2]	*[2]	*[2]	*[2]	Pro A[2]	Contra B[2]	Pro C[2]	_	_	Hauptteil[7]	2. Data[12]	
4-23	402-405	pro	1. Richtig[2]	1. Angemessen[2]	1. Verständlich[2]	Jahresertrag/Energiedichte Vorhanden[2]	*[2]	*[2]	*[2]	*[2]	*[2]	*[2]	Pro A[2]	Contra B[2]	Pro C[2]	_	_	Hauptteil[7]	2. Data[12]	
4-24	406-410	Jahr	1. Richtig[2]	1. Angemessen[2]	1. Verständlich[2]	Jahresertrag/Energiedichte Vorhanden[2]	*[2]	*[2]	*[2]	*[2]	*[2]	*[2]	Pro A[2]	Contra B[2]	Pro C[2]	_	_	Hauptteil[7]	2. Data[12]	
4-25	410-411	.	1. Richtig[2]	1. Angemessen[2]	1. Verständlich[2]	Jahresertrag/Energiedichte Vorhanden[2]	*[2]	*[2]	*[2]	*[2]	*[2]	*[2]	Pro A[2]	Contra B[2]	Pro C[2]	_	_	Hauptteil[7]	2. Data[12]	

5-1	413-416	Ein	1. Richtig[2]	1. Angemessen[2]	1. Verständlich[2]	Jahresertrag/Energiedichte Vorhanden[2]	*[2]	*[2]	*[2]	*[2]	*[2]	*[2]	Pro A[2]	Contra B[2]	Pro C[2]	_	_	Hauptteil[7]	2. Data[13]	
5-2	417-426	Solarpark	1. Richtig[2]	1. Angemessen[2]	1. Verständlich[2]	Jahresertrag/Energiedichte Vorhanden[2]	*[2]	*[2]	*[2]	*[2]	*[2]	*[2]	Pro A[2]	Contra B[2]	Pro C[2]	_	_	Hauptteil[7]	2. Data[13]	
5-3	427-432	würde	1. Richtig[2]	1. Angemessen[2]	1. Verständlich[2]	Jahresertrag/Energiedichte Vorhanden[2]	*[2]	*[2]	*[2]	*[2]	*[2]	*[2]	Pro A[2]	Contra B[2]	Pro C[2]	_	_	Hauptteil[7]	2. Data[13]	
5-4	433-435	in	1. Richtig[2]	1. Angemessen[2]	1. Verständlich[2]	Jahresertrag/Energiedichte Vorhanden[2]	*[2]	*[2]	*[2]	*[2]	*[2]	*[2]	Pro A[2]	Contra B[2]	Pro C[2]	_	_	Hauptteil[7]	2. Data[13]	
5-5	436-441	einem	1. Richtig[2]	1. Angemessen[2]	1. Verständlich[2]	Jahresertrag/Energiedichte Vorhanden[2]	*[2]	*[2]	*[2]	*[2]	*[2]	*[2]	Pro A[2]	Contra B[2]	Pro C[2]	_	_	Hauptteil[7]	2. Data[13]	
5-6	442-446	Jahr	1. Richtig[2]	1. Angemessen[2]	1. Verständlich[2]	Jahresertrag/Energiedichte Vorhanden[2]	*[2]	*[2]	*[2]	*[2]	*[2]	*[2]	Pro A[2]	Contra B[2]	Pro C[2]	_	_	Hauptteil[7]	2. Data[13]	
5-7	447-453	gerade	1. Richtig[2]	1. Angemessen[2]	1. Verständlich[2]	Jahresertrag/Energiedichte Vorhanden[2]	*[2]	*[2]	*[2]	*[2]	*[2]	*[2]	Pro A[2]	Contra B[2]	Pro C[2]	_	_	Hauptteil[7]	2. Data[13]	
5-8	454-457	mal	1. Richtig[2]	1. Angemessen[2]	1. Verständlich[2]	Jahresertrag/Energiedichte Vorhanden[2]	*[2]	*[2]	*[2]	*[2]	*[2]	*[2]	Pro A[2]	Contra B[2]	Pro C[2]	_	_	Hauptteil[7]	2. Data[13]	
5-9	458-461	die	1. Richtig[2]	1. Angemessen[2]	1. Verständlich[2]	Jahresertrag/Energiedichte Vorhanden[2]	*[2]	*[2]	*[2]	*[2]	*[2]	*[2]	Pro A[2]	Contra B[2]	Pro C[2]	_	_	Hauptteil[7]	2. Data[13]	
5-10	462-468	Hälfte	1. Richtig[2]	1. Angemessen[2]	1. Verständlich[2]	Jahresertrag/Energiedichte Vorhanden[2]	*[2]	*[2]	*[2]	*[2]	*[2]	*[2]	Pro A[2]	Contra B[2]	Pro C[2]	_	_	Hauptteil[7]	2. Data[13]	
5-11	469-480	abschmeißen	1. Richtig[2]	1. Angemessen[2]	1. Verständlich[2]	Jahresertrag/Energiedichte Vorhanden[2]	*[2]	*[2]	*[2]	*[2]	*[2]	*[2]	Pro A[2]	Contra B[2]	Pro C[2]	_	_	Hauptteil[7]	2. Data[13]	
5-12	480-481	.	1. Richtig[2]	1. Angemessen[2]	1. Verständlich[2]	Jahresertrag/Energiedichte Vorhanden[2]	*[2]	*[2]	*[2]	*[2]	*[2]	*[2]	Pro A[2]	Contra B[2]	Pro C[2]	_	_	Hauptteil[7]	2. Data[13]	

6-1	483-487	Zwar	1. Richtig[3]	1. Angemessen[3]	1. Verständlich[3]	*[3]	Lebensdauer/Verfügbarkeit vorhanden[3]	*[3]	Preis/Betrieb vorhanden[3]	*[3]	*[3]	*[3]	Pro A[3]	Contra B[3]	Contra C[3]	_	_	Hauptteil[7]	2. Data[14]	
6-2	488-491	ist	1. Richtig[3]	1. Angemessen[3]	1. Verständlich[3]	*[3]	Lebensdauer/Verfügbarkeit vorhanden[3]	*[3]	Preis/Betrieb vorhanden[3]	*[3]	*[3]	*[3]	Pro A[3]	Contra B[3]	Contra C[3]	_	_	Hauptteil[7]	2. Data[14]	
6-3	492-495	der	1. Richtig[3]	1. Angemessen[3]	1. Verständlich[3]	*[3]	Lebensdauer/Verfügbarkeit vorhanden[3]	*[3]	Preis/Betrieb vorhanden[3]	*[3]	*[3]	*[3]	Pro A[3]	Contra B[3]	Contra C[3]	_	_	Hauptteil[7]	2. Data[14]	
6-4	496-501	Preis	1. Richtig[3]	1. Angemessen[3]	1. Verständlich[3]	*[3]	Lebensdauer/Verfügbarkeit vorhanden[3]	*[3]	Preis/Betrieb vorhanden[3]	*[3]	*[3]	*[3]	Pro A[3]	Contra B[3]	Contra C[3]	_	_	Hauptteil[7]	2. Data[14]	
6-5	502-505	zur	1. Richtig[3]	1. Angemessen[3]	1. Verständlich[3]	*[3]	Lebensdauer/Verfügbarkeit vorhanden[3]	*[3]	Preis/Betrieb vorhanden[3]	*[3]	*[3]	*[3]	Pro A[3]	Contra B[3]	Contra C[3]	_	_	Hauptteil[7]	2. Data[14]	
6-6	506-517	Anschaffung	1. Richtig[3]	1. Angemessen[3]	1. Verständlich[3]	*[3]	Lebensdauer/Verfügbarkeit vorhanden[3]	*[3]	Preis/Betrieb vorhanden[3]	*[3]	*[3]	*[3]	Pro A[3]	Contra B[3]	Contra C[3]	_	_	Hauptteil[7]	2. Data[14]	
6-7	518-522	sehr	1. Richtig[3]	1. Angemessen[3]	1. Verständlich[3]	*[3]	Lebensdauer/Verfügbarkeit vorhanden[3]	*[3]	Preis/Betrieb vorhanden[3]	*[3]	*[3]	*[3]	Pro A[3]	Contra B[3]	Contra C[3]	_	_	Hauptteil[7]	2. Data[14]	
6-8	523-527	hoch	1. Richtig[3]	1. Angemessen[3]	1. Verständlich[3]	*[3]	Lebensdauer/Verfügbarkeit vorhanden[3]	*[3]	Preis/Betrieb vorhanden[3]	*[3]	*[3]	*[3]	Pro A[3]	Contra B[3]	Contra C[3]	_	_	Hauptteil[7]	2. Data[14]	
6-9	527-528	,	1. Richtig[3]	1. Angemessen[3]	1. Verständlich[3]	*[3]	Lebensdauer/Verfügbarkeit vorhanden[3]	*[3]	Preis/Betrieb vorhanden[3]	*[3]	*[3]	*[3]	Pro A[3]	Contra B[3]	Contra C[3]	_	_	Hauptteil[7]	2. Data[14]	
6-10	529-533	doch	1. Richtig[3]	1. Angemessen[3]	1. Verständlich[3]	*[3]	Lebensdauer/Verfügbarkeit vorhanden[3]	*[3]	Preis/Betrieb vorhanden[3]	*[3]	*[3]	*[3]	Pro A[3]	Contra B[3]	Contra C[3]	_	_	Hauptteil[7]	4. Rebuttal[15]	
6-11	534-537	die	1. Richtig[3]	1. Angemessen[3]	1. Verständlich[3]	*[3]	Lebensdauer/Verfügbarkeit vorhanden[3]	*[3]	Preis/Betrieb vorhanden[3]	*[3]	*[3]	*[3]	Pro A[3]	Contra B[3]	Contra C[3]	_	_	Hauptteil[7]	4. Rebuttal[15]	
6-12	538-555	Wasserkraftanlage	1. Richtig[3]	1. Angemessen[3]	1. Verständlich[3]	*[3]	Lebensdauer/Verfügbarkeit vorhanden[3]	*[3]	Preis/Betrieb vorhanden[3]	*[3]	*[3]	*[3]	Pro A[3]	Contra B[3]	Contra C[3]	_	_	Hauptteil[7]	4. Rebuttal[15]	
6-13	556-560	soll	1. Richtig[3]	1. Angemessen[3]	1. Verständlich[3]	*[3]	Lebensdauer/Verfügbarkeit vorhanden[3]	*[3]	Preis/Betrieb vorhanden[3]	*[3]	*[3]	*[3]	Pro A[3]	Contra B[3]	Contra C[3]	_	_	Hauptteil[7]	4. Rebuttal[15]	
6-14	561-563	ja	1. Richtig[3]	1. Angemessen[3]	1. Verständlich[3]	*[3]	Lebensdauer/Verfügbarkeit vorhanden[3]	*[3]	Preis/Betrieb vorhanden[3]	*[3]	*[3]	*[3]	Pro A[3]	Contra B[3]	Contra C[3]	_	_	Hauptteil[7]	4. Rebuttal[15]	
6-15	564-568	auch	1. Richtig[3]	1. Angemessen[3]	1. Verständlich[3]	*[3]	Lebensdauer/Verfügbarkeit vorhanden[3]	*[3]	Preis/Betrieb vorhanden[3]	*[3]	*[3]	*[3]	Pro A[3]	Contra B[3]	Contra C[3]	_	_	Hauptteil[7]	4. Rebuttal[15]	
6-16	569-571	80	1. Richtig[3]	1. Angemessen[3]	1. Verständlich[3]	*[3]	Lebensdauer/Verfügbarkeit vorhanden[3]	*[3]	Preis/Betrieb vorhanden[3]	*[3]	*[3]	*[3]	Pro A[3]	Contra B[3]	Contra C[3]	_	_	Hauptteil[7]	4. Rebuttal[15]	
6-17	572-577	Jahre	1. Richtig[3]	1. Angemessen[3]	1. Verständlich[3]	*[3]	Lebensdauer/Verfügbarkeit vorhanden[3]	*[3]	Preis/Betrieb vorhanden[3]	*[3]	*[3]	*[3]	Pro A[3]	Contra B[3]	Contra C[3]	_	_	Hauptteil[7]	4. Rebuttal[15]	
6-18	578-584	halten	1. Richtig[3]	1. Angemessen[3]	1. Verständlich[3]	*[3]	Lebensdauer/Verfügbarkeit vorhanden[3]	*[3]	Preis/Betrieb vorhanden[3]	*[3]	*[3]	*[3]	Pro A[3]	Contra B[3]	Contra C[3]	_	_	Hauptteil[7]	4. Rebuttal[15]	
6-19	584-585	.	1. Richtig[3]	1. Angemessen[3]	1. Verständlich[3]	*[3]	Lebensdauer/Verfügbarkeit vorhanden[3]	*[3]	Preis/Betrieb vorhanden[3]	*[3]	*[3]	*[3]	Pro A[3]	Contra B[3]	Contra C[3]	_	_	Hauptteil[7]	4. Rebuttal[15]	

7-1	587-591	Eine	1. Richtig[3]	1. Angemessen[3]	1. Verständlich[3]	*[3]	Lebensdauer/Verfügbarkeit vorhanden[3]	*[3]	Preis/Betrieb vorhanden[3]	*[3]	*[3]	*[3]	Pro A[3]	Contra B[3]	Contra C[3]	_	_	Hauptteil[7]	1. Claim[16]	
7-2	592-600	ungemein	1. Richtig[3]	1. Angemessen[3]	1. Verständlich[3]	*[3]	Lebensdauer/Verfügbarkeit vorhanden[3]	*[3]	Preis/Betrieb vorhanden[3]	*[3]	*[3]	*[3]	Pro A[3]	Contra B[3]	Contra C[3]	_	_	Hauptteil[7]	1. Claim[16]	
7-3	601-606	lange	1. Richtig[3]	1. Angemessen[3]	1. Verständlich[3]	*[3]	Lebensdauer/Verfügbarkeit vorhanden[3]	*[3]	Preis/Betrieb vorhanden[3]	*[3]	*[3]	*[3]	Pro A[3]	Contra B[3]	Contra C[3]	_	_	Hauptteil[7]	1. Claim[16]	
7-4	607-611	Zeit	1. Richtig[3]	1. Angemessen[3]	1. Verständlich[3]	*[3]	Lebensdauer/Verfügbarkeit vorhanden[3]	*[3]	Preis/Betrieb vorhanden[3]	*[3]	*[3]	*[3]	Pro A[3]	Contra B[3]	Contra C[3]	_	_	Hauptteil[7]	1. Claim[16]	
7-5	612-614	im	1. Richtig[3]	1. Angemessen[3]	1. Verständlich[3]	*[3]	Lebensdauer/Verfügbarkeit vorhanden[3]	*[3]	Preis/Betrieb vorhanden[3]	*[3]	*[3]	*[3]	Pro A[3]	Contra B[3]	Contra C[3]	_	_	Hauptteil[7]	1. Claim[16]	
7-6	615-624	Vergleich	1. Richtig[3]	1. Angemessen[3]	1. Verständlich[3]	*[3]	Lebensdauer/Verfügbarkeit vorhanden[3]	*[3]	Preis/Betrieb vorhanden[3]	*[3]	*[3]	*[3]	Pro A[3]	Contra B[3]	Contra C[3]	_	_	Hauptteil[7]	1. Claim[16]	
7-7	625-627	zu	1. Richtig[3]	1. Angemessen[3]	1. Verständlich[3]	*[3]	Lebensdauer/Verfügbarkeit vorhanden[3]	*[3]	Preis/Betrieb vorhanden[3]	*[3]	*[3]	*[3]	Pro A[3]	Contra B[3]	Contra C[3]	_	_	Hauptteil[7]	1. Claim[16]	
7-8	628-631	den	1. Richtig[3]	1. Angemessen[3]	1. Verständlich[3]	*[3]	Lebensdauer/Verfügbarkeit vorhanden[3]	*[3]	Preis/Betrieb vorhanden[3]	*[3]	*[3]	*[3]	Pro A[3]	Contra B[3]	Contra C[3]	_	_	Hauptteil[7]	1. Claim[16]	
7-9	632-639	Anderen	1. Richtig[3]	1. Angemessen[3]	1. Verständlich[3]	*[3]	Lebensdauer/Verfügbarkeit vorhanden[3]	*[3]	Preis/Betrieb vorhanden[3]	*[3]	*[3]	*[3]	Pro A[3]	Contra B[3]	Contra C[3]	_	_	Hauptteil[7]	1. Claim[16]	
7-10	640-654	Energieträgern	1. Richtig[3]	1. Angemessen[3]	1. Verständlich[3]	*[3]	Lebensdauer/Verfügbarkeit vorhanden[3]	*[3]	Preis/Betrieb vorhanden[3]	*[3]	*[3]	*[3]	Pro A[3]	Contra B[3]	Contra C[3]	_	_	Hauptteil[7]	1. Claim[16]	
7-11	654-655	.	1. Richtig[3]	1. Angemessen[3]	1. Verständlich[3]	*[3]	Lebensdauer/Verfügbarkeit vorhanden[3]	*[3]	Preis/Betrieb vorhanden[3]	*[3]	*[3]	*[3]	Pro A[3]	Contra B[3]	Contra C[3]	_	_	Hauptteil[7]	1. Claim[16]	

8-1	657-660	Ein	1. Richtig[3]	1. Angemessen[3]	1. Verständlich[3]	*[3]	Lebensdauer/Verfügbarkeit vorhanden[3]	*[3]	Preis/Betrieb vorhanden[3]	*[3]	*[3]	*[3]	Pro A[3]	Contra B[3]	Contra C[3]	_	_	Hauptteil[7]	2. Data[17]	
8-2	661-669	Windpark	1. Richtig[3]	1. Angemessen[3]	1. Verständlich[3]	*[3]	Lebensdauer/Verfügbarkeit vorhanden[3]	*[3]	Preis/Betrieb vorhanden[3]	*[3]	*[3]	*[3]	Pro A[3]	Contra B[3]	Contra C[3]	_	_	Hauptteil[7]	2. Data[17]	
8-3	670-674	hält	1. Richtig[3]	1. Angemessen[3]	1. Verständlich[3]	*[3]	Lebensdauer/Verfügbarkeit vorhanden[3]	*[3]	Preis/Betrieb vorhanden[3]	*[3]	*[3]	*[3]	Pro A[3]	Contra B[3]	Contra C[3]	_	_	Hauptteil[7]	2. Data[17]	
8-4	675-678	für	1. Richtig[3]	1. Angemessen[3]	1. Verständlich[3]	*[3]	Lebensdauer/Verfügbarkeit vorhanden[3]	*[3]	Preis/Betrieb vorhanden[3]	*[3]	*[3]	*[3]	Pro A[3]	Contra B[3]	Contra C[3]	_	_	Hauptteil[7]	2. Data[17]	
8-5	679-681	14	1. Richtig[3]	1. Angemessen[3]	1. Verständlich[3]	*[3]	Lebensdauer/Verfügbarkeit vorhanden[3]	*[3]	Preis/Betrieb vorhanden[3]	*[3]	*[3]	*[3]	Pro A[3]	Contra B[3]	Contra C[3]	_	_	Hauptteil[7]	2. Data[17]	
8-6	682-685	Mio	1. Richtig[3]	1. Angemessen[3]	1. Verständlich[3]	*[3]	Lebensdauer/Verfügbarkeit vorhanden[3]	*[3]	Preis/Betrieb vorhanden[3]	*[3]	*[3]	*[3]	Pro A[3]	Contra B[3]	Contra C[3]	_	_	Hauptteil[7]	2. Data[17]	
8-7	686-690	Euro	1. Richtig[3]	1. Angemessen[3]	1. Verständlich[3]	*[3]	Lebensdauer/Verfügbarkeit vorhanden[3]	*[3]	Preis/Betrieb vorhanden[3]	*[3]	*[3]	*[3]	Pro A[3]	Contra B[3]	Contra C[3]	_	_	Hauptteil[7]	2. Data[17]	
8-8	691-693	20	1. Richtig[3]	1. Angemessen[3]	1. Verständlich[3]	*[3]	Lebensdauer/Verfügbarkeit vorhanden[3]	*[3]	Preis/Betrieb vorhanden[3]	*[3]	*[3]	*[3]	Pro A[3]	Contra B[3]	Contra C[3]	_	_	Hauptteil[7]	2. Data[17]	
8-9	694-699	Jahre	1. Richtig[3]	1. Angemessen[3]	1. Verständlich[3]	*[3]	Lebensdauer/Verfügbarkeit vorhanden[3]	*[3]	Preis/Betrieb vorhanden[3]	*[3]	*[3]	*[3]	Pro A[3]	Contra B[3]	Contra C[3]	_	_	Hauptteil[7]	2. Data[17]	
8-10	700-704	lang	1. Richtig[3]	1. Angemessen[3]	1. Verständlich[3]	*[3]	Lebensdauer/Verfügbarkeit vorhanden[3]	*[3]	Preis/Betrieb vorhanden[3]	*[3]	*[3]	*[3]	Pro A[3]	Contra B[3]	Contra C[3]	_	_	Hauptteil[7]	2. Data[17]	
8-11	705-708	und	1. Richtig[3]	1. Angemessen[3]	1. Verständlich[3]	*[3]	Lebensdauer/Verfügbarkeit vorhanden[3]	*[3]	Preis/Betrieb vorhanden[3]	*[3]	*[3]	*[3]	Pro A[3]	Contra B[3]	Contra C[3]	_	_	Hauptteil[7]	2. Data[17]	
8-12	709-712	ein	1. Richtig[3]	1. Angemessen[3]	1. Verständlich[3]	*[3]	Lebensdauer/Verfügbarkeit vorhanden[3]	*[3]	Preis/Betrieb vorhanden[3]	*[3]	*[3]	*[3]	Pro A[3]	Contra B[3]	Contra C[3]	_	_	Hauptteil[7]	2. Data[17]	
8-13	713-722	Solarpark	1. Richtig[3]	1. Angemessen[3]	1. Verständlich[3]	*[3]	Lebensdauer/Verfügbarkeit vorhanden[3]	*[3]	Preis/Betrieb vorhanden[3]	*[3]	*[3]	*[3]	Pro A[3]	Contra B[3]	Contra C[3]	_	_	Hauptteil[7]	2. Data[17]	
8-14	723-726	für	1. Richtig[3]	1. Angemessen[3]	1. Verständlich[3]	*[3]	Lebensdauer/Verfügbarkeit vorhanden[3]	*[3]	Preis/Betrieb vorhanden[3]	*[3]	*[3]	*[3]	Pro A[3]	Contra B[3]	Contra C[3]	_	_	Hauptteil[7]	2. Data[17]	
8-15	727-728	6	1. Richtig[3]	1. Angemessen[3]	1. Verständlich[3]	*[3]	Lebensdauer/Verfügbarkeit vorhanden[3]	*[3]	Preis/Betrieb vorhanden[3]	*[3]	*[3]	*[3]	Pro A[3]	Contra B[3]	Contra C[3]	_	_	Hauptteil[7]	2. Data[17]	
8-16	729-732	Mio	1. Richtig[3]	1. Angemessen[3]	1. Verständlich[3]	*[3]	Lebensdauer/Verfügbarkeit vorhanden[3]	*[3]	Preis/Betrieb vorhanden[3]	*[3]	*[3]	*[3]	Pro A[3]	Contra B[3]	Contra C[3]	_	_	Hauptteil[7]	2. Data[17]	
8-17	733-737	Euro	1. Richtig[3]	1. Angemessen[3]	1. Verständlich[3]	*[3]	Lebensdauer/Verfügbarkeit vorhanden[3]	*[3]	Preis/Betrieb vorhanden[3]	*[3]	*[3]	*[3]	Pro A[3]	Contra B[3]	Contra C[3]	_	_	Hauptteil[7]	2. Data[17]	
8-18	738-743	sogar	1. Richtig[3]	1. Angemessen[3]	1. Verständlich[3]	*[3]	Lebensdauer/Verfügbarkeit vorhanden[3]	*[3]	Preis/Betrieb vorhanden[3]	*[3]	*[3]	*[3]	Pro A[3]	Contra B[3]	Contra C[3]	_	_	Hauptteil[7]	2. Data[17]	
8-19	744-746	30	1. Richtig[3]	1. Angemessen[3]	1. Verständlich[3]	*[3]	Lebensdauer/Verfügbarkeit vorhanden[3]	*[3]	Preis/Betrieb vorhanden[3]	*[3]	*[3]	*[3]	Pro A[3]	Contra B[3]	Contra C[3]	_	_	Hauptteil[7]	2. Data[17]	
8-20	747-752	Jahre	1. Richtig[3]	1. Angemessen[3]	1. Verständlich[3]	*[3]	Lebensdauer/Verfügbarkeit vorhanden[3]	*[3]	Preis/Betrieb vorhanden[3]	*[3]	*[3]	*[3]	Pro A[3]	Contra B[3]	Contra C[3]	_	_	Hauptteil[7]	2. Data[17]	
8-21	752-753	.	1. Richtig[3]	1. Angemessen[3]	1. Verständlich[3]	*[3]	Lebensdauer/Verfügbarkeit vorhanden[3]	*[3]	Preis/Betrieb vorhanden[3]	*[3]	*[3]	*[3]	Pro A[3]	Contra B[3]	Contra C[3]	_	_	Hauptteil[7]	2. Data[17]	

9-1	755-760	Würde	1. Richtig[3]	1. Angemessen[3]	1. Verständlich[3]	*[3]	Lebensdauer/Verfügbarkeit vorhanden[3]	*[3]	Preis/Betrieb vorhanden[3]	*[3]	*[3]	*[3]	Pro A[3]	Contra B[3]	Contra C[3]	_	_	Hauptteil[7]	2. Data[18]	
9-2	761-764	man	1. Richtig[3]	1. Angemessen[3]	1. Verständlich[3]	*[3]	Lebensdauer/Verfügbarkeit vorhanden[3]	*[3]	Preis/Betrieb vorhanden[3]	*[3]	*[3]	*[3]	Pro A[3]	Contra B[3]	Contra C[3]	_	_	Hauptteil[7]	2. Data[18]	
9-3	765-770	diese	1. Richtig[3]	1. Angemessen[3]	1. Verständlich[3]	*[3]	Lebensdauer/Verfügbarkeit vorhanden[3]	*[3]	Preis/Betrieb vorhanden[3]	*[3]	*[3]	*[3]	Pro A[3]	Contra B[3]	Contra C[3]	_	_	Hauptteil[7]	2. Data[18]	
9-4	771-776	Werte	1. Richtig[3]	1. Angemessen[3]	1. Verständlich[3]	*[3]	Lebensdauer/Verfügbarkeit vorhanden[3]	*[3]	Preis/Betrieb vorhanden[3]	*[3]	*[3]	*[3]	Pro A[3]	Contra B[3]	Contra C[3]	_	_	Hauptteil[7]	2. Data[18]	
9-5	777-782	jetzt	1. Richtig[3]	1. Angemessen[3]	1. Verständlich[3]	*[3]	Lebensdauer/Verfügbarkeit vorhanden[3]	*[3]	Preis/Betrieb vorhanden[3]	*[3]	*[3]	*[3]	Pro A[3]	Contra B[3]	Contra C[3]	_	_	Hauptteil[7]	2. Data[18]	
9-6	783-786	auf	1. Richtig[3]	1. Angemessen[3]	1. Verständlich[3]	*[3]	Lebensdauer/Verfügbarkeit vorhanden[3]	*[3]	Preis/Betrieb vorhanden[3]	*[3]	*[3]	*[3]	Pro A[3]	Contra B[3]	Contra C[3]	_	_	Hauptteil[7]	2. Data[18]	
9-7	787-789	80	1. Richtig[3]	1. Angemessen[3]	1. Verständlich[3]	*[3]	Lebensdauer/Verfügbarkeit vorhanden[3]	*[3]	Preis/Betrieb vorhanden[3]	*[3]	*[3]	*[3]	Pro A[3]	Contra B[3]	Contra C[3]	_	_	Hauptteil[7]	2. Data[18]	
9-8	790-795	Jahre	1. Richtig[3]	1. Angemessen[3]	1. Verständlich[3]	*[3]	Lebensdauer/Verfügbarkeit vorhanden[3]	*[3]	Preis/Betrieb vorhanden[3]	*[3]	*[3]	*[3]	Pro A[3]	Contra B[3]	Contra C[3]	_	_	Hauptteil[7]	2. Data[18]	
9-9	796-807	hochrechnen	1. Richtig[3]	1. Angemessen[3]	1. Verständlich[3]	*[3]	Lebensdauer/Verfügbarkeit vorhanden[3]	*[3]	Preis/Betrieb vorhanden[3]	*[3]	*[3]	*[3]	Pro A[3]	Contra B[3]	Contra C[3]	_	_	Hauptteil[7]	2. Data[18]	
9-10	807-808	,	1. Richtig[3]	1. Angemessen[3]	1. Verständlich[3]	*[3]	Lebensdauer/Verfügbarkeit vorhanden[3]	*[3]	Preis/Betrieb vorhanden[3]	*[3]	*[3]	*[3]	Pro A[3]	Contra B[3]	Contra C[3]	_	_	Hauptteil[7]	2. Data[18]	
9-11	809-814	würde	1. Richtig[3]	1. Angemessen[3]	1. Verständlich[3]	*[3]	Lebensdauer/Verfügbarkeit vorhanden[3]	*[3]	Preis/Betrieb vorhanden[3]	*[3]	*[3]	*[3]	Pro A[3]	Contra B[3]	Contra C[3]	_	_	Hauptteil[7]	2. Data[18]	
9-12	815-818	der	1. Richtig[3]	1. Angemessen[3]	1. Verständlich[3]	*[3]	Lebensdauer/Verfügbarkeit vorhanden[3]	*[3]	Preis/Betrieb vorhanden[3]	*[3]	*[3]	*[3]	Pro A[3]	Contra B[3]	Contra C[3]	_	_	Hauptteil[7]	2. Data[18]	
9-13	819-827	Windpark	1. Richtig[3]	1. Angemessen[3]	1. Verständlich[3]	*[3]	Lebensdauer/Verfügbarkeit vorhanden[3]	*[3]	Preis/Betrieb vorhanden[3]	*[3]	*[3]	*[3]	Pro A[3]	Contra B[3]	Contra C[3]	_	_	Hauptteil[7]	2. Data[18]	
9-14	828-830	ca	1. Richtig[3]	1. Angemessen[3]	1. Verständlich[3]	*[3]	Lebensdauer/Verfügbarkeit vorhanden[3]	*[3]	Preis/Betrieb vorhanden[3]	*[3]	*[3]	*[3]	Pro A[3]	Contra B[3]	Contra C[3]	_	_	Hauptteil[7]	2. Data[18]	
9-15	830-831	.	1. Richtig[3]	1. Angemessen[3]	1. Verständlich[3]	*[3]	Lebensdauer/Verfügbarkeit vorhanden[3]	*[3]	Preis/Betrieb vorhanden[3]	*[3]	*[3]	*[3]	Pro A[3]	Contra B[3]	Contra C[3]	_	_	Hauptteil[7]	2. Data[18]	
9-16	833-835	56	1. Richtig[3]	1. Angemessen[3]	1. Verständlich[3]	*[3]	Lebensdauer/Verfügbarkeit vorhanden[3]	*[3]	Preis/Betrieb vorhanden[3]	*[3]	*[3]	*[3]	Pro A[3]	Contra B[3]	Contra C[3]	_	_	Hauptteil[7]	2. Data[18]	
9-17	836-839	Mio	1. Richtig[3]	1. Angemessen[3]	1. Verständlich[3]	*[3]	Lebensdauer/Verfügbarkeit vorhanden[3]	*[3]	Preis/Betrieb vorhanden[3]	*[3]	*[3]	*[3]	Pro A[3]	Contra B[3]	Contra C[3]	_	_	Hauptteil[7]	2. Data[18]	
9-18	840-844	Euro	1. Richtig[3]	1. Angemessen[3]	1. Verständlich[3]	*[3]	Lebensdauer/Verfügbarkeit vorhanden[3]	*[3]	Preis/Betrieb vorhanden[3]	*[3]	*[3]	*[3]	Pro A[3]	Contra B[3]	Contra C[3]	_	_	Hauptteil[7]	2. Data[18]	
9-19	845-848	und	1. Richtig[3]	1. Angemessen[3]	1. Verständlich[3]	*[3]	Lebensdauer/Verfügbarkeit vorhanden[3]	*[3]	Preis/Betrieb vorhanden[3]	*[3]	*[3]	*[3]	Pro A[3]	Contra B[3]	Contra C[3]	_	_	Hauptteil[7]	2. Data[18]	
9-20	849-852	der	1. Richtig[3]	1. Angemessen[3]	1. Verständlich[3]	*[3]	Lebensdauer/Verfügbarkeit vorhanden[3]	*[3]	Preis/Betrieb vorhanden[3]	*[3]	*[3]	*[3]	Pro A[3]	Contra B[3]	Contra C[3]	_	_	Hauptteil[7]	2. Data[18]	
9-21	853-862	Solarpark	1. Richtig[3]	1. Angemessen[3]	1. Verständlich[3]	*[3]	Lebensdauer/Verfügbarkeit vorhanden[3]	*[3]	Preis/Betrieb vorhanden[3]	*[3]	*[3]	*[3]	Pro A[3]	Contra B[3]	Contra C[3]	_	_	Hauptteil[7]	2. Data[18]	
9-22	863-868	sogar	1. Richtig[3]	1. Angemessen[3]	1. Verständlich[3]	*[3]	Lebensdauer/Verfügbarkeit vorhanden[3]	*[3]	Preis/Betrieb vorhanden[3]	*[3]	*[3]	*[3]	Pro A[3]	Contra B[3]	Contra C[3]	_	_	Hauptteil[7]	2. Data[18]	
9-23	869-872	nur	1. Richtig[3]	1. Angemessen[3]	1. Verständlich[3]	*[3]	Lebensdauer/Verfügbarkeit vorhanden[3]	*[3]	Preis/Betrieb vorhanden[3]	*[3]	*[3]	*[3]	Pro A[3]	Contra B[3]	Contra C[3]	_	_	Hauptteil[7]	2. Data[18]	
9-24	873-875	ca	1. Richtig[3]	1. Angemessen[3]	1. Verständlich[3]	*[3]	Lebensdauer/Verfügbarkeit vorhanden[3]	*[3]	Preis/Betrieb vorhanden[3]	*[3]	*[3]	*[3]	Pro A[3]	Contra B[3]	Contra C[3]	_	_	Hauptteil[7]	2. Data[18]	
9-25	875-876	.	1. Richtig[3]	1. Angemessen[3]	1. Verständlich[3]	*[3]	Lebensdauer/Verfügbarkeit vorhanden[3]	*[3]	Preis/Betrieb vorhanden[3]	*[3]	*[3]	*[3]	Pro A[3]	Contra B[3]	Contra C[3]	_	_	Hauptteil[7]	2. Data[18]	
9-26	878-880	16	1. Richtig[3]	1. Angemessen[3]	1. Verständlich[3]	*[3]	Lebensdauer/Verfügbarkeit vorhanden[3]	*[3]	Preis/Betrieb vorhanden[3]	*[3]	*[3]	*[3]	Pro A[3]	Contra B[3]	Contra C[3]	_	_	Hauptteil[7]	2. Data[18]	
9-27	881-884	Mio	1. Richtig[3]	1. Angemessen[3]	1. Verständlich[3]	*[3]	Lebensdauer/Verfügbarkeit vorhanden[3]	*[3]	Preis/Betrieb vorhanden[3]	*[3]	*[3]	*[3]	Pro A[3]	Contra B[3]	Contra C[3]	_	_	Hauptteil[7]	2. Data[18]	
9-28	885-889	Euro	1. Richtig[3]	1. Angemessen[3]	1. Verständlich[3]	*[3]	Lebensdauer/Verfügbarkeit vorhanden[3]	*[3]	Preis/Betrieb vorhanden[3]	*[3]	*[3]	*[3]	Pro A[3]	Contra B[3]	Contra C[3]	_	_	Hauptteil[7]	2. Data[18]	
9-29	890-896	kosten	1. Richtig[3]	1. Angemessen[3]	1. Verständlich[3]	*[3]	Lebensdauer/Verfügbarkeit vorhanden[3]	*[3]	Preis/Betrieb vorhanden[3]	*[3]	*[3]	*[3]	Pro A[3]	Contra B[3]	Contra C[3]	_	_	Hauptteil[7]	2. Data[18]	
9-30	896-897	.	1. Richtig[3]	1. Angemessen[3]	1. Verständlich[3]	*[3]	Lebensdauer/Verfügbarkeit vorhanden[3]	*[3]	Preis/Betrieb vorhanden[3]	*[3]	*[3]	*[3]	Pro A[3]	Contra B[3]	Contra C[3]	_	_	Hauptteil[7]	2. Data[18]	

10-1	899-902	Das	1. Richtig[3]	1. Angemessen[3]	1. Verständlich[3]	*[3]	Lebensdauer/Verfügbarkeit vorhanden[3]	*[3]	Preis/Betrieb vorhanden[3]	*[3]	*[3]	*[3]	Pro A[3]	Contra B[3]	Contra C[3]	_	_	Hauptteil[7]	2. Data[19]	
10-2	903-907	wäre	1. Richtig[3]	1. Angemessen[3]	1. Verständlich[3]	*[3]	Lebensdauer/Verfügbarkeit vorhanden[3]	*[3]	Preis/Betrieb vorhanden[3]	*[3]	*[3]	*[3]	Pro A[3]	Contra B[3]	Contra C[3]	_	_	Hauptteil[7]	2. Data[19]	
10-3	908-912	dann	1. Richtig[3]	1. Angemessen[3]	1. Verständlich[3]	*[3]	Lebensdauer/Verfügbarkeit vorhanden[3]	*[3]	Preis/Betrieb vorhanden[3]	*[3]	*[3]	*[3]	Pro A[3]	Contra B[3]	Contra C[3]	_	_	Hauptteil[7]	2. Data[19]	
10-4	913-917	zwar	1. Richtig[3]	1. Angemessen[3]	1. Verständlich[3]	*[3]	Lebensdauer/Verfügbarkeit vorhanden[3]	*[3]	Preis/Betrieb vorhanden[3]	*[3]	*[3]	*[3]	Pro A[3]	Contra B[3]	Contra C[3]	_	_	Hauptteil[7]	2. Data[19]	
10-5	918-922	sehr	1. Richtig[3]	1. Angemessen[3]	1. Verständlich[3]	*[3]	Lebensdauer/Verfügbarkeit vorhanden[3]	*[3]	Preis/Betrieb vorhanden[3]	*[3]	*[3]	*[3]	Pro A[3]	Contra B[3]	Contra C[3]	_	_	Hauptteil[7]	2. Data[19]	
10-6	923-930	günstig	1. Richtig[3]	1. Angemessen[3]	1. Verständlich[3]	*[3]	Lebensdauer/Verfügbarkeit vorhanden[3]	*[3]	Preis/Betrieb vorhanden[3]	*[3]	*[3]	*[3]	Pro A[3]	Contra B[3]	Contra C[3]	_	_	Hauptteil[7]	2. Data[19]	
10-7	931-935	aber	1. Richtig[3]	1. Angemessen[3]	1. Verständlich[3]	*[3]	Lebensdauer/Verfügbarkeit vorhanden[3]	*[3]	Preis/Betrieb vorhanden[3]	*[3]	*[3]	*[3]	Pro A[3]	Contra B[3]	Contra C[3]	_	_	Hauptteil[7]	4. Rebuttal[20]	
10-8	936-939	die	1. Richtig[3]	1. Angemessen[3]	1. Verständlich[3]	*[3]	Lebensdauer/Verfügbarkeit vorhanden[3]	*[3]	Preis/Betrieb vorhanden[3]	*[3]	*[3]	*[3]	Pro A[3]	Contra B[3]	Contra C[3]	_	_	Hauptteil[7]	4. Rebuttal[20]	
10-9	940-962	Treibhausgasemissionen	1. Richtig[3]	1. Angemessen[3]	1. Verständlich[3]	*[3]	Lebensdauer/Verfügbarkeit vorhanden[3]	*[3]	Preis/Betrieb vorhanden[3]	*[3]	*[3]	*[3]	Pro A[3]	Contra B[3]	Contra C[3]	_	_	Hauptteil[7]	4. Rebuttal[20]	
10-10	963-966	bei	1. Richtig[3]	1. Angemessen[3]	1. Verständlich[3]	*[3]	Lebensdauer/Verfügbarkeit vorhanden[3]	*[3]	Preis/Betrieb vorhanden[3]	*[3]	*[3]	*[3]	Pro A[3]	Contra B[3]	Contra C[3]	_	_	Hauptteil[7]	4. Rebuttal[20]	
10-11	967-978	Herstellung	1. Richtig[3]	1. Angemessen[3]	1. Verständlich[3]	*[3]	Lebensdauer/Verfügbarkeit vorhanden[3]	*[3]	Preis/Betrieb vorhanden[3]	*[3]	*[3]	*[3]	Pro A[3]	Contra B[3]	Contra C[3]	_	_	Hauptteil[7]	4. Rebuttal[20]	
10-12	978-979	,	1. Richtig[3]	1. Angemessen[3]	1. Verständlich[3]	*[3]	Lebensdauer/Verfügbarkeit vorhanden[3]	*[3]	Preis/Betrieb vorhanden[3]	*[3]	*[3]	*[3]	Pro A[3]	Contra B[3]	Contra C[3]	_	_	Hauptteil[7]	4. Rebuttal[20]	
10-13	980-987	Betrieb	1. Richtig[3]	1. Angemessen[3]	1. Verständlich[3]	*[3]	Lebensdauer/Verfügbarkeit vorhanden[3]	*[3]	Preis/Betrieb vorhanden[3]	*[3]	*[3]	*[3]	Pro A[3]	Contra B[3]	Contra C[3]	_	_	Hauptteil[7]	4. Rebuttal[20]	
10-14	988-991	und	1. Richtig[3]	1. Angemessen[3]	1. Verständlich[3]	*[3]	Lebensdauer/Verfügbarkeit vorhanden[3]	*[3]	Preis/Betrieb vorhanden[3]	*[3]	*[3]	*[3]	Pro A[3]	Contra B[3]	Contra C[3]	_	_	Hauptteil[7]	4. Rebuttal[20]	
10-15	992-999	Rückbau	1. Richtig[3]	1. Angemessen[3]	1. Verständlich[3]	*[3]	Lebensdauer/Verfügbarkeit vorhanden[3]	*[3]	Preis/Betrieb vorhanden[3]	*[3]	*[3]	*[3]	Pro A[3]	Contra B[3]	Contra C[3]	_	_	Hauptteil[7]	4. Rebuttal[20]	
10-16	1000-1005	wären	1. Richtig[3]	1. Angemessen[3]	1. Verständlich[3]	*[3]	Lebensdauer/Verfügbarkeit vorhanden[3]	*[3]	Preis/Betrieb vorhanden[3]	*[3]	*[3]	*[3]	Pro A[3]	Contra B[3]	Contra C[3]	_	_	Hauptteil[7]	4. Rebuttal[20]	
10-17	1006-1010	viel	1. Richtig[3]	1. Angemessen[3]	1. Verständlich[3]	*[3]	Lebensdauer/Verfügbarkeit vorhanden[3]	*[3]	Preis/Betrieb vorhanden[3]	*[3]	*[3]	*[3]	Pro A[3]	Contra B[3]	Contra C[3]	_	_	Hauptteil[7]	4. Rebuttal[20]	
10-18	1011-1016	höher	1. Richtig[3]	1. Angemessen[3]	1. Verständlich[3]	*[3]	Lebensdauer/Verfügbarkeit vorhanden[3]	*[3]	Preis/Betrieb vorhanden[3]	*[3]	*[3]	*[3]	Pro A[3]	Contra B[3]	Contra C[3]	_	_	Hauptteil[7]	4. Rebuttal[20]	
10-19	1017-1020	als	1. Richtig[3]	1. Angemessen[3]	1. Verständlich[3]	*[3]	Lebensdauer/Verfügbarkeit vorhanden[3]	*[3]	Preis/Betrieb vorhanden[3]	*[3]	*[3]	*[3]	Pro A[3]	Contra B[3]	Contra C[3]	_	_	Hauptteil[7]	4. Rebuttal[20]	
10-20	1021-1024	die	1. Richtig[3]	1. Angemessen[3]	1. Verständlich[3]	*[3]	Lebensdauer/Verfügbarkeit vorhanden[3]	*[3]	Preis/Betrieb vorhanden[3]	*[3]	*[3]	*[3]	Pro A[3]	Contra B[3]	Contra C[3]	_	_	Hauptteil[7]	4. Rebuttal[20]	
10-21	1025-1028	bei	1. Richtig[3]	1. Angemessen[3]	1. Verständlich[3]	*[3]	Lebensdauer/Verfügbarkeit vorhanden[3]	*[3]	Preis/Betrieb vorhanden[3]	*[3]	*[3]	*[3]	Pro A[3]	Contra B[3]	Contra C[3]	_	_	Hauptteil[7]	4. Rebuttal[20]	
10-22	1029-1034	einer	1. Richtig[3]	1. Angemessen[3]	1. Verständlich[3]	*[3]	Lebensdauer/Verfügbarkeit vorhanden[3]	*[3]	Preis/Betrieb vorhanden[3]	*[3]	*[3]	*[3]	Pro A[3]	Contra B[3]	Contra C[3]	_	_	Hauptteil[7]	4. Rebuttal[20]	
10-23	1035-1052	Wasserkraftanlage	1. Richtig[3]	1. Angemessen[3]	1. Verständlich[3]	*[3]	Lebensdauer/Verfügbarkeit vorhanden[3]	*[3]	Preis/Betrieb vorhanden[3]	*[3]	*[3]	*[3]	Pro A[3]	Contra B[3]	Contra C[3]	_	_	Hauptteil[7]	4. Rebuttal[20]	
10-24	1052-1053	.	1. Richtig[3]	1. Angemessen[3]	1. Verständlich[3]	*[3]	Lebensdauer/Verfügbarkeit vorhanden[3]	*[3]	Preis/Betrieb vorhanden[3]	*[3]	*[3]	*[3]	Pro A[3]	Contra B[3]	Contra C[3]	_	_	Hauptteil[7]	4. Rebuttal[20]	

11-1	1055-1058	Was	1. Richtig[3]	1. Angemessen[3]	1. Verständlich[3]	*[3]	Lebensdauer/Verfügbarkeit vorhanden[3]	*[3]	Preis/Betrieb vorhanden[3]	*[3]	*[3]	*[3]	Pro A[3]	Contra B[3]	Contra C[3]	3. Unbegründet[5]	Gesamtthese[5]	Hauptteil[7]	1. Claim[21]	
11-2	1059-1062	die	1. Richtig[3]	1. Angemessen[3]	1. Verständlich[3]	*[3]	Lebensdauer/Verfügbarkeit vorhanden[3]	*[3]	Preis/Betrieb vorhanden[3]	*[3]	*[3]	*[3]	Pro A[3]	Contra B[3]	Contra C[3]	3. Unbegründet[5]	Gesamtthese[5]	Hauptteil[7]	1. Claim[21]	
11-3	1063-1080	Wasserkraftanlage	1. Richtig[3]	1. Angemessen[3]	1. Verständlich[3]	*[3]	Lebensdauer/Verfügbarkeit vorhanden[3]	*[3]	Preis/Betrieb vorhanden[3]	*[3]	*[3]	*[3]	Pro A[3]	Contra B[3]	Contra C[3]	3. Unbegründet[5]	Gesamtthese[5]	Hauptteil[7]	1. Claim[21]	
11-4	1081-1084	zur	1. Richtig[3]	1. Angemessen[3]	1. Verständlich[3]	*[3]	Lebensdauer/Verfügbarkeit vorhanden[3]	*[3]	Preis/Betrieb vorhanden[3]	*[3]	*[3]	*[3]	Pro A[3]	Contra B[3]	Contra C[3]	3. Unbegründet[5]	Gesamtthese[5]	Hauptteil[7]	1. Claim[21]	
11-5	1085-1091	besten	1. Richtig[3]	1. Angemessen[3]	1. Verständlich[3]	*[3]	Lebensdauer/Verfügbarkeit vorhanden[3]	*[3]	Preis/Betrieb vorhanden[3]	*[3]	*[3]	*[3]	Pro A[3]	Contra B[3]	Contra C[3]	3. Unbegründet[5]	Gesamtthese[5]	Hauptteil[7]	1. Claim[21]	
11-6	1092-1103	Möglichkeit	1. Richtig[3]	1. Angemessen[3]	1. Verständlich[3]	*[3]	Lebensdauer/Verfügbarkeit vorhanden[3]	*[3]	Preis/Betrieb vorhanden[3]	*[3]	*[3]	*[3]	Pro A[3]	Contra B[3]	Contra C[3]	3. Unbegründet[5]	Gesamtthese[5]	Hauptteil[7]	1. Claim[21]	
11-7	1104-1109	macht	1. Richtig[3]	1. Angemessen[3]	1. Verständlich[3]	*[3]	Lebensdauer/Verfügbarkeit vorhanden[3]	*[3]	Preis/Betrieb vorhanden[3]	*[3]	*[3]	*[3]	Pro A[3]	Contra B[3]	Contra C[3]	3. Unbegründet[5]	Gesamtthese[5]	Hauptteil[7]	1. Claim[21]	
11-8	1109-1110	.	1. Richtig[3]	1. Angemessen[3]	1. Verständlich[3]	*[3]	Lebensdauer/Verfügbarkeit vorhanden[3]	*[3]	Preis/Betrieb vorhanden[3]	*[3]	*[3]	*[3]	Pro A[3]	Contra B[3]	Contra C[3]	3. Unbegründet[5]	Gesamtthese[5]	Hauptteil[7]	1. Claim[21]	
