#FORMAT=WebAnno TSV 3.3
#T_SP=webanno.custom.Argument|Accuracy|Adequacy|Clarity|KriteriumJahresertragEnergiedichte|KriteriumLebensdauerVerfgbarkeit|KriteriumLokaleEmissionenGeruschemissionen|KriteriumPreisBetrieb|KriteriumSonstiges|KriteriumTreibhausgasemissionen|KriteriumWirkungsgrad|OptionA|OptionB|OptionC
#T_SP=webanno.custom.DecisionMakingStrategies|Decision|Gesamtthese
#T_SP=webanno.custom.Struktur|Struktur
#T_SP=webanno.custom.StrukturTAP|TAPArgumente


1-1	0-3	Ich	_	_	_	_	_	_	_	_	_	_	_	_	_	3. Unbegründet[4]	Gesamtthese[4]	Einleitung[5]	_	
1-2	4-9	denke	_	_	_	_	_	_	_	_	_	_	_	_	_	3. Unbegründet[4]	Gesamtthese[4]	Einleitung[5]	_	
1-3	9-10	,	_	_	_	_	_	_	_	_	_	_	_	_	_	3. Unbegründet[4]	Gesamtthese[4]	Einleitung[5]	_	
1-4	11-15	dass	_	_	_	_	_	_	_	_	_	_	_	_	_	3. Unbegründet[4]	Gesamtthese[4]	Einleitung[5]	_	
1-5	16-23	E-Fuels	_	_	_	_	_	_	_	_	_	_	_	_	_	3. Unbegründet[4]	Gesamtthese[4]	Einleitung[5]	_	
1-6	24-27	als	_	_	_	_	_	_	_	_	_	_	_	_	_	3. Unbegründet[4]	Gesamtthese[4]	Einleitung[5]	_	
1-7	28-34	Ersatz	_	_	_	_	_	_	_	_	_	_	_	_	_	3. Unbegründet[4]	Gesamtthese[4]	Einleitung[5]	_	
1-8	35-38	für	_	_	_	_	_	_	_	_	_	_	_	_	_	3. Unbegründet[4]	Gesamtthese[4]	Einleitung[5]	_	
1-9	39-51	herkömmliche	_	_	_	_	_	_	_	_	_	_	_	_	_	3. Unbegründet[4]	Gesamtthese[4]	Einleitung[5]	_	
1-10	52-58	Benzin	_	_	_	_	_	_	_	_	_	_	_	_	_	3. Unbegründet[4]	Gesamtthese[4]	Einleitung[5]	_	
1-11	58-59	-	_	_	_	_	_	_	_	_	_	_	_	_	_	3. Unbegründet[4]	Gesamtthese[4]	Einleitung[5]	_	
1-12	60-63	und	_	_	_	_	_	_	_	_	_	_	_	_	_	3. Unbegründet[4]	Gesamtthese[4]	Einleitung[5]	_	
1-13	64-77	Dieselmotoren	_	_	_	_	_	_	_	_	_	_	_	_	_	3. Unbegründet[4]	Gesamtthese[4]	Einleitung[5]	_	
1-14	78-86	effektiv	_	_	_	_	_	_	_	_	_	_	_	_	_	3. Unbegründet[4]	Gesamtthese[4]	Einleitung[5]	_	
1-15	87-90	und	_	_	_	_	_	_	_	_	_	_	_	_	_	3. Unbegründet[4]	Gesamtthese[4]	Einleitung[5]	_	
1-16	91-98	möglich	_	_	_	_	_	_	_	_	_	_	_	_	_	3. Unbegründet[4]	Gesamtthese[4]	Einleitung[5]	_	
1-17	99-104	wären	_	_	_	_	_	_	_	_	_	_	_	_	_	3. Unbegründet[4]	Gesamtthese[4]	Einleitung[5]	_	
1-18	104-105	.	_	_	_	_	_	_	_	_	_	_	_	_	_	3. Unbegründet[4]	Gesamtthese[4]	Einleitung[5]	_	

2-1	107-110	Zum	1. Richtig[1]	1. Angemessen[1]	1. Verständlich[1]	*[1]	Lebensdauer/Verfügbarkeit vorhanden[1]	*[1]	*[1]	*[1]	*[1]	*[1]	Contra A[1]	Pro B[1]	*[1]	_	_	Hauptteil[6]	2. Data[8]	
2-2	111-116	einen	1. Richtig[1]	1. Angemessen[1]	1. Verständlich[1]	*[1]	Lebensdauer/Verfügbarkeit vorhanden[1]	*[1]	*[1]	*[1]	*[1]	*[1]	Contra A[1]	Pro B[1]	*[1]	_	_	Hauptteil[6]	2. Data[8]	
2-3	117-120	ist	1. Richtig[1]	1. Angemessen[1]	1. Verständlich[1]	*[1]	Lebensdauer/Verfügbarkeit vorhanden[1]	*[1]	*[1]	*[1]	*[1]	*[1]	Contra A[1]	Pro B[1]	*[1]	_	_	Hauptteil[6]	2. Data[8]	
2-4	121-124	die	1. Richtig[1]	1. Angemessen[1]	1. Verständlich[1]	*[1]	Lebensdauer/Verfügbarkeit vorhanden[1]	*[1]	*[1]	*[1]	*[1]	*[1]	Contra A[1]	Pro B[1]	*[1]	_	_	Hauptteil[6]	2. Data[8]	
2-5	125-129	fast	1. Richtig[1]	1. Angemessen[1]	1. Verständlich[1]	*[1]	Lebensdauer/Verfügbarkeit vorhanden[1]	*[1]	*[1]	*[1]	*[1]	*[1]	Contra A[1]	Pro B[1]	*[1]	_	_	Hauptteil[6]	2. Data[8]	
2-6	130-145	ausschließliche	1. Richtig[1]	1. Angemessen[1]	1. Verständlich[1]	*[1]	Lebensdauer/Verfügbarkeit vorhanden[1]	*[1]	*[1]	*[1]	*[1]	*[1]	Contra A[1]	Pro B[1]	*[1]	_	_	Hauptteil[6]	2. Data[8]	
2-7	146-156	Verwendung	1. Richtig[1]	1. Angemessen[1]	1. Verständlich[1]	*[1]	Lebensdauer/Verfügbarkeit vorhanden[1]	*[1]	*[1]	*[1]	*[1]	*[1]	Contra A[1]	Pro B[1]	*[1]	_	_	Hauptteil[6]	2. Data[8]	
2-8	157-160	von	1. Richtig[1]	1. Angemessen[1]	1. Verständlich[1]	*[1]	Lebensdauer/Verfügbarkeit vorhanden[1]	*[1]	*[1]	*[1]	*[1]	*[1]	Contra A[1]	Pro B[1]	*[1]	_	_	Hauptteil[6]	2. Data[8]	
2-9	161-168	E-Fuels	1. Richtig[1]	1. Angemessen[1]	1. Verständlich[1]	*[1]	Lebensdauer/Verfügbarkeit vorhanden[1]	*[1]	*[1]	*[1]	*[1]	*[1]	Contra A[1]	Pro B[1]	*[1]	_	_	Hauptteil[6]	2. Data[8]	
2-10	169-177	durchaus	1. Richtig[1]	1. Angemessen[1]	1. Verständlich[1]	*[1]	Lebensdauer/Verfügbarkeit vorhanden[1]	*[1]	*[1]	*[1]	*[1]	*[1]	Contra A[1]	Pro B[1]	*[1]	_	_	Hauptteil[6]	2. Data[8]	
2-11	178-185	machbar	1. Richtig[1]	1. Angemessen[1]	1. Verständlich[1]	*[1]	Lebensdauer/Verfügbarkeit vorhanden[1]	*[1]	*[1]	*[1]	*[1]	*[1]	Contra A[1]	Pro B[1]	*[1]	_	_	Hauptteil[6]	2. Data[8]	
2-12	185-186	,	1. Richtig[1]	1. Angemessen[1]	1. Verständlich[1]	*[1]	Lebensdauer/Verfügbarkeit vorhanden[1]	*[1]	*[1]	*[1]	*[1]	*[1]	Contra A[1]	Pro B[1]	*[1]	_	_	Hauptteil[6]	2. Data[8]	
2-13	187-189	da	1. Richtig[1]	1. Angemessen[1]	1. Verständlich[1]	*[1]	Lebensdauer/Verfügbarkeit vorhanden[1]	*[1]	*[1]	*[1]	*[1]	*[1]	Contra A[1]	Pro B[1]	*[1]	_	_	Hauptteil[6]	2. Data[8]	
2-14	190-193	man	1. Richtig[1]	1. Angemessen[1]	1. Verständlich[1]	*[1]	Lebensdauer/Verfügbarkeit vorhanden[1]	*[1]	*[1]	*[1]	*[1]	*[1]	Contra A[1]	Pro B[1]	*[1]	_	_	Hauptteil[6]	2. Data[8]	
2-15	194-197	sie	1. Richtig[1]	1. Angemessen[1]	1. Verständlich[1]	*[1]	Lebensdauer/Verfügbarkeit vorhanden[1]	*[1]	*[1]	*[1]	*[1]	*[1]	Contra A[1]	Pro B[1]	*[1]	_	_	Hauptteil[6]	2. Data[8]	
2-16	198-201	als	1. Richtig[1]	1. Angemessen[1]	1. Verständlich[1]	*[1]	Lebensdauer/Verfügbarkeit vorhanden[1]	*[1]	*[1]	*[1]	*[1]	*[1]	Contra A[1]	Pro B[1]	*[1]	_	_	Hauptteil[6]	2. Data[8]	
2-17	202-217	Massenfertigung	1. Richtig[1]	1. Angemessen[1]	1. Verständlich[1]	*[1]	Lebensdauer/Verfügbarkeit vorhanden[1]	*[1]	*[1]	*[1]	*[1]	*[1]	Contra A[1]	Pro B[1]	*[1]	_	_	Hauptteil[6]	2. Data[8]	
2-18	218-229	produzieren	1. Richtig[1]	1. Angemessen[1]	1. Verständlich[1]	*[1]	Lebensdauer/Verfügbarkeit vorhanden[1]	*[1]	*[1]	*[1]	*[1]	*[1]	Contra A[1]	Pro B[1]	*[1]	_	_	Hauptteil[6]	2. Data[8]	
2-19	230-234	kann	1. Richtig[1]	1. Angemessen[1]	1. Verständlich[1]	*[1]	Lebensdauer/Verfügbarkeit vorhanden[1]	*[1]	*[1]	*[1]	*[1]	*[1]	Contra A[1]	Pro B[1]	*[1]	_	_	Hauptteil[6]	2. Data[8]	
2-20	235-238	und	1. Richtig[1]	1. Angemessen[1]	1. Verständlich[1]	*[1]	Lebensdauer/Verfügbarkeit vorhanden[1]	*[1]	*[1]	*[1]	*[1]	*[1]	Contra A[1]	Pro B[1]	*[1]	_	_	Hauptteil[6]	3. Warrant[9]	
2-21	239-244	damit	1. Richtig[1]	1. Angemessen[1]	1. Verständlich[1]	*[1]	Lebensdauer/Verfügbarkeit vorhanden[1]	*[1]	*[1]	*[1]	*[1]	*[1]	Contra A[1]	Pro B[1]	*[1]	_	_	Hauptteil[6]	3. Warrant[9]	
2-22	245-250	genug	1. Richtig[1]	1. Angemessen[1]	1. Verständlich[1]	*[1]	Lebensdauer/Verfügbarkeit vorhanden[1]	*[1]	*[1]	*[1]	*[1]	*[1]	Contra A[1]	Pro B[1]	*[1]	_	_	Hauptteil[6]	3. Warrant[9]	
2-23	251-260	vorhanden	1. Richtig[1]	1. Angemessen[1]	1. Verständlich[1]	*[1]	Lebensdauer/Verfügbarkeit vorhanden[1]	*[1]	*[1]	*[1]	*[1]	*[1]	Contra A[1]	Pro B[1]	*[1]	_	_	Hauptteil[6]	3. Warrant[9]	
2-24	261-264	ist	1. Richtig[1]	1. Angemessen[1]	1. Verständlich[1]	*[1]	Lebensdauer/Verfügbarkeit vorhanden[1]	*[1]	*[1]	*[1]	*[1]	*[1]	Contra A[1]	Pro B[1]	*[1]	_	_	Hauptteil[6]	3. Warrant[9]	
2-25	265-268	und	1. Richtig[1]	1. Angemessen[1]	1. Verständlich[1]	*[1]	Lebensdauer/Verfügbarkeit vorhanden[1]	*[1]	*[1]	*[1]	*[1]	*[1]	Contra A[1]	Pro B[1]	*[1]	_	_	Hauptteil[6]	3. Warrant[9]	
2-26	269-274	nicht	1. Richtig[1]	1. Angemessen[1]	1. Verständlich[1]	*[1]	Lebensdauer/Verfügbarkeit vorhanden[1]	*[1]	*[1]	*[1]	*[1]	*[1]	Contra A[1]	Pro B[1]	*[1]	_	_	Hauptteil[6]	3. Warrant[9]	
2-27	275-281	sofort	1. Richtig[1]	1. Angemessen[1]	1. Verständlich[1]	*[1]	Lebensdauer/Verfügbarkeit vorhanden[1]	*[1]	*[1]	*[1]	*[1]	*[1]	Contra A[1]	Pro B[1]	*[1]	_	_	Hauptteil[6]	3. Warrant[9]	
2-28	282-285	ein	1. Richtig[1]	1. Angemessen[1]	1. Verständlich[1]	*[1]	Lebensdauer/Verfügbarkeit vorhanden[1]	*[1]	*[1]	*[1]	*[1]	*[1]	Contra A[1]	Pro B[1]	*[1]	_	_	Hauptteil[6]	3. Warrant[9]	
2-29	286-292	Mangel	1. Richtig[1]	1. Angemessen[1]	1. Verständlich[1]	*[1]	Lebensdauer/Verfügbarkeit vorhanden[1]	*[1]	*[1]	*[1]	*[1]	*[1]	Contra A[1]	Pro B[1]	*[1]	_	_	Hauptteil[6]	3. Warrant[9]	
2-30	293-301	entsteht	1. Richtig[1]	1. Angemessen[1]	1. Verständlich[1]	*[1]	Lebensdauer/Verfügbarkeit vorhanden[1]	*[1]	*[1]	*[1]	*[1]	*[1]	Contra A[1]	Pro B[1]	*[1]	_	_	Hauptteil[6]	3. Warrant[9]	
2-31	301-302	.	1. Richtig[1]	1. Angemessen[1]	1. Verständlich[1]	*[1]	Lebensdauer/Verfügbarkeit vorhanden[1]	*[1]	*[1]	*[1]	*[1]	*[1]	Contra A[1]	Pro B[1]	*[1]	_	_	Hauptteil[6]	3. Warrant[9]	

3-1	304-308	Wäre	1. Richtig[1]	1. Angemessen[1]	1. Verständlich[1]	*[1]	Lebensdauer/Verfügbarkeit vorhanden[1]	*[1]	*[1]	*[1]	*[1]	*[1]	Contra A[1]	Pro B[1]	*[1]	_	_	Hauptteil[6]	2. Data[10]	
3-2	309-312	das	1. Richtig[1]	1. Angemessen[1]	1. Verständlich[1]	*[1]	Lebensdauer/Verfügbarkeit vorhanden[1]	*[1]	*[1]	*[1]	*[1]	*[1]	Contra A[1]	Pro B[1]	*[1]	_	_	Hauptteil[6]	2. Data[10]	
3-3	313-318	nicht	1. Richtig[1]	1. Angemessen[1]	1. Verständlich[1]	*[1]	Lebensdauer/Verfügbarkeit vorhanden[1]	*[1]	*[1]	*[1]	*[1]	*[1]	Contra A[1]	Pro B[1]	*[1]	_	_	Hauptteil[6]	2. Data[10]	
3-4	319-326	möglich	1. Richtig[1]	1. Angemessen[1]	1. Verständlich[1]	*[1]	Lebensdauer/Verfügbarkeit vorhanden[1]	*[1]	*[1]	*[1]	*[1]	*[1]	Contra A[1]	Pro B[1]	*[1]	_	_	Hauptteil[6]	2. Data[10]	
3-5	327-330	wie	1. Richtig[1]	1. Angemessen[1]	1. Verständlich[1]	*[1]	Lebensdauer/Verfügbarkeit vorhanden[1]	*[1]	*[1]	*[1]	*[1]	*[1]	Contra A[1]	Pro B[1]	*[1]	_	_	Hauptteil[6]	2. Data[10]	
3-6	331-335	beim	1. Richtig[1]	1. Angemessen[1]	1. Verständlich[1]	*[1]	Lebensdauer/Verfügbarkeit vorhanden[1]	*[1]	*[1]	*[1]	*[1]	*[1]	Contra A[1]	Pro B[1]	*[1]	_	_	Hauptteil[6]	2. Data[10]	
3-7	336-347	Wasserstoff	1. Richtig[1]	1. Angemessen[1]	1. Verständlich[1]	*[1]	Lebensdauer/Verfügbarkeit vorhanden[1]	*[1]	*[1]	*[1]	*[1]	*[1]	Contra A[1]	Pro B[1]	*[1]	_	_	Hauptteil[6]	2. Data[10]	
3-8	347-348	,	1. Richtig[1]	1. Angemessen[1]	1. Verständlich[1]	*[1]	Lebensdauer/Verfügbarkeit vorhanden[1]	*[1]	*[1]	*[1]	*[1]	*[1]	Contra A[1]	Pro B[1]	*[1]	_	_	Hauptteil[6]	2. Data[10]	
3-9	349-352	der	1. Richtig[1]	1. Angemessen[1]	1. Verständlich[1]	*[1]	Lebensdauer/Verfügbarkeit vorhanden[1]	*[1]	*[1]	*[1]	*[1]	*[1]	Contra A[1]	Pro B[1]	*[1]	_	_	Hauptteil[6]	2. Data[10]	
3-10	353-356	nur	1. Richtig[1]	1. Angemessen[1]	1. Verständlich[1]	*[1]	Lebensdauer/Verfügbarkeit vorhanden[1]	*[1]	*[1]	*[1]	*[1]	*[1]	Contra A[1]	Pro B[1]	*[1]	_	_	Hauptteil[6]	2. Data[10]	
3-11	357-361	eine	1. Richtig[1]	1. Angemessen[1]	1. Verständlich[1]	*[1]	Lebensdauer/Verfügbarkeit vorhanden[1]	*[1]	*[1]	*[1]	*[1]	*[1]	Contra A[1]	Pro B[1]	*[1]	_	_	Hauptteil[6]	2. Data[10]	
3-12	362-382	Kleinserienfertigung	1. Richtig[1]	1. Angemessen[1]	1. Verständlich[1]	*[1]	Lebensdauer/Verfügbarkeit vorhanden[1]	*[1]	*[1]	*[1]	*[1]	*[1]	Contra A[1]	Pro B[1]	*[1]	_	_	Hauptteil[6]	2. Data[10]	
3-13	383-386	ist	1. Richtig[1]	1. Angemessen[1]	1. Verständlich[1]	*[1]	Lebensdauer/Verfügbarkeit vorhanden[1]	*[1]	*[1]	*[1]	*[1]	*[1]	Contra A[1]	Pro B[1]	*[1]	_	_	Hauptteil[6]	2. Data[10]	
3-14	386-387	,	1. Richtig[1]	1. Angemessen[1]	1. Verständlich[1]	*[1]	Lebensdauer/Verfügbarkeit vorhanden[1]	*[1]	*[1]	*[1]	*[1]	*[1]	Contra A[1]	Pro B[1]	*[1]	_	_	Hauptteil[6]	2. Data[10]	
3-15	388-394	könnte	1. Richtig[1]	1. Angemessen[1]	1. Verständlich[1]	*[1]	Lebensdauer/Verfügbarkeit vorhanden[1]	*[1]	*[1]	*[1]	*[1]	*[1]	Contra A[1]	Pro B[1]	*[1]	_	_	Hauptteil[6]	3. Warrant[11]	
3-16	395-398	das	1. Richtig[1]	1. Angemessen[1]	1. Verständlich[1]	*[1]	Lebensdauer/Verfügbarkeit vorhanden[1]	*[1]	*[1]	*[1]	*[1]	*[1]	Contra A[1]	Pro B[1]	*[1]	_	_	Hauptteil[6]	3. Warrant[11]	
3-17	399-401	zu	1. Richtig[1]	1. Angemessen[1]	1. Verständlich[1]	*[1]	Lebensdauer/Verfügbarkeit vorhanden[1]	*[1]	*[1]	*[1]	*[1]	*[1]	Contra A[1]	Pro B[1]	*[1]	_	_	Hauptteil[6]	3. Warrant[11]	
3-18	402-417	Schwierigkeiten	1. Richtig[1]	1. Angemessen[1]	1. Verständlich[1]	*[1]	Lebensdauer/Verfügbarkeit vorhanden[1]	*[1]	*[1]	*[1]	*[1]	*[1]	Contra A[1]	Pro B[1]	*[1]	_	_	Hauptteil[6]	3. Warrant[11]	
3-19	418-421	bei	1. Richtig[1]	1. Angemessen[1]	1. Verständlich[1]	*[1]	Lebensdauer/Verfügbarkeit vorhanden[1]	*[1]	*[1]	*[1]	*[1]	*[1]	Contra A[1]	Pro B[1]	*[1]	_	_	Hauptteil[6]	3. Warrant[11]	
3-20	422-425	der	1. Richtig[1]	1. Angemessen[1]	1. Verständlich[1]	*[1]	Lebensdauer/Verfügbarkeit vorhanden[1]	*[1]	*[1]	*[1]	*[1]	*[1]	Contra A[1]	Pro B[1]	*[1]	_	_	Hauptteil[6]	3. Warrant[11]	
3-21	426-437	Beschaffung	1. Richtig[1]	1. Angemessen[1]	1. Verständlich[1]	*[1]	Lebensdauer/Verfügbarkeit vorhanden[1]	*[1]	*[1]	*[1]	*[1]	*[1]	Contra A[1]	Pro B[1]	*[1]	_	_	Hauptteil[6]	3. Warrant[11]	
3-22	438-444	führen	1. Richtig[1]	1. Angemessen[1]	1. Verständlich[1]	*[1]	Lebensdauer/Verfügbarkeit vorhanden[1]	*[1]	*[1]	*[1]	*[1]	*[1]	Contra A[1]	Pro B[1]	*[1]	_	_	Hauptteil[6]	3. Warrant[11]	
3-23	444-445	.	1. Richtig[1]	1. Angemessen[1]	1. Verständlich[1]	*[1]	Lebensdauer/Verfügbarkeit vorhanden[1]	*[1]	*[1]	*[1]	*[1]	*[1]	Contra A[1]	Pro B[1]	*[1]	_	_	Hauptteil[6]	3. Warrant[11]	

4-1	447-450	Ein	1. Richtig[2]	1. Angemessen[2]	1. Verständlich[2]	*[2]	*[2]	*[2]	Preis/Betrieb vorhanden[2]	*[2]	*[2]	*[2]	Pro A[2]	Pro B[2]	Contra C[2]	_	_	Hauptteil[6]	2. Data[12]	
4-2	451-459	weiterer	1. Richtig[2]	1. Angemessen[2]	1. Verständlich[2]	*[2]	*[2]	*[2]	Preis/Betrieb vorhanden[2]	*[2]	*[2]	*[2]	Pro A[2]	Pro B[2]	Contra C[2]	_	_	Hauptteil[6]	2. Data[12]	
4-3	460-466	Aspekt	1. Richtig[2]	1. Angemessen[2]	1. Verständlich[2]	*[2]	*[2]	*[2]	Preis/Betrieb vorhanden[2]	*[2]	*[2]	*[2]	Pro A[2]	Pro B[2]	Contra C[2]	_	_	Hauptteil[6]	2. Data[12]	
4-4	467-470	ist	1. Richtig[2]	1. Angemessen[2]	1. Verständlich[2]	*[2]	*[2]	*[2]	Preis/Betrieb vorhanden[2]	*[2]	*[2]	*[2]	Pro A[2]	Pro B[2]	Contra C[2]	_	_	Hauptteil[6]	2. Data[12]	
4-5	470-471	,	1. Richtig[2]	1. Angemessen[2]	1. Verständlich[2]	*[2]	*[2]	*[2]	Preis/Betrieb vorhanden[2]	*[2]	*[2]	*[2]	Pro A[2]	Pro B[2]	Contra C[2]	_	_	Hauptteil[6]	2. Data[12]	
4-6	472-476	dass	1. Richtig[2]	1. Angemessen[2]	1. Verständlich[2]	*[2]	*[2]	*[2]	Preis/Betrieb vorhanden[2]	*[2]	*[2]	*[2]	Pro A[2]	Pro B[2]	Contra C[2]	_	_	Hauptteil[6]	2. Data[12]	
4-7	477-480	die	1. Richtig[2]	1. Angemessen[2]	1. Verständlich[2]	*[2]	*[2]	*[2]	Preis/Betrieb vorhanden[2]	*[2]	*[2]	*[2]	Pro A[2]	Pro B[2]	Contra C[2]	_	_	Hauptteil[6]	2. Data[12]	
4-8	481-490	Tankdauer	1. Richtig[2]	1. Angemessen[2]	1. Verständlich[2]	*[2]	*[2]	*[2]	Preis/Betrieb vorhanden[2]	*[2]	*[2]	*[2]	Pro A[2]	Pro B[2]	Contra C[2]	_	_	Hauptteil[6]	2. Data[12]	
4-9	491-494	nur	1. Richtig[2]	1. Angemessen[2]	1. Verständlich[2]	*[2]	*[2]	*[2]	Preis/Betrieb vorhanden[2]	*[2]	*[2]	*[2]	Pro A[2]	Pro B[2]	Contra C[2]	_	_	Hauptteil[6]	2. Data[12]	
4-10	495-496	3	1. Richtig[2]	1. Angemessen[2]	1. Verständlich[2]	*[2]	*[2]	*[2]	Preis/Betrieb vorhanden[2]	*[2]	*[2]	*[2]	Pro A[2]	Pro B[2]	Contra C[2]	_	_	Hauptteil[6]	2. Data[12]	
4-11	497-500	min	1. Richtig[2]	1. Angemessen[2]	1. Verständlich[2]	*[2]	*[2]	*[2]	Preis/Betrieb vorhanden[2]	*[2]	*[2]	*[2]	Pro A[2]	Pro B[2]	Contra C[2]	_	_	Hauptteil[6]	2. Data[12]	
4-12	501-508	beträgt	1. Richtig[2]	1. Angemessen[2]	1. Verständlich[2]	*[2]	*[2]	*[2]	Preis/Betrieb vorhanden[2]	*[2]	*[2]	*[2]	Pro A[2]	Pro B[2]	Contra C[2]	_	_	Hauptteil[6]	2. Data[12]	
4-13	509-512	und	1. Richtig[2]	1. Angemessen[2]	1. Verständlich[2]	*[2]	*[2]	*[2]	Preis/Betrieb vorhanden[2]	*[2]	*[2]	*[2]	Pro A[2]	Pro B[2]	Contra C[2]	_	_	Hauptteil[6]	2. Data[12]	
4-14	513-518	damit	1. Richtig[2]	1. Angemessen[2]	1. Verständlich[2]	*[2]	*[2]	*[2]	Preis/Betrieb vorhanden[2]	*[2]	*[2]	*[2]	Pro A[2]	Pro B[2]	Contra C[2]	_	_	Hauptteil[6]	2. Data[12]	
4-15	519-522	mit	1. Richtig[2]	1. Angemessen[2]	1. Verständlich[2]	*[2]	*[2]	*[2]	Preis/Betrieb vorhanden[2]	*[2]	*[2]	*[2]	Pro A[2]	Pro B[2]	Contra C[2]	_	_	Hauptteil[6]	2. Data[12]	
4-16	523-525	am	1. Richtig[2]	1. Angemessen[2]	1. Verständlich[2]	*[2]	*[2]	*[2]	Preis/Betrieb vorhanden[2]	*[2]	*[2]	*[2]	Pro A[2]	Pro B[2]	Contra C[2]	_	_	Hauptteil[6]	2. Data[12]	
4-17	526-535	kürzesten	1. Richtig[2]	1. Angemessen[2]	1. Verständlich[2]	*[2]	*[2]	*[2]	Preis/Betrieb vorhanden[2]	*[2]	*[2]	*[2]	Pro A[2]	Pro B[2]	Contra C[2]	_	_	Hauptteil[6]	2. Data[12]	
4-18	536-539	ist	1. Richtig[2]	1. Angemessen[2]	1. Verständlich[2]	*[2]	*[2]	*[2]	Preis/Betrieb vorhanden[2]	*[2]	*[2]	*[2]	Pro A[2]	Pro B[2]	Contra C[2]	_	_	Hauptteil[6]	2. Data[12]	
4-19	539-540	,	1. Richtig[2]	1. Angemessen[2]	1. Verständlich[2]	*[2]	*[2]	*[2]	Preis/Betrieb vorhanden[2]	*[2]	*[2]	*[2]	Pro A[2]	Pro B[2]	Contra C[2]	_	_	Hauptteil[6]	2. Data[12]	
4-20	541-549	zusammen	1. Richtig[2]	1. Angemessen[2]	1. Verständlich[2]	*[2]	*[2]	*[2]	Preis/Betrieb vorhanden[2]	*[2]	*[2]	*[2]	Pro A[2]	Pro B[2]	Contra C[2]	_	_	Hauptteil[6]	2. Data[12]	
4-21	550-553	mit	1. Richtig[2]	1. Angemessen[2]	1. Verständlich[2]	*[2]	*[2]	*[2]	Preis/Betrieb vorhanden[2]	*[2]	*[2]	*[2]	Pro A[2]	Pro B[2]	Contra C[2]	_	_	Hauptteil[6]	2. Data[12]	
4-22	554-557	dem	1. Richtig[2]	1. Angemessen[2]	1. Verständlich[2]	*[2]	*[2]	*[2]	Preis/Betrieb vorhanden[2]	*[2]	*[2]	*[2]	Pro A[2]	Pro B[2]	Contra C[2]	_	_	Hauptteil[6]	2. Data[12]	
4-23	558-569	Wasserstoff	1. Richtig[2]	1. Angemessen[2]	1. Verständlich[2]	*[2]	*[2]	*[2]	Preis/Betrieb vorhanden[2]	*[2]	*[2]	*[2]	Pro A[2]	Pro B[2]	Contra C[2]	_	_	Hauptteil[6]	2. Data[12]	
4-24	570-581	betriebenen	1. Richtig[2]	1. Angemessen[2]	1. Verständlich[2]	*[2]	*[2]	*[2]	Preis/Betrieb vorhanden[2]	*[2]	*[2]	*[2]	Pro A[2]	Pro B[2]	Contra C[2]	_	_	Hauptteil[6]	2. Data[12]	
4-25	582-592	Fahrzeugen	1. Richtig[2]	1. Angemessen[2]	1. Verständlich[2]	*[2]	*[2]	*[2]	Preis/Betrieb vorhanden[2]	*[2]	*[2]	*[2]	Pro A[2]	Pro B[2]	Contra C[2]	_	_	Hauptteil[6]	2. Data[12]	
4-26	592-593	.	1. Richtig[2]	1. Angemessen[2]	1. Verständlich[2]	*[2]	*[2]	*[2]	Preis/Betrieb vorhanden[2]	*[2]	*[2]	*[2]	Pro A[2]	Pro B[2]	Contra C[2]	_	_	Hauptteil[6]	2. Data[12]	

5-1	595-608	Akkumulatoren	1. Richtig[2]	1. Angemessen[2]	1. Verständlich[2]	*[2]	*[2]	*[2]	Preis/Betrieb vorhanden[2]	*[2]	*[2]	*[2]	Pro A[2]	Pro B[2]	Contra C[2]	_	_	Hauptteil[6]	2. Data[13]	
5-2	609-618	benötigen	1. Richtig[2]	1. Angemessen[2]	1. Verständlich[2]	*[2]	*[2]	*[2]	Preis/Betrieb vorhanden[2]	*[2]	*[2]	*[2]	Pro A[2]	Pro B[2]	Contra C[2]	_	_	Hauptteil[6]	2. Data[13]	
5-3	619-621	30	1. Richtig[2]	1. Angemessen[2]	1. Verständlich[2]	*[2]	*[2]	*[2]	Preis/Betrieb vorhanden[2]	*[2]	*[2]	*[2]	Pro A[2]	Pro B[2]	Contra C[2]	_	_	Hauptteil[6]	2. Data[13]	
5-4	622-625	min	1. Richtig[2]	1. Angemessen[2]	1. Verständlich[2]	*[2]	*[2]	*[2]	Preis/Betrieb vorhanden[2]	*[2]	*[2]	*[2]	Pro A[2]	Pro B[2]	Contra C[2]	_	_	Hauptteil[6]	2. Data[13]	
5-5	626-635	Ladedauer	1. Richtig[2]	1. Angemessen[2]	1. Verständlich[2]	*[2]	*[2]	*[2]	Preis/Betrieb vorhanden[2]	*[2]	*[2]	*[2]	Pro A[2]	Pro B[2]	Contra C[2]	_	_	Hauptteil[6]	2. Data[13]	
5-6	635-636	,	1. Richtig[2]	1. Angemessen[2]	1. Verständlich[2]	*[2]	*[2]	*[2]	Preis/Betrieb vorhanden[2]	*[2]	*[2]	*[2]	Pro A[2]	Pro B[2]	Contra C[2]	_	_	Hauptteil[6]	2. Data[13]	
5-7	637-640	was	1. Richtig[2]	1. Angemessen[2]	1. Verständlich[2]	*[2]	*[2]	*[2]	Preis/Betrieb vorhanden[2]	*[2]	*[2]	*[2]	Pro A[2]	Pro B[2]	Contra C[2]	_	_	Hauptteil[6]	1. Claim[14]	
5-8	641-644	für	1. Richtig[2]	1. Angemessen[2]	1. Verständlich[2]	*[2]	*[2]	*[2]	Preis/Betrieb vorhanden[2]	*[2]	*[2]	*[2]	Pro A[2]	Pro B[2]	Contra C[2]	_	_	Hauptteil[6]	1. Claim[14]	
5-9	645-653	Benutzer	1. Richtig[2]	1. Angemessen[2]	1. Verständlich[2]	*[2]	*[2]	*[2]	Preis/Betrieb vorhanden[2]	*[2]	*[2]	*[2]	Pro A[2]	Pro B[2]	Contra C[2]	_	_	Hauptteil[6]	1. Claim[14]	
5-10	654-662	deutlich	1. Richtig[2]	1. Angemessen[2]	1. Verständlich[2]	*[2]	*[2]	*[2]	Preis/Betrieb vorhanden[2]	*[2]	*[2]	*[2]	Pro A[2]	Pro B[2]	Contra C[2]	_	_	Hauptteil[6]	1. Claim[14]	
5-11	663-676	unpraktischer	1. Richtig[2]	1. Angemessen[2]	1. Verständlich[2]	*[2]	*[2]	*[2]	Preis/Betrieb vorhanden[2]	*[2]	*[2]	*[2]	Pro A[2]	Pro B[2]	Contra C[2]	_	_	Hauptteil[6]	1. Claim[14]	
5-12	677-681	wäre	1. Richtig[2]	1. Angemessen[2]	1. Verständlich[2]	*[2]	*[2]	*[2]	Preis/Betrieb vorhanden[2]	*[2]	*[2]	*[2]	Pro A[2]	Pro B[2]	Contra C[2]	_	_	Hauptteil[6]	1. Claim[14]	
5-13	681-682	,	1. Richtig[2]	1. Angemessen[2]	1. Verständlich[2]	*[2]	*[2]	*[2]	Preis/Betrieb vorhanden[2]	*[2]	*[2]	*[2]	Pro A[2]	Pro B[2]	Contra C[2]	_	_	Hauptteil[6]	1. Claim[14]	
5-14	683-688	genau	1. Richtig[2]	1. Angemessen[2]	1. Verständlich[2]	*[2]	*[2]	*[2]	Preis/Betrieb vorhanden[2]	*[2]	*[2]	*[2]	Pro A[2]	Pro B[2]	Contra C[2]	_	_	Hauptteil[6]	2. Data[15]	
5-15	689-692	wie	1. Richtig[2]	1. Angemessen[2]	1. Verständlich[2]	*[2]	*[2]	*[2]	Preis/Betrieb vorhanden[2]	*[2]	*[2]	*[2]	Pro A[2]	Pro B[2]	Contra C[2]	_	_	Hauptteil[6]	2. Data[15]	
5-16	693-696	die	1. Richtig[2]	1. Angemessen[2]	1. Verständlich[2]	*[2]	*[2]	*[2]	Preis/Betrieb vorhanden[2]	*[2]	*[2]	*[2]	Pro A[2]	Pro B[2]	Contra C[2]	_	_	Hauptteil[6]	2. Data[15]	
5-17	697-707	Reichweite	1. Richtig[2]	1. Angemessen[2]	1. Verständlich[2]	*[2]	*[2]	*[2]	Preis/Betrieb vorhanden[2]	*[2]	*[2]	*[2]	Pro A[2]	Pro B[2]	Contra C[2]	_	_	Hauptteil[6]	2. Data[15]	
5-18	708-711	von	1. Richtig[2]	1. Angemessen[2]	1. Verständlich[2]	*[2]	*[2]	*[2]	Preis/Betrieb vorhanden[2]	*[2]	*[2]	*[2]	Pro A[2]	Pro B[2]	Contra C[2]	_	_	Hauptteil[6]	2. Data[15]	
5-19	712-715	nur	1. Richtig[2]	1. Angemessen[2]	1. Verständlich[2]	*[2]	*[2]	*[2]	Preis/Betrieb vorhanden[2]	*[2]	*[2]	*[2]	Pro A[2]	Pro B[2]	Contra C[2]	_	_	Hauptteil[6]	2. Data[15]	
5-20	716-719	400	1. Richtig[2]	1. Angemessen[2]	1. Verständlich[2]	*[2]	*[2]	*[2]	Preis/Betrieb vorhanden[2]	*[2]	*[2]	*[2]	Pro A[2]	Pro B[2]	Contra C[2]	_	_	Hauptteil[6]	2. Data[15]	
5-21	720-722	km	1. Richtig[2]	1. Angemessen[2]	1. Verständlich[2]	*[2]	*[2]	*[2]	Preis/Betrieb vorhanden[2]	*[2]	*[2]	*[2]	Pro A[2]	Pro B[2]	Contra C[2]	_	_	Hauptteil[6]	2. Data[15]	
5-22	722-723	.	1. Richtig[2]	1. Angemessen[2]	1. Verständlich[2]	*[2]	*[2]	*[2]	Preis/Betrieb vorhanden[2]	*[2]	*[2]	*[2]	Pro A[2]	Pro B[2]	Contra C[2]	_	_	Hauptteil[6]	2. Data[15]	

6-1	725-732	E-Fuels	1. Richtig[2]	1. Angemessen[2]	1. Verständlich[2]	*[2]	*[2]	*[2]	Preis/Betrieb vorhanden[2]	*[2]	*[2]	*[2]	Pro A[2]	Pro B[2]	Contra C[2]	_	_	Hauptteil[6]	2. Data[16]	
6-2	733-736	und	1. Richtig[2]	1. Angemessen[2]	1. Verständlich[2]	*[2]	*[2]	*[2]	Preis/Betrieb vorhanden[2]	*[2]	*[2]	*[2]	Pro A[2]	Pro B[2]	Contra C[2]	_	_	Hauptteil[6]	2. Data[16]	
6-3	737-748	Wasserstoff	1. Richtig[2]	1. Angemessen[2]	1. Verständlich[2]	*[2]	*[2]	*[2]	Preis/Betrieb vorhanden[2]	*[2]	*[2]	*[2]	Pro A[2]	Pro B[2]	Contra C[2]	_	_	Hauptteil[6]	2. Data[16]	
6-4	749-755	können	1. Richtig[2]	1. Angemessen[2]	1. Verständlich[2]	*[2]	*[2]	*[2]	Preis/Betrieb vorhanden[2]	*[2]	*[2]	*[2]	Pro A[2]	Pro B[2]	Contra C[2]	_	_	Hauptteil[6]	2. Data[16]	
6-5	756-764	hingegen	1. Richtig[2]	1. Angemessen[2]	1. Verständlich[2]	*[2]	*[2]	*[2]	Preis/Betrieb vorhanden[2]	*[2]	*[2]	*[2]	Pro A[2]	Pro B[2]	Contra C[2]	_	_	Hauptteil[6]	2. Data[16]	
6-6	765-768	700	1. Richtig[2]	1. Angemessen[2]	1. Verständlich[2]	*[2]	*[2]	*[2]	Preis/Betrieb vorhanden[2]	*[2]	*[2]	*[2]	Pro A[2]	Pro B[2]	Contra C[2]	_	_	Hauptteil[6]	2. Data[16]	
6-7	769-771	km	1. Richtig[2]	1. Angemessen[2]	1. Verständlich[2]	*[2]	*[2]	*[2]	Preis/Betrieb vorhanden[2]	*[2]	*[2]	*[2]	Pro A[2]	Pro B[2]	Contra C[2]	_	_	Hauptteil[6]	2. Data[16]	
6-8	772-778	fahren	1. Richtig[2]	1. Angemessen[2]	1. Verständlich[2]	*[2]	*[2]	*[2]	Preis/Betrieb vorhanden[2]	*[2]	*[2]	*[2]	Pro A[2]	Pro B[2]	Contra C[2]	_	_	Hauptteil[6]	2. Data[16]	
6-9	778-779	.	1. Richtig[2]	1. Angemessen[2]	1. Verständlich[2]	*[2]	*[2]	*[2]	Preis/Betrieb vorhanden[2]	*[2]	*[2]	*[2]	Pro A[2]	Pro B[2]	Contra C[2]	_	_	Hauptteil[6]	2. Data[16]	

7-1	781-787	Dieser	1. Richtig[2]	1. Angemessen[2]	1. Verständlich[2]	*[2]	*[2]	*[2]	Preis/Betrieb vorhanden[2]	*[2]	*[2]	*[2]	Pro A[2]	Pro B[2]	Contra C[2]	_	_	Hauptteil[6]	3. Warrant[17]	
7-2	788-794	Aspekt	1. Richtig[2]	1. Angemessen[2]	1. Verständlich[2]	*[2]	*[2]	*[2]	Preis/Betrieb vorhanden[2]	*[2]	*[2]	*[2]	Pro A[2]	Pro B[2]	Contra C[2]	_	_	Hauptteil[6]	3. Warrant[17]	
7-3	795-798	ist	1. Richtig[2]	1. Angemessen[2]	1. Verständlich[2]	*[2]	*[2]	*[2]	Preis/Betrieb vorhanden[2]	*[2]	*[2]	*[2]	Pro A[2]	Pro B[2]	Contra C[2]	_	_	Hauptteil[6]	3. Warrant[17]	
7-4	799-802	für	1. Richtig[2]	1. Angemessen[2]	1. Verständlich[2]	*[2]	*[2]	*[2]	Preis/Betrieb vorhanden[2]	*[2]	*[2]	*[2]	Pro A[2]	Pro B[2]	Contra C[2]	_	_	Hauptteil[6]	3. Warrant[17]	
7-5	803-806	die	1. Richtig[2]	1. Angemessen[2]	1. Verständlich[2]	*[2]	*[2]	*[2]	Preis/Betrieb vorhanden[2]	*[2]	*[2]	*[2]	Pro A[2]	Pro B[2]	Contra C[2]	_	_	Hauptteil[6]	3. Warrant[17]	
7-6	807-816	Verwender	1. Richtig[2]	1. Angemessen[2]	1. Verständlich[2]	*[2]	*[2]	*[2]	Preis/Betrieb vorhanden[2]	*[2]	*[2]	*[2]	Pro A[2]	Pro B[2]	Contra C[2]	_	_	Hauptteil[6]	3. Warrant[17]	
7-7	817-820	der	1. Richtig[2]	1. Angemessen[2]	1. Verständlich[2]	*[2]	*[2]	*[2]	Preis/Betrieb vorhanden[2]	*[2]	*[2]	*[2]	Pro A[2]	Pro B[2]	Contra C[2]	_	_	Hauptteil[6]	3. Warrant[17]	
7-8	821-833	Technologien	1. Richtig[2]	1. Angemessen[2]	1. Verständlich[2]	*[2]	*[2]	*[2]	Preis/Betrieb vorhanden[2]	*[2]	*[2]	*[2]	Pro A[2]	Pro B[2]	Contra C[2]	_	_	Hauptteil[6]	3. Warrant[17]	
7-9	834-838	sehr	1. Richtig[2]	1. Angemessen[2]	1. Verständlich[2]	*[2]	*[2]	*[2]	Preis/Betrieb vorhanden[2]	*[2]	*[2]	*[2]	Pro A[2]	Pro B[2]	Contra C[2]	_	_	Hauptteil[6]	3. Warrant[17]	
7-10	839-848	bedeutsam	1. Richtig[2]	1. Angemessen[2]	1. Verständlich[2]	*[2]	*[2]	*[2]	Preis/Betrieb vorhanden[2]	*[2]	*[2]	*[2]	Pro A[2]	Pro B[2]	Contra C[2]	_	_	Hauptteil[6]	3. Warrant[17]	
7-11	848-849	,	1. Richtig[2]	1. Angemessen[2]	1. Verständlich[2]	*[2]	*[2]	*[2]	Preis/Betrieb vorhanden[2]	*[2]	*[2]	*[2]	Pro A[2]	Pro B[2]	Contra C[2]	_	_	Hauptteil[6]	3. Warrant[17]	
7-12	850-852	da	1. Richtig[2]	1. Angemessen[2]	1. Verständlich[2]	*[2]	*[2]	*[2]	Preis/Betrieb vorhanden[2]	*[2]	*[2]	*[2]	Pro A[2]	Pro B[2]	Contra C[2]	_	_	Hauptteil[6]	3. Warrant[17]	
7-13	853-857	zwar	1. Richtig[2]	1. Angemessen[2]	1. Verständlich[2]	*[2]	*[2]	*[2]	Preis/Betrieb vorhanden[2]	*[2]	*[2]	*[2]	Pro A[2]	Pro B[2]	Contra C[2]	_	_	Hauptteil[6]	3. Warrant[17]	
7-14	858-866	vorallem	1. Richtig[2]	1. Angemessen[2]	1. Verständlich[2]	*[2]	*[2]	*[2]	Preis/Betrieb vorhanden[2]	*[2]	*[2]	*[2]	Pro A[2]	Pro B[2]	Contra C[2]	_	_	Hauptteil[6]	3. Warrant[17]	
7-15	867-870	die	1. Richtig[2]	1. Angemessen[2]	1. Verständlich[2]	*[2]	*[2]	*[2]	Preis/Betrieb vorhanden[2]	*[2]	*[2]	*[2]	Pro A[2]	Pro B[2]	Contra C[2]	_	_	Hauptteil[6]	3. Warrant[17]	
7-16	871-877	Umwelt	1. Richtig[2]	1. Angemessen[2]	1. Verständlich[2]	*[2]	*[2]	*[2]	Preis/Betrieb vorhanden[2]	*[2]	*[2]	*[2]	Pro A[2]	Pro B[2]	Contra C[2]	_	_	Hauptteil[6]	3. Warrant[17]	
7-17	878-883	zählt	1. Richtig[2]	1. Angemessen[2]	1. Verständlich[2]	*[2]	*[2]	*[2]	Preis/Betrieb vorhanden[2]	*[2]	*[2]	*[2]	Pro A[2]	Pro B[2]	Contra C[2]	_	_	Hauptteil[6]	3. Warrant[17]	
7-18	883-884	,	1. Richtig[2]	1. Angemessen[2]	1. Verständlich[2]	*[2]	*[2]	*[2]	Preis/Betrieb vorhanden[2]	*[2]	*[2]	*[2]	Pro A[2]	Pro B[2]	Contra C[2]	_	_	Hauptteil[6]	3. Warrant[17]	
7-19	885-888	der	1. Richtig[2]	1. Angemessen[2]	1. Verständlich[2]	*[2]	*[2]	*[2]	Preis/Betrieb vorhanden[2]	*[2]	*[2]	*[2]	Pro A[2]	Pro B[2]	Contra C[2]	_	_	Hauptteil[6]	3. Warrant[17]	
7-20	889-893	neue	1. Richtig[2]	1. Angemessen[2]	1. Verständlich[2]	*[2]	*[2]	*[2]	Preis/Betrieb vorhanden[2]	*[2]	*[2]	*[2]	Pro A[2]	Pro B[2]	Contra C[2]	_	_	Hauptteil[6]	3. Warrant[17]	
7-21	894-900	Ersatz	1. Richtig[2]	1. Angemessen[2]	1. Verständlich[2]	*[2]	*[2]	*[2]	Preis/Betrieb vorhanden[2]	*[2]	*[2]	*[2]	Pro A[2]	Pro B[2]	Contra C[2]	_	_	Hauptteil[6]	3. Warrant[17]	
7-22	901-907	jedoch	1. Richtig[2]	1. Angemessen[2]	1. Verständlich[2]	*[2]	*[2]	*[2]	Preis/Betrieb vorhanden[2]	*[2]	*[2]	*[2]	Pro A[2]	Pro B[2]	Contra C[2]	_	_	Hauptteil[6]	3. Warrant[17]	
7-23	908-912	auch	1. Richtig[2]	1. Angemessen[2]	1. Verständlich[2]	*[2]	*[2]	*[2]	Preis/Betrieb vorhanden[2]	*[2]	*[2]	*[2]	Pro A[2]	Pro B[2]	Contra C[2]	_	_	Hauptteil[6]	3. Warrant[17]	
7-24	913-921	effektiv	1. Richtig[2]	1. Angemessen[2]	1. Verständlich[2]	*[2]	*[2]	*[2]	Preis/Betrieb vorhanden[2]	*[2]	*[2]	*[2]	Pro A[2]	Pro B[2]	Contra C[2]	_	_	Hauptteil[6]	3. Warrant[17]	
7-25	922-926	sein	1. Richtig[2]	1. Angemessen[2]	1. Verständlich[2]	*[2]	*[2]	*[2]	Preis/Betrieb vorhanden[2]	*[2]	*[2]	*[2]	Pro A[2]	Pro B[2]	Contra C[2]	_	_	Hauptteil[6]	3. Warrant[17]	
7-26	927-931	muss	1. Richtig[2]	1. Angemessen[2]	1. Verständlich[2]	*[2]	*[2]	*[2]	Preis/Betrieb vorhanden[2]	*[2]	*[2]	*[2]	Pro A[2]	Pro B[2]	Contra C[2]	_	_	Hauptteil[6]	3. Warrant[17]	
7-27	931-932	.	1. Richtig[2]	1. Angemessen[2]	1. Verständlich[2]	*[2]	*[2]	*[2]	Preis/Betrieb vorhanden[2]	*[2]	*[2]	*[2]	Pro A[2]	Pro B[2]	Contra C[2]	_	_	Hauptteil[6]	3. Warrant[17]	

8-1	934-936	Im	1. Richtig[2]	1. Angemessen[2]	1. Verständlich[2]	*[2]	*[2]	*[2]	Preis/Betrieb vorhanden[2]	*[2]	*[2]	*[2]	Pro A[2]	Pro B[2]	Contra C[2]	_	_	Hauptteil[6]	1. Claim[18]	
8-2	937-946	vergleich	1. Richtig[2]	1. Angemessen[2]	1. Verständlich[2]	*[2]	*[2]	*[2]	Preis/Betrieb vorhanden[2]	*[2]	*[2]	*[2]	Pro A[2]	Pro B[2]	Contra C[2]	_	_	Hauptteil[6]	1. Claim[18]	
8-3	947-950	zum	1. Richtig[2]	1. Angemessen[2]	1. Verständlich[2]	*[2]	*[2]	*[2]	Preis/Betrieb vorhanden[2]	*[2]	*[2]	*[2]	Pro A[2]	Pro B[2]	Contra C[2]	_	_	Hauptteil[6]	1. Claim[18]	
8-4	951-961	vorherigen	1. Richtig[2]	1. Angemessen[2]	1. Verständlich[2]	*[2]	*[2]	*[2]	Preis/Betrieb vorhanden[2]	*[2]	*[2]	*[2]	Pro A[2]	Pro B[2]	Contra C[2]	_	_	Hauptteil[6]	1. Claim[18]	
8-5	962-970	Argument	1. Richtig[2]	1. Angemessen[2]	1. Verständlich[2]	*[2]	*[2]	*[2]	Preis/Betrieb vorhanden[2]	*[2]	*[2]	*[2]	Pro A[2]	Pro B[2]	Contra C[2]	_	_	Hauptteil[6]	1. Claim[18]	
8-6	971-978	genauso	1. Richtig[2]	1. Angemessen[2]	1. Verständlich[2]	*[2]	*[2]	*[2]	Preis/Betrieb vorhanden[2]	*[2]	*[2]	*[2]	Pro A[2]	Pro B[2]	Contra C[2]	_	_	Hauptteil[6]	1. Claim[18]	
8-7	979-986	wichtig	1. Richtig[2]	1. Angemessen[2]	1. Verständlich[2]	*[2]	*[2]	*[2]	Preis/Betrieb vorhanden[2]	*[2]	*[2]	*[2]	Pro A[2]	Pro B[2]	Contra C[2]	_	_	Hauptteil[6]	1. Claim[18]	
8-8	986-987	,	1. Richtig[2]	1. Angemessen[2]	1. Verständlich[2]	*[2]	*[2]	*[2]	Preis/Betrieb vorhanden[2]	*[2]	*[2]	*[2]	Pro A[2]	Pro B[2]	Contra C[2]	_	_	Hauptteil[6]	1. Claim[18]	
8-9	988-990	da	1. Richtig[2]	1. Angemessen[2]	1. Verständlich[2]	*[2]	*[2]	*[2]	Preis/Betrieb vorhanden[2]	*[2]	*[2]	*[2]	Pro A[2]	Pro B[2]	Contra C[2]	_	_	Hauptteil[6]	1. Claim[18]	
8-10	991-993	es	1. Richtig[2]	1. Angemessen[2]	1. Verständlich[2]	*[2]	*[2]	*[2]	Preis/Betrieb vorhanden[2]	*[2]	*[2]	*[2]	Pro A[2]	Pro B[2]	Contra C[2]	_	_	Hauptteil[6]	1. Claim[18]	
8-11	994-996	in	1. Richtig[2]	1. Angemessen[2]	1. Verständlich[2]	*[2]	*[2]	*[2]	Preis/Betrieb vorhanden[2]	*[2]	*[2]	*[2]	Pro A[2]	Pro B[2]	Contra C[2]	_	_	Hauptteil[6]	1. Claim[18]	
8-12	997-1003	diesen	1. Richtig[2]	1. Angemessen[2]	1. Verständlich[2]	*[2]	*[2]	*[2]	Preis/Betrieb vorhanden[2]	*[2]	*[2]	*[2]	Pro A[2]	Pro B[2]	Contra C[2]	_	_	Hauptteil[6]	1. Claim[18]	
8-13	1004-1010	beiden	1. Richtig[2]	1. Angemessen[2]	1. Verständlich[2]	*[2]	*[2]	*[2]	Preis/Betrieb vorhanden[2]	*[2]	*[2]	*[2]	Pro A[2]	Pro B[2]	Contra C[2]	_	_	Hauptteil[6]	1. Claim[18]	
8-14	1011-1017	Fällen	1. Richtig[2]	1. Angemessen[2]	1. Verständlich[2]	*[2]	*[2]	*[2]	Preis/Betrieb vorhanden[2]	*[2]	*[2]	*[2]	Pro A[2]	Pro B[2]	Contra C[2]	_	_	Hauptteil[6]	1. Claim[18]	
8-15	1018-1027	vorrangig	1. Richtig[2]	1. Angemessen[2]	1. Verständlich[2]	*[2]	*[2]	*[2]	Preis/Betrieb vorhanden[2]	*[2]	*[2]	*[2]	Pro A[2]	Pro B[2]	Contra C[2]	_	_	Hauptteil[6]	1. Claim[18]	
8-16	1028-1030	um	1. Richtig[2]	1. Angemessen[2]	1. Verständlich[2]	*[2]	*[2]	*[2]	Preis/Betrieb vorhanden[2]	*[2]	*[2]	*[2]	Pro A[2]	Pro B[2]	Contra C[2]	_	_	Hauptteil[6]	1. Claim[18]	
8-17	1031-1034	den	1. Richtig[2]	1. Angemessen[2]	1. Verständlich[2]	*[2]	*[2]	*[2]	Preis/Betrieb vorhanden[2]	*[2]	*[2]	*[2]	Pro A[2]	Pro B[2]	Contra C[2]	_	_	Hauptteil[6]	1. Claim[18]	
8-18	1035-1046	Verbraucher	1. Richtig[2]	1. Angemessen[2]	1. Verständlich[2]	*[2]	*[2]	*[2]	Preis/Betrieb vorhanden[2]	*[2]	*[2]	*[2]	Pro A[2]	Pro B[2]	Contra C[2]	_	_	Hauptteil[6]	1. Claim[18]	
8-19	1047-1050	und	1. Richtig[2]	1. Angemessen[2]	1. Verständlich[2]	*[2]	*[2]	*[2]	Preis/Betrieb vorhanden[2]	*[2]	*[2]	*[2]	Pro A[2]	Pro B[2]	Contra C[2]	_	_	Hauptteil[6]	1. Claim[18]	
8-20	1051-1054	die	1. Richtig[2]	1. Angemessen[2]	1. Verständlich[2]	*[2]	*[2]	*[2]	Preis/Betrieb vorhanden[2]	*[2]	*[2]	*[2]	Pro A[2]	Pro B[2]	Contra C[2]	_	_	Hauptteil[6]	1. Claim[18]	
8-21	1055-1067	Effektivität	1. Richtig[2]	1. Angemessen[2]	1. Verständlich[2]	*[2]	*[2]	*[2]	Preis/Betrieb vorhanden[2]	*[2]	*[2]	*[2]	Pro A[2]	Pro B[2]	Contra C[2]	_	_	Hauptteil[6]	1. Claim[18]	
8-22	1068-1072	geht	1. Richtig[2]	1. Angemessen[2]	1. Verständlich[2]	*[2]	*[2]	*[2]	Preis/Betrieb vorhanden[2]	*[2]	*[2]	*[2]	Pro A[2]	Pro B[2]	Contra C[2]	_	_	Hauptteil[6]	1. Claim[18]	
8-23	1072-1073	,	1. Richtig[2]	1. Angemessen[2]	1. Verständlich[2]	*[2]	*[2]	*[2]	Preis/Betrieb vorhanden[2]	*[2]	*[2]	*[2]	Pro A[2]	Pro B[2]	Contra C[2]	_	_	Hauptteil[6]	1. Claim[18]	
8-24	1074-1077	die	1. Richtig[2]	1. Angemessen[2]	1. Verständlich[2]	*[2]	*[2]	*[2]	Preis/Betrieb vorhanden[2]	*[2]	*[2]	*[2]	Pro A[2]	Pro B[2]	Contra C[2]	_	_	Hauptteil[6]	1. Claim[18]	
8-25	1078-1091	gewährleistet	1. Richtig[2]	1. Angemessen[2]	1. Verständlich[2]	*[2]	*[2]	*[2]	Preis/Betrieb vorhanden[2]	*[2]	*[2]	*[2]	Pro A[2]	Pro B[2]	Contra C[2]	_	_	Hauptteil[6]	1. Claim[18]	
8-26	1092-1098	werden	1. Richtig[2]	1. Angemessen[2]	1. Verständlich[2]	*[2]	*[2]	*[2]	Preis/Betrieb vorhanden[2]	*[2]	*[2]	*[2]	Pro A[2]	Pro B[2]	Contra C[2]	_	_	Hauptteil[6]	1. Claim[18]	
8-27	1099-1105	müssen	1. Richtig[2]	1. Angemessen[2]	1. Verständlich[2]	*[2]	*[2]	*[2]	Preis/Betrieb vorhanden[2]	*[2]	*[2]	*[2]	Pro A[2]	Pro B[2]	Contra C[2]	_	_	Hauptteil[6]	1. Claim[18]	
8-28	1105-1106	.	1. Richtig[2]	1. Angemessen[2]	1. Verständlich[2]	*[2]	*[2]	*[2]	Preis/Betrieb vorhanden[2]	*[2]	*[2]	*[2]	Pro A[2]	Pro B[2]	Contra C[2]	_	_	Hauptteil[6]	1. Claim[18]	

9-1	1108-1111	Und	1. Richtig[3]	1. Angemessen[3]	1. Verständlich[3]	*[3]	*[3]	*[3]	*[3]	*[3]	Treibhausgasemissionen vorhanden[3]	*[3]	Contra A[3]	Pro B[3]	Contra C[3]	_	_	Hauptteil[6]	5. Nicht zutreffend[19]	
9-2	1112-1116	dann	1. Richtig[3]	1. Angemessen[3]	1. Verständlich[3]	*[3]	*[3]	*[3]	*[3]	*[3]	Treibhausgasemissionen vorhanden[3]	*[3]	Contra A[3]	Pro B[3]	Contra C[3]	_	_	Hauptteil[6]	5. Nicht zutreffend[19]	
9-3	1117-1120	die	1. Richtig[3]	1. Angemessen[3]	1. Verständlich[3]	*[3]	*[3]	*[3]	*[3]	*[3]	Treibhausgasemissionen vorhanden[3]	*[3]	Contra A[3]	Pro B[3]	Contra C[3]	_	_	Hauptteil[6]	5. Nicht zutreffend[19]	
9-4	1121-1141	Treibhausgasemission	1. Richtig[3]	1. Angemessen[3]	1. Verständlich[3]	*[3]	*[3]	*[3]	*[3]	*[3]	Treibhausgasemissionen vorhanden[3]	*[3]	Contra A[3]	Pro B[3]	Contra C[3]	_	_	Hauptteil[6]	5. Nicht zutreffend[19]	
9-5	1142-1145	bei	1. Richtig[3]	1. Angemessen[3]	1. Verständlich[3]	*[3]	*[3]	*[3]	*[3]	*[3]	Treibhausgasemissionen vorhanden[3]	*[3]	Contra A[3]	Pro B[3]	Contra C[3]	_	_	Hauptteil[6]	5. Nicht zutreffend[19]	
9-6	1146-1149	der	1. Richtig[3]	1. Angemessen[3]	1. Verständlich[3]	*[3]	*[3]	*[3]	*[3]	*[3]	Treibhausgasemissionen vorhanden[3]	*[3]	Contra A[3]	Pro B[3]	Contra C[3]	_	_	Hauptteil[6]	5. Nicht zutreffend[19]	
9-7	1150-1160	Produktion	1. Richtig[3]	1. Angemessen[3]	1. Verständlich[3]	*[3]	*[3]	*[3]	*[3]	*[3]	Treibhausgasemissionen vorhanden[3]	*[3]	Contra A[3]	Pro B[3]	Contra C[3]	_	_	Hauptteil[6]	5. Nicht zutreffend[19]	
9-8	1160-1161	:	1. Richtig[3]	1. Angemessen[3]	1. Verständlich[3]	*[3]	*[3]	*[3]	*[3]	*[3]	Treibhausgasemissionen vorhanden[3]	*[3]	Contra A[3]	Pro B[3]	Contra C[3]	_	_	Hauptteil[6]	5. Nicht zutreffend[19]	
9-9	1162-1167	Diese	1. Richtig[3]	1. Angemessen[3]	1. Verständlich[3]	*[3]	*[3]	*[3]	*[3]	*[3]	Treibhausgasemissionen vorhanden[3]	*[3]	Contra A[3]	Pro B[3]	Contra C[3]	_	_	Hauptteil[6]	2. Data[20]	
9-10	1168-1172	sind	1. Richtig[3]	1. Angemessen[3]	1. Verständlich[3]	*[3]	*[3]	*[3]	*[3]	*[3]	Treibhausgasemissionen vorhanden[3]	*[3]	Contra A[3]	Pro B[3]	Contra C[3]	_	_	Hauptteil[6]	2. Data[20]	
9-11	1173-1176	bei	1. Richtig[3]	1. Angemessen[3]	1. Verständlich[3]	*[3]	*[3]	*[3]	*[3]	*[3]	Treibhausgasemissionen vorhanden[3]	*[3]	Contra A[3]	Pro B[3]	Contra C[3]	_	_	Hauptteil[6]	2. Data[20]	
9-12	1177-1184	E-Fuels	1. Richtig[3]	1. Angemessen[3]	1. Verständlich[3]	*[3]	*[3]	*[3]	*[3]	*[3]	Treibhausgasemissionen vorhanden[3]	*[3]	Contra A[3]	Pro B[3]	Contra C[3]	_	_	Hauptteil[6]	2. Data[20]	
9-13	1185-1188	mit	1. Richtig[3]	1. Angemessen[3]	1. Verständlich[3]	*[3]	*[3]	*[3]	*[3]	*[3]	Treibhausgasemissionen vorhanden[3]	*[3]	Contra A[3]	Pro B[3]	Contra C[3]	_	_	Hauptteil[6]	2. Data[20]	
9-14	1189-1196	Abstand	1. Richtig[3]	1. Angemessen[3]	1. Verständlich[3]	*[3]	*[3]	*[3]	*[3]	*[3]	Treibhausgasemissionen vorhanden[3]	*[3]	Contra A[3]	Pro B[3]	Contra C[3]	_	_	Hauptteil[6]	2. Data[20]	
9-15	1197-1199	am	1. Richtig[3]	1. Angemessen[3]	1. Verständlich[3]	*[3]	*[3]	*[3]	*[3]	*[3]	Treibhausgasemissionen vorhanden[3]	*[3]	Contra A[3]	Pro B[3]	Contra C[3]	_	_	Hauptteil[6]	2. Data[20]	
9-16	1200-1211	niedrigsten	1. Richtig[3]	1. Angemessen[3]	1. Verständlich[3]	*[3]	*[3]	*[3]	*[3]	*[3]	Treibhausgasemissionen vorhanden[3]	*[3]	Contra A[3]	Pro B[3]	Contra C[3]	_	_	Hauptteil[6]	2. Data[20]	
9-17	1211-1212	.	1. Richtig[3]	1. Angemessen[3]	1. Verständlich[3]	*[3]	*[3]	*[3]	*[3]	*[3]	Treibhausgasemissionen vorhanden[3]	*[3]	Contra A[3]	Pro B[3]	Contra C[3]	_	_	Hauptteil[6]	2. Data[20]	

10-1	1214-1217	Die	1. Richtig[3]	1. Angemessen[3]	1. Verständlich[3]	*[3]	*[3]	*[3]	*[3]	*[3]	Treibhausgasemissionen vorhanden[3]	*[3]	Contra A[3]	Pro B[3]	Contra C[3]	_	_	Hauptteil[6]	2. Data[21]	
10-2	1218-1225	anderen	1. Richtig[3]	1. Angemessen[3]	1. Verständlich[3]	*[3]	*[3]	*[3]	*[3]	*[3]	Treibhausgasemissionen vorhanden[3]	*[3]	Contra A[3]	Pro B[3]	Contra C[3]	_	_	Hauptteil[6]	2. Data[21]	
10-3	1226-1232	beiden	1. Richtig[3]	1. Angemessen[3]	1. Verständlich[3]	*[3]	*[3]	*[3]	*[3]	*[3]	Treibhausgasemissionen vorhanden[3]	*[3]	Contra A[3]	Pro B[3]	Contra C[3]	_	_	Hauptteil[6]	2. Data[21]	
10-4	1233-1245	Technologien	1. Richtig[3]	1. Angemessen[3]	1. Verständlich[3]	*[3]	*[3]	*[3]	*[3]	*[3]	Treibhausgasemissionen vorhanden[3]	*[3]	Contra A[3]	Pro B[3]	Contra C[3]	_	_	Hauptteil[6]	2. Data[21]	
10-5	1246-1252	stoßen	1. Richtig[3]	1. Angemessen[3]	1. Verständlich[3]	*[3]	*[3]	*[3]	*[3]	*[3]	Treibhausgasemissionen vorhanden[3]	*[3]	Contra A[3]	Pro B[3]	Contra C[3]	_	_	Hauptteil[6]	2. Data[21]	
10-6	1253-1257	fast	1. Richtig[3]	1. Angemessen[3]	1. Verständlich[3]	*[3]	*[3]	*[3]	*[3]	*[3]	Treibhausgasemissionen vorhanden[3]	*[3]	Contra A[3]	Pro B[3]	Contra C[3]	_	_	Hauptteil[6]	2. Data[21]	
10-7	1258-1261	das	1. Richtig[3]	1. Angemessen[3]	1. Verständlich[3]	*[3]	*[3]	*[3]	*[3]	*[3]	Treibhausgasemissionen vorhanden[3]	*[3]	Contra A[3]	Pro B[3]	Contra C[3]	_	_	Hauptteil[6]	2. Data[21]	
10-8	1262-1270	doppelte	1. Richtig[3]	1. Angemessen[3]	1. Verständlich[3]	*[3]	*[3]	*[3]	*[3]	*[3]	Treibhausgasemissionen vorhanden[3]	*[3]	Contra A[3]	Pro B[3]	Contra C[3]	_	_	Hauptteil[6]	2. Data[21]	
10-9	1271-1274	aus	1. Richtig[3]	1. Angemessen[3]	1. Verständlich[3]	*[3]	*[3]	*[3]	*[3]	*[3]	Treibhausgasemissionen vorhanden[3]	*[3]	Contra A[3]	Pro B[3]	Contra C[3]	_	_	Hauptteil[6]	2. Data[21]	
10-10	1274-1275	.	1. Richtig[3]	1. Angemessen[3]	1. Verständlich[3]	*[3]	*[3]	*[3]	*[3]	*[3]	Treibhausgasemissionen vorhanden[3]	*[3]	Contra A[3]	Pro B[3]	Contra C[3]	_	_	Hauptteil[6]	2. Data[21]	

11-1	1277-1281	Dies	1. Richtig[3]	1. Angemessen[3]	1. Verständlich[3]	*[3]	*[3]	*[3]	*[3]	*[3]	Treibhausgasemissionen vorhanden[3]	*[3]	Contra A[3]	Pro B[3]	Contra C[3]	_	_	Hauptteil[6]	3. Warrant[22]	
11-2	1282-1285	ist	1. Richtig[3]	1. Angemessen[3]	1. Verständlich[3]	*[3]	*[3]	*[3]	*[3]	*[3]	Treibhausgasemissionen vorhanden[3]	*[3]	Contra A[3]	Pro B[3]	Contra C[3]	_	_	Hauptteil[6]	3. Warrant[22]	
11-3	1286-1289	der	1. Richtig[3]	1. Angemessen[3]	1. Verständlich[3]	*[3]	*[3]	*[3]	*[3]	*[3]	Treibhausgasemissionen vorhanden[3]	*[3]	Contra A[3]	Pro B[3]	Contra C[3]	_	_	Hauptteil[6]	3. Warrant[22]	
11-4	1290-1300	wichtigste	1. Richtig[3]	1. Angemessen[3]	1. Verständlich[3]	*[3]	*[3]	*[3]	*[3]	*[3]	Treibhausgasemissionen vorhanden[3]	*[3]	Contra A[3]	Pro B[3]	Contra C[3]	_	_	Hauptteil[6]	3. Warrant[22]	
11-5	1301-1304	der	1. Richtig[3]	1. Angemessen[3]	1. Verständlich[3]	*[3]	*[3]	*[3]	*[3]	*[3]	Treibhausgasemissionen vorhanden[3]	*[3]	Contra A[3]	Pro B[3]	Contra C[3]	_	_	Hauptteil[6]	3. Warrant[22]	
11-6	1305-1309	drei	1. Richtig[3]	1. Angemessen[3]	1. Verständlich[3]	*[3]	*[3]	*[3]	*[3]	*[3]	Treibhausgasemissionen vorhanden[3]	*[3]	Contra A[3]	Pro B[3]	Contra C[3]	_	_	Hauptteil[6]	3. Warrant[22]	
11-7	1310-1317	Aspekte	1. Richtig[3]	1. Angemessen[3]	1. Verständlich[3]	*[3]	*[3]	*[3]	*[3]	*[3]	Treibhausgasemissionen vorhanden[3]	*[3]	Contra A[3]	Pro B[3]	Contra C[3]	_	_	Hauptteil[6]	3. Warrant[22]	
11-8	1317-1318	,	1. Richtig[3]	1. Angemessen[3]	1. Verständlich[3]	*[3]	*[3]	*[3]	*[3]	*[3]	Treibhausgasemissionen vorhanden[3]	*[3]	Contra A[3]	Pro B[3]	Contra C[3]	_	_	Hauptteil[6]	3. Warrant[22]	
11-9	1319-1321	da	1. Richtig[3]	1. Angemessen[3]	1. Verständlich[3]	*[3]	*[3]	*[3]	*[3]	*[3]	Treibhausgasemissionen vorhanden[3]	*[3]	Contra A[3]	Pro B[3]	Contra C[3]	_	_	Hauptteil[6]	3. Warrant[22]	
11-10	1322-1324	es	1. Richtig[3]	1. Angemessen[3]	1. Verständlich[3]	*[3]	*[3]	*[3]	*[3]	*[3]	Treibhausgasemissionen vorhanden[3]	*[3]	Contra A[3]	Pro B[3]	Contra C[3]	_	_	Hauptteil[6]	3. Warrant[22]	
11-11	1325-1328	bei	1. Richtig[3]	1. Angemessen[3]	1. Verständlich[3]	*[3]	*[3]	*[3]	*[3]	*[3]	Treibhausgasemissionen vorhanden[3]	*[3]	Contra A[3]	Pro B[3]	Contra C[3]	_	_	Hauptteil[6]	3. Warrant[22]	
11-12	1329-1332	der	1. Richtig[3]	1. Angemessen[3]	1. Verständlich[3]	*[3]	*[3]	*[3]	*[3]	*[3]	Treibhausgasemissionen vorhanden[3]	*[3]	Contra A[3]	Pro B[3]	Contra C[3]	_	_	Hauptteil[6]	3. Warrant[22]	
11-13	1333-1343	Umstellung	1. Richtig[3]	1. Angemessen[3]	1. Verständlich[3]	*[3]	*[3]	*[3]	*[3]	*[3]	Treibhausgasemissionen vorhanden[3]	*[3]	Contra A[3]	Pro B[3]	Contra C[3]	_	_	Hauptteil[6]	3. Warrant[22]	
11-14	1344-1353	vorrangig	1. Richtig[3]	1. Angemessen[3]	1. Verständlich[3]	*[3]	*[3]	*[3]	*[3]	*[3]	Treibhausgasemissionen vorhanden[3]	*[3]	Contra A[3]	Pro B[3]	Contra C[3]	_	_	Hauptteil[6]	3. Warrant[22]	
11-15	1354-1356	um	1. Richtig[3]	1. Angemessen[3]	1. Verständlich[3]	*[3]	*[3]	*[3]	*[3]	*[3]	Treibhausgasemissionen vorhanden[3]	*[3]	Contra A[3]	Pro B[3]	Contra C[3]	_	_	Hauptteil[6]	3. Warrant[22]	
11-16	1357-1360	die	1. Richtig[3]	1. Angemessen[3]	1. Verständlich[3]	*[3]	*[3]	*[3]	*[3]	*[3]	Treibhausgasemissionen vorhanden[3]	*[3]	Contra A[3]	Pro B[3]	Contra C[3]	_	_	Hauptteil[6]	3. Warrant[22]	
11-17	1361-1367	Umwelt	1. Richtig[3]	1. Angemessen[3]	1. Verständlich[3]	*[3]	*[3]	*[3]	*[3]	*[3]	Treibhausgasemissionen vorhanden[3]	*[3]	Contra A[3]	Pro B[3]	Contra C[3]	_	_	Hauptteil[6]	3. Warrant[22]	
11-18	1368-1372	geht	1. Richtig[3]	1. Angemessen[3]	1. Verständlich[3]	*[3]	*[3]	*[3]	*[3]	*[3]	Treibhausgasemissionen vorhanden[3]	*[3]	Contra A[3]	Pro B[3]	Contra C[3]	_	_	Hauptteil[6]	3. Warrant[22]	
11-19	1373-1376	und	1. Richtig[3]	1. Angemessen[3]	1. Verständlich[3]	*[3]	*[3]	*[3]	*[3]	*[3]	Treibhausgasemissionen vorhanden[3]	*[3]	Contra A[3]	Pro B[3]	Contra C[3]	_	_	Hauptteil[6]	3. Warrant[22]	
11-20	1377-1382	damit	1. Richtig[3]	1. Angemessen[3]	1. Verständlich[3]	*[3]	*[3]	*[3]	*[3]	*[3]	Treibhausgasemissionen vorhanden[3]	*[3]	Contra A[3]	Pro B[3]	Contra C[3]	_	_	Hauptteil[6]	3. Warrant[22]	
11-21	1383-1389	gerade	1. Richtig[3]	1. Angemessen[3]	1. Verständlich[3]	*[3]	*[3]	*[3]	*[3]	*[3]	Treibhausgasemissionen vorhanden[3]	*[3]	Contra A[3]	Pro B[3]	Contra C[3]	_	_	Hauptteil[6]	3. Warrant[22]	
11-22	1390-1392	um	1. Richtig[3]	1. Angemessen[3]	1. Verständlich[3]	*[3]	*[3]	*[3]	*[3]	*[3]	Treibhausgasemissionen vorhanden[3]	*[3]	Contra A[3]	Pro B[3]	Contra C[3]	_	_	Hauptteil[6]	3. Warrant[22]	
11-23	1393-1396	die	1. Richtig[3]	1. Angemessen[3]	1. Verständlich[3]	*[3]	*[3]	*[3]	*[3]	*[3]	Treibhausgasemissionen vorhanden[3]	*[3]	Contra A[3]	Pro B[3]	Contra C[3]	_	_	Hauptteil[6]	3. Warrant[22]	
11-24	1397-1405	Emission	1. Richtig[3]	1. Angemessen[3]	1. Verständlich[3]	*[3]	*[3]	*[3]	*[3]	*[3]	Treibhausgasemissionen vorhanden[3]	*[3]	Contra A[3]	Pro B[3]	Contra C[3]	_	_	Hauptteil[6]	3. Warrant[22]	
11-25	1405-1406	.	1. Richtig[3]	1. Angemessen[3]	1. Verständlich[3]	*[3]	*[3]	*[3]	*[3]	*[3]	Treibhausgasemissionen vorhanden[3]	*[3]	Contra A[3]	Pro B[3]	Contra C[3]	_	_	Hauptteil[6]	3. Warrant[22]	

12-1	1408-1411	Und	1. Richtig[3]	1. Angemessen[3]	1. Verständlich[3]	*[3]	*[3]	*[3]	*[3]	*[3]	Treibhausgasemissionen vorhanden[3]	*[3]	Contra A[3]	Pro B[3]	Contra C[3]	_	_	Hauptteil[6]	2. Data[23]	
12-2	1412-1418	gerade	1. Richtig[3]	1. Angemessen[3]	1. Verständlich[3]	*[3]	*[3]	*[3]	*[3]	*[3]	Treibhausgasemissionen vorhanden[3]	*[3]	Contra A[3]	Pro B[3]	Contra C[3]	_	_	Hauptteil[6]	2. Data[23]	
12-3	1419-1421	in	1. Richtig[3]	1. Angemessen[3]	1. Verständlich[3]	*[3]	*[3]	*[3]	*[3]	*[3]	Treibhausgasemissionen vorhanden[3]	*[3]	Contra A[3]	Pro B[3]	Contra C[3]	_	_	Hauptteil[6]	2. Data[23]	
12-4	1422-1428	diesem	1. Richtig[3]	1. Angemessen[3]	1. Verständlich[3]	*[3]	*[3]	*[3]	*[3]	*[3]	Treibhausgasemissionen vorhanden[3]	*[3]	Contra A[3]	Pro B[3]	Contra C[3]	_	_	Hauptteil[6]	2. Data[23]	
12-5	1429-1434	Punkt	1. Richtig[3]	1. Angemessen[3]	1. Verständlich[3]	*[3]	*[3]	*[3]	*[3]	*[3]	Treibhausgasemissionen vorhanden[3]	*[3]	Contra A[3]	Pro B[3]	Contra C[3]	_	_	Hauptteil[6]	2. Data[23]	
12-6	1435-1444	schneiden	1. Richtig[3]	1. Angemessen[3]	1. Verständlich[3]	*[3]	*[3]	*[3]	*[3]	*[3]	Treibhausgasemissionen vorhanden[3]	*[3]	Contra A[3]	Pro B[3]	Contra C[3]	_	_	Hauptteil[6]	2. Data[23]	
12-7	1445-1452	E-Fuels	1. Richtig[3]	1. Angemessen[3]	1. Verständlich[3]	*[3]	*[3]	*[3]	*[3]	*[3]	Treibhausgasemissionen vorhanden[3]	*[3]	Contra A[3]	Pro B[3]	Contra C[3]	_	_	Hauptteil[6]	2. Data[23]	
12-8	1453-1456	mit	1. Richtig[3]	1. Angemessen[3]	1. Verständlich[3]	*[3]	*[3]	*[3]	*[3]	*[3]	Treibhausgasemissionen vorhanden[3]	*[3]	Contra A[3]	Pro B[3]	Contra C[3]	_	_	Hauptteil[6]	2. Data[23]	
12-9	1457-1464	Abstand	1. Richtig[3]	1. Angemessen[3]	1. Verständlich[3]	*[3]	*[3]	*[3]	*[3]	*[3]	Treibhausgasemissionen vorhanden[3]	*[3]	Contra A[3]	Pro B[3]	Contra C[3]	_	_	Hauptteil[6]	2. Data[23]	
12-10	1465-1467	am	1. Richtig[3]	1. Angemessen[3]	1. Verständlich[3]	*[3]	*[3]	*[3]	*[3]	*[3]	Treibhausgasemissionen vorhanden[3]	*[3]	Contra A[3]	Pro B[3]	Contra C[3]	_	_	Hauptteil[6]	2. Data[23]	
12-11	1468-1474	besten	1. Richtig[3]	1. Angemessen[3]	1. Verständlich[3]	*[3]	*[3]	*[3]	*[3]	*[3]	Treibhausgasemissionen vorhanden[3]	*[3]	Contra A[3]	Pro B[3]	Contra C[3]	_	_	Hauptteil[6]	2. Data[23]	
12-12	1475-1477	ab	1. Richtig[3]	1. Angemessen[3]	1. Verständlich[3]	*[3]	*[3]	*[3]	*[3]	*[3]	Treibhausgasemissionen vorhanden[3]	*[3]	Contra A[3]	Pro B[3]	Contra C[3]	_	_	Hauptteil[6]	2. Data[23]	
12-13	1477-1478	.	1. Richtig[3]	1. Angemessen[3]	1. Verständlich[3]	*[3]	*[3]	*[3]	*[3]	*[3]	Treibhausgasemissionen vorhanden[3]	*[3]	Contra A[3]	Pro B[3]	Contra C[3]	_	_	Hauptteil[6]	2. Data[23]	

13-1	1480-1489	Insgesamt	_	_	_	_	_	_	_	_	_	_	_	_	_	_	_	Schluss[7]	_	
13-2	1490-1494	sind	_	_	_	_	_	_	_	_	_	_	_	_	_	_	_	Schluss[7]	_	
13-3	1495-1498	sie	_	_	_	_	_	_	_	_	_	_	_	_	_	_	_	Schluss[7]	_	
13-4	1499-1503	also	_	_	_	_	_	_	_	_	_	_	_	_	_	_	_	Schluss[7]	_	
13-5	1504-1507	gut	_	_	_	_	_	_	_	_	_	_	_	_	_	_	_	Schluss[7]	_	
13-6	1508-1510	zu	_	_	_	_	_	_	_	_	_	_	_	_	_	_	_	Schluss[7]	_	
13-7	1511-1522	produzieren	_	_	_	_	_	_	_	_	_	_	_	_	_	_	_	Schluss[7]	_	
13-8	1522-1523	,	_	_	_	_	_	_	_	_	_	_	_	_	_	_	_	Schluss[7]	_	
13-9	1524-1526	im	_	_	_	_	_	_	_	_	_	_	_	_	_	_	_	Schluss[7]	_	
13-10	1527-1536	Gegensatz	_	_	_	_	_	_	_	_	_	_	_	_	_	_	_	Schluss[7]	_	
13-11	1537-1540	zum	_	_	_	_	_	_	_	_	_	_	_	_	_	_	_	Schluss[7]	_	
13-12	1541-1552	Wasserstoff	_	_	_	_	_	_	_	_	_	_	_	_	_	_	_	Schluss[7]	_	
13-13	1552-1553	,	_	_	_	_	_	_	_	_	_	_	_	_	_	_	_	Schluss[7]	_	
13-14	1554-1559	haben	_	_	_	_	_	_	_	_	_	_	_	_	_	_	_	Schluss[7]	_	
13-15	1560-1564	eine	_	_	_	_	_	_	_	_	_	_	_	_	_	_	_	Schluss[7]	_	
13-16	1565-1570	kurze	_	_	_	_	_	_	_	_	_	_	_	_	_	_	_	Schluss[7]	_	
13-17	1571-1580	Ladedauer	_	_	_	_	_	_	_	_	_	_	_	_	_	_	_	Schluss[7]	_	
13-18	1581-1584	und	_	_	_	_	_	_	_	_	_	_	_	_	_	_	_	Schluss[7]	_	
13-19	1585-1589	eine	_	_	_	_	_	_	_	_	_	_	_	_	_	_	_	Schluss[7]	_	
13-20	1590-1595	große	_	_	_	_	_	_	_	_	_	_	_	_	_	_	_	Schluss[7]	_	
13-21	1596-1606	Reichweite	_	_	_	_	_	_	_	_	_	_	_	_	_	_	_	Schluss[7]	_	
13-22	1607-1609	im	_	_	_	_	_	_	_	_	_	_	_	_	_	_	_	Schluss[7]	_	
13-23	1610-1619	Gegensatz	_	_	_	_	_	_	_	_	_	_	_	_	_	_	_	Schluss[7]	_	
13-24	1620-1622	zu	_	_	_	_	_	_	_	_	_	_	_	_	_	_	_	Schluss[7]	_	
13-25	1623-1636	Akkumulatoren	_	_	_	_	_	_	_	_	_	_	_	_	_	_	_	Schluss[7]	_	
13-26	1637-1640	und	_	_	_	_	_	_	_	_	_	_	_	_	_	_	_	Schluss[7]	_	
13-27	1641-1644	das	_	_	_	_	_	_	_	_	_	_	_	_	_	_	_	Schluss[7]	_	
13-28	1645-1655	wichtigste	_	_	_	_	_	_	_	_	_	_	_	_	_	_	_	Schluss[7]	_	
13-29	1656-1664	Argument	_	_	_	_	_	_	_	_	_	_	_	_	_	_	_	Schluss[7]	_	
13-30	1664-1665	,	_	_	_	_	_	_	_	_	_	_	_	_	_	_	_	Schluss[7]	_	
13-31	1666-1669	sie	_	_	_	_	_	_	_	_	_	_	_	_	_	_	_	Schluss[7]	_	
13-32	1670-1675	haben	_	_	_	_	_	_	_	_	_	_	_	_	_	_	_	Schluss[7]	_	
13-33	1676-1679	die	_	_	_	_	_	_	_	_	_	_	_	_	_	_	_	Schluss[7]	_	
13-34	1680-1689	geringste	_	_	_	_	_	_	_	_	_	_	_	_	_	_	_	Schluss[7]	_	
13-35	1690-1698	Emission	_	_	_	_	_	_	_	_	_	_	_	_	_	_	_	Schluss[7]	_	
13-36	1698-1699	.	_	_	_	_	_	_	_	_	_	_	_	_	_	_	_	Schluss[7]	_	

14-1	1701-1704	Man	_	_	_	_	_	_	_	_	_	_	_	_	_	_	_	Schluss[7]	_	
14-2	1705-1710	sieht	_	_	_	_	_	_	_	_	_	_	_	_	_	_	_	Schluss[7]	_	
14-3	1711-1715	also	_	_	_	_	_	_	_	_	_	_	_	_	_	_	_	Schluss[7]	_	
14-4	1715-1716	,	_	_	_	_	_	_	_	_	_	_	_	_	_	_	_	Schluss[7]	_	
14-5	1717-1721	dass	_	_	_	_	_	_	_	_	_	_	_	_	_	_	_	Schluss[7]	_	
14-6	1722-1725	sie	_	_	_	_	_	_	_	_	_	_	_	_	_	_	_	Schluss[7]	_	
14-7	1726-1728	am	_	_	_	_	_	_	_	_	_	_	_	_	_	_	_	Schluss[7]	_	
14-8	1729-1741	effektivsten	_	_	_	_	_	_	_	_	_	_	_	_	_	_	_	Schluss[7]	_	
14-9	1742-1745	und	_	_	_	_	_	_	_	_	_	_	_	_	_	_	_	Schluss[7]	_	
14-10	1746-1760	nachhaltigsten	_	_	_	_	_	_	_	_	_	_	_	_	_	_	_	Schluss[7]	_	
14-11	1761-1765	sind	_	_	_	_	_	_	_	_	_	_	_	_	_	_	_	Schluss[7]	_	
14-12	1765-1766	.	_	_	_	_	_	_	_	_	_	_	_	_	_	_	_	Schluss[7]	_	
