#FORMAT=WebAnno TSV 3.3
#T_SP=webanno.custom.Argument|Accuracy|Adequacy|Clarity|KriteriumJahresertragEnergiedichte|KriteriumLebensdauerVerfgbarkeit|KriteriumLokaleEmissionenGeruschemissionen|KriteriumPreisBetrieb|KriteriumSonstiges|KriteriumTreibhausgasemissionen|KriteriumWirkungsgrad|OptionA|OptionB|OptionC
#T_SP=webanno.custom.DecisionMakingStrategies|Decision|Gesamtthese
#T_SP=webanno.custom.Struktur|Struktur
#T_SP=webanno.custom.StrukturTAP|TAPArgumente


1-1	0-3	Ich	_	_	_	_	_	_	_	_	_	_	_	_	_	2. Cut-off[4]	Gesamtthese[4]	Einleitung[6]	_	
1-2	4-9	denke	_	_	_	_	_	_	_	_	_	_	_	_	_	2. Cut-off[4]	Gesamtthese[4]	Einleitung[6]	_	
1-3	9-10	,	_	_	_	_	_	_	_	_	_	_	_	_	_	2. Cut-off[4]	Gesamtthese[4]	Einleitung[6]	_	
1-4	11-15	dass	_	_	_	_	_	_	_	_	_	_	_	_	_	2. Cut-off[4]	Gesamtthese[4]	Einleitung[6]	_	
1-5	16-25	Windparks	_	_	_	_	_	_	_	_	_	_	_	_	_	2. Cut-off[4]	Gesamtthese[4]	Einleitung[6]	_	
1-6	26-30	eine	_	_	_	_	_	_	_	_	_	_	_	_	_	2. Cut-off[4]	Gesamtthese[4]	Einleitung[6]	_	
1-7	31-40	sinnvolle	_	_	_	_	_	_	_	_	_	_	_	_	_	2. Cut-off[4]	Gesamtthese[4]	Einleitung[6]	_	
1-8	41-49	Maßnahme	_	_	_	_	_	_	_	_	_	_	_	_	_	2. Cut-off[4]	Gesamtthese[4]	Einleitung[6]	_	
1-9	50-53	zur	_	_	_	_	_	_	_	_	_	_	_	_	_	2. Cut-off[4]	Gesamtthese[4]	Einleitung[6]	_	
1-10	54-64	Bekämpfung	_	_	_	_	_	_	_	_	_	_	_	_	_	2. Cut-off[4]	Gesamtthese[4]	Einleitung[6]	_	
1-11	65-68	des	_	_	_	_	_	_	_	_	_	_	_	_	_	2. Cut-off[4]	Gesamtthese[4]	Einleitung[6]	_	
1-12	69-81	Klimawandels	_	_	_	_	_	_	_	_	_	_	_	_	_	2. Cut-off[4]	Gesamtthese[4]	Einleitung[6]	_	
1-13	82-88	währen	_	_	_	_	_	_	_	_	_	_	_	_	_	2. Cut-off[4]	Gesamtthese[4]	Einleitung[6]	_	
1-14	88-89	,	_	_	_	_	_	_	_	_	_	_	_	_	_	2. Cut-off[4]	Gesamtthese[4]	Einleitung[6]	_	
1-15	90-92	da	_	_	_	_	_	_	_	_	_	_	_	_	_	2. Cut-off[4]	Gesamtthese[4]	Einleitung[6]	_	
1-16	93-96	sie	_	_	_	_	_	_	_	_	_	_	_	_	_	2. Cut-off[4]	Gesamtthese[4]	Einleitung[6]	_	
1-17	97-99	in	_	_	_	_	_	_	_	_	_	_	_	_	_	2. Cut-off[4]	Gesamtthese[4]	Einleitung[6]	_	
1-18	100-109	vielerlei	_	_	_	_	_	_	_	_	_	_	_	_	_	2. Cut-off[4]	Gesamtthese[4]	Einleitung[6]	_	
1-19	110-118	Hinsicht	_	_	_	_	_	_	_	_	_	_	_	_	_	2. Cut-off[4]	Gesamtthese[4]	Einleitung[6]	_	
1-20	119-127	nützlich	_	_	_	_	_	_	_	_	_	_	_	_	_	2. Cut-off[4]	Gesamtthese[4]	Einleitung[6]	_	
1-21	128-131	und	_	_	_	_	_	_	_	_	_	_	_	_	_	2. Cut-off[4]	Gesamtthese[4]	Einleitung[6]	_	
1-22	132-140	effektiv	_	_	_	_	_	_	_	_	_	_	_	_	_	2. Cut-off[4]	Gesamtthese[4]	Einleitung[6]	_	
1-23	141-145	sind	_	_	_	_	_	_	_	_	_	_	_	_	_	2. Cut-off[4]	Gesamtthese[4]	Einleitung[6]	_	
1-24	145-146	.	_	_	_	_	_	_	_	_	_	_	_	_	_	2. Cut-off[4]	Gesamtthese[4]	Einleitung[6]	_	

2-1	148-151	Zum	1. Richtig[1]	1. Angemessen[1]	1. Verständlich[1]	Jahresertrag/Energiedichte Vorhanden[1]	*[1]	*[1]	*[1]	*[1]	*[1]	*[1]	Contra A[1]	Contra B[1]	Pro C[1]	_	_	Hauptteil[7]	2. Data[9]	
2-2	152-157	einen	1. Richtig[1]	1. Angemessen[1]	1. Verständlich[1]	Jahresertrag/Energiedichte Vorhanden[1]	*[1]	*[1]	*[1]	*[1]	*[1]	*[1]	Contra A[1]	Contra B[1]	Pro C[1]	_	_	Hauptteil[7]	2. Data[9]	
2-3	158-163	haben	1. Richtig[1]	1. Angemessen[1]	1. Verständlich[1]	Jahresertrag/Energiedichte Vorhanden[1]	*[1]	*[1]	*[1]	*[1]	*[1]	*[1]	Contra A[1]	Contra B[1]	Pro C[1]	_	_	Hauptteil[7]	2. Data[9]	
2-4	164-167	sie	1. Richtig[1]	1. Angemessen[1]	1. Verständlich[1]	Jahresertrag/Energiedichte Vorhanden[1]	*[1]	*[1]	*[1]	*[1]	*[1]	*[1]	Contra A[1]	Contra B[1]	Pro C[1]	_	_	Hauptteil[7]	2. Data[9]	
2-5	168-171	von	1. Richtig[1]	1. Angemessen[1]	1. Verständlich[1]	Jahresertrag/Energiedichte Vorhanden[1]	*[1]	*[1]	*[1]	*[1]	*[1]	*[1]	Contra A[1]	Contra B[1]	Pro C[1]	_	_	Hauptteil[7]	2. Data[9]	
2-6	172-175	den	1. Richtig[1]	1. Angemessen[1]	1. Verständlich[1]	Jahresertrag/Energiedichte Vorhanden[1]	*[1]	*[1]	*[1]	*[1]	*[1]	*[1]	Contra A[1]	Contra B[1]	Pro C[1]	_	_	Hauptteil[7]	2. Data[9]	
2-7	176-180	drei	1. Richtig[1]	1. Angemessen[1]	1. Verständlich[1]	Jahresertrag/Energiedichte Vorhanden[1]	*[1]	*[1]	*[1]	*[1]	*[1]	*[1]	Contra A[1]	Contra B[1]	Pro C[1]	_	_	Hauptteil[7]	2. Data[9]	
2-8	181-183	zu	1. Richtig[1]	1. Angemessen[1]	1. Verständlich[1]	Jahresertrag/Energiedichte Vorhanden[1]	*[1]	*[1]	*[1]	*[1]	*[1]	*[1]	Contra A[1]	Contra B[1]	Pro C[1]	_	_	Hauptteil[7]	2. Data[9]	
2-9	184-199	berücksichtigen	1. Richtig[1]	1. Angemessen[1]	1. Verständlich[1]	Jahresertrag/Energiedichte Vorhanden[1]	*[1]	*[1]	*[1]	*[1]	*[1]	*[1]	Contra A[1]	Contra B[1]	Pro C[1]	_	_	Hauptteil[7]	2. Data[9]	
2-10	200-214	Energieträgern	1. Richtig[1]	1. Angemessen[1]	1. Verständlich[1]	Jahresertrag/Energiedichte Vorhanden[1]	*[1]	*[1]	*[1]	*[1]	*[1]	*[1]	Contra A[1]	Contra B[1]	Pro C[1]	_	_	Hauptteil[7]	2. Data[9]	
2-11	215-218	den	1. Richtig[1]	1. Angemessen[1]	1. Verständlich[1]	Jahresertrag/Energiedichte Vorhanden[1]	*[1]	*[1]	*[1]	*[1]	*[1]	*[1]	Contra A[1]	Contra B[1]	Pro C[1]	_	_	Hauptteil[7]	2. Data[9]	
2-12	219-227	höchsten	1. Richtig[1]	1. Angemessen[1]	1. Verständlich[1]	Jahresertrag/Energiedichte Vorhanden[1]	*[1]	*[1]	*[1]	*[1]	*[1]	*[1]	Contra A[1]	Contra B[1]	Pro C[1]	_	_	Hauptteil[7]	2. Data[9]	
2-13	228-240	Jahresertrag	1. Richtig[1]	1. Angemessen[1]	1. Verständlich[1]	Jahresertrag/Energiedichte Vorhanden[1]	*[1]	*[1]	*[1]	*[1]	*[1]	*[1]	Contra A[1]	Contra B[1]	Pro C[1]	_	_	Hauptteil[7]	2. Data[9]	
2-14	241-244	von	1. Richtig[1]	1. Angemessen[1]	1. Verständlich[1]	Jahresertrag/Energiedichte Vorhanden[1]	*[1]	*[1]	*[1]	*[1]	*[1]	*[1]	Contra A[1]	Contra B[1]	Pro C[1]	_	_	Hauptteil[7]	2. Data[9]	
2-15	245-247	40	1. Richtig[1]	1. Angemessen[1]	1. Verständlich[1]	Jahresertrag/Energiedichte Vorhanden[1]	*[1]	*[1]	*[1]	*[1]	*[1]	*[1]	Contra A[1]	Contra B[1]	Pro C[1]	_	_	Hauptteil[7]	2. Data[9]	
2-16	248-251	GWh	1. Richtig[1]	1. Angemessen[1]	1. Verständlich[1]	Jahresertrag/Energiedichte Vorhanden[1]	*[1]	*[1]	*[1]	*[1]	*[1]	*[1]	Contra A[1]	Contra B[1]	Pro C[1]	_	_	Hauptteil[7]	2. Data[9]	
2-17	252-255	und	1. Richtig[1]	1. Angemessen[1]	1. Verständlich[1]	Jahresertrag/Energiedichte Vorhanden[1]	*[1]	*[1]	*[1]	*[1]	*[1]	*[1]	Contra A[1]	Contra B[1]	Pro C[1]	_	_	Hauptteil[7]	2. Data[9]	
2-18	256-261	4,000	1. Richtig[1]	1. Angemessen[1]	1. Verständlich[1]	Jahresertrag/Energiedichte Vorhanden[1]	*[1]	*[1]	*[1]	*[1]	*[1]	*[1]	Contra A[1]	Contra B[1]	Pro C[1]	_	_	Hauptteil[7]	2. Data[9]	
2-19	262-277	Volllaststunden	1. Richtig[1]	1. Angemessen[1]	1. Verständlich[1]	Jahresertrag/Energiedichte Vorhanden[1]	*[1]	*[1]	*[1]	*[1]	*[1]	*[1]	Contra A[1]	Contra B[1]	Pro C[1]	_	_	Hauptteil[7]	2. Data[9]	
2-20	277-278	.	1. Richtig[1]	1. Angemessen[1]	1. Verständlich[1]	Jahresertrag/Energiedichte Vorhanden[1]	*[1]	*[1]	*[1]	*[1]	*[1]	*[1]	Contra A[1]	Contra B[1]	Pro C[1]	_	_	Hauptteil[7]	2. Data[9]	

3-1	280-284	Wenn	1. Richtig[1]	1. Angemessen[1]	1. Verständlich[1]	Jahresertrag/Energiedichte Vorhanden[1]	*[1]	*[1]	*[1]	*[1]	*[1]	*[1]	Contra A[1]	Contra B[1]	Pro C[1]	_	_	Hauptteil[7]	1. Claim[10]	
3-2	285-288	man	1. Richtig[1]	1. Angemessen[1]	1. Verständlich[1]	Jahresertrag/Energiedichte Vorhanden[1]	*[1]	*[1]	*[1]	*[1]	*[1]	*[1]	Contra A[1]	Contra B[1]	Pro C[1]	_	_	Hauptteil[7]	1. Claim[10]	
3-3	289-292	die	1. Richtig[1]	1. Angemessen[1]	1. Verständlich[1]	Jahresertrag/Energiedichte Vorhanden[1]	*[1]	*[1]	*[1]	*[1]	*[1]	*[1]	Contra A[1]	Contra B[1]	Pro C[1]	_	_	Hauptteil[7]	1. Claim[10]	
3-4	293-301	fossilen	1. Richtig[1]	1. Angemessen[1]	1. Verständlich[1]	Jahresertrag/Energiedichte Vorhanden[1]	*[1]	*[1]	*[1]	*[1]	*[1]	*[1]	Contra A[1]	Contra B[1]	Pro C[1]	_	_	Hauptteil[7]	1. Claim[10]	
3-5	302-310	Energien	1. Richtig[1]	1. Angemessen[1]	1. Verständlich[1]	Jahresertrag/Energiedichte Vorhanden[1]	*[1]	*[1]	*[1]	*[1]	*[1]	*[1]	Contra A[1]	Contra B[1]	Pro C[1]	_	_	Hauptteil[7]	1. Claim[10]	
3-6	311-319	ersetzen	1. Richtig[1]	1. Angemessen[1]	1. Verständlich[1]	Jahresertrag/Energiedichte Vorhanden[1]	*[1]	*[1]	*[1]	*[1]	*[1]	*[1]	Contra A[1]	Contra B[1]	Pro C[1]	_	_	Hauptteil[7]	1. Claim[10]	
3-7	320-326	möchte	1. Richtig[1]	1. Angemessen[1]	1. Verständlich[1]	Jahresertrag/Energiedichte Vorhanden[1]	*[1]	*[1]	*[1]	*[1]	*[1]	*[1]	Contra A[1]	Contra B[1]	Pro C[1]	_	_	Hauptteil[7]	1. Claim[10]	
3-8	327-330	ist	1. Richtig[1]	1. Angemessen[1]	1. Verständlich[1]	Jahresertrag/Energiedichte Vorhanden[1]	*[1]	*[1]	*[1]	*[1]	*[1]	*[1]	Contra A[1]	Contra B[1]	Pro C[1]	_	_	Hauptteil[7]	1. Claim[10]	
3-9	331-333	es	1. Richtig[1]	1. Angemessen[1]	1. Verständlich[1]	Jahresertrag/Energiedichte Vorhanden[1]	*[1]	*[1]	*[1]	*[1]	*[1]	*[1]	Contra A[1]	Contra B[1]	Pro C[1]	_	_	Hauptteil[7]	1. Claim[10]	
3-10	334-343	notwendig	1. Richtig[1]	1. Angemessen[1]	1. Verständlich[1]	Jahresertrag/Energiedichte Vorhanden[1]	*[1]	*[1]	*[1]	*[1]	*[1]	*[1]	Contra A[1]	Contra B[1]	Pro C[1]	_	_	Hauptteil[7]	1. Claim[10]	
3-11	344-349	einen	1. Richtig[1]	1. Angemessen[1]	1. Verständlich[1]	Jahresertrag/Energiedichte Vorhanden[1]	*[1]	*[1]	*[1]	*[1]	*[1]	*[1]	Contra A[1]	Contra B[1]	Pro C[1]	_	_	Hauptteil[7]	1. Claim[10]	
3-12	350-359	möglichst	1. Richtig[1]	1. Angemessen[1]	1. Verständlich[1]	Jahresertrag/Energiedichte Vorhanden[1]	*[1]	*[1]	*[1]	*[1]	*[1]	*[1]	Contra A[1]	Contra B[1]	Pro C[1]	_	_	Hauptteil[7]	1. Claim[10]	
3-13	360-365	hohen	1. Richtig[1]	1. Angemessen[1]	1. Verständlich[1]	Jahresertrag/Energiedichte Vorhanden[1]	*[1]	*[1]	*[1]	*[1]	*[1]	*[1]	Contra A[1]	Contra B[1]	Pro C[1]	_	_	Hauptteil[7]	1. Claim[10]	
3-14	366-372	Ertrag	1. Richtig[1]	1. Angemessen[1]	1. Verständlich[1]	Jahresertrag/Energiedichte Vorhanden[1]	*[1]	*[1]	*[1]	*[1]	*[1]	*[1]	Contra A[1]	Contra B[1]	Pro C[1]	_	_	Hauptteil[7]	1. Claim[10]	
3-15	373-375	zu	1. Richtig[1]	1. Angemessen[1]	1. Verständlich[1]	Jahresertrag/Energiedichte Vorhanden[1]	*[1]	*[1]	*[1]	*[1]	*[1]	*[1]	Contra A[1]	Contra B[1]	Pro C[1]	_	_	Hauptteil[7]	1. Claim[10]	
3-16	376-381	haben	1. Richtig[1]	1. Angemessen[1]	1. Verständlich[1]	Jahresertrag/Energiedichte Vorhanden[1]	*[1]	*[1]	*[1]	*[1]	*[1]	*[1]	Contra A[1]	Contra B[1]	Pro C[1]	_	_	Hauptteil[7]	1. Claim[10]	
3-17	381-382	,	1. Richtig[1]	1. Angemessen[1]	1. Verständlich[1]	Jahresertrag/Energiedichte Vorhanden[1]	*[1]	*[1]	*[1]	*[1]	*[1]	*[1]	Contra A[1]	Contra B[1]	Pro C[1]	_	_	Hauptteil[7]	1. Claim[10]	
3-18	383-386	der	1. Richtig[1]	1. Angemessen[1]	1. Verständlich[1]	Jahresertrag/Energiedichte Vorhanden[1]	*[1]	*[1]	*[1]	*[1]	*[1]	*[1]	Contra A[1]	Contra B[1]	Pro C[1]	_	_	Hauptteil[7]	2. Data[11]	
3-19	387-390	von	1. Richtig[1]	1. Angemessen[1]	1. Verständlich[1]	Jahresertrag/Energiedichte Vorhanden[1]	*[1]	*[1]	*[1]	*[1]	*[1]	*[1]	Contra A[1]	Contra B[1]	Pro C[1]	_	_	Hauptteil[7]	2. Data[11]	
3-20	391-400	Windparks	1. Richtig[1]	1. Angemessen[1]	1. Verständlich[1]	Jahresertrag/Energiedichte Vorhanden[1]	*[1]	*[1]	*[1]	*[1]	*[1]	*[1]	Contra A[1]	Contra B[1]	Pro C[1]	_	_	Hauptteil[7]	2. Data[11]	
3-21	401-405	mehr	1. Richtig[1]	1. Angemessen[1]	1. Verständlich[1]	Jahresertrag/Energiedichte Vorhanden[1]	*[1]	*[1]	*[1]	*[1]	*[1]	*[1]	Contra A[1]	Contra B[1]	Pro C[1]	_	_	Hauptteil[7]	2. Data[11]	
3-22	406-413	gegeben	1. Richtig[1]	1. Angemessen[1]	1. Verständlich[1]	Jahresertrag/Energiedichte Vorhanden[1]	*[1]	*[1]	*[1]	*[1]	*[1]	*[1]	Contra A[1]	Contra B[1]	Pro C[1]	_	_	Hauptteil[7]	2. Data[11]	
3-23	414-418	wird	1. Richtig[1]	1. Angemessen[1]	1. Verständlich[1]	Jahresertrag/Energiedichte Vorhanden[1]	*[1]	*[1]	*[1]	*[1]	*[1]	*[1]	Contra A[1]	Contra B[1]	Pro C[1]	_	_	Hauptteil[7]	2. Data[11]	
3-24	419-422	als	1. Richtig[1]	1. Angemessen[1]	1. Verständlich[1]	Jahresertrag/Energiedichte Vorhanden[1]	*[1]	*[1]	*[1]	*[1]	*[1]	*[1]	Contra A[1]	Contra B[1]	Pro C[1]	_	_	Hauptteil[7]	2. Data[11]	
3-25	423-426	bei	1. Richtig[1]	1. Angemessen[1]	1. Verständlich[1]	Jahresertrag/Energiedichte Vorhanden[1]	*[1]	*[1]	*[1]	*[1]	*[1]	*[1]	Contra A[1]	Contra B[1]	Pro C[1]	_	_	Hauptteil[7]	2. Data[11]	
3-26	427-437	Solarparks	1. Richtig[1]	1. Angemessen[1]	1. Verständlich[1]	Jahresertrag/Energiedichte Vorhanden[1]	*[1]	*[1]	*[1]	*[1]	*[1]	*[1]	Contra A[1]	Contra B[1]	Pro C[1]	_	_	Hauptteil[7]	2. Data[11]	
3-27	438-442	oder	1. Richtig[1]	1. Angemessen[1]	1. Verständlich[1]	Jahresertrag/Energiedichte Vorhanden[1]	*[1]	*[1]	*[1]	*[1]	*[1]	*[1]	Contra A[1]	Contra B[1]	Pro C[1]	_	_	Hauptteil[7]	2. Data[11]	
3-28	443-448	sogar	1. Richtig[1]	1. Angemessen[1]	1. Verständlich[1]	Jahresertrag/Energiedichte Vorhanden[1]	*[1]	*[1]	*[1]	*[1]	*[1]	*[1]	Contra A[1]	Contra B[1]	Pro C[1]	_	_	Hauptteil[7]	2. Data[11]	
3-29	449-467	Wasserkraftanlagen	1. Richtig[1]	1. Angemessen[1]	1. Verständlich[1]	Jahresertrag/Energiedichte Vorhanden[1]	*[1]	*[1]	*[1]	*[1]	*[1]	*[1]	Contra A[1]	Contra B[1]	Pro C[1]	_	_	Hauptteil[7]	2. Data[11]	
3-30	467-468	.	1. Richtig[1]	1. Angemessen[1]	1. Verständlich[1]	Jahresertrag/Energiedichte Vorhanden[1]	*[1]	*[1]	*[1]	*[1]	*[1]	*[1]	Contra A[1]	Contra B[1]	Pro C[1]	_	_	Hauptteil[7]	2. Data[11]	

4-1	470-474	Auch	1. Richtig[2]	1. Angemessen[2]	1. Verständlich[2]	*[2]	*[2]	*[2]	*[2]	*[2]	Treibhausgasemissionen vorhanden[2]	*[2]	Contra A[2]	Contra B[2]	Pro C[2]	_	_	Hauptteil[7]	2. Data[12]	
4-2	475-480	haben	1. Richtig[2]	1. Angemessen[2]	1. Verständlich[2]	*[2]	*[2]	*[2]	*[2]	*[2]	Treibhausgasemissionen vorhanden[2]	*[2]	Contra A[2]	Contra B[2]	Pro C[2]	_	_	Hauptteil[7]	2. Data[12]	
4-3	481-484	sie	1. Richtig[2]	1. Angemessen[2]	1. Verständlich[2]	*[2]	*[2]	*[2]	*[2]	*[2]	Treibhausgasemissionen vorhanden[2]	*[2]	Contra A[2]	Contra B[2]	Pro C[2]	_	_	Hauptteil[7]	2. Data[12]	
4-4	485-488	den	1. Richtig[2]	1. Angemessen[2]	1. Verständlich[2]	*[2]	*[2]	*[2]	*[2]	*[2]	Treibhausgasemissionen vorhanden[2]	*[2]	Contra A[2]	Contra B[2]	Pro C[2]	_	_	Hauptteil[7]	2. Data[12]	
4-5	489-500	niedrigsten	1. Richtig[2]	1. Angemessen[2]	1. Verständlich[2]	*[2]	*[2]	*[2]	*[2]	*[2]	Treibhausgasemissionen vorhanden[2]	*[2]	Contra A[2]	Contra B[2]	Pro C[2]	_	_	Hauptteil[7]	2. Data[12]	
4-6	501-508	Ausstoß	1. Richtig[2]	1. Angemessen[2]	1. Verständlich[2]	*[2]	*[2]	*[2]	*[2]	*[2]	Treibhausgasemissionen vorhanden[2]	*[2]	Contra A[2]	Contra B[2]	Pro C[2]	_	_	Hauptteil[7]	2. Data[12]	
4-7	509-511	an	1. Richtig[2]	1. Angemessen[2]	1. Verständlich[2]	*[2]	*[2]	*[2]	*[2]	*[2]	Treibhausgasemissionen vorhanden[2]	*[2]	Contra A[2]	Contra B[2]	Pro C[2]	_	_	Hauptteil[7]	2. Data[12]	
4-8	512-534	Treibhausgasemissionen	1. Richtig[2]	1. Angemessen[2]	1. Verständlich[2]	*[2]	*[2]	*[2]	*[2]	*[2]	Treibhausgasemissionen vorhanden[2]	*[2]	Contra A[2]	Contra B[2]	Pro C[2]	_	_	Hauptteil[7]	2. Data[12]	
4-9	534-535	,	1. Richtig[2]	1. Angemessen[2]	1. Verständlich[2]	*[2]	*[2]	*[2]	*[2]	*[2]	Treibhausgasemissionen vorhanden[2]	*[2]	Contra A[2]	Contra B[2]	Pro C[2]	_	_	Hauptteil[7]	2. Data[12]	
4-10	536-539	was	1. Richtig[2]	1. Angemessen[2]	1. Verständlich[2]	*[2]	*[2]	*[2]	*[2]	*[2]	Treibhausgasemissionen vorhanden[2]	*[2]	Contra A[2]	Contra B[2]	Pro C[2]	_	_	Hauptteil[7]	1. Claim[13]	
4-11	540-549	ebenfalls	1. Richtig[2]	1. Angemessen[2]	1. Verständlich[2]	*[2]	*[2]	*[2]	*[2]	*[2]	Treibhausgasemissionen vorhanden[2]	*[2]	Contra A[2]	Contra B[2]	Pro C[2]	_	_	Hauptteil[7]	1. Claim[13]	
4-12	550-553	bei	1. Richtig[2]	1. Angemessen[2]	1. Verständlich[2]	*[2]	*[2]	*[2]	*[2]	*[2]	Treibhausgasemissionen vorhanden[2]	*[2]	Contra A[2]	Contra B[2]	Pro C[2]	_	_	Hauptteil[7]	1. Claim[13]	
4-13	554-570	Berücksichtigung	1. Richtig[2]	1. Angemessen[2]	1. Verständlich[2]	*[2]	*[2]	*[2]	*[2]	*[2]	Treibhausgasemissionen vorhanden[2]	*[2]	Contra A[2]	Contra B[2]	Pro C[2]	_	_	Hauptteil[7]	1. Claim[13]	
4-14	571-574	des	1. Richtig[2]	1. Angemessen[2]	1. Verständlich[2]	*[2]	*[2]	*[2]	*[2]	*[2]	Treibhausgasemissionen vorhanden[2]	*[2]	Contra A[2]	Contra B[2]	Pro C[2]	_	_	Hauptteil[7]	1. Claim[13]	
4-15	575-581	Zieles	1. Richtig[2]	1. Angemessen[2]	1. Verständlich[2]	*[2]	*[2]	*[2]	*[2]	*[2]	Treibhausgasemissionen vorhanden[2]	*[2]	Contra A[2]	Contra B[2]	Pro C[2]	_	_	Hauptteil[7]	1. Claim[13]	
4-16	582-585	ein	1. Richtig[2]	1. Angemessen[2]	1. Verständlich[2]	*[2]	*[2]	*[2]	*[2]	*[2]	Treibhausgasemissionen vorhanden[2]	*[2]	Contra A[2]	Contra B[2]	Pro C[2]	_	_	Hauptteil[7]	1. Claim[13]	
4-17	586-590	sehr	1. Richtig[2]	1. Angemessen[2]	1. Verständlich[2]	*[2]	*[2]	*[2]	*[2]	*[2]	Treibhausgasemissionen vorhanden[2]	*[2]	Contra A[2]	Contra B[2]	Pro C[2]	_	_	Hauptteil[7]	1. Claim[13]	
4-18	591-600	wichtiger	1. Richtig[2]	1. Angemessen[2]	1. Verständlich[2]	*[2]	*[2]	*[2]	*[2]	*[2]	Treibhausgasemissionen vorhanden[2]	*[2]	Contra A[2]	Contra B[2]	Pro C[2]	_	_	Hauptteil[7]	1. Claim[13]	
4-19	601-607	Faktor	1. Richtig[2]	1. Angemessen[2]	1. Verständlich[2]	*[2]	*[2]	*[2]	*[2]	*[2]	Treibhausgasemissionen vorhanden[2]	*[2]	Contra A[2]	Contra B[2]	Pro C[2]	_	_	Hauptteil[7]	1. Claim[13]	
4-20	608-611	ist	1. Richtig[2]	1. Angemessen[2]	1. Verständlich[2]	*[2]	*[2]	*[2]	*[2]	*[2]	Treibhausgasemissionen vorhanden[2]	*[2]	Contra A[2]	Contra B[2]	Pro C[2]	_	_	Hauptteil[7]	1. Claim[13]	
4-21	611-612	.	1. Richtig[2]	1. Angemessen[2]	1. Verständlich[2]	*[2]	*[2]	*[2]	*[2]	*[2]	Treibhausgasemissionen vorhanden[2]	*[2]	Contra A[2]	Contra B[2]	Pro C[2]	_	_	Hauptteil[7]	1. Claim[13]	

5-1	614-616	Um	1. Richtig[2]	1. Angemessen[2]	1. Verständlich[2]	*[2]	*[2]	*[2]	*[2]	*[2]	Treibhausgasemissionen vorhanden[2]	*[2]	Contra A[2]	Contra B[2]	Pro C[2]	_	_	Hauptteil[7]	1. Claim[14]	
5-2	617-622	gegen	1. Richtig[2]	1. Angemessen[2]	1. Verständlich[2]	*[2]	*[2]	*[2]	*[2]	*[2]	Treibhausgasemissionen vorhanden[2]	*[2]	Contra A[2]	Contra B[2]	Pro C[2]	_	_	Hauptteil[7]	1. Claim[14]	
5-3	623-626	den	1. Richtig[2]	1. Angemessen[2]	1. Verständlich[2]	*[2]	*[2]	*[2]	*[2]	*[2]	Treibhausgasemissionen vorhanden[2]	*[2]	Contra A[2]	Contra B[2]	Pro C[2]	_	_	Hauptteil[7]	1. Claim[14]	
5-4	627-638	Klimawandel	1. Richtig[2]	1. Angemessen[2]	1. Verständlich[2]	*[2]	*[2]	*[2]	*[2]	*[2]	Treibhausgasemissionen vorhanden[2]	*[2]	Contra A[2]	Contra B[2]	Pro C[2]	_	_	Hauptteil[7]	1. Claim[14]	
5-5	639-641	zu	1. Richtig[2]	1. Angemessen[2]	1. Verständlich[2]	*[2]	*[2]	*[2]	*[2]	*[2]	Treibhausgasemissionen vorhanden[2]	*[2]	Contra A[2]	Contra B[2]	Pro C[2]	_	_	Hauptteil[7]	1. Claim[14]	
5-6	642-648	wirken	1. Richtig[2]	1. Angemessen[2]	1. Verständlich[2]	*[2]	*[2]	*[2]	*[2]	*[2]	Treibhausgasemissionen vorhanden[2]	*[2]	Contra A[2]	Contra B[2]	Pro C[2]	_	_	Hauptteil[7]	1. Claim[14]	
5-7	649-653	muss	1. Richtig[2]	1. Angemessen[2]	1. Verständlich[2]	*[2]	*[2]	*[2]	*[2]	*[2]	Treibhausgasemissionen vorhanden[2]	*[2]	Contra A[2]	Contra B[2]	Pro C[2]	_	_	Hauptteil[7]	1. Claim[14]	
5-8	654-670	Klimaneutralität	1. Richtig[2]	1. Angemessen[2]	1. Verständlich[2]	*[2]	*[2]	*[2]	*[2]	*[2]	Treibhausgasemissionen vorhanden[2]	*[2]	Contra A[2]	Contra B[2]	Pro C[2]	_	_	Hauptteil[7]	1. Claim[14]	
5-9	671-679	erreicht	1. Richtig[2]	1. Angemessen[2]	1. Verständlich[2]	*[2]	*[2]	*[2]	*[2]	*[2]	Treibhausgasemissionen vorhanden[2]	*[2]	Contra A[2]	Contra B[2]	Pro C[2]	_	_	Hauptteil[7]	1. Claim[14]	
5-10	680-686	werden	1. Richtig[2]	1. Angemessen[2]	1. Verständlich[2]	*[2]	*[2]	*[2]	*[2]	*[2]	Treibhausgasemissionen vorhanden[2]	*[2]	Contra A[2]	Contra B[2]	Pro C[2]	_	_	Hauptteil[7]	1. Claim[14]	
5-11	686-687	,	1. Richtig[2]	1. Angemessen[2]	1. Verständlich[2]	*[2]	*[2]	*[2]	*[2]	*[2]	Treibhausgasemissionen vorhanden[2]	*[2]	Contra A[2]	Contra B[2]	Pro C[2]	_	_	Hauptteil[7]	1. Claim[14]	
5-12	688-692	also	1. Richtig[2]	1. Angemessen[2]	1. Verständlich[2]	*[2]	*[2]	*[2]	*[2]	*[2]	Treibhausgasemissionen vorhanden[2]	*[2]	Contra A[2]	Contra B[2]	Pro C[2]	_	_	Hauptteil[7]	1. Claim[14]	
5-13	693-699	sollte	1. Richtig[2]	1. Angemessen[2]	1. Verständlich[2]	*[2]	*[2]	*[2]	*[2]	*[2]	Treibhausgasemissionen vorhanden[2]	*[2]	Contra A[2]	Contra B[2]	Pro C[2]	_	_	Hauptteil[7]	1. Claim[14]	
5-14	700-703	die	1. Richtig[2]	1. Angemessen[2]	1. Verständlich[2]	*[2]	*[2]	*[2]	*[2]	*[2]	Treibhausgasemissionen vorhanden[2]	*[2]	Contra A[2]	Contra B[2]	Pro C[2]	_	_	Hauptteil[7]	1. Claim[14]	
5-15	704-712	gewählte	1. Richtig[2]	1. Angemessen[2]	1. Verständlich[2]	*[2]	*[2]	*[2]	*[2]	*[2]	Treibhausgasemissionen vorhanden[2]	*[2]	Contra A[2]	Contra B[2]	Pro C[2]	_	_	Hauptteil[7]	1. Claim[14]	
5-16	713-724	erneuerbare	1. Richtig[2]	1. Angemessen[2]	1. Verständlich[2]	*[2]	*[2]	*[2]	*[2]	*[2]	Treibhausgasemissionen vorhanden[2]	*[2]	Contra A[2]	Contra B[2]	Pro C[2]	_	_	Hauptteil[7]	1. Claim[14]	
5-17	725-732	Energie	1. Richtig[2]	1. Angemessen[2]	1. Verständlich[2]	*[2]	*[2]	*[2]	*[2]	*[2]	Treibhausgasemissionen vorhanden[2]	*[2]	Contra A[2]	Contra B[2]	Pro C[2]	_	_	Hauptteil[7]	1. Claim[14]	
5-18	733-738	nicht	1. Richtig[2]	1. Angemessen[2]	1. Verständlich[2]	*[2]	*[2]	*[2]	*[2]	*[2]	Treibhausgasemissionen vorhanden[2]	*[2]	Contra A[2]	Contra B[2]	Pro C[2]	_	_	Hauptteil[7]	1. Claim[14]	
5-19	739-745	selbst	1. Richtig[2]	1. Angemessen[2]	1. Verständlich[2]	*[2]	*[2]	*[2]	*[2]	*[2]	Treibhausgasemissionen vorhanden[2]	*[2]	Contra A[2]	Contra B[2]	Pro C[2]	_	_	Hauptteil[7]	1. Claim[14]	
5-20	746-749	ein	1. Richtig[2]	1. Angemessen[2]	1. Verständlich[2]	*[2]	*[2]	*[2]	*[2]	*[2]	Treibhausgasemissionen vorhanden[2]	*[2]	Contra A[2]	Contra B[2]	Pro C[2]	_	_	Hauptteil[7]	1. Claim[14]	
5-21	750-756	großer	1. Richtig[2]	1. Angemessen[2]	1. Verständlich[2]	*[2]	*[2]	*[2]	*[2]	*[2]	Treibhausgasemissionen vorhanden[2]	*[2]	Contra A[2]	Contra B[2]	Pro C[2]	_	_	Hauptteil[7]	1. Claim[14]	
5-22	757-780	Treibhausgasverursacher	1. Richtig[2]	1. Angemessen[2]	1. Verständlich[2]	*[2]	*[2]	*[2]	*[2]	*[2]	Treibhausgasemissionen vorhanden[2]	*[2]	Contra A[2]	Contra B[2]	Pro C[2]	_	_	Hauptteil[7]	1. Claim[14]	
5-23	781-785	sein	1. Richtig[2]	1. Angemessen[2]	1. Verständlich[2]	*[2]	*[2]	*[2]	*[2]	*[2]	Treibhausgasemissionen vorhanden[2]	*[2]	Contra A[2]	Contra B[2]	Pro C[2]	_	_	Hauptteil[7]	1. Claim[14]	
5-24	785-786	.	1. Richtig[2]	1. Angemessen[2]	1. Verständlich[2]	*[2]	*[2]	*[2]	*[2]	*[2]	Treibhausgasemissionen vorhanden[2]	*[2]	Contra A[2]	Contra B[2]	Pro C[2]	_	_	Hauptteil[7]	1. Claim[14]	

6-1	788-791	Der	1. Richtig[3]	1. Angemessen[3]	1. Verständlich[3]	*[3]	*[3]	*[3]	Preis/Betrieb vorhanden[3]	Sonstiges vorhanden[3]	*[3]	*[3]	Contra A[3]	Contra B[3]	Pro C[3]	_	_	Hauptteil[7]	1. Claim[15]	
6-2	792-798	dritte	1. Richtig[3]	1. Angemessen[3]	1. Verständlich[3]	*[3]	*[3]	*[3]	Preis/Betrieb vorhanden[3]	Sonstiges vorhanden[3]	*[3]	*[3]	Contra A[3]	Contra B[3]	Pro C[3]	_	_	Hauptteil[7]	1. Claim[15]	
6-3	799-804	Punkt	1. Richtig[3]	1. Angemessen[3]	1. Verständlich[3]	*[3]	*[3]	*[3]	Preis/Betrieb vorhanden[3]	Sonstiges vorhanden[3]	*[3]	*[3]	Contra A[3]	Contra B[3]	Pro C[3]	_	_	Hauptteil[7]	1. Claim[15]	
6-4	804-805	,	1. Richtig[3]	1. Angemessen[3]	1. Verständlich[3]	*[3]	*[3]	*[3]	Preis/Betrieb vorhanden[3]	Sonstiges vorhanden[3]	*[3]	*[3]	Contra A[3]	Contra B[3]	Pro C[3]	_	_	Hauptteil[7]	1. Claim[15]	
6-5	806-809	der	1. Richtig[3]	1. Angemessen[3]	1. Verständlich[3]	*[3]	*[3]	*[3]	Preis/Betrieb vorhanden[3]	Sonstiges vorhanden[3]	*[3]	*[3]	Contra A[3]	Contra B[3]	Pro C[3]	_	_	Hauptteil[7]	1. Claim[15]	
6-6	810-813	für	1. Richtig[3]	1. Angemessen[3]	1. Verständlich[3]	*[3]	*[3]	*[3]	Preis/Betrieb vorhanden[3]	Sonstiges vorhanden[3]	*[3]	*[3]	Contra A[3]	Contra B[3]	Pro C[3]	_	_	Hauptteil[7]	1. Claim[15]	
6-7	814-817	die	1. Richtig[3]	1. Angemessen[3]	1. Verständlich[3]	*[3]	*[3]	*[3]	Preis/Betrieb vorhanden[3]	Sonstiges vorhanden[3]	*[3]	*[3]	Contra A[3]	Contra B[3]	Pro C[3]	_	_	Hauptteil[7]	1. Claim[15]	
6-8	818-827	Windparks	1. Richtig[3]	1. Angemessen[3]	1. Verständlich[3]	*[3]	*[3]	*[3]	Preis/Betrieb vorhanden[3]	Sonstiges vorhanden[3]	*[3]	*[3]	Contra A[3]	Contra B[3]	Pro C[3]	_	_	Hauptteil[7]	1. Claim[15]	
6-9	828-835	spricht	1. Richtig[3]	1. Angemessen[3]	1. Verständlich[3]	*[3]	*[3]	*[3]	Preis/Betrieb vorhanden[3]	Sonstiges vorhanden[3]	*[3]	*[3]	Contra A[3]	Contra B[3]	Pro C[3]	_	_	Hauptteil[7]	1. Claim[15]	
6-10	836-839	ist	1. Richtig[3]	1. Angemessen[3]	1. Verständlich[3]	*[3]	*[3]	*[3]	Preis/Betrieb vorhanden[3]	Sonstiges vorhanden[3]	*[3]	*[3]	Contra A[3]	Contra B[3]	Pro C[3]	_	_	Hauptteil[7]	1. Claim[15]	
6-11	840-843	der	1. Richtig[3]	1. Angemessen[3]	1. Verständlich[3]	*[3]	*[3]	*[3]	Preis/Betrieb vorhanden[3]	Sonstiges vorhanden[3]	*[3]	*[3]	Contra A[3]	Contra B[3]	Pro C[3]	_	_	Hauptteil[7]	1. Claim[15]	
6-12	844-849	Preis	1. Richtig[3]	1. Angemessen[3]	1. Verständlich[3]	*[3]	*[3]	*[3]	Preis/Betrieb vorhanden[3]	Sonstiges vorhanden[3]	*[3]	*[3]	Contra A[3]	Contra B[3]	Pro C[3]	_	_	Hauptteil[7]	1. Claim[15]	
6-13	849-850	.	1. Richtig[3]	1. Angemessen[3]	1. Verständlich[3]	*[3]	*[3]	*[3]	Preis/Betrieb vorhanden[3]	Sonstiges vorhanden[3]	*[3]	*[3]	Contra A[3]	Contra B[3]	Pro C[3]	_	_	Hauptteil[7]	1. Claim[15]	

7-1	852-854	Im	1. Richtig[3]	1. Angemessen[3]	1. Verständlich[3]	*[3]	*[3]	*[3]	Preis/Betrieb vorhanden[3]	Sonstiges vorhanden[3]	*[3]	*[3]	Contra A[3]	Contra B[3]	Pro C[3]	_	_	Hauptteil[7]	2. Data[16]	
7-2	855-864	Gegensatz	1. Richtig[3]	1. Angemessen[3]	1. Verständlich[3]	*[3]	*[3]	*[3]	Preis/Betrieb vorhanden[3]	Sonstiges vorhanden[3]	*[3]	*[3]	Contra A[3]	Contra B[3]	Pro C[3]	_	_	Hauptteil[7]	2. Data[16]	
7-3	865-867	zu	1. Richtig[3]	1. Angemessen[3]	1. Verständlich[3]	*[3]	*[3]	*[3]	Preis/Betrieb vorhanden[3]	Sonstiges vorhanden[3]	*[3]	*[3]	Contra A[3]	Contra B[3]	Pro C[3]	_	_	Hauptteil[7]	2. Data[16]	
7-4	868-871	den	1. Richtig[3]	1. Angemessen[3]	1. Verständlich[3]	*[3]	*[3]	*[3]	Preis/Betrieb vorhanden[3]	Sonstiges vorhanden[3]	*[3]	*[3]	Contra A[3]	Contra B[3]	Pro C[3]	_	_	Hauptteil[7]	2. Data[16]	
7-5	872-890	Wasserkraftanlagen	1. Richtig[3]	1. Angemessen[3]	1. Verständlich[3]	*[3]	*[3]	*[3]	Preis/Betrieb vorhanden[3]	Sonstiges vorhanden[3]	*[3]	*[3]	Contra A[3]	Contra B[3]	Pro C[3]	_	_	Hauptteil[7]	2. Data[16]	
7-6	891-894	ist	1. Richtig[3]	1. Angemessen[3]	1. Verständlich[3]	*[3]	*[3]	*[3]	Preis/Betrieb vorhanden[3]	Sonstiges vorhanden[3]	*[3]	*[3]	Contra A[3]	Contra B[3]	Pro C[3]	_	_	Hauptteil[7]	2. Data[16]	
7-7	895-898	der	1. Richtig[3]	1. Angemessen[3]	1. Verständlich[3]	*[3]	*[3]	*[3]	Preis/Betrieb vorhanden[3]	Sonstiges vorhanden[3]	*[3]	*[3]	Contra A[3]	Contra B[3]	Pro C[3]	_	_	Hauptteil[7]	2. Data[16]	
7-8	899-904	Preis	1. Richtig[3]	1. Angemessen[3]	1. Verständlich[3]	*[3]	*[3]	*[3]	Preis/Betrieb vorhanden[3]	Sonstiges vorhanden[3]	*[3]	*[3]	Contra A[3]	Contra B[3]	Pro C[3]	_	_	Hauptteil[7]	2. Data[16]	
7-9	905-909	noch	1. Richtig[3]	1. Angemessen[3]	1. Verständlich[3]	*[3]	*[3]	*[3]	Preis/Betrieb vorhanden[3]	Sonstiges vorhanden[3]	*[3]	*[3]	Contra A[3]	Contra B[3]	Pro C[3]	_	_	Hauptteil[7]	2. Data[16]	
7-10	910-915	nicht	1. Richtig[3]	1. Angemessen[3]	1. Verständlich[3]	*[3]	*[3]	*[3]	Preis/Betrieb vorhanden[3]	Sonstiges vorhanden[3]	*[3]	*[3]	Contra A[3]	Contra B[3]	Pro C[3]	_	_	Hauptteil[7]	2. Data[16]	
7-11	916-922	einmal	1. Richtig[3]	1. Angemessen[3]	1. Verständlich[3]	*[3]	*[3]	*[3]	Preis/Betrieb vorhanden[3]	Sonstiges vorhanden[3]	*[3]	*[3]	Contra A[3]	Contra B[3]	Pro C[3]	_	_	Hauptteil[7]	2. Data[16]	
7-12	923-927	halb	1. Richtig[3]	1. Angemessen[3]	1. Verständlich[3]	*[3]	*[3]	*[3]	Preis/Betrieb vorhanden[3]	Sonstiges vorhanden[3]	*[3]	*[3]	Contra A[3]	Contra B[3]	Pro C[3]	_	_	Hauptteil[7]	2. Data[16]	
7-13	928-930	so	1. Richtig[3]	1. Angemessen[3]	1. Verständlich[3]	*[3]	*[3]	*[3]	Preis/Betrieb vorhanden[3]	Sonstiges vorhanden[3]	*[3]	*[3]	Contra A[3]	Contra B[3]	Pro C[3]	_	_	Hauptteil[7]	2. Data[16]	
7-14	931-935	hoch	1. Richtig[3]	1. Angemessen[3]	1. Verständlich[3]	*[3]	*[3]	*[3]	Preis/Betrieb vorhanden[3]	Sonstiges vorhanden[3]	*[3]	*[3]	Contra A[3]	Contra B[3]	Pro C[3]	_	_	Hauptteil[7]	2. Data[16]	
7-15	935-936	.	1. Richtig[3]	1. Angemessen[3]	1. Verständlich[3]	*[3]	*[3]	*[3]	Preis/Betrieb vorhanden[3]	Sonstiges vorhanden[3]	*[3]	*[3]	Contra A[3]	Contra B[3]	Pro C[3]	_	_	Hauptteil[7]	2. Data[16]	

8-1	938-942	Zwar	1. Richtig[3]	1. Angemessen[3]	1. Verständlich[3]	*[3]	*[3]	*[3]	Preis/Betrieb vorhanden[3]	Sonstiges vorhanden[3]	*[3]	*[3]	Contra A[3]	Contra B[3]	Pro C[3]	_	_	Hauptteil[7]	2. Data[17]	
8-2	943-946	ist	1. Richtig[3]	1. Angemessen[3]	1. Verständlich[3]	*[3]	*[3]	*[3]	Preis/Betrieb vorhanden[3]	Sonstiges vorhanden[3]	*[3]	*[3]	Contra A[3]	Contra B[3]	Pro C[3]	_	_	Hauptteil[7]	2. Data[17]	
8-3	947-949	er	1. Richtig[3]	1. Angemessen[3]	1. Verständlich[3]	*[3]	*[3]	*[3]	Preis/Betrieb vorhanden[3]	Sonstiges vorhanden[3]	*[3]	*[3]	Contra A[3]	Contra B[3]	Pro C[3]	_	_	Hauptteil[7]	2. Data[17]	
8-4	950-954	mehr	1. Richtig[3]	1. Angemessen[3]	1. Verständlich[3]	*[3]	*[3]	*[3]	Preis/Betrieb vorhanden[3]	Sonstiges vorhanden[3]	*[3]	*[3]	Contra A[3]	Contra B[3]	Pro C[3]	_	_	Hauptteil[7]	2. Data[17]	
8-5	955-958	als	1. Richtig[3]	1. Angemessen[3]	1. Verständlich[3]	*[3]	*[3]	*[3]	Preis/Betrieb vorhanden[3]	Sonstiges vorhanden[3]	*[3]	*[3]	Contra A[3]	Contra B[3]	Pro C[3]	_	_	Hauptteil[7]	2. Data[17]	
8-6	959-966	doppelt	1. Richtig[3]	1. Angemessen[3]	1. Verständlich[3]	*[3]	*[3]	*[3]	Preis/Betrieb vorhanden[3]	Sonstiges vorhanden[3]	*[3]	*[3]	Contra A[3]	Contra B[3]	Pro C[3]	_	_	Hauptteil[7]	2. Data[17]	
8-7	967-969	so	1. Richtig[3]	1. Angemessen[3]	1. Verständlich[3]	*[3]	*[3]	*[3]	Preis/Betrieb vorhanden[3]	Sonstiges vorhanden[3]	*[3]	*[3]	Contra A[3]	Contra B[3]	Pro C[3]	_	_	Hauptteil[7]	2. Data[17]	
8-8	970-974	hoch	1. Richtig[3]	1. Angemessen[3]	1. Verständlich[3]	*[3]	*[3]	*[3]	Preis/Betrieb vorhanden[3]	Sonstiges vorhanden[3]	*[3]	*[3]	Contra A[3]	Contra B[3]	Pro C[3]	_	_	Hauptteil[7]	2. Data[17]	
8-9	975-978	wie	1. Richtig[3]	1. Angemessen[3]	1. Verständlich[3]	*[3]	*[3]	*[3]	Preis/Betrieb vorhanden[3]	Sonstiges vorhanden[3]	*[3]	*[3]	Contra A[3]	Contra B[3]	Pro C[3]	_	_	Hauptteil[7]	2. Data[17]	
8-10	979-982	der	1. Richtig[3]	1. Angemessen[3]	1. Verständlich[3]	*[3]	*[3]	*[3]	Preis/Betrieb vorhanden[3]	Sonstiges vorhanden[3]	*[3]	*[3]	Contra A[3]	Contra B[3]	Pro C[3]	_	_	Hauptteil[7]	2. Data[17]	
8-11	983-988	Preis	1. Richtig[3]	1. Angemessen[3]	1. Verständlich[3]	*[3]	*[3]	*[3]	Preis/Betrieb vorhanden[3]	Sonstiges vorhanden[3]	*[3]	*[3]	Contra A[3]	Contra B[3]	Pro C[3]	_	_	Hauptteil[7]	2. Data[17]	
8-12	989-992	für	1. Richtig[3]	1. Angemessen[3]	1. Verständlich[3]	*[3]	*[3]	*[3]	Preis/Betrieb vorhanden[3]	Sonstiges vorhanden[3]	*[3]	*[3]	Contra A[3]	Contra B[3]	Pro C[3]	_	_	Hauptteil[7]	2. Data[17]	
8-13	993-998	einen	1. Richtig[3]	1. Angemessen[3]	1. Verständlich[3]	*[3]	*[3]	*[3]	Preis/Betrieb vorhanden[3]	Sonstiges vorhanden[3]	*[3]	*[3]	Contra A[3]	Contra B[3]	Pro C[3]	_	_	Hauptteil[7]	2. Data[17]	
8-14	999-1008	Solarpark	1. Richtig[3]	1. Angemessen[3]	1. Verständlich[3]	*[3]	*[3]	*[3]	Preis/Betrieb vorhanden[3]	Sonstiges vorhanden[3]	*[3]	*[3]	Contra A[3]	Contra B[3]	Pro C[3]	_	_	Hauptteil[7]	2. Data[17]	
8-15	1008-1009	,	1. Richtig[3]	1. Angemessen[3]	1. Verständlich[3]	*[3]	*[3]	*[3]	Preis/Betrieb vorhanden[3]	Sonstiges vorhanden[3]	*[3]	*[3]	Contra A[3]	Contra B[3]	Pro C[3]	_	_	Hauptteil[7]	2. Data[17]	
8-16	1010-1016	jedoch	1. Richtig[3]	1. Angemessen[3]	1. Verständlich[3]	*[3]	*[3]	*[3]	Preis/Betrieb vorhanden[3]	Sonstiges vorhanden[3]	*[3]	*[3]	Contra A[3]	Contra B[3]	Pro C[3]	_	_	Hauptteil[7]	4. Rebuttal[18]	
8-17	1017-1020	ist	1. Richtig[3]	1. Angemessen[3]	1. Verständlich[3]	*[3]	*[3]	*[3]	Preis/Betrieb vorhanden[3]	Sonstiges vorhanden[3]	*[3]	*[3]	Contra A[3]	Contra B[3]	Pro C[3]	_	_	Hauptteil[7]	4. Rebuttal[18]	
8-18	1021-1024	ein	1. Richtig[3]	1. Angemessen[3]	1. Verständlich[3]	*[3]	*[3]	*[3]	Preis/Betrieb vorhanden[3]	Sonstiges vorhanden[3]	*[3]	*[3]	Contra A[3]	Contra B[3]	Pro C[3]	_	_	Hauptteil[7]	4. Rebuttal[18]	
8-19	1025-1033	Windpark	1. Richtig[3]	1. Angemessen[3]	1. Verständlich[3]	*[3]	*[3]	*[3]	Preis/Betrieb vorhanden[3]	Sonstiges vorhanden[3]	*[3]	*[3]	Contra A[3]	Contra B[3]	Pro C[3]	_	_	Hauptteil[7]	4. Rebuttal[18]	
8-20	1034-1044	effektiver	1. Richtig[3]	1. Angemessen[3]	1. Verständlich[3]	*[3]	*[3]	*[3]	Preis/Betrieb vorhanden[3]	Sonstiges vorhanden[3]	*[3]	*[3]	Contra A[3]	Contra B[3]	Pro C[3]	_	_	Hauptteil[7]	4. Rebuttal[18]	
8-21	1044-1045	,	1. Richtig[3]	1. Angemessen[3]	1. Verständlich[3]	*[3]	*[3]	*[3]	Preis/Betrieb vorhanden[3]	Sonstiges vorhanden[3]	*[3]	*[3]	Contra A[3]	Contra B[3]	Pro C[3]	_	_	Hauptteil[7]	4. Rebuttal[18]	
8-22	1046-1049	wie	1. Richtig[3]	1. Angemessen[3]	1. Verständlich[3]	*[3]	*[3]	*[3]	Preis/Betrieb vorhanden[3]	Sonstiges vorhanden[3]	*[3]	*[3]	Contra A[3]	Contra B[3]	Pro C[3]	_	_	Hauptteil[7]	1. Claim[19]	
8-23	1050-1053	die	1. Richtig[3]	1. Angemessen[3]	1. Verständlich[3]	*[3]	*[3]	*[3]	Preis/Betrieb vorhanden[3]	Sonstiges vorhanden[3]	*[3]	*[3]	Contra A[3]	Contra B[3]	Pro C[3]	_	_	Hauptteil[7]	1. Claim[19]	
8-24	1054-1061	bereits	1. Richtig[3]	1. Angemessen[3]	1. Verständlich[3]	*[3]	*[3]	*[3]	Preis/Betrieb vorhanden[3]	Sonstiges vorhanden[3]	*[3]	*[3]	Contra A[3]	Contra B[3]	Pro C[3]	_	_	Hauptteil[7]	1. Claim[19]	
8-25	1062-1071	genannten	1. Richtig[3]	1. Angemessen[3]	1. Verständlich[3]	*[3]	*[3]	*[3]	Preis/Betrieb vorhanden[3]	Sonstiges vorhanden[3]	*[3]	*[3]	Contra A[3]	Contra B[3]	Pro C[3]	_	_	Hauptteil[7]	1. Claim[19]	
8-26	1072-1081	Argumente	1. Richtig[3]	1. Angemessen[3]	1. Verständlich[3]	*[3]	*[3]	*[3]	Preis/Betrieb vorhanden[3]	Sonstiges vorhanden[3]	*[3]	*[3]	Contra A[3]	Contra B[3]	Pro C[3]	_	_	Hauptteil[7]	1. Claim[19]	
8-27	1082-1088	zeigen	1. Richtig[3]	1. Angemessen[3]	1. Verständlich[3]	*[3]	*[3]	*[3]	Preis/Betrieb vorhanden[3]	Sonstiges vorhanden[3]	*[3]	*[3]	Contra A[3]	Contra B[3]	Pro C[3]	_	_	Hauptteil[7]	1. Claim[19]	
8-28	1088-1089	.	1. Richtig[3]	1. Angemessen[3]	1. Verständlich[3]	*[3]	*[3]	*[3]	Preis/Betrieb vorhanden[3]	Sonstiges vorhanden[3]	*[3]	*[3]	Contra A[3]	Contra B[3]	Pro C[3]	_	_	Hauptteil[7]	1. Claim[19]	

9-1	1091-1097	Dieser	1. Richtig[3]	1. Angemessen[3]	1. Verständlich[3]	*[3]	*[3]	*[3]	Preis/Betrieb vorhanden[3]	Sonstiges vorhanden[3]	*[3]	*[3]	Contra A[3]	Contra B[3]	Pro C[3]	_	_	Hauptteil[7]	1. Claim[20]	
9-2	1098-1103	Preis	1. Richtig[3]	1. Angemessen[3]	1. Verständlich[3]	*[3]	*[3]	*[3]	Preis/Betrieb vorhanden[3]	Sonstiges vorhanden[3]	*[3]	*[3]	Contra A[3]	Contra B[3]	Pro C[3]	_	_	Hauptteil[7]	1. Claim[20]	
9-3	1104-1109	macht	1. Richtig[3]	1. Angemessen[3]	1. Verständlich[3]	*[3]	*[3]	*[3]	Preis/Betrieb vorhanden[3]	Sonstiges vorhanden[3]	*[3]	*[3]	Contra A[3]	Contra B[3]	Pro C[3]	_	_	Hauptteil[7]	1. Claim[20]	
9-4	1110-1113	die	1. Richtig[3]	1. Angemessen[3]	1. Verständlich[3]	*[3]	*[3]	*[3]	Preis/Betrieb vorhanden[3]	Sonstiges vorhanden[3]	*[3]	*[3]	Contra A[3]	Contra B[3]	Pro C[3]	_	_	Hauptteil[7]	1. Claim[20]	
9-5	1114-1123	Umsetzung	1. Richtig[3]	1. Angemessen[3]	1. Verständlich[3]	*[3]	*[3]	*[3]	Preis/Betrieb vorhanden[3]	Sonstiges vorhanden[3]	*[3]	*[3]	Contra A[3]	Contra B[3]	Pro C[3]	_	_	Hauptteil[7]	1. Claim[20]	
9-6	1124-1127	des	1. Richtig[3]	1. Angemessen[3]	1. Verständlich[3]	*[3]	*[3]	*[3]	Preis/Betrieb vorhanden[3]	Sonstiges vorhanden[3]	*[3]	*[3]	Contra A[3]	Contra B[3]	Pro C[3]	_	_	Hauptteil[7]	1. Claim[20]	
9-7	1128-1136	Wechsels	1. Richtig[3]	1. Angemessen[3]	1. Verständlich[3]	*[3]	*[3]	*[3]	Preis/Betrieb vorhanden[3]	Sonstiges vorhanden[3]	*[3]	*[3]	Contra A[3]	Contra B[3]	Pro C[3]	_	_	Hauptteil[7]	1. Claim[20]	
9-8	1137-1140	von	1. Richtig[3]	1. Angemessen[3]	1. Verständlich[3]	*[3]	*[3]	*[3]	Preis/Betrieb vorhanden[3]	Sonstiges vorhanden[3]	*[3]	*[3]	Contra A[3]	Contra B[3]	Pro C[3]	_	_	Hauptteil[7]	1. Claim[20]	
9-9	1141-1149	Fossilen	1. Richtig[3]	1. Angemessen[3]	1. Verständlich[3]	*[3]	*[3]	*[3]	Preis/Betrieb vorhanden[3]	Sonstiges vorhanden[3]	*[3]	*[3]	Contra A[3]	Contra B[3]	Pro C[3]	_	_	Hauptteil[7]	1. Claim[20]	
9-10	1150-1158	Energien	1. Richtig[3]	1. Angemessen[3]	1. Verständlich[3]	*[3]	*[3]	*[3]	Preis/Betrieb vorhanden[3]	Sonstiges vorhanden[3]	*[3]	*[3]	Contra A[3]	Contra B[3]	Pro C[3]	_	_	Hauptteil[7]	1. Claim[20]	
9-11	1159-1161	zu	1. Richtig[3]	1. Angemessen[3]	1. Verständlich[3]	*[3]	*[3]	*[3]	Preis/Betrieb vorhanden[3]	Sonstiges vorhanden[3]	*[3]	*[3]	Contra A[3]	Contra B[3]	Pro C[3]	_	_	Hauptteil[7]	1. Claim[20]	
9-12	1162-1171	Windkraft	1. Richtig[3]	1. Angemessen[3]	1. Verständlich[3]	*[3]	*[3]	*[3]	Preis/Betrieb vorhanden[3]	Sonstiges vorhanden[3]	*[3]	*[3]	Contra A[3]	Contra B[3]	Pro C[3]	_	_	Hauptteil[7]	1. Claim[20]	
9-13	1172-1179	möglich	1. Richtig[3]	1. Angemessen[3]	1. Verständlich[3]	*[3]	*[3]	*[3]	Preis/Betrieb vorhanden[3]	Sonstiges vorhanden[3]	*[3]	*[3]	Contra A[3]	Contra B[3]	Pro C[3]	_	_	Hauptteil[7]	1. Claim[20]	
9-14	1179-1180	,	1. Richtig[3]	1. Angemessen[3]	1. Verständlich[3]	*[3]	*[3]	*[3]	Preis/Betrieb vorhanden[3]	Sonstiges vorhanden[3]	*[3]	*[3]	Contra A[3]	Contra B[3]	Pro C[3]	_	_	Hauptteil[7]	1. Claim[20]	
9-15	1181-1184	was	1. Richtig[3]	1. Angemessen[3]	1. Verständlich[3]	*[3]	*[3]	*[3]	Preis/Betrieb vorhanden[3]	Sonstiges vorhanden[3]	*[3]	*[3]	Contra A[3]	Contra B[3]	Pro C[3]	_	_	Hauptteil[7]	1. Claim[20]	
9-16	1185-1194	ebenfalls	1. Richtig[3]	1. Angemessen[3]	1. Verständlich[3]	*[3]	*[3]	*[3]	Preis/Betrieb vorhanden[3]	Sonstiges vorhanden[3]	*[3]	*[3]	Contra A[3]	Contra B[3]	Pro C[3]	_	_	Hauptteil[7]	1. Claim[20]	
9-17	1195-1198	ein	1. Richtig[3]	1. Angemessen[3]	1. Verständlich[3]	*[3]	*[3]	*[3]	Preis/Betrieb vorhanden[3]	Sonstiges vorhanden[3]	*[3]	*[3]	Contra A[3]	Contra B[3]	Pro C[3]	_	_	Hauptteil[7]	1. Claim[20]	
9-18	1199-1203	sehr	1. Richtig[3]	1. Angemessen[3]	1. Verständlich[3]	*[3]	*[3]	*[3]	Preis/Betrieb vorhanden[3]	Sonstiges vorhanden[3]	*[3]	*[3]	Contra A[3]	Contra B[3]	Pro C[3]	_	_	Hauptteil[7]	1. Claim[20]	
9-19	1204-1210	großer	1. Richtig[3]	1. Angemessen[3]	1. Verständlich[3]	*[3]	*[3]	*[3]	Preis/Betrieb vorhanden[3]	Sonstiges vorhanden[3]	*[3]	*[3]	Contra A[3]	Contra B[3]	Pro C[3]	_	_	Hauptteil[7]	1. Claim[20]	
9-20	1211-1214	und	1. Richtig[3]	1. Angemessen[3]	1. Verständlich[3]	*[3]	*[3]	*[3]	Preis/Betrieb vorhanden[3]	Sonstiges vorhanden[3]	*[3]	*[3]	Contra A[3]	Contra B[3]	Pro C[3]	_	_	Hauptteil[7]	1. Claim[20]	
9-21	1215-1224	wichtiger	1. Richtig[3]	1. Angemessen[3]	1. Verständlich[3]	*[3]	*[3]	*[3]	Preis/Betrieb vorhanden[3]	Sonstiges vorhanden[3]	*[3]	*[3]	Contra A[3]	Contra B[3]	Pro C[3]	_	_	Hauptteil[7]	1. Claim[20]	
9-22	1225-1231	Aspekt	1. Richtig[3]	1. Angemessen[3]	1. Verständlich[3]	*[3]	*[3]	*[3]	Preis/Betrieb vorhanden[3]	Sonstiges vorhanden[3]	*[3]	*[3]	Contra A[3]	Contra B[3]	Pro C[3]	_	_	Hauptteil[7]	1. Claim[20]	
9-23	1232-1235	ist	1. Richtig[3]	1. Angemessen[3]	1. Verständlich[3]	*[3]	*[3]	*[3]	Preis/Betrieb vorhanden[3]	Sonstiges vorhanden[3]	*[3]	*[3]	Contra A[3]	Contra B[3]	Pro C[3]	_	_	Hauptteil[7]	1. Claim[20]	
9-24	1235-1236	.	1. Richtig[3]	1. Angemessen[3]	1. Verständlich[3]	*[3]	*[3]	*[3]	Preis/Betrieb vorhanden[3]	Sonstiges vorhanden[3]	*[3]	*[3]	Contra A[3]	Contra B[3]	Pro C[3]	_	_	Hauptteil[7]	1. Claim[20]	

10-1	1238-1247	Insgesamt	_	_	_	_	_	_	_	_	_	_	_	_	_	1. Trade-off[5]	Gesamtthese[5]	Schluss[8]	_	
10-2	1248-1252	gibt	_	_	_	_	_	_	_	_	_	_	_	_	_	1. Trade-off[5]	Gesamtthese[5]	Schluss[8]	_	
10-3	1253-1255	es	_	_	_	_	_	_	_	_	_	_	_	_	_	1. Trade-off[5]	Gesamtthese[5]	Schluss[8]	_	
10-4	1256-1265	natürlich	_	_	_	_	_	_	_	_	_	_	_	_	_	1. Trade-off[5]	Gesamtthese[5]	Schluss[8]	_	
10-5	1266-1272	Punkte	_	_	_	_	_	_	_	_	_	_	_	_	_	1. Trade-off[5]	Gesamtthese[5]	Schluss[8]	_	
10-6	1272-1273	,	_	_	_	_	_	_	_	_	_	_	_	_	_	1. Trade-off[5]	Gesamtthese[5]	Schluss[8]	_	
10-7	1274-1277	die	_	_	_	_	_	_	_	_	_	_	_	_	_	1. Trade-off[5]	Gesamtthese[5]	Schluss[8]	_	
10-8	1278-1281	für	_	_	_	_	_	_	_	_	_	_	_	_	_	1. Trade-off[5]	Gesamtthese[5]	Schluss[8]	_	
10-9	1282-1286	eine	_	_	_	_	_	_	_	_	_	_	_	_	_	1. Trade-off[5]	Gesamtthese[5]	Schluss[8]	_	
10-10	1287-1293	andere	_	_	_	_	_	_	_	_	_	_	_	_	_	1. Trade-off[5]	Gesamtthese[5]	Schluss[8]	_	
10-11	1294-1305	Energieform	_	_	_	_	_	_	_	_	_	_	_	_	_	1. Trade-off[5]	Gesamtthese[5]	Schluss[8]	_	
10-12	1306-1314	sprechen	_	_	_	_	_	_	_	_	_	_	_	_	_	1. Trade-off[5]	Gesamtthese[5]	Schluss[8]	_	
10-13	1314-1315	,	_	_	_	_	_	_	_	_	_	_	_	_	_	1. Trade-off[5]	Gesamtthese[5]	Schluss[8]	_	
10-14	1316-1322	jedoch	_	_	_	_	_	_	_	_	_	_	_	_	_	1. Trade-off[5]	Gesamtthese[5]	Schluss[8]	_	
10-15	1323-1328	denke	_	_	_	_	_	_	_	_	_	_	_	_	_	1. Trade-off[5]	Gesamtthese[5]	Schluss[8]	_	
10-16	1329-1332	ich	_	_	_	_	_	_	_	_	_	_	_	_	_	1. Trade-off[5]	Gesamtthese[5]	Schluss[8]	_	
10-17	1332-1333	,	_	_	_	_	_	_	_	_	_	_	_	_	_	1. Trade-off[5]	Gesamtthese[5]	Schluss[8]	_	
10-18	1334-1338	dass	_	_	_	_	_	_	_	_	_	_	_	_	_	1. Trade-off[5]	Gesamtthese[5]	Schluss[8]	_	
10-19	1339-1348	Windparks	_	_	_	_	_	_	_	_	_	_	_	_	_	1. Trade-off[5]	Gesamtthese[5]	Schluss[8]	_	
10-20	1349-1355	gerade	_	_	_	_	_	_	_	_	_	_	_	_	_	1. Trade-off[5]	Gesamtthese[5]	Schluss[8]	_	
10-21	1356-1361	wegen	_	_	_	_	_	_	_	_	_	_	_	_	_	1. Trade-off[5]	Gesamtthese[5]	Schluss[8]	_	
10-22	1362-1365	der	_	_	_	_	_	_	_	_	_	_	_	_	_	1. Trade-off[5]	Gesamtthese[5]	Schluss[8]	_	
10-23	1366-1369	mit	_	_	_	_	_	_	_	_	_	_	_	_	_	1. Trade-off[5]	Gesamtthese[5]	Schluss[8]	_	
10-24	1370-1372	am	_	_	_	_	_	_	_	_	_	_	_	_	_	1. Trade-off[5]	Gesamtthese[5]	Schluss[8]	_	
10-25	1373-1384	wichtigsten	_	_	_	_	_	_	_	_	_	_	_	_	_	1. Trade-off[5]	Gesamtthese[5]	Schluss[8]	_	
10-26	1385-1392	Aspekte	_	_	_	_	_	_	_	_	_	_	_	_	_	1. Trade-off[5]	Gesamtthese[5]	Schluss[8]	_	
10-27	1393-1396	des	_	_	_	_	_	_	_	_	_	_	_	_	_	1. Trade-off[5]	Gesamtthese[5]	Schluss[8]	_	
10-28	1397-1404	Ertrags	_	_	_	_	_	_	_	_	_	_	_	_	_	1. Trade-off[5]	Gesamtthese[5]	Schluss[8]	_	
10-29	1405-1408	und	_	_	_	_	_	_	_	_	_	_	_	_	_	1. Trade-off[5]	Gesamtthese[5]	Schluss[8]	_	
10-30	1409-1412	Der	_	_	_	_	_	_	_	_	_	_	_	_	_	1. Trade-off[5]	Gesamtthese[5]	Schluss[8]	_	
10-31	1413-1421	Emission	_	_	_	_	_	_	_	_	_	_	_	_	_	1. Trade-off[5]	Gesamtthese[5]	Schluss[8]	_	
10-32	1422-1424	im	_	_	_	_	_	_	_	_	_	_	_	_	_	1. Trade-off[5]	Gesamtthese[5]	Schluss[8]	_	
10-33	1425-1431	großen	_	_	_	_	_	_	_	_	_	_	_	_	_	1. Trade-off[5]	Gesamtthese[5]	Schluss[8]	_	
10-34	1432-1435	und	_	_	_	_	_	_	_	_	_	_	_	_	_	1. Trade-off[5]	Gesamtthese[5]	Schluss[8]	_	
10-35	1436-1442	ganzen	_	_	_	_	_	_	_	_	_	_	_	_	_	1. Trade-off[5]	Gesamtthese[5]	Schluss[8]	_	
10-36	1443-1446	die	_	_	_	_	_	_	_	_	_	_	_	_	_	1. Trade-off[5]	Gesamtthese[5]	Schluss[8]	_	
10-37	1447-1452	beste	_	_	_	_	_	_	_	_	_	_	_	_	_	1. Trade-off[5]	Gesamtthese[5]	Schluss[8]	_	
10-38	1453-1464	Alternative	_	_	_	_	_	_	_	_	_	_	_	_	_	1. Trade-off[5]	Gesamtthese[5]	Schluss[8]	_	
10-39	1465-1469	sind	_	_	_	_	_	_	_	_	_	_	_	_	_	1. Trade-off[5]	Gesamtthese[5]	Schluss[8]	_	
10-40	1469-1470	.	_	_	_	_	_	_	_	_	_	_	_	_	_	1. Trade-off[5]	Gesamtthese[5]	Schluss[8]	_	
