#FORMAT=WebAnno TSV 3.3
#T_SP=webanno.custom.Argument|Accuracy|Adequacy|Clarity|KriteriumJahresertragEnergiedichte|KriteriumLebensdauerVerfgbarkeit|KriteriumLokaleEmissionenGeruschemissionen|KriteriumPreisBetrieb|KriteriumSonstiges|KriteriumTreibhausgasemissionen|KriteriumWirkungsgrad|OptionA|OptionB|OptionC
#T_SP=webanno.custom.Struktur|Struktur
#T_SP=webanno.custom.StrukturTAP|TAPArgumente


1-1	0-2	Im	_	_	_	_	_	_	_	_	_	_	_	_	_	Einleitung[5]	_	
1-2	3-12	folgenden	_	_	_	_	_	_	_	_	_	_	_	_	_	Einleitung[5]	_	
1-3	13-17	Text	_	_	_	_	_	_	_	_	_	_	_	_	_	Einleitung[5]	_	
1-4	18-23	werde	_	_	_	_	_	_	_	_	_	_	_	_	_	Einleitung[5]	_	
1-5	24-27	ich	_	_	_	_	_	_	_	_	_	_	_	_	_	Einleitung[5]	_	
1-6	28-34	anhand	_	_	_	_	_	_	_	_	_	_	_	_	_	Einleitung[5]	_	
1-7	35-38	der	_	_	_	_	_	_	_	_	_	_	_	_	_	Einleitung[5]	_	
1-8	39-57	Kriterienübersicht	_	_	_	_	_	_	_	_	_	_	_	_	_	Einleitung[5]	_	
1-9	58-66	Stellung	_	_	_	_	_	_	_	_	_	_	_	_	_	Einleitung[5]	_	
1-10	67-69	zu	_	_	_	_	_	_	_	_	_	_	_	_	_	Einleitung[5]	_	
1-11	70-73	den	_	_	_	_	_	_	_	_	_	_	_	_	_	Einleitung[5]	_	
1-12	74-83	genannten	_	_	_	_	_	_	_	_	_	_	_	_	_	Einleitung[5]	_	
1-13	84-98	Energieträgern	_	_	_	_	_	_	_	_	_	_	_	_	_	Einleitung[5]	_	
1-14	99-102	vor	_	_	_	_	_	_	_	_	_	_	_	_	_	Einleitung[5]	_	
1-15	103-106	dem	_	_	_	_	_	_	_	_	_	_	_	_	_	Einleitung[5]	_	
1-16	107-118	Hintergrund	_	_	_	_	_	_	_	_	_	_	_	_	_	Einleitung[5]	_	
1-17	119-122	des	_	_	_	_	_	_	_	_	_	_	_	_	_	Einleitung[5]	_	
1-18	123-135	Klimawandels	_	_	_	_	_	_	_	_	_	_	_	_	_	Einleitung[5]	_	
1-19	136-142	nehmen	_	_	_	_	_	_	_	_	_	_	_	_	_	Einleitung[5]	_	
1-20	142-143	.	_	_	_	_	_	_	_	_	_	_	_	_	_	Einleitung[5]	_	

2-1	145-148	Bei	2. Falsch[1]	1. Angemessen[1]	1. Verständlich[1]	Jahresertrag/Energiedichte Vorhanden[1]	*[1]	*[1]	*[1]	*[1]	*[1]	*[1]	Pro A[1]	Contra B[1]	Contra C[1]	Hauptteil[6]	5. Nicht zutreffend[7]	
2-2	149-152	dem	2. Falsch[1]	1. Angemessen[1]	1. Verständlich[1]	Jahresertrag/Energiedichte Vorhanden[1]	*[1]	*[1]	*[1]	*[1]	*[1]	*[1]	Pro A[1]	Contra B[1]	Contra C[1]	Hauptteil[6]	5. Nicht zutreffend[7]	
2-3	153-159	ersten	2. Falsch[1]	1. Angemessen[1]	1. Verständlich[1]	Jahresertrag/Energiedichte Vorhanden[1]	*[1]	*[1]	*[1]	*[1]	*[1]	*[1]	Pro A[1]	Contra B[1]	Contra C[1]	Hauptteil[6]	5. Nicht zutreffend[7]	
2-4	160-169	Kriterium	2. Falsch[1]	1. Angemessen[1]	1. Verständlich[1]	Jahresertrag/Energiedichte Vorhanden[1]	*[1]	*[1]	*[1]	*[1]	*[1]	*[1]	Pro A[1]	Contra B[1]	Contra C[1]	Hauptteil[6]	5. Nicht zutreffend[7]	
2-5	169-170	,	2. Falsch[1]	1. Angemessen[1]	1. Verständlich[1]	Jahresertrag/Energiedichte Vorhanden[1]	*[1]	*[1]	*[1]	*[1]	*[1]	*[1]	Pro A[1]	Contra B[1]	Contra C[1]	Hauptteil[6]	5. Nicht zutreffend[7]	
2-6	171-174	der	2. Falsch[1]	1. Angemessen[1]	1. Verständlich[1]	Jahresertrag/Energiedichte Vorhanden[1]	*[1]	*[1]	*[1]	*[1]	*[1]	*[1]	Pro A[1]	Contra B[1]	Contra C[1]	Hauptteil[6]	5. Nicht zutreffend[7]	
2-7	175-189	massenbezogene	2. Falsch[1]	1. Angemessen[1]	1. Verständlich[1]	Jahresertrag/Energiedichte Vorhanden[1]	*[1]	*[1]	*[1]	*[1]	*[1]	*[1]	Pro A[1]	Contra B[1]	Contra C[1]	Hauptteil[6]	5. Nicht zutreffend[7]	
2-8	190-203	Energiedichte	2. Falsch[1]	1. Angemessen[1]	1. Verständlich[1]	Jahresertrag/Energiedichte Vorhanden[1]	*[1]	*[1]	*[1]	*[1]	*[1]	*[1]	Pro A[1]	Contra B[1]	Contra C[1]	Hauptteil[6]	5. Nicht zutreffend[7]	
2-9	203-204	,	2. Falsch[1]	1. Angemessen[1]	1. Verständlich[1]	Jahresertrag/Energiedichte Vorhanden[1]	*[1]	*[1]	*[1]	*[1]	*[1]	*[1]	Pro A[1]	Contra B[1]	Contra C[1]	Hauptteil[6]	5. Nicht zutreffend[7]	
2-10	205-208	ist	2. Falsch[1]	1. Angemessen[1]	1. Verständlich[1]	Jahresertrag/Energiedichte Vorhanden[1]	*[1]	*[1]	*[1]	*[1]	*[1]	*[1]	Pro A[1]	Contra B[1]	Contra C[1]	Hauptteil[6]	5. Nicht zutreffend[7]	
2-11	209-211	es	2. Falsch[1]	1. Angemessen[1]	1. Verständlich[1]	Jahresertrag/Energiedichte Vorhanden[1]	*[1]	*[1]	*[1]	*[1]	*[1]	*[1]	Pro A[1]	Contra B[1]	Contra C[1]	Hauptteil[6]	5. Nicht zutreffend[7]	
2-12	212-214	so	2. Falsch[1]	1. Angemessen[1]	1. Verständlich[1]	Jahresertrag/Energiedichte Vorhanden[1]	*[1]	*[1]	*[1]	*[1]	*[1]	*[1]	Pro A[1]	Contra B[1]	Contra C[1]	Hauptteil[6]	5. Nicht zutreffend[7]	
2-13	214-215	,	2. Falsch[1]	1. Angemessen[1]	1. Verständlich[1]	Jahresertrag/Energiedichte Vorhanden[1]	*[1]	*[1]	*[1]	*[1]	*[1]	*[1]	Pro A[1]	Contra B[1]	Contra C[1]	Hauptteil[6]	5. Nicht zutreffend[7]	
2-14	216-220	dass	2. Falsch[1]	1. Angemessen[1]	1. Verständlich[1]	Jahresertrag/Energiedichte Vorhanden[1]	*[1]	*[1]	*[1]	*[1]	*[1]	*[1]	Pro A[1]	Contra B[1]	Contra C[1]	Hauptteil[6]	1. Claim[8]	
2-15	221-224	bei	2. Falsch[1]	1. Angemessen[1]	1. Verständlich[1]	Jahresertrag/Energiedichte Vorhanden[1]	*[1]	*[1]	*[1]	*[1]	*[1]	*[1]	Pro A[1]	Contra B[1]	Contra C[1]	Hauptteil[6]	1. Claim[8]	
2-16	225-236	Wasserstoff	2. Falsch[1]	1. Angemessen[1]	1. Verständlich[1]	Jahresertrag/Energiedichte Vorhanden[1]	*[1]	*[1]	*[1]	*[1]	*[1]	*[1]	Pro A[1]	Contra B[1]	Contra C[1]	Hauptteil[6]	1. Claim[8]	
2-17	237-240	die	2. Falsch[1]	1. Angemessen[1]	1. Verständlich[1]	Jahresertrag/Energiedichte Vorhanden[1]	*[1]	*[1]	*[1]	*[1]	*[1]	*[1]	Pro A[1]	Contra B[1]	Contra C[1]	Hauptteil[6]	1. Claim[8]	
2-18	241-247	meiste	2. Falsch[1]	1. Angemessen[1]	1. Verständlich[1]	Jahresertrag/Energiedichte Vorhanden[1]	*[1]	*[1]	*[1]	*[1]	*[1]	*[1]	Pro A[1]	Contra B[1]	Contra C[1]	Hauptteil[6]	1. Claim[8]	
2-19	248-254	Enegie	2. Falsch[1]	1. Angemessen[1]	1. Verständlich[1]	Jahresertrag/Energiedichte Vorhanden[1]	*[1]	*[1]	*[1]	*[1]	*[1]	*[1]	Pro A[1]	Contra B[1]	Contra C[1]	Hauptteil[6]	1. Claim[8]	
2-20	255-258	bei	2. Falsch[1]	1. Angemessen[1]	1. Verständlich[1]	Jahresertrag/Energiedichte Vorhanden[1]	*[1]	*[1]	*[1]	*[1]	*[1]	*[1]	Pro A[1]	Contra B[1]	Contra C[1]	Hauptteil[6]	1. Claim[8]	
2-21	259-267	gleicher	2. Falsch[1]	1. Angemessen[1]	1. Verständlich[1]	Jahresertrag/Energiedichte Vorhanden[1]	*[1]	*[1]	*[1]	*[1]	*[1]	*[1]	Pro A[1]	Contra B[1]	Contra C[1]	Hauptteil[6]	1. Claim[8]	
2-22	268-273	Masse	2. Falsch[1]	1. Angemessen[1]	1. Verständlich[1]	Jahresertrag/Energiedichte Vorhanden[1]	*[1]	*[1]	*[1]	*[1]	*[1]	*[1]	Pro A[1]	Contra B[1]	Contra C[1]	Hauptteil[6]	1. Claim[8]	
2-23	274-281	gespart	2. Falsch[1]	1. Angemessen[1]	1. Verständlich[1]	Jahresertrag/Energiedichte Vorhanden[1]	*[1]	*[1]	*[1]	*[1]	*[1]	*[1]	Pro A[1]	Contra B[1]	Contra C[1]	Hauptteil[6]	1. Claim[8]	
2-24	282-288	werden	2. Falsch[1]	1. Angemessen[1]	1. Verständlich[1]	Jahresertrag/Energiedichte Vorhanden[1]	*[1]	*[1]	*[1]	*[1]	*[1]	*[1]	Pro A[1]	Contra B[1]	Contra C[1]	Hauptteil[6]	1. Claim[8]	
2-25	289-293	kann	2. Falsch[1]	1. Angemessen[1]	1. Verständlich[1]	Jahresertrag/Energiedichte Vorhanden[1]	*[1]	*[1]	*[1]	*[1]	*[1]	*[1]	Pro A[1]	Contra B[1]	Contra C[1]	Hauptteil[6]	1. Claim[8]	
2-26	293-294	,	2. Falsch[1]	1. Angemessen[1]	1. Verständlich[1]	Jahresertrag/Energiedichte Vorhanden[1]	*[1]	*[1]	*[1]	*[1]	*[1]	*[1]	Pro A[1]	Contra B[1]	Contra C[1]	Hauptteil[6]	1. Claim[8]	
2-27	295-299	also	2. Falsch[1]	1. Angemessen[1]	1. Verständlich[1]	Jahresertrag/Energiedichte Vorhanden[1]	*[1]	*[1]	*[1]	*[1]	*[1]	*[1]	Pro A[1]	Contra B[1]	Contra C[1]	Hauptteil[6]	1. Claim[8]	
2-28	300-303	120	2. Falsch[1]	1. Angemessen[1]	1. Verständlich[1]	Jahresertrag/Energiedichte Vorhanden[1]	*[1]	*[1]	*[1]	*[1]	*[1]	*[1]	Pro A[1]	Contra B[1]	Contra C[1]	Hauptteil[6]	1. Claim[8]	
2-29	304-306	MJ	2. Falsch[1]	1. Angemessen[1]	1. Verständlich[1]	Jahresertrag/Energiedichte Vorhanden[1]	*[1]	*[1]	*[1]	*[1]	*[1]	*[1]	Pro A[1]	Contra B[1]	Contra C[1]	Hauptteil[6]	1. Claim[8]	
2-30	306-307	/	2. Falsch[1]	1. Angemessen[1]	1. Verständlich[1]	Jahresertrag/Energiedichte Vorhanden[1]	*[1]	*[1]	*[1]	*[1]	*[1]	*[1]	Pro A[1]	Contra B[1]	Contra C[1]	Hauptteil[6]	1. Claim[8]	
2-31	307-309	kg	2. Falsch[1]	1. Angemessen[1]	1. Verständlich[1]	Jahresertrag/Energiedichte Vorhanden[1]	*[1]	*[1]	*[1]	*[1]	*[1]	*[1]	Pro A[1]	Contra B[1]	Contra C[1]	Hauptteil[6]	1. Claim[8]	
2-32	309-310	.	2. Falsch[1]	1. Angemessen[1]	1. Verständlich[1]	Jahresertrag/Energiedichte Vorhanden[1]	*[1]	*[1]	*[1]	*[1]	*[1]	*[1]	Pro A[1]	Contra B[1]	Contra C[1]	Hauptteil[6]	1. Claim[8]	

3-1	312-316	Nach	2. Falsch[1]	1. Angemessen[1]	1. Verständlich[1]	Jahresertrag/Energiedichte Vorhanden[1]	*[1]	*[1]	*[1]	*[1]	*[1]	*[1]	Pro A[1]	Contra B[1]	Contra C[1]	Hauptteil[6]	2. Data[9]	
3-2	317-320	ihr	2. Falsch[1]	1. Angemessen[1]	1. Verständlich[1]	Jahresertrag/Energiedichte Vorhanden[1]	*[1]	*[1]	*[1]	*[1]	*[1]	*[1]	Pro A[1]	Contra B[1]	Contra C[1]	Hauptteil[6]	2. Data[9]	
3-3	321-327	folgen	2. Falsch[1]	1. Angemessen[1]	1. Verständlich[1]	Jahresertrag/Energiedichte Vorhanden[1]	*[1]	*[1]	*[1]	*[1]	*[1]	*[1]	Pro A[1]	Contra B[1]	Contra C[1]	Hauptteil[6]	2. Data[9]	
3-4	328-331	die	2. Falsch[1]	1. Angemessen[1]	1. Verständlich[1]	Jahresertrag/Energiedichte Vorhanden[1]	*[1]	*[1]	*[1]	*[1]	*[1]	*[1]	Pro A[1]	Contra B[1]	Contra C[1]	Hauptteil[6]	2. Data[9]	
3-5	332-339	E-Fuels	2. Falsch[1]	1. Angemessen[1]	1. Verständlich[1]	Jahresertrag/Energiedichte Vorhanden[1]	*[1]	*[1]	*[1]	*[1]	*[1]	*[1]	Pro A[1]	Contra B[1]	Contra C[1]	Hauptteil[6]	2. Data[9]	
3-6	340-343	und	2. Falsch[1]	1. Angemessen[1]	1. Verständlich[1]	Jahresertrag/Energiedichte Vorhanden[1]	*[1]	*[1]	*[1]	*[1]	*[1]	*[1]	Pro A[1]	Contra B[1]	Contra C[1]	Hauptteil[6]	2. Data[9]	
3-7	344-347	die	2. Falsch[1]	1. Angemessen[1]	1. Verständlich[1]	Jahresertrag/Energiedichte Vorhanden[1]	*[1]	*[1]	*[1]	*[1]	*[1]	*[1]	Pro A[1]	Contra B[1]	Contra C[1]	Hauptteil[6]	2. Data[9]	
3-8	348-361	Akkumulatoren	2. Falsch[1]	1. Angemessen[1]	1. Verständlich[1]	Jahresertrag/Energiedichte Vorhanden[1]	*[1]	*[1]	*[1]	*[1]	*[1]	*[1]	Pro A[1]	Contra B[1]	Contra C[1]	Hauptteil[6]	2. Data[9]	
3-9	361-362	.	2. Falsch[1]	1. Angemessen[1]	1. Verständlich[1]	Jahresertrag/Energiedichte Vorhanden[1]	*[1]	*[1]	*[1]	*[1]	*[1]	*[1]	Pro A[1]	Contra B[1]	Contra C[1]	Hauptteil[6]	2. Data[9]	

4-1	364-367	Bei	1. Richtig[2]	1. Angemessen[2]	1. Verständlich[2]	*[2]	*[2]	*[2]	*[2]	*[2]	*[2]	Wirkungsgrad vorhanden[2]	Contra A[2]	Contra B[2]	Pro C[2]	Hauptteil[6]	1. Claim[10]	
4-2	368-371	dem	1. Richtig[2]	1. Angemessen[2]	1. Verständlich[2]	*[2]	*[2]	*[2]	*[2]	*[2]	*[2]	Wirkungsgrad vorhanden[2]	Contra A[2]	Contra B[2]	Pro C[2]	Hauptteil[6]	1. Claim[10]	
4-3	372-379	zweiten	1. Richtig[2]	1. Angemessen[2]	1. Verständlich[2]	*[2]	*[2]	*[2]	*[2]	*[2]	*[2]	Wirkungsgrad vorhanden[2]	Contra A[2]	Contra B[2]	Pro C[2]	Hauptteil[6]	1. Claim[10]	
4-4	380-389	Kriterium	1. Richtig[2]	1. Angemessen[2]	1. Verständlich[2]	*[2]	*[2]	*[2]	*[2]	*[2]	*[2]	Wirkungsgrad vorhanden[2]	Contra A[2]	Contra B[2]	Pro C[2]	Hauptteil[6]	1. Claim[10]	
4-5	389-390	,	1. Richtig[2]	1. Angemessen[2]	1. Verständlich[2]	*[2]	*[2]	*[2]	*[2]	*[2]	*[2]	Wirkungsgrad vorhanden[2]	Contra A[2]	Contra B[2]	Pro C[2]	Hauptteil[6]	1. Claim[10]	
4-6	391-394	dem	1. Richtig[2]	1. Angemessen[2]	1. Verständlich[2]	*[2]	*[2]	*[2]	*[2]	*[2]	*[2]	Wirkungsgrad vorhanden[2]	Contra A[2]	Contra B[2]	Pro C[2]	Hauptteil[6]	1. Claim[10]	
4-7	395-413	Gesamtwirkungsgrad	1. Richtig[2]	1. Angemessen[2]	1. Verständlich[2]	*[2]	*[2]	*[2]	*[2]	*[2]	*[2]	Wirkungsgrad vorhanden[2]	Contra A[2]	Contra B[2]	Pro C[2]	Hauptteil[6]	1. Claim[10]	
4-8	413-414	,	1. Richtig[2]	1. Angemessen[2]	1. Verständlich[2]	*[2]	*[2]	*[2]	*[2]	*[2]	*[2]	Wirkungsgrad vorhanden[2]	Contra A[2]	Contra B[2]	Pro C[2]	Hauptteil[6]	1. Claim[10]	
4-9	415-419	sind	1. Richtig[2]	1. Angemessen[2]	1. Verständlich[2]	*[2]	*[2]	*[2]	*[2]	*[2]	*[2]	Wirkungsgrad vorhanden[2]	Contra A[2]	Contra B[2]	Pro C[2]	Hauptteil[6]	1. Claim[10]	
4-10	420-423	die	1. Richtig[2]	1. Angemessen[2]	1. Verständlich[2]	*[2]	*[2]	*[2]	*[2]	*[2]	*[2]	Wirkungsgrad vorhanden[2]	Contra A[2]	Contra B[2]	Pro C[2]	Hauptteil[6]	1. Claim[10]	
4-11	424-437	Akkumulatoren	1. Richtig[2]	1. Angemessen[2]	1. Verständlich[2]	*[2]	*[2]	*[2]	*[2]	*[2]	*[2]	Wirkungsgrad vorhanden[2]	Contra A[2]	Contra B[2]	Pro C[2]	Hauptteil[6]	1. Claim[10]	
4-12	438-440	am	1. Richtig[2]	1. Angemessen[2]	1. Verständlich[2]	*[2]	*[2]	*[2]	*[2]	*[2]	*[2]	Wirkungsgrad vorhanden[2]	Contra A[2]	Contra B[2]	Pro C[2]	Hauptteil[6]	1. Claim[10]	
4-13	441-454	effizientsten	1. Richtig[2]	1. Angemessen[2]	1. Verständlich[2]	*[2]	*[2]	*[2]	*[2]	*[2]	*[2]	Wirkungsgrad vorhanden[2]	Contra A[2]	Contra B[2]	Pro C[2]	Hauptteil[6]	1. Claim[10]	
4-14	454-455	.	1. Richtig[2]	1. Angemessen[2]	1. Verständlich[2]	*[2]	*[2]	*[2]	*[2]	*[2]	*[2]	Wirkungsgrad vorhanden[2]	Contra A[2]	Contra B[2]	Pro C[2]	Hauptteil[6]	1. Claim[10]	

5-1	457-460	Sie	1. Richtig[2]	1. Angemessen[2]	1. Verständlich[2]	*[2]	*[2]	*[2]	*[2]	*[2]	*[2]	Wirkungsgrad vorhanden[2]	Contra A[2]	Contra B[2]	Pro C[2]	Hauptteil[6]	2. Data[11]	
5-2	461-466	haben	1. Richtig[2]	1. Angemessen[2]	1. Verständlich[2]	*[2]	*[2]	*[2]	*[2]	*[2]	*[2]	Wirkungsgrad vorhanden[2]	Contra A[2]	Contra B[2]	Pro C[2]	Hauptteil[6]	2. Data[11]	
5-3	467-472	einen	1. Richtig[2]	1. Angemessen[2]	1. Verständlich[2]	*[2]	*[2]	*[2]	*[2]	*[2]	*[2]	Wirkungsgrad vorhanden[2]	Contra A[2]	Contra B[2]	Pro C[2]	Hauptteil[6]	2. Data[11]	
5-4	473-485	Wirkungsgrad	1. Richtig[2]	1. Angemessen[2]	1. Verständlich[2]	*[2]	*[2]	*[2]	*[2]	*[2]	*[2]	Wirkungsgrad vorhanden[2]	Contra A[2]	Contra B[2]	Pro C[2]	Hauptteil[6]	2. Data[11]	
5-5	486-489	von	1. Richtig[2]	1. Angemessen[2]	1. Verständlich[2]	*[2]	*[2]	*[2]	*[2]	*[2]	*[2]	Wirkungsgrad vorhanden[2]	Contra A[2]	Contra B[2]	Pro C[2]	Hauptteil[6]	2. Data[11]	
5-6	490-492	70	1. Richtig[2]	1. Angemessen[2]	1. Verständlich[2]	*[2]	*[2]	*[2]	*[2]	*[2]	*[2]	Wirkungsgrad vorhanden[2]	Contra A[2]	Contra B[2]	Pro C[2]	Hauptteil[6]	2. Data[11]	
5-7	493-494	%	1. Richtig[2]	1. Angemessen[2]	1. Verständlich[2]	*[2]	*[2]	*[2]	*[2]	*[2]	*[2]	Wirkungsgrad vorhanden[2]	Contra A[2]	Contra B[2]	Pro C[2]	Hauptteil[6]	2. Data[11]	
5-8	495-498	und	1. Richtig[2]	1. Angemessen[2]	1. Verständlich[2]	*[2]	*[2]	*[2]	*[2]	*[2]	*[2]	Wirkungsgrad vorhanden[2]	Contra A[2]	Contra B[2]	Pro C[2]	Hauptteil[6]	3. Warrant[12]	
5-9	499-504	damit	1. Richtig[2]	1. Angemessen[2]	1. Verständlich[2]	*[2]	*[2]	*[2]	*[2]	*[2]	*[2]	Wirkungsgrad vorhanden[2]	Contra A[2]	Contra B[2]	Pro C[2]	Hauptteil[6]	3. Warrant[12]	
5-10	505-508	die	1. Richtig[2]	1. Angemessen[2]	1. Verständlich[2]	*[2]	*[2]	*[2]	*[2]	*[2]	*[2]	Wirkungsgrad vorhanden[2]	Contra A[2]	Contra B[2]	Pro C[2]	Hauptteil[6]	3. Warrant[12]	
5-11	509-515	meiste	1. Richtig[2]	1. Angemessen[2]	1. Verständlich[2]	*[2]	*[2]	*[2]	*[2]	*[2]	*[2]	Wirkungsgrad vorhanden[2]	Contra A[2]	Contra B[2]	Pro C[2]	Hauptteil[6]	3. Warrant[12]	
5-12	516-532	Bewegungsenergie	1. Richtig[2]	1. Angemessen[2]	1. Verständlich[2]	*[2]	*[2]	*[2]	*[2]	*[2]	*[2]	Wirkungsgrad vorhanden[2]	Contra A[2]	Contra B[2]	Pro C[2]	Hauptteil[6]	3. Warrant[12]	
5-13	533-536	zur	1. Richtig[2]	1. Angemessen[2]	1. Verständlich[2]	*[2]	*[2]	*[2]	*[2]	*[2]	*[2]	Wirkungsgrad vorhanden[2]	Contra A[2]	Contra B[2]	Pro C[2]	Hauptteil[6]	3. Warrant[12]	
5-14	537-546	Verfügung	1. Richtig[2]	1. Angemessen[2]	1. Verständlich[2]	*[2]	*[2]	*[2]	*[2]	*[2]	*[2]	Wirkungsgrad vorhanden[2]	Contra A[2]	Contra B[2]	Pro C[2]	Hauptteil[6]	3. Warrant[12]	
5-15	546-547	.	1. Richtig[2]	1. Angemessen[2]	1. Verständlich[2]	*[2]	*[2]	*[2]	*[2]	*[2]	*[2]	Wirkungsgrad vorhanden[2]	Contra A[2]	Contra B[2]	Pro C[2]	Hauptteil[6]	3. Warrant[12]	

6-1	549-553	Nach	1. Richtig[2]	1. Angemessen[2]	1. Verständlich[2]	*[2]	*[2]	*[2]	*[2]	*[2]	*[2]	Wirkungsgrad vorhanden[2]	Contra A[2]	Contra B[2]	Pro C[2]	Hauptteil[6]	2. Data[13]	
6-2	554-559	ihnen	1. Richtig[2]	1. Angemessen[2]	1. Verständlich[2]	*[2]	*[2]	*[2]	*[2]	*[2]	*[2]	Wirkungsgrad vorhanden[2]	Contra A[2]	Contra B[2]	Pro C[2]	Hauptteil[6]	2. Data[13]	
6-3	560-566	kommen	1. Richtig[2]	1. Angemessen[2]	1. Verständlich[2]	*[2]	*[2]	*[2]	*[2]	*[2]	*[2]	Wirkungsgrad vorhanden[2]	Contra A[2]	Contra B[2]	Pro C[2]	Hauptteil[6]	2. Data[13]	
6-4	567-570	der	1. Richtig[2]	1. Angemessen[2]	1. Verständlich[2]	*[2]	*[2]	*[2]	*[2]	*[2]	*[2]	Wirkungsgrad vorhanden[2]	Contra A[2]	Contra B[2]	Pro C[2]	Hauptteil[6]	2. Data[13]	
6-5	571-582	Wasserstoff	1. Richtig[2]	1. Angemessen[2]	1. Verständlich[2]	*[2]	*[2]	*[2]	*[2]	*[2]	*[2]	Wirkungsgrad vorhanden[2]	Contra A[2]	Contra B[2]	Pro C[2]	Hauptteil[6]	2. Data[13]	
6-6	583-586	und	1. Richtig[2]	1. Angemessen[2]	1. Verständlich[2]	*[2]	*[2]	*[2]	*[2]	*[2]	*[2]	Wirkungsgrad vorhanden[2]	Contra A[2]	Contra B[2]	Pro C[2]	Hauptteil[6]	2. Data[13]	
6-7	587-590	die	1. Richtig[2]	1. Angemessen[2]	1. Verständlich[2]	*[2]	*[2]	*[2]	*[2]	*[2]	*[2]	Wirkungsgrad vorhanden[2]	Contra A[2]	Contra B[2]	Pro C[2]	Hauptteil[6]	2. Data[13]	
6-8	591-598	E-Fuels	1. Richtig[2]	1. Angemessen[2]	1. Verständlich[2]	*[2]	*[2]	*[2]	*[2]	*[2]	*[2]	Wirkungsgrad vorhanden[2]	Contra A[2]	Contra B[2]	Pro C[2]	Hauptteil[6]	2. Data[13]	
6-9	598-599	.	1. Richtig[2]	1. Angemessen[2]	1. Verständlich[2]	*[2]	*[2]	*[2]	*[2]	*[2]	*[2]	Wirkungsgrad vorhanden[2]	Contra A[2]	Contra B[2]	Pro C[2]	Hauptteil[6]	2. Data[13]	

7-1	601-604	Bei	1. Richtig[3]	1. Angemessen[3]	1. Verständlich[3]	*[3]	*[3]	*[3]	*[3]	*[3]	Treibhausgasemissionen vorhanden[3]	*[3]	Contra A[3]	Pro B[3]	Contra C[3]	Hauptteil[6]	2. Data[14]	
7-2	605-608	dem	1. Richtig[3]	1. Angemessen[3]	1. Verständlich[3]	*[3]	*[3]	*[3]	*[3]	*[3]	Treibhausgasemissionen vorhanden[3]	*[3]	Contra A[3]	Pro B[3]	Contra C[3]	Hauptteil[6]	2. Data[14]	
7-3	609-616	dritten	1. Richtig[3]	1. Angemessen[3]	1. Verständlich[3]	*[3]	*[3]	*[3]	*[3]	*[3]	Treibhausgasemissionen vorhanden[3]	*[3]	Contra A[3]	Pro B[3]	Contra C[3]	Hauptteil[6]	2. Data[14]	
7-4	617-626	Kriterium	1. Richtig[3]	1. Angemessen[3]	1. Verständlich[3]	*[3]	*[3]	*[3]	*[3]	*[3]	Treibhausgasemissionen vorhanden[3]	*[3]	Contra A[3]	Pro B[3]	Contra C[3]	Hauptteil[6]	2. Data[14]	
7-5	626-627	,	1. Richtig[3]	1. Angemessen[3]	1. Verständlich[3]	*[3]	*[3]	*[3]	*[3]	*[3]	Treibhausgasemissionen vorhanden[3]	*[3]	Contra A[3]	Pro B[3]	Contra C[3]	Hauptteil[6]	2. Data[14]	
7-6	628-631	den	1. Richtig[3]	1. Angemessen[3]	1. Verständlich[3]	*[3]	*[3]	*[3]	*[3]	*[3]	Treibhausgasemissionen vorhanden[3]	*[3]	Contra A[3]	Pro B[3]	Contra C[3]	Hauptteil[6]	2. Data[14]	
7-7	632-654	Treibhausgasemissionen	1. Richtig[3]	1. Angemessen[3]	1. Verständlich[3]	*[3]	*[3]	*[3]	*[3]	*[3]	Treibhausgasemissionen vorhanden[3]	*[3]	Contra A[3]	Pro B[3]	Contra C[3]	Hauptteil[6]	2. Data[14]	
7-8	655-658	bei	1. Richtig[3]	1. Angemessen[3]	1. Verständlich[3]	*[3]	*[3]	*[3]	*[3]	*[3]	Treibhausgasemissionen vorhanden[3]	*[3]	Contra A[3]	Pro B[3]	Contra C[3]	Hauptteil[6]	2. Data[14]	
7-9	659-662	der	1. Richtig[3]	1. Angemessen[3]	1. Verständlich[3]	*[3]	*[3]	*[3]	*[3]	*[3]	Treibhausgasemissionen vorhanden[3]	*[3]	Contra A[3]	Pro B[3]	Contra C[3]	Hauptteil[6]	2. Data[14]	
7-10	663-673	Produktion	1. Richtig[3]	1. Angemessen[3]	1. Verständlich[3]	*[3]	*[3]	*[3]	*[3]	*[3]	Treibhausgasemissionen vorhanden[3]	*[3]	Contra A[3]	Pro B[3]	Contra C[3]	Hauptteil[6]	2. Data[14]	
7-11	673-674	,	1. Richtig[3]	1. Angemessen[3]	1. Verständlich[3]	*[3]	*[3]	*[3]	*[3]	*[3]	Treibhausgasemissionen vorhanden[3]	*[3]	Contra A[3]	Pro B[3]	Contra C[3]	Hauptteil[6]	2. Data[14]	
7-12	675-681	liegen	1. Richtig[3]	1. Angemessen[3]	1. Verständlich[3]	*[3]	*[3]	*[3]	*[3]	*[3]	Treibhausgasemissionen vorhanden[3]	*[3]	Contra A[3]	Pro B[3]	Contra C[3]	Hauptteil[6]	2. Data[14]	
7-13	682-695	Akkumulatoren	1. Richtig[3]	1. Angemessen[3]	1. Verständlich[3]	*[3]	*[3]	*[3]	*[3]	*[3]	Treibhausgasemissionen vorhanden[3]	*[3]	Contra A[3]	Pro B[3]	Contra C[3]	Hauptteil[6]	2. Data[14]	
7-14	696-699	und	1. Richtig[3]	1. Angemessen[3]	1. Verständlich[3]	*[3]	*[3]	*[3]	*[3]	*[3]	Treibhausgasemissionen vorhanden[3]	*[3]	Contra A[3]	Pro B[3]	Contra C[3]	Hauptteil[6]	2. Data[14]	
7-15	700-711	Wasserstoff	1. Richtig[3]	1. Angemessen[3]	1. Verständlich[3]	*[3]	*[3]	*[3]	*[3]	*[3]	Treibhausgasemissionen vorhanden[3]	*[3]	Contra A[3]	Pro B[3]	Contra C[3]	Hauptteil[6]	2. Data[14]	
7-16	712-716	fast	1. Richtig[3]	1. Angemessen[3]	1. Verständlich[3]	*[3]	*[3]	*[3]	*[3]	*[3]	Treibhausgasemissionen vorhanden[3]	*[3]	Contra A[3]	Pro B[3]	Contra C[3]	Hauptteil[6]	2. Data[14]	
7-17	717-723	gleich	1. Richtig[3]	1. Angemessen[3]	1. Verständlich[3]	*[3]	*[3]	*[3]	*[3]	*[3]	Treibhausgasemissionen vorhanden[3]	*[3]	Contra A[3]	Pro B[3]	Contra C[3]	Hauptteil[6]	2. Data[14]	
7-18	723-724	.	1. Richtig[3]	1. Angemessen[3]	1. Verständlich[3]	*[3]	*[3]	*[3]	*[3]	*[3]	Treibhausgasemissionen vorhanden[3]	*[3]	Contra A[3]	Pro B[3]	Contra C[3]	Hauptteil[6]	2. Data[14]	

8-1	726-729	Nur	1. Richtig[3]	1. Angemessen[3]	1. Verständlich[3]	*[3]	*[3]	*[3]	*[3]	*[3]	Treibhausgasemissionen vorhanden[3]	*[3]	Contra A[3]	Pro B[3]	Contra C[3]	Hauptteil[6]	2. Data[15]	
8-2	730-733	dei	1. Richtig[3]	1. Angemessen[3]	1. Verständlich[3]	*[3]	*[3]	*[3]	*[3]	*[3]	Treibhausgasemissionen vorhanden[3]	*[3]	Contra A[3]	Pro B[3]	Contra C[3]	Hauptteil[6]	2. Data[15]	
8-3	734-741	E-Fuels	1. Richtig[3]	1. Angemessen[3]	1. Verständlich[3]	*[3]	*[3]	*[3]	*[3]	*[3]	Treibhausgasemissionen vorhanden[3]	*[3]	Contra A[3]	Pro B[3]	Contra C[3]	Hauptteil[6]	2. Data[15]	
8-4	742-747	haben	1. Richtig[3]	1. Angemessen[3]	1. Verständlich[3]	*[3]	*[3]	*[3]	*[3]	*[3]	Treibhausgasemissionen vorhanden[3]	*[3]	Contra A[3]	Pro B[3]	Contra C[3]	Hauptteil[6]	2. Data[15]	
8-5	748-751	die	1. Richtig[3]	1. Angemessen[3]	1. Verständlich[3]	*[3]	*[3]	*[3]	*[3]	*[3]	Treibhausgasemissionen vorhanden[3]	*[3]	Contra A[3]	Pro B[3]	Contra C[3]	Hauptteil[6]	2. Data[15]	
8-6	752-762	niedrigste	1. Richtig[3]	1. Angemessen[3]	1. Verständlich[3]	*[3]	*[3]	*[3]	*[3]	*[3]	Treibhausgasemissionen vorhanden[3]	*[3]	Contra A[3]	Pro B[3]	Contra C[3]	Hauptteil[6]	2. Data[15]	
8-7	763-783	Treibhausgasemission	1. Richtig[3]	1. Angemessen[3]	1. Verständlich[3]	*[3]	*[3]	*[3]	*[3]	*[3]	Treibhausgasemissionen vorhanden[3]	*[3]	Contra A[3]	Pro B[3]	Contra C[3]	Hauptteil[6]	2. Data[15]	
8-8	784-787	bei	1. Richtig[3]	1. Angemessen[3]	1. Verständlich[3]	*[3]	*[3]	*[3]	*[3]	*[3]	Treibhausgasemissionen vorhanden[3]	*[3]	Contra A[3]	Pro B[3]	Contra C[3]	Hauptteil[6]	2. Data[15]	
8-9	788-791	der	1. Richtig[3]	1. Angemessen[3]	1. Verständlich[3]	*[3]	*[3]	*[3]	*[3]	*[3]	Treibhausgasemissionen vorhanden[3]	*[3]	Contra A[3]	Pro B[3]	Contra C[3]	Hauptteil[6]	2. Data[15]	
8-10	792-802	Produktion	1. Richtig[3]	1. Angemessen[3]	1. Verständlich[3]	*[3]	*[3]	*[3]	*[3]	*[3]	Treibhausgasemissionen vorhanden[3]	*[3]	Contra A[3]	Pro B[3]	Contra C[3]	Hauptteil[6]	2. Data[15]	
8-11	803-806	mit	1. Richtig[3]	1. Angemessen[3]	1. Verständlich[3]	*[3]	*[3]	*[3]	*[3]	*[3]	Treibhausgasemissionen vorhanden[3]	*[3]	Contra A[3]	Pro B[3]	Contra C[3]	Hauptteil[6]	2. Data[15]	
8-12	807-810	7,8	1. Richtig[3]	1. Angemessen[3]	1. Verständlich[3]	*[3]	*[3]	*[3]	*[3]	*[3]	Treibhausgasemissionen vorhanden[3]	*[3]	Contra A[3]	Pro B[3]	Contra C[3]	Hauptteil[6]	2. Data[15]	
8-13	811-812	t	1. Richtig[3]	1. Angemessen[3]	1. Verständlich[3]	*[3]	*[3]	*[3]	*[3]	*[3]	Treibhausgasemissionen vorhanden[3]	*[3]	Contra A[3]	Pro B[3]	Contra C[3]	Hauptteil[6]	2. Data[15]	
8-14	813-816	CO2	1. Richtig[3]	1. Angemessen[3]	1. Verständlich[3]	*[3]	*[3]	*[3]	*[3]	*[3]	Treibhausgasemissionen vorhanden[3]	*[3]	Contra A[3]	Pro B[3]	Contra C[3]	Hauptteil[6]	2. Data[15]	
8-15	816-817	.	1. Richtig[3]	1. Angemessen[3]	1. Verständlich[3]	*[3]	*[3]	*[3]	*[3]	*[3]	Treibhausgasemissionen vorhanden[3]	*[3]	Contra A[3]	Pro B[3]	Contra C[3]	Hauptteil[6]	2. Data[15]	

9-1	819-822	Bei	1. Richtig[4]	1. Angemessen[4]	1. Verständlich[4]	*[4]	Lebensdauer/Verfügbarkeit vorhanden[4]	*[4]	*[4]	*[4]	*[4]	*[4]	Contra A[4]	Pro B[4]	Pro C[4]	Hauptteil[6]	1. Claim[16]	
9-2	823-826	dem	1. Richtig[4]	1. Angemessen[4]	1. Verständlich[4]	*[4]	Lebensdauer/Verfügbarkeit vorhanden[4]	*[4]	*[4]	*[4]	*[4]	*[4]	Contra A[4]	Pro B[4]	Pro C[4]	Hauptteil[6]	1. Claim[16]	
9-3	827-834	vierten	1. Richtig[4]	1. Angemessen[4]	1. Verständlich[4]	*[4]	Lebensdauer/Verfügbarkeit vorhanden[4]	*[4]	*[4]	*[4]	*[4]	*[4]	Contra A[4]	Pro B[4]	Pro C[4]	Hauptteil[6]	1. Claim[16]	
9-4	835-844	Kriterium	1. Richtig[4]	1. Angemessen[4]	1. Verständlich[4]	*[4]	Lebensdauer/Verfügbarkeit vorhanden[4]	*[4]	*[4]	*[4]	*[4]	*[4]	Contra A[4]	Pro B[4]	Pro C[4]	Hauptteil[6]	1. Claim[16]	
9-5	844-845	,	1. Richtig[4]	1. Angemessen[4]	1. Verständlich[4]	*[4]	Lebensdauer/Verfügbarkeit vorhanden[4]	*[4]	*[4]	*[4]	*[4]	*[4]	Contra A[4]	Pro B[4]	Pro C[4]	Hauptteil[6]	1. Claim[16]	
9-6	846-849	der	1. Richtig[4]	1. Angemessen[4]	1. Verständlich[4]	*[4]	Lebensdauer/Verfügbarkeit vorhanden[4]	*[4]	*[4]	*[4]	*[4]	*[4]	Contra A[4]	Pro B[4]	Pro C[4]	Hauptteil[6]	1. Claim[16]	
9-7	850-863	Verfügbarkeit	1. Richtig[4]	1. Angemessen[4]	1. Verständlich[4]	*[4]	Lebensdauer/Verfügbarkeit vorhanden[4]	*[4]	*[4]	*[4]	*[4]	*[4]	Contra A[4]	Pro B[4]	Pro C[4]	Hauptteil[6]	1. Claim[16]	
9-8	863-864	,	1. Richtig[4]	1. Angemessen[4]	1. Verständlich[4]	*[4]	Lebensdauer/Verfügbarkeit vorhanden[4]	*[4]	*[4]	*[4]	*[4]	*[4]	Contra A[4]	Pro B[4]	Pro C[4]	Hauptteil[6]	1. Claim[16]	
9-9	865-869	gibt	1. Richtig[4]	1. Angemessen[4]	1. Verständlich[4]	*[4]	Lebensdauer/Verfügbarkeit vorhanden[4]	*[4]	*[4]	*[4]	*[4]	*[4]	Contra A[4]	Pro B[4]	Pro C[4]	Hauptteil[6]	1. Claim[16]	
9-10	870-872	es	1. Richtig[4]	1. Angemessen[4]	1. Verständlich[4]	*[4]	Lebensdauer/Verfügbarkeit vorhanden[4]	*[4]	*[4]	*[4]	*[4]	*[4]	Contra A[4]	Pro B[4]	Pro C[4]	Hauptteil[6]	1. Claim[16]	
9-11	873-876	zum	1. Richtig[4]	1. Angemessen[4]	1. Verständlich[4]	*[4]	Lebensdauer/Verfügbarkeit vorhanden[4]	*[4]	*[4]	*[4]	*[4]	*[4]	Contra A[4]	Pro B[4]	Pro C[4]	Hauptteil[6]	1. Claim[16]	
9-12	877-881	Teil	1. Richtig[4]	1. Angemessen[4]	1. Verständlich[4]	*[4]	Lebensdauer/Verfügbarkeit vorhanden[4]	*[4]	*[4]	*[4]	*[4]	*[4]	Contra A[4]	Pro B[4]	Pro C[4]	Hauptteil[6]	1. Claim[16]	
9-13	882-894	Unterschiede	1. Richtig[4]	1. Angemessen[4]	1. Verständlich[4]	*[4]	Lebensdauer/Verfügbarkeit vorhanden[4]	*[4]	*[4]	*[4]	*[4]	*[4]	Contra A[4]	Pro B[4]	Pro C[4]	Hauptteil[6]	1. Claim[16]	
9-14	895-897	in	1. Richtig[4]	1. Angemessen[4]	1. Verständlich[4]	*[4]	Lebensdauer/Verfügbarkeit vorhanden[4]	*[4]	*[4]	*[4]	*[4]	*[4]	Contra A[4]	Pro B[4]	Pro C[4]	Hauptteil[6]	1. Claim[16]	
9-15	898-901	der	1. Richtig[4]	1. Angemessen[4]	1. Verständlich[4]	*[4]	Lebensdauer/Verfügbarkeit vorhanden[4]	*[4]	*[4]	*[4]	*[4]	*[4]	Contra A[4]	Pro B[4]	Pro C[4]	Hauptteil[6]	1. Claim[16]	
9-16	902-911	Fertigung	1. Richtig[4]	1. Angemessen[4]	1. Verständlich[4]	*[4]	Lebensdauer/Verfügbarkeit vorhanden[4]	*[4]	*[4]	*[4]	*[4]	*[4]	Contra A[4]	Pro B[4]	Pro C[4]	Hauptteil[6]	1. Claim[16]	
9-17	911-912	.	1. Richtig[4]	1. Angemessen[4]	1. Verständlich[4]	*[4]	Lebensdauer/Verfügbarkeit vorhanden[4]	*[4]	*[4]	*[4]	*[4]	*[4]	Contra A[4]	Pro B[4]	Pro C[4]	Hauptteil[6]	1. Claim[16]	

10-1	914-927	Akkumulatoren	1. Richtig[4]	1. Angemessen[4]	1. Verständlich[4]	*[4]	Lebensdauer/Verfügbarkeit vorhanden[4]	*[4]	*[4]	*[4]	*[4]	*[4]	Contra A[4]	Pro B[4]	Pro C[4]	Hauptteil[6]	2. Data[17]	
10-2	928-934	werden	1. Richtig[4]	1. Angemessen[4]	1. Verständlich[4]	*[4]	Lebensdauer/Verfügbarkeit vorhanden[4]	*[4]	*[4]	*[4]	*[4]	*[4]	Contra A[4]	Pro B[4]	Pro C[4]	Hauptteil[6]	2. Data[17]	
10-3	935-940	schon	1. Richtig[4]	1. Angemessen[4]	1. Verständlich[4]	*[4]	Lebensdauer/Verfügbarkeit vorhanden[4]	*[4]	*[4]	*[4]	*[4]	*[4]	Contra A[4]	Pro B[4]	Pro C[4]	Hauptteil[6]	2. Data[17]	
10-4	941-943	in	1. Richtig[4]	1. Angemessen[4]	1. Verständlich[4]	*[4]	Lebensdauer/Verfügbarkeit vorhanden[4]	*[4]	*[4]	*[4]	*[4]	*[4]	Contra A[4]	Pro B[4]	Pro C[4]	Hauptteil[6]	2. Data[17]	
10-5	944-960	Massenproduktion	1. Richtig[4]	1. Angemessen[4]	1. Verständlich[4]	*[4]	Lebensdauer/Verfügbarkeit vorhanden[4]	*[4]	*[4]	*[4]	*[4]	*[4]	Contra A[4]	Pro B[4]	Pro C[4]	Hauptteil[6]	2. Data[17]	
10-6	961-964	von	1. Richtig[4]	1. Angemessen[4]	1. Verständlich[4]	*[4]	Lebensdauer/Verfügbarkeit vorhanden[4]	*[4]	*[4]	*[4]	*[4]	*[4]	Contra A[4]	Pro B[4]	Pro C[4]	Hauptteil[6]	2. Data[17]	
10-7	965-968	den	1. Richtig[4]	1. Angemessen[4]	1. Verständlich[4]	*[4]	Lebensdauer/Verfügbarkeit vorhanden[4]	*[4]	*[4]	*[4]	*[4]	*[4]	Contra A[4]	Pro B[4]	Pro C[4]	Hauptteil[6]	2. Data[17]	
10-8	969-976	meisten	1. Richtig[4]	1. Angemessen[4]	1. Verständlich[4]	*[4]	Lebensdauer/Verfügbarkeit vorhanden[4]	*[4]	*[4]	*[4]	*[4]	*[4]	Contra A[4]	Pro B[4]	Pro C[4]	Hauptteil[6]	2. Data[17]	
10-9	977-988	Herstellern	1. Richtig[4]	1. Angemessen[4]	1. Verständlich[4]	*[4]	Lebensdauer/Verfügbarkeit vorhanden[4]	*[4]	*[4]	*[4]	*[4]	*[4]	Contra A[4]	Pro B[4]	Pro C[4]	Hauptteil[6]	2. Data[17]	
10-10	989-999	produziert	1. Richtig[4]	1. Angemessen[4]	1. Verständlich[4]	*[4]	Lebensdauer/Verfügbarkeit vorhanden[4]	*[4]	*[4]	*[4]	*[4]	*[4]	Contra A[4]	Pro B[4]	Pro C[4]	Hauptteil[6]	2. Data[17]	
10-11	1000-1003	und	1. Richtig[4]	1. Angemessen[4]	1. Verständlich[4]	*[4]	Lebensdauer/Verfügbarkeit vorhanden[4]	*[4]	*[4]	*[4]	*[4]	*[4]	Contra A[4]	Pro B[4]	Pro C[4]	Hauptteil[6]	2. Data[17]	
10-12	1004-1012	verkauft	1. Richtig[4]	1. Angemessen[4]	1. Verständlich[4]	*[4]	Lebensdauer/Verfügbarkeit vorhanden[4]	*[4]	*[4]	*[4]	*[4]	*[4]	Contra A[4]	Pro B[4]	Pro C[4]	Hauptteil[6]	2. Data[17]	
10-13	1012-1013	.	1. Richtig[4]	1. Angemessen[4]	1. Verständlich[4]	*[4]	Lebensdauer/Verfügbarkeit vorhanden[4]	*[4]	*[4]	*[4]	*[4]	*[4]	Contra A[4]	Pro B[4]	Pro C[4]	Hauptteil[6]	2. Data[17]	

11-1	1015-1026	Wasserstoff	1. Richtig[4]	1. Angemessen[4]	1. Verständlich[4]	*[4]	Lebensdauer/Verfügbarkeit vorhanden[4]	*[4]	*[4]	*[4]	*[4]	*[4]	Contra A[4]	Pro B[4]	Pro C[4]	Hauptteil[6]	2. Data[18]	
11-2	1027-1031	wird	1. Richtig[4]	1. Angemessen[4]	1. Verständlich[4]	*[4]	Lebensdauer/Verfügbarkeit vorhanden[4]	*[4]	*[4]	*[4]	*[4]	*[4]	Contra A[4]	Pro B[4]	Pro C[4]	Hauptteil[6]	2. Data[18]	
11-3	1032-1035	nur	1. Richtig[4]	1. Angemessen[4]	1. Verständlich[4]	*[4]	Lebensdauer/Verfügbarkeit vorhanden[4]	*[4]	*[4]	*[4]	*[4]	*[4]	Contra A[4]	Pro B[4]	Pro C[4]	Hauptteil[6]	2. Data[18]	
11-4	1036-1039	von	1. Richtig[4]	1. Angemessen[4]	1. Verständlich[4]	*[4]	Lebensdauer/Verfügbarkeit vorhanden[4]	*[4]	*[4]	*[4]	*[4]	*[4]	Contra A[4]	Pro B[4]	Pro C[4]	Hauptteil[6]	2. Data[18]	
11-5	1040-1047	wenigen	1. Richtig[4]	1. Angemessen[4]	1. Verständlich[4]	*[4]	Lebensdauer/Verfügbarkeit vorhanden[4]	*[4]	*[4]	*[4]	*[4]	*[4]	Contra A[4]	Pro B[4]	Pro C[4]	Hauptteil[6]	2. Data[18]	
11-6	1048-1059	Herstellern	1. Richtig[4]	1. Angemessen[4]	1. Verständlich[4]	*[4]	Lebensdauer/Verfügbarkeit vorhanden[4]	*[4]	*[4]	*[4]	*[4]	*[4]	Contra A[4]	Pro B[4]	Pro C[4]	Hauptteil[6]	2. Data[18]	
11-7	1060-1076	weiterentwickelt	1. Richtig[4]	1. Angemessen[4]	1. Verständlich[4]	*[4]	Lebensdauer/Verfügbarkeit vorhanden[4]	*[4]	*[4]	*[4]	*[4]	*[4]	Contra A[4]	Pro B[4]	Pro C[4]	Hauptteil[6]	2. Data[18]	
11-8	1077-1080	und	1. Richtig[4]	1. Angemessen[4]	1. Verständlich[4]	*[4]	Lebensdauer/Verfügbarkeit vorhanden[4]	*[4]	*[4]	*[4]	*[4]	*[4]	Contra A[4]	Pro B[4]	Pro C[4]	Hauptteil[6]	2. Data[18]	
11-9	1081-1091	produziert	1. Richtig[4]	1. Angemessen[4]	1. Verständlich[4]	*[4]	Lebensdauer/Verfügbarkeit vorhanden[4]	*[4]	*[4]	*[4]	*[4]	*[4]	Contra A[4]	Pro B[4]	Pro C[4]	Hauptteil[6]	2. Data[18]	
11-10	1091-1092	.	1. Richtig[4]	1. Angemessen[4]	1. Verständlich[4]	*[4]	Lebensdauer/Verfügbarkeit vorhanden[4]	*[4]	*[4]	*[4]	*[4]	*[4]	Contra A[4]	Pro B[4]	Pro C[4]	Hauptteil[6]	2. Data[18]	

12-1	1094-1101	E-Fuels	1. Richtig[4]	1. Angemessen[4]	1. Verständlich[4]	*[4]	Lebensdauer/Verfügbarkeit vorhanden[4]	*[4]	*[4]	*[4]	*[4]	*[4]	Contra A[4]	Pro B[4]	Pro C[4]	Hauptteil[6]	2. Data[19]	
12-2	1102-1108	können	1. Richtig[4]	1. Angemessen[4]	1. Verständlich[4]	*[4]	Lebensdauer/Verfügbarkeit vorhanden[4]	*[4]	*[4]	*[4]	*[4]	*[4]	Contra A[4]	Pro B[4]	Pro C[4]	Hauptteil[6]	2. Data[19]	
12-3	1109-1112	bei	1. Richtig[4]	1. Angemessen[4]	1. Verständlich[4]	*[4]	Lebensdauer/Verfügbarkeit vorhanden[4]	*[4]	*[4]	*[4]	*[4]	*[4]	Contra A[4]	Pro B[4]	Pro C[4]	Hauptteil[6]	2. Data[19]	
12-4	1113-1118	allen	1. Richtig[4]	1. Angemessen[4]	1. Verständlich[4]	*[4]	Lebensdauer/Verfügbarkeit vorhanden[4]	*[4]	*[4]	*[4]	*[4]	*[4]	Contra A[4]	Pro B[4]	Pro C[4]	Hauptteil[6]	2. Data[19]	
12-5	1119-1135	koonventionellen	1. Richtig[4]	1. Angemessen[4]	1. Verständlich[4]	*[4]	Lebensdauer/Verfügbarkeit vorhanden[4]	*[4]	*[4]	*[4]	*[4]	*[4]	Contra A[4]	Pro B[4]	Pro C[4]	Hauptteil[6]	2. Data[19]	
12-6	1136-1141	Autos	1. Richtig[4]	1. Angemessen[4]	1. Verständlich[4]	*[4]	Lebensdauer/Verfügbarkeit vorhanden[4]	*[4]	*[4]	*[4]	*[4]	*[4]	Contra A[4]	Pro B[4]	Pro C[4]	Hauptteil[6]	2. Data[19]	
12-7	1142-1145	mit	1. Richtig[4]	1. Angemessen[4]	1. Verständlich[4]	*[4]	Lebensdauer/Verfügbarkeit vorhanden[4]	*[4]	*[4]	*[4]	*[4]	*[4]	Contra A[4]	Pro B[4]	Pro C[4]	Hauptteil[6]	2. Data[19]	
12-8	1146-1163	Verbrennungsmotor	1. Richtig[4]	1. Angemessen[4]	1. Verständlich[4]	*[4]	Lebensdauer/Verfügbarkeit vorhanden[4]	*[4]	*[4]	*[4]	*[4]	*[4]	Contra A[4]	Pro B[4]	Pro C[4]	Hauptteil[6]	2. Data[19]	
12-9	1164-1174	eingesetzt	1. Richtig[4]	1. Angemessen[4]	1. Verständlich[4]	*[4]	Lebensdauer/Verfügbarkeit vorhanden[4]	*[4]	*[4]	*[4]	*[4]	*[4]	Contra A[4]	Pro B[4]	Pro C[4]	Hauptteil[6]	2. Data[19]	
12-10	1175-1182	werdfen	1. Richtig[4]	1. Angemessen[4]	1. Verständlich[4]	*[4]	Lebensdauer/Verfügbarkeit vorhanden[4]	*[4]	*[4]	*[4]	*[4]	*[4]	Contra A[4]	Pro B[4]	Pro C[4]	Hauptteil[6]	2. Data[19]	
12-11	1183-1184	u	1. Richtig[4]	1. Angemessen[4]	1. Verständlich[4]	*[4]	Lebensdauer/Verfügbarkeit vorhanden[4]	*[4]	*[4]	*[4]	*[4]	*[4]	Contra A[4]	Pro B[4]	Pro C[4]	Hauptteil[6]	5. Nicht zutreffend	
