#FORMAT=WebAnno TSV 3.3
#T_SP=webanno.custom.Argument|Accuracy|Adequacy|Clarity|KriteriumJahresertragEnergiedichte|KriteriumLebensdauerVerfgbarkeit|KriteriumLokaleEmissionenGeruschemissionen|KriteriumPreisBetrieb|KriteriumSonstiges|KriteriumTreibhausgasemissionen|KriteriumWirkungsgrad|OptionA|OptionB|OptionC
#T_SP=webanno.custom.DecisionMakingStrategies|Decision|Gesamtthese
#T_SP=webanno.custom.Struktur|Struktur
#T_SP=webanno.custom.StrukturTAP|TAPArgumente


1-1	0-3	Für	_	_	_	_	_	_	_	_	_	_	_	_	_	_	_	Einleitung[5]	_	
1-2	4-8	eine	_	_	_	_	_	_	_	_	_	_	_	_	_	_	_	Einleitung[5]	_	
1-3	9-20	Reduzierung	_	_	_	_	_	_	_	_	_	_	_	_	_	_	_	Einleitung[5]	_	
1-4	21-24	der	_	_	_	_	_	_	_	_	_	_	_	_	_	_	_	Einleitung[5]	_	
1-5	25-47	Treibhausgasemissionen	_	_	_	_	_	_	_	_	_	_	_	_	_	_	_	Einleitung[5]	_	
1-6	48-52	wird	_	_	_	_	_	_	_	_	_	_	_	_	_	_	_	Einleitung[5]	_	
1-7	53-55	in	_	_	_	_	_	_	_	_	_	_	_	_	_	_	_	Einleitung[5]	_	
1-8	56-61	einem	_	_	_	_	_	_	_	_	_	_	_	_	_	_	_	Einleitung[5]	_	
1-9	62-75	norddeutschen	_	_	_	_	_	_	_	_	_	_	_	_	_	_	_	Einleitung[5]	_	
1-10	76-82	Bezirk	_	_	_	_	_	_	_	_	_	_	_	_	_	_	_	Einleitung[5]	_	
1-11	83-86	die	_	_	_	_	_	_	_	_	_	_	_	_	_	_	_	Einleitung[5]	_	
1-12	87-92	Frage	_	_	_	_	_	_	_	_	_	_	_	_	_	_	_	Einleitung[5]	_	
1-13	93-104	aufgeworfen	_	_	_	_	_	_	_	_	_	_	_	_	_	_	_	Einleitung[5]	_	
1-14	104-105	,	_	_	_	_	_	_	_	_	_	_	_	_	_	_	_	Einleitung[5]	_	
1-15	106-108	ob	_	_	_	_	_	_	_	_	_	_	_	_	_	_	_	Einleitung[5]	_	
1-16	109-112	der	_	_	_	_	_	_	_	_	_	_	_	_	_	_	_	Einleitung[5]	_	
1-17	113-126	Energiebedarf	_	_	_	_	_	_	_	_	_	_	_	_	_	_	_	Einleitung[5]	_	
1-18	127-132	durch	_	_	_	_	_	_	_	_	_	_	_	_	_	_	_	Einleitung[5]	_	
1-19	133-136	den	_	_	_	_	_	_	_	_	_	_	_	_	_	_	_	Einleitung[5]	_	
1-20	137-140	Bau	_	_	_	_	_	_	_	_	_	_	_	_	_	_	_	Einleitung[5]	_	
1-21	141-146	eines	_	_	_	_	_	_	_	_	_	_	_	_	_	_	_	Einleitung[5]	_	
1-22	147-163	Windenergieparks	_	_	_	_	_	_	_	_	_	_	_	_	_	_	_	Einleitung[5]	_	
1-23	163-164	,	_	_	_	_	_	_	_	_	_	_	_	_	_	_	_	Einleitung[5]	_	
1-24	165-170	eines	_	_	_	_	_	_	_	_	_	_	_	_	_	_	_	Einleitung[5]	_	
1-25	171-181	Solarparks	_	_	_	_	_	_	_	_	_	_	_	_	_	_	_	Einleitung[5]	_	
1-26	182-186	oder	_	_	_	_	_	_	_	_	_	_	_	_	_	_	_	Einleitung[5]	_	
1-27	187-192	einer	_	_	_	_	_	_	_	_	_	_	_	_	_	_	_	Einleitung[5]	_	
1-28	193-210	Wasserkraftanlage	_	_	_	_	_	_	_	_	_	_	_	_	_	_	_	Einleitung[5]	_	
1-29	211-218	gedeckt	_	_	_	_	_	_	_	_	_	_	_	_	_	_	_	Einleitung[5]	_	
1-30	219-225	werden	_	_	_	_	_	_	_	_	_	_	_	_	_	_	_	Einleitung[5]	_	
1-31	226-232	sollte	_	_	_	_	_	_	_	_	_	_	_	_	_	_	_	Einleitung[5]	_	
1-32	232-233	.	_	_	_	_	_	_	_	_	_	_	_	_	_	_	_	Einleitung[5]	_	

2-1	235-237	Im	_	_	_	_	_	_	_	_	_	_	_	_	_	_	_	Einleitung[5]	_	
2-2	238-247	folgenden	_	_	_	_	_	_	_	_	_	_	_	_	_	_	_	Einleitung[5]	_	
2-3	248-253	werde	_	_	_	_	_	_	_	_	_	_	_	_	_	_	_	Einleitung[5]	_	
2-4	254-257	ich	_	_	_	_	_	_	_	_	_	_	_	_	_	_	_	Einleitung[5]	_	
2-5	258-262	dies	_	_	_	_	_	_	_	_	_	_	_	_	_	_	_	Einleitung[5]	_	
2-6	263-269	anhand	_	_	_	_	_	_	_	_	_	_	_	_	_	_	_	Einleitung[5]	_	
2-7	270-273	von	_	_	_	_	_	_	_	_	_	_	_	_	_	_	_	Einleitung[5]	_	
2-8	274-292	wissenschaftlichen	_	_	_	_	_	_	_	_	_	_	_	_	_	_	_	Einleitung[5]	_	
2-9	293-302	Kriterien	_	_	_	_	_	_	_	_	_	_	_	_	_	_	_	Einleitung[5]	_	
2-10	303-305	im	_	_	_	_	_	_	_	_	_	_	_	_	_	_	_	Einleitung[5]	_	
2-11	306-317	Hintergrund	_	_	_	_	_	_	_	_	_	_	_	_	_	_	_	Einleitung[5]	_	
2-12	318-321	des	_	_	_	_	_	_	_	_	_	_	_	_	_	_	_	Einleitung[5]	_	
2-13	322-334	Klimawandels	_	_	_	_	_	_	_	_	_	_	_	_	_	_	_	Einleitung[5]	_	
2-14	335-346	diskutieren	_	_	_	_	_	_	_	_	_	_	_	_	_	_	_	Einleitung[5]	_	
2-15	346-347	.	_	_	_	_	_	_	_	_	_	_	_	_	_	_	_	Einleitung[5]	_	

3-1	349-352	Für	1. Richtig[1]	1. Angemessen[1]	1. Verständlich[1]	Jahresertrag/Energiedichte Vorhanden[1]	*[1]	*[1]	*[1]	*[1]	*[1]	Wirkungsgrad vorhanden[1]	Pro A[1]	Contra B[1]	Contra C[1]	_	_	Hauptteil[6]	1. Claim[8]	
3-2	353-356	den	1. Richtig[1]	1. Angemessen[1]	1. Verständlich[1]	Jahresertrag/Energiedichte Vorhanden[1]	*[1]	*[1]	*[1]	*[1]	*[1]	Wirkungsgrad vorhanden[1]	Pro A[1]	Contra B[1]	Contra C[1]	_	_	Hauptteil[6]	1. Claim[8]	
3-3	357-360	Bau	1. Richtig[1]	1. Angemessen[1]	1. Verständlich[1]	Jahresertrag/Energiedichte Vorhanden[1]	*[1]	*[1]	*[1]	*[1]	*[1]	Wirkungsgrad vorhanden[1]	Pro A[1]	Contra B[1]	Contra C[1]	_	_	Hauptteil[6]	1. Claim[8]	
3-4	361-366	einer	1. Richtig[1]	1. Angemessen[1]	1. Verständlich[1]	Jahresertrag/Energiedichte Vorhanden[1]	*[1]	*[1]	*[1]	*[1]	*[1]	Wirkungsgrad vorhanden[1]	Pro A[1]	Contra B[1]	Contra C[1]	_	_	Hauptteil[6]	1. Claim[8]	
3-5	367-384	Wasserkraftanlage	1. Richtig[1]	1. Angemessen[1]	1. Verständlich[1]	Jahresertrag/Energiedichte Vorhanden[1]	*[1]	*[1]	*[1]	*[1]	*[1]	Wirkungsgrad vorhanden[1]	Pro A[1]	Contra B[1]	Contra C[1]	_	_	Hauptteil[6]	1. Claim[8]	
3-6	385-392	spricht	1. Richtig[1]	1. Angemessen[1]	1. Verständlich[1]	Jahresertrag/Energiedichte Vorhanden[1]	*[1]	*[1]	*[1]	*[1]	*[1]	Wirkungsgrad vorhanden[1]	Pro A[1]	Contra B[1]	Contra C[1]	_	_	Hauptteil[6]	1. Claim[8]	
3-7	392-393	,	1. Richtig[1]	1. Angemessen[1]	1. Verständlich[1]	Jahresertrag/Energiedichte Vorhanden[1]	*[1]	*[1]	*[1]	*[1]	*[1]	Wirkungsgrad vorhanden[1]	Pro A[1]	Contra B[1]	Contra C[1]	_	_	Hauptteil[6]	1. Claim[8]	
3-8	394-398	dass	1. Richtig[1]	1. Angemessen[1]	1. Verständlich[1]	Jahresertrag/Energiedichte Vorhanden[1]	*[1]	*[1]	*[1]	*[1]	*[1]	Wirkungsgrad vorhanden[1]	Pro A[1]	Contra B[1]	Contra C[1]	_	_	Hauptteil[6]	2. Data[9]	
3-9	399-404	diese	1. Richtig[1]	1. Angemessen[1]	1. Verständlich[1]	Jahresertrag/Energiedichte Vorhanden[1]	*[1]	*[1]	*[1]	*[1]	*[1]	Wirkungsgrad vorhanden[1]	Pro A[1]	Contra B[1]	Contra C[1]	_	_	Hauptteil[6]	2. Data[9]	
3-10	405-411	sowohl	1. Richtig[1]	1. Angemessen[1]	1. Verständlich[1]	Jahresertrag/Energiedichte Vorhanden[1]	*[1]	*[1]	*[1]	*[1]	*[1]	Wirkungsgrad vorhanden[1]	Pro A[1]	Contra B[1]	Contra C[1]	_	_	Hauptteil[6]	2. Data[9]	
3-11	412-417	einen	1. Richtig[1]	1. Angemessen[1]	1. Verständlich[1]	Jahresertrag/Energiedichte Vorhanden[1]	*[1]	*[1]	*[1]	*[1]	*[1]	Wirkungsgrad vorhanden[1]	Pro A[1]	Contra B[1]	Contra C[1]	_	_	Hauptteil[6]	2. Data[9]	
3-12	418-428	wesentlich	1. Richtig[1]	1. Angemessen[1]	1. Verständlich[1]	Jahresertrag/Energiedichte Vorhanden[1]	*[1]	*[1]	*[1]	*[1]	*[1]	Wirkungsgrad vorhanden[1]	Pro A[1]	Contra B[1]	Contra C[1]	_	_	Hauptteil[6]	2. Data[9]	
3-13	429-436	höheren	1. Richtig[1]	1. Angemessen[1]	1. Verständlich[1]	Jahresertrag/Energiedichte Vorhanden[1]	*[1]	*[1]	*[1]	*[1]	*[1]	Wirkungsgrad vorhanden[1]	Pro A[1]	Contra B[1]	Contra C[1]	_	_	Hauptteil[6]	2. Data[9]	
3-14	437-449	Wirkungsgrad	1. Richtig[1]	1. Angemessen[1]	1. Verständlich[1]	Jahresertrag/Energiedichte Vorhanden[1]	*[1]	*[1]	*[1]	*[1]	*[1]	Wirkungsgrad vorhanden[1]	Pro A[1]	Contra B[1]	Contra C[1]	_	_	Hauptteil[6]	2. Data[9]	
3-15	450-453	als	1. Richtig[1]	1. Angemessen[1]	1. Verständlich[1]	Jahresertrag/Energiedichte Vorhanden[1]	*[1]	*[1]	*[1]	*[1]	*[1]	Wirkungsgrad vorhanden[1]	Pro A[1]	Contra B[1]	Contra C[1]	_	_	Hauptteil[6]	2. Data[9]	
3-16	454-457	ein	1. Richtig[1]	1. Angemessen[1]	1. Verständlich[1]	Jahresertrag/Energiedichte Vorhanden[1]	*[1]	*[1]	*[1]	*[1]	*[1]	Wirkungsgrad vorhanden[1]	Pro A[1]	Contra B[1]	Contra C[1]	_	_	Hauptteil[6]	2. Data[9]	
3-17	458-463	Solar	1. Richtig[1]	1. Angemessen[1]	1. Verständlich[1]	Jahresertrag/Energiedichte Vorhanden[1]	*[1]	*[1]	*[1]	*[1]	*[1]	Wirkungsgrad vorhanden[1]	Pro A[1]	Contra B[1]	Contra C[1]	_	_	Hauptteil[6]	2. Data[9]	
3-18	463-464	-	1. Richtig[1]	1. Angemessen[1]	1. Verständlich[1]	Jahresertrag/Energiedichte Vorhanden[1]	*[1]	*[1]	*[1]	*[1]	*[1]	Wirkungsgrad vorhanden[1]	Pro A[1]	Contra B[1]	Contra C[1]	_	_	Hauptteil[6]	2. Data[9]	
3-19	465-469	oder	1. Richtig[1]	1. Angemessen[1]	1. Verständlich[1]	Jahresertrag/Energiedichte Vorhanden[1]	*[1]	*[1]	*[1]	*[1]	*[1]	Wirkungsgrad vorhanden[1]	Pro A[1]	Contra B[1]	Contra C[1]	_	_	Hauptteil[6]	2. Data[9]	
3-20	470-478	Windpark	1. Richtig[1]	1. Angemessen[1]	1. Verständlich[1]	Jahresertrag/Energiedichte Vorhanden[1]	*[1]	*[1]	*[1]	*[1]	*[1]	Wirkungsgrad vorhanden[1]	Pro A[1]	Contra B[1]	Contra C[1]	_	_	Hauptteil[6]	2. Data[9]	
3-21	479-482	als	1. Richtig[1]	1. Angemessen[1]	1. Verständlich[1]	Jahresertrag/Energiedichte Vorhanden[1]	*[1]	*[1]	*[1]	*[1]	*[1]	Wirkungsgrad vorhanden[1]	Pro A[1]	Contra B[1]	Contra C[1]	_	_	Hauptteil[6]	2. Data[9]	
3-22	483-487	auch	1. Richtig[1]	1. Angemessen[1]	1. Verständlich[1]	Jahresertrag/Energiedichte Vorhanden[1]	*[1]	*[1]	*[1]	*[1]	*[1]	Wirkungsgrad vorhanden[1]	Pro A[1]	Contra B[1]	Contra C[1]	_	_	Hauptteil[6]	2. Data[9]	
3-23	488-493	einen	1. Richtig[1]	1. Angemessen[1]	1. Verständlich[1]	Jahresertrag/Energiedichte Vorhanden[1]	*[1]	*[1]	*[1]	*[1]	*[1]	Wirkungsgrad vorhanden[1]	Pro A[1]	Contra B[1]	Contra C[1]	_	_	Hauptteil[6]	2. Data[9]	
3-24	494-498	sehr	1. Richtig[1]	1. Angemessen[1]	1. Verständlich[1]	Jahresertrag/Energiedichte Vorhanden[1]	*[1]	*[1]	*[1]	*[1]	*[1]	Wirkungsgrad vorhanden[1]	Pro A[1]	Contra B[1]	Contra C[1]	_	_	Hauptteil[6]	2. Data[9]	
3-25	499-504	hohen	1. Richtig[1]	1. Angemessen[1]	1. Verständlich[1]	Jahresertrag/Energiedichte Vorhanden[1]	*[1]	*[1]	*[1]	*[1]	*[1]	Wirkungsgrad vorhanden[1]	Pro A[1]	Contra B[1]	Contra C[1]	_	_	Hauptteil[6]	2. Data[9]	
3-26	505-517	Jahresertrag	1. Richtig[1]	1. Angemessen[1]	1. Verständlich[1]	Jahresertrag/Energiedichte Vorhanden[1]	*[1]	*[1]	*[1]	*[1]	*[1]	Wirkungsgrad vorhanden[1]	Pro A[1]	Contra B[1]	Contra C[1]	_	_	Hauptteil[6]	2. Data[9]	
3-27	517-518	.	1. Richtig[1]	1. Angemessen[1]	1. Verständlich[1]	Jahresertrag/Energiedichte Vorhanden[1]	*[1]	*[1]	*[1]	*[1]	*[1]	Wirkungsgrad vorhanden[1]	Pro A[1]	Contra B[1]	Contra C[1]	_	_	Hauptteil[6]	2. Data[9]	

4-1	520-523	Der	1. Richtig[1]	1. Angemessen[1]	1. Verständlich[1]	Jahresertrag/Energiedichte Vorhanden[1]	*[1]	*[1]	*[1]	*[1]	*[1]	Wirkungsgrad vorhanden[1]	Pro A[1]	Contra B[1]	Contra C[1]	_	_	Hauptteil[6]	2. Data[10]	
4-2	524-536	Wirkungsgrad	1. Richtig[1]	1. Angemessen[1]	1. Verständlich[1]	Jahresertrag/Energiedichte Vorhanden[1]	*[1]	*[1]	*[1]	*[1]	*[1]	Wirkungsgrad vorhanden[1]	Pro A[1]	Contra B[1]	Contra C[1]	_	_	Hauptteil[6]	2. Data[10]	
4-3	537-544	beträgt	1. Richtig[1]	1. Angemessen[1]	1. Verständlich[1]	Jahresertrag/Energiedichte Vorhanden[1]	*[1]	*[1]	*[1]	*[1]	*[1]	Wirkungsgrad vorhanden[1]	Pro A[1]	Contra B[1]	Contra C[1]	_	_	Hauptteil[6]	2. Data[10]	
4-4	545-552	hierbei	1. Richtig[1]	1. Angemessen[1]	1. Verständlich[1]	Jahresertrag/Energiedichte Vorhanden[1]	*[1]	*[1]	*[1]	*[1]	*[1]	Wirkungsgrad vorhanden[1]	Pro A[1]	Contra B[1]	Contra C[1]	_	_	Hauptteil[6]	2. Data[10]	
4-5	553-555	70	1. Richtig[1]	1. Angemessen[1]	1. Verständlich[1]	Jahresertrag/Energiedichte Vorhanden[1]	*[1]	*[1]	*[1]	*[1]	*[1]	Wirkungsgrad vorhanden[1]	Pro A[1]	Contra B[1]	Contra C[1]	_	_	Hauptteil[6]	2. Data[10]	
4-6	555-556	-	1. Richtig[1]	1. Angemessen[1]	1. Verständlich[1]	Jahresertrag/Energiedichte Vorhanden[1]	*[1]	*[1]	*[1]	*[1]	*[1]	Wirkungsgrad vorhanden[1]	Pro A[1]	Contra B[1]	Contra C[1]	_	_	Hauptteil[6]	2. Data[10]	
4-7	556-559	90%	1. Richtig[1]	1. Angemessen[1]	1. Verständlich[1]	Jahresertrag/Energiedichte Vorhanden[1]	*[1]	*[1]	*[1]	*[1]	*[1]	Wirkungsgrad vorhanden[1]	Pro A[1]	Contra B[1]	Contra C[1]	_	_	Hauptteil[6]	2. Data[10]	
4-8	559-560	,	1. Richtig[1]	1. Angemessen[1]	1. Verständlich[1]	Jahresertrag/Energiedichte Vorhanden[1]	*[1]	*[1]	*[1]	*[1]	*[1]	Wirkungsgrad vorhanden[1]	Pro A[1]	Contra B[1]	Contra C[1]	_	_	Hauptteil[6]	2. Data[10]	
4-9	561-568	während	1. Richtig[1]	1. Angemessen[1]	1. Verständlich[1]	Jahresertrag/Energiedichte Vorhanden[1]	*[1]	*[1]	*[1]	*[1]	*[1]	Wirkungsgrad vorhanden[1]	Pro A[1]	Contra B[1]	Contra C[1]	_	_	Hauptteil[6]	2. Data[10]	
4-10	569-571	er	1. Richtig[1]	1. Angemessen[1]	1. Verständlich[1]	Jahresertrag/Energiedichte Vorhanden[1]	*[1]	*[1]	*[1]	*[1]	*[1]	Wirkungsgrad vorhanden[1]	Pro A[1]	Contra B[1]	Contra C[1]	_	_	Hauptteil[6]	2. Data[10]	
4-11	572-575	bei	1. Richtig[1]	1. Angemessen[1]	1. Verständlich[1]	Jahresertrag/Energiedichte Vorhanden[1]	*[1]	*[1]	*[1]	*[1]	*[1]	Wirkungsgrad vorhanden[1]	Pro A[1]	Contra B[1]	Contra C[1]	_	_	Hauptteil[6]	2. Data[10]	
4-12	576-585	Windparks	1. Richtig[1]	1. Angemessen[1]	1. Verständlich[1]	Jahresertrag/Energiedichte Vorhanden[1]	*[1]	*[1]	*[1]	*[1]	*[1]	Wirkungsgrad vorhanden[1]	Pro A[1]	Contra B[1]	Contra C[1]	_	_	Hauptteil[6]	2. Data[10]	
4-13	586-589	45%	1. Richtig[1]	1. Angemessen[1]	1. Verständlich[1]	Jahresertrag/Energiedichte Vorhanden[1]	*[1]	*[1]	*[1]	*[1]	*[1]	Wirkungsgrad vorhanden[1]	Pro A[1]	Contra B[1]	Contra C[1]	_	_	Hauptteil[6]	2. Data[10]	
4-14	590-593	und	1. Richtig[1]	1. Angemessen[1]	1. Verständlich[1]	Jahresertrag/Energiedichte Vorhanden[1]	*[1]	*[1]	*[1]	*[1]	*[1]	Wirkungsgrad vorhanden[1]	Pro A[1]	Contra B[1]	Contra C[1]	_	_	Hauptteil[6]	2. Data[10]	
4-15	594-597	bei	1. Richtig[1]	1. Angemessen[1]	1. Verständlich[1]	Jahresertrag/Energiedichte Vorhanden[1]	*[1]	*[1]	*[1]	*[1]	*[1]	Wirkungsgrad vorhanden[1]	Pro A[1]	Contra B[1]	Contra C[1]	_	_	Hauptteil[6]	2. Data[10]	
4-16	598-608	Solarparks	1. Richtig[1]	1. Angemessen[1]	1. Verständlich[1]	Jahresertrag/Energiedichte Vorhanden[1]	*[1]	*[1]	*[1]	*[1]	*[1]	Wirkungsgrad vorhanden[1]	Pro A[1]	Contra B[1]	Contra C[1]	_	_	Hauptteil[6]	2. Data[10]	
4-17	609-612	21%	1. Richtig[1]	1. Angemessen[1]	1. Verständlich[1]	Jahresertrag/Energiedichte Vorhanden[1]	*[1]	*[1]	*[1]	*[1]	*[1]	Wirkungsgrad vorhanden[1]	Pro A[1]	Contra B[1]	Contra C[1]	_	_	Hauptteil[6]	2. Data[10]	
4-18	613-620	beträgt	1. Richtig[1]	1. Angemessen[1]	1. Verständlich[1]	Jahresertrag/Energiedichte Vorhanden[1]	*[1]	*[1]	*[1]	*[1]	*[1]	Wirkungsgrad vorhanden[1]	Pro A[1]	Contra B[1]	Contra C[1]	_	_	Hauptteil[6]	2. Data[10]	
4-19	620-621	.	1. Richtig[1]	1. Angemessen[1]	1. Verständlich[1]	Jahresertrag/Energiedichte Vorhanden[1]	*[1]	*[1]	*[1]	*[1]	*[1]	Wirkungsgrad vorhanden[1]	Pro A[1]	Contra B[1]	Contra C[1]	_	_	Hauptteil[6]	2. Data[10]	

5-1	623-626	Der	1. Richtig[1]	1. Angemessen[1]	1. Verständlich[1]	Jahresertrag/Energiedichte Vorhanden[1]	*[1]	*[1]	*[1]	*[1]	*[1]	Wirkungsgrad vorhanden[1]	Pro A[1]	Contra B[1]	Contra C[1]	_	_	Hauptteil[6]	2. Data[11]	
5-2	627-639	Jahresertrag	1. Richtig[1]	1. Angemessen[1]	1. Verständlich[1]	Jahresertrag/Energiedichte Vorhanden[1]	*[1]	*[1]	*[1]	*[1]	*[1]	Wirkungsgrad vorhanden[1]	Pro A[1]	Contra B[1]	Contra C[1]	_	_	Hauptteil[6]	2. Data[11]	
5-3	640-643	der	1. Richtig[1]	1. Angemessen[1]	1. Verständlich[1]	Jahresertrag/Energiedichte Vorhanden[1]	*[1]	*[1]	*[1]	*[1]	*[1]	Wirkungsgrad vorhanden[1]	Pro A[1]	Contra B[1]	Contra C[1]	_	_	Hauptteil[6]	2. Data[11]	
5-4	644-653	Windparks	1. Richtig[1]	1. Angemessen[1]	1. Verständlich[1]	Jahresertrag/Energiedichte Vorhanden[1]	*[1]	*[1]	*[1]	*[1]	*[1]	Wirkungsgrad vorhanden[1]	Pro A[1]	Contra B[1]	Contra C[1]	_	_	Hauptteil[6]	2. Data[11]	
5-5	654-657	ist	1. Richtig[1]	1. Angemessen[1]	1. Verständlich[1]	Jahresertrag/Energiedichte Vorhanden[1]	*[1]	*[1]	*[1]	*[1]	*[1]	Wirkungsgrad vorhanden[1]	Pro A[1]	Contra B[1]	Contra C[1]	_	_	Hauptteil[6]	2. Data[11]	
5-6	658-661	mit	1. Richtig[1]	1. Angemessen[1]	1. Verständlich[1]	Jahresertrag/Energiedichte Vorhanden[1]	*[1]	*[1]	*[1]	*[1]	*[1]	Wirkungsgrad vorhanden[1]	Pro A[1]	Contra B[1]	Contra C[1]	_	_	Hauptteil[6]	2. Data[11]	
5-7	662-667	40GWh	1. Richtig[1]	1. Angemessen[1]	1. Verständlich[1]	Jahresertrag/Energiedichte Vorhanden[1]	*[1]	*[1]	*[1]	*[1]	*[1]	Wirkungsgrad vorhanden[1]	Pro A[1]	Contra B[1]	Contra C[1]	_	_	Hauptteil[6]	2. Data[11]	
5-8	668-671	pro	1. Richtig[1]	1. Angemessen[1]	1. Verständlich[1]	Jahresertrag/Energiedichte Vorhanden[1]	*[1]	*[1]	*[1]	*[1]	*[1]	Wirkungsgrad vorhanden[1]	Pro A[1]	Contra B[1]	Contra C[1]	_	_	Hauptteil[6]	2. Data[11]	
5-9	672-676	JAhr	1. Richtig[1]	1. Angemessen[1]	1. Verständlich[1]	Jahresertrag/Energiedichte Vorhanden[1]	*[1]	*[1]	*[1]	*[1]	*[1]	Wirkungsgrad vorhanden[1]	Pro A[1]	Contra B[1]	Contra C[1]	_	_	Hauptteil[6]	2. Data[11]	
5-10	677-680	und	1. Richtig[1]	1. Angemessen[1]	1. Verständlich[1]	Jahresertrag/Energiedichte Vorhanden[1]	*[1]	*[1]	*[1]	*[1]	*[1]	Wirkungsgrad vorhanden[1]	Pro A[1]	Contra B[1]	Contra C[1]	_	_	Hauptteil[6]	2. Data[11]	
5-11	681-685	4000	1. Richtig[1]	1. Angemessen[1]	1. Verständlich[1]	Jahresertrag/Energiedichte Vorhanden[1]	*[1]	*[1]	*[1]	*[1]	*[1]	Wirkungsgrad vorhanden[1]	Pro A[1]	Contra B[1]	Contra C[1]	_	_	Hauptteil[6]	2. Data[11]	
5-12	686-701	Volllaststunden	1. Richtig[1]	1. Angemessen[1]	1. Verständlich[1]	Jahresertrag/Energiedichte Vorhanden[1]	*[1]	*[1]	*[1]	*[1]	*[1]	Wirkungsgrad vorhanden[1]	Pro A[1]	Contra B[1]	Contra C[1]	_	_	Hauptteil[6]	2. Data[11]	
5-13	701-702	,	1. Richtig[1]	1. Angemessen[1]	1. Verständlich[1]	Jahresertrag/Energiedichte Vorhanden[1]	*[1]	*[1]	*[1]	*[1]	*[1]	Wirkungsgrad vorhanden[1]	Pro A[1]	Contra B[1]	Contra C[1]	_	_	Hauptteil[6]	2. Data[11]	
5-14	703-706	den	1. Richtig[1]	1. Angemessen[1]	1. Verständlich[1]	Jahresertrag/Energiedichte Vorhanden[1]	*[1]	*[1]	*[1]	*[1]	*[1]	Wirkungsgrad vorhanden[1]	Pro A[1]	Contra B[1]	Contra C[1]	_	_	Hauptteil[6]	2. Data[11]	
5-15	707-725	Wasserkraftanlagen	1. Richtig[1]	1. Angemessen[1]	1. Verständlich[1]	Jahresertrag/Energiedichte Vorhanden[1]	*[1]	*[1]	*[1]	*[1]	*[1]	Wirkungsgrad vorhanden[1]	Pro A[1]	Contra B[1]	Contra C[1]	_	_	Hauptteil[6]	2. Data[11]	
5-16	726-729	mit	1. Richtig[1]	1. Angemessen[1]	1. Verständlich[1]	Jahresertrag/Energiedichte Vorhanden[1]	*[1]	*[1]	*[1]	*[1]	*[1]	Wirkungsgrad vorhanden[1]	Pro A[1]	Contra B[1]	Contra C[1]	_	_	Hauptteil[6]	2. Data[11]	
5-17	730-735	39GWh	1. Richtig[1]	1. Angemessen[1]	1. Verständlich[1]	Jahresertrag/Energiedichte Vorhanden[1]	*[1]	*[1]	*[1]	*[1]	*[1]	Wirkungsgrad vorhanden[1]	Pro A[1]	Contra B[1]	Contra C[1]	_	_	Hauptteil[6]	2. Data[11]	
5-18	736-739	pro	1. Richtig[1]	1. Angemessen[1]	1. Verständlich[1]	Jahresertrag/Energiedichte Vorhanden[1]	*[1]	*[1]	*[1]	*[1]	*[1]	Wirkungsgrad vorhanden[1]	Pro A[1]	Contra B[1]	Contra C[1]	_	_	Hauptteil[6]	2. Data[11]	
5-19	740-744	JAhr	1. Richtig[1]	1. Angemessen[1]	1. Verständlich[1]	Jahresertrag/Energiedichte Vorhanden[1]	*[1]	*[1]	*[1]	*[1]	*[1]	Wirkungsgrad vorhanden[1]	Pro A[1]	Contra B[1]	Contra C[1]	_	_	Hauptteil[6]	2. Data[11]	
5-20	745-748	und	1. Richtig[1]	1. Angemessen[1]	1. Verständlich[1]	Jahresertrag/Energiedichte Vorhanden[1]	*[1]	*[1]	*[1]	*[1]	*[1]	Wirkungsgrad vorhanden[1]	Pro A[1]	Contra B[1]	Contra C[1]	_	_	Hauptteil[6]	2. Data[11]	
5-21	749-753	3900	1. Richtig[1]	1. Angemessen[1]	1. Verständlich[1]	Jahresertrag/Energiedichte Vorhanden[1]	*[1]	*[1]	*[1]	*[1]	*[1]	Wirkungsgrad vorhanden[1]	Pro A[1]	Contra B[1]	Contra C[1]	_	_	Hauptteil[6]	2. Data[11]	
5-22	754-769	Volllasttsunden	1. Richtig[1]	1. Angemessen[1]	1. Verständlich[1]	Jahresertrag/Energiedichte Vorhanden[1]	*[1]	*[1]	*[1]	*[1]	*[1]	Wirkungsgrad vorhanden[1]	Pro A[1]	Contra B[1]	Contra C[1]	_	_	Hauptteil[6]	2. Data[11]	
5-23	770-774	zwar	1. Richtig[1]	1. Angemessen[1]	1. Verständlich[1]	Jahresertrag/Energiedichte Vorhanden[1]	*[1]	*[1]	*[1]	*[1]	*[1]	Wirkungsgrad vorhanden[1]	Pro A[1]	Contra B[1]	Contra C[1]	_	_	Hauptteil[6]	2. Data[11]	
5-24	775-782	minimal	1. Richtig[1]	1. Angemessen[1]	1. Verständlich[1]	Jahresertrag/Energiedichte Vorhanden[1]	*[1]	*[1]	*[1]	*[1]	*[1]	Wirkungsgrad vorhanden[1]	Pro A[1]	Contra B[1]	Contra C[1]	_	_	Hauptteil[6]	2. Data[11]	
5-25	783-792	überlegen	1. Richtig[1]	1. Angemessen[1]	1. Verständlich[1]	Jahresertrag/Energiedichte Vorhanden[1]	*[1]	*[1]	*[1]	*[1]	*[1]	Wirkungsgrad vorhanden[1]	Pro A[1]	Contra B[1]	Contra C[1]	_	_	Hauptteil[6]	2. Data[11]	
5-26	792-793	,	1. Richtig[1]	1. Angemessen[1]	1. Verständlich[1]	Jahresertrag/Energiedichte Vorhanden[1]	*[1]	*[1]	*[1]	*[1]	*[1]	Wirkungsgrad vorhanden[1]	Pro A[1]	Contra B[1]	Contra C[1]	_	_	Hauptteil[6]	2. Data[11]	
5-27	794-798	dies	1. Richtig[1]	1. Angemessen[1]	1. Verständlich[1]	Jahresertrag/Energiedichte Vorhanden[1]	*[1]	*[1]	*[1]	*[1]	*[1]	Wirkungsgrad vorhanden[1]	Pro A[1]	Contra B[1]	Contra C[1]	_	_	Hauptteil[6]	4. Rebuttal[12]	
5-28	799-803	wird	1. Richtig[1]	1. Angemessen[1]	1. Verständlich[1]	Jahresertrag/Energiedichte Vorhanden[1]	*[1]	*[1]	*[1]	*[1]	*[1]	Wirkungsgrad vorhanden[1]	Pro A[1]	Contra B[1]	Contra C[1]	_	_	Hauptteil[6]	4. Rebuttal[12]	
5-29	804-809	durch	1. Richtig[1]	1. Angemessen[1]	1. Verständlich[1]	Jahresertrag/Energiedichte Vorhanden[1]	*[1]	*[1]	*[1]	*[1]	*[1]	Wirkungsgrad vorhanden[1]	Pro A[1]	Contra B[1]	Contra C[1]	_	_	Hauptteil[6]	4. Rebuttal[12]	
5-30	810-813	den	1. Richtig[1]	1. Angemessen[1]	1. Verständlich[1]	Jahresertrag/Energiedichte Vorhanden[1]	*[1]	*[1]	*[1]	*[1]	*[1]	Wirkungsgrad vorhanden[1]	Pro A[1]	Contra B[1]	Contra C[1]	_	_	Hauptteil[6]	4. Rebuttal[12]	
5-31	814-821	bereits	1. Richtig[1]	1. Angemessen[1]	1. Verständlich[1]	Jahresertrag/Energiedichte Vorhanden[1]	*[1]	*[1]	*[1]	*[1]	*[1]	Wirkungsgrad vorhanden[1]	Pro A[1]	Contra B[1]	Contra C[1]	_	_	Hauptteil[6]	4. Rebuttal[12]	
5-32	822-831	erwähnten	1. Richtig[1]	1. Angemessen[1]	1. Verständlich[1]	Jahresertrag/Energiedichte Vorhanden[1]	*[1]	*[1]	*[1]	*[1]	*[1]	Wirkungsgrad vorhanden[1]	Pro A[1]	Contra B[1]	Contra C[1]	_	_	Hauptteil[6]	4. Rebuttal[12]	
5-33	832-837	stark	1. Richtig[1]	1. Angemessen[1]	1. Verständlich[1]	Jahresertrag/Energiedichte Vorhanden[1]	*[1]	*[1]	*[1]	*[1]	*[1]	Wirkungsgrad vorhanden[1]	Pro A[1]	Contra B[1]	Contra C[1]	_	_	Hauptteil[6]	4. Rebuttal[12]	
5-34	838-846	erhöhten	1. Richtig[1]	1. Angemessen[1]	1. Verständlich[1]	Jahresertrag/Energiedichte Vorhanden[1]	*[1]	*[1]	*[1]	*[1]	*[1]	Wirkungsgrad vorhanden[1]	Pro A[1]	Contra B[1]	Contra C[1]	_	_	Hauptteil[6]	4. Rebuttal[12]	
5-35	847-859	Wirkungsgrad	1. Richtig[1]	1. Angemessen[1]	1. Verständlich[1]	Jahresertrag/Energiedichte Vorhanden[1]	*[1]	*[1]	*[1]	*[1]	*[1]	Wirkungsgrad vorhanden[1]	Pro A[1]	Contra B[1]	Contra C[1]	_	_	Hauptteil[6]	4. Rebuttal[12]	
5-36	860-866	jedoch	1. Richtig[1]	1. Angemessen[1]	1. Verständlich[1]	Jahresertrag/Energiedichte Vorhanden[1]	*[1]	*[1]	*[1]	*[1]	*[1]	Wirkungsgrad vorhanden[1]	Pro A[1]	Contra B[1]	Contra C[1]	_	_	Hauptteil[6]	4. Rebuttal[12]	
5-37	867-871	mehr	1. Richtig[1]	1. Angemessen[1]	1. Verständlich[1]	Jahresertrag/Energiedichte Vorhanden[1]	*[1]	*[1]	*[1]	*[1]	*[1]	Wirkungsgrad vorhanden[1]	Pro A[1]	Contra B[1]	Contra C[1]	_	_	Hauptteil[6]	4. Rebuttal[12]	
5-38	872-875	als	1. Richtig[1]	1. Angemessen[1]	1. Verständlich[1]	Jahresertrag/Energiedichte Vorhanden[1]	*[1]	*[1]	*[1]	*[1]	*[1]	Wirkungsgrad vorhanden[1]	Pro A[1]	Contra B[1]	Contra C[1]	_	_	Hauptteil[6]	4. Rebuttal[12]	
5-39	876-888	ausgeglichen	1. Richtig[1]	1. Angemessen[1]	1. Verständlich[1]	Jahresertrag/Energiedichte Vorhanden[1]	*[1]	*[1]	*[1]	*[1]	*[1]	Wirkungsgrad vorhanden[1]	Pro A[1]	Contra B[1]	Contra C[1]	_	_	Hauptteil[6]	4. Rebuttal[12]	
5-40	888-889	.	1. Richtig[1]	1. Angemessen[1]	1. Verständlich[1]	Jahresertrag/Energiedichte Vorhanden[1]	*[1]	*[1]	*[1]	*[1]	*[1]	Wirkungsgrad vorhanden[1]	Pro A[1]	Contra B[1]	Contra C[1]	_	_	Hauptteil[6]	4. Rebuttal[12]	

6-1	891-896	Zudem	1. Richtig[2]	1. Angemessen[2]	1. Verständlich[2]	*[2]	Lebensdauer/Verfügbarkeit vorhanden[2]	*[2]	*[2]	*[2]	*[2]	*[2]	Pro A[2]	Contra B[2]	Contra C[2]	_	_	Hauptteil[6]	2. Data[13]	
6-2	897-903	bietet	1. Richtig[2]	1. Angemessen[2]	1. Verständlich[2]	*[2]	Lebensdauer/Verfügbarkeit vorhanden[2]	*[2]	*[2]	*[2]	*[2]	*[2]	Pro A[2]	Contra B[2]	Contra C[2]	_	_	Hauptteil[6]	2. Data[13]	
6-3	904-907	die	1. Richtig[2]	1. Angemessen[2]	1. Verständlich[2]	*[2]	Lebensdauer/Verfügbarkeit vorhanden[2]	*[2]	*[2]	*[2]	*[2]	*[2]	Pro A[2]	Contra B[2]	Contra C[2]	_	_	Hauptteil[6]	2. Data[13]	
6-4	908-925	Wasserkraftanlage	1. Richtig[2]	1. Angemessen[2]	1. Verständlich[2]	*[2]	Lebensdauer/Verfügbarkeit vorhanden[2]	*[2]	*[2]	*[2]	*[2]	*[2]	Pro A[2]	Contra B[2]	Contra C[2]	_	_	Hauptteil[6]	2. Data[13]	
6-5	926-929	mit	1. Richtig[2]	1. Angemessen[2]	1. Verständlich[2]	*[2]	Lebensdauer/Verfügbarkeit vorhanden[2]	*[2]	*[2]	*[2]	*[2]	*[2]	Pro A[2]	Contra B[2]	Contra C[2]	_	_	Hauptteil[6]	2. Data[13]	
6-6	930-932	80	1. Richtig[2]	1. Angemessen[2]	1. Verständlich[2]	*[2]	Lebensdauer/Verfügbarkeit vorhanden[2]	*[2]	*[2]	*[2]	*[2]	*[2]	Pro A[2]	Contra B[2]	Contra C[2]	_	_	Hauptteil[6]	2. Data[13]	
6-7	933-939	Jahren	1. Richtig[2]	1. Angemessen[2]	1. Verständlich[2]	*[2]	Lebensdauer/Verfügbarkeit vorhanden[2]	*[2]	*[2]	*[2]	*[2]	*[2]	Pro A[2]	Contra B[2]	Contra C[2]	_	_	Hauptteil[6]	2. Data[13]	
6-8	940-944	auch	1. Richtig[2]	1. Angemessen[2]	1. Verständlich[2]	*[2]	Lebensdauer/Verfügbarkeit vorhanden[2]	*[2]	*[2]	*[2]	*[2]	*[2]	Pro A[2]	Contra B[2]	Contra C[2]	_	_	Hauptteil[6]	2. Data[13]	
6-9	945-949	eine	1. Richtig[2]	1. Angemessen[2]	1. Verständlich[2]	*[2]	Lebensdauer/Verfügbarkeit vorhanden[2]	*[2]	*[2]	*[2]	*[2]	*[2]	Pro A[2]	Contra B[2]	Contra C[2]	_	_	Hauptteil[6]	2. Data[13]	
6-10	950-954	mehr	1. Richtig[2]	1. Angemessen[2]	1. Verständlich[2]	*[2]	Lebensdauer/Verfügbarkeit vorhanden[2]	*[2]	*[2]	*[2]	*[2]	*[2]	Pro A[2]	Contra B[2]	Contra C[2]	_	_	Hauptteil[6]	2. Data[13]	
6-11	955-958	als	1. Richtig[2]	1. Angemessen[2]	1. Verständlich[2]	*[2]	Lebensdauer/Verfügbarkeit vorhanden[2]	*[2]	*[2]	*[2]	*[2]	*[2]	Pro A[2]	Contra B[2]	Contra C[2]	_	_	Hauptteil[6]	2. Data[13]	
6-12	959-966	doppelt	1. Richtig[2]	1. Angemessen[2]	1. Verständlich[2]	*[2]	Lebensdauer/Verfügbarkeit vorhanden[2]	*[2]	*[2]	*[2]	*[2]	*[2]	Pro A[2]	Contra B[2]	Contra C[2]	_	_	Hauptteil[6]	2. Data[13]	
6-13	967-969	so	1. Richtig[2]	1. Angemessen[2]	1. Verständlich[2]	*[2]	Lebensdauer/Verfügbarkeit vorhanden[2]	*[2]	*[2]	*[2]	*[2]	*[2]	Pro A[2]	Contra B[2]	Contra C[2]	_	_	Hauptteil[6]	2. Data[13]	
6-14	970-974	hohe	1. Richtig[2]	1. Angemessen[2]	1. Verständlich[2]	*[2]	Lebensdauer/Verfügbarkeit vorhanden[2]	*[2]	*[2]	*[2]	*[2]	*[2]	Pro A[2]	Contra B[2]	Contra C[2]	_	_	Hauptteil[6]	2. Data[13]	
6-15	975-986	Lebensdauer	1. Richtig[2]	1. Angemessen[2]	1. Verständlich[2]	*[2]	Lebensdauer/Verfügbarkeit vorhanden[2]	*[2]	*[2]	*[2]	*[2]	*[2]	Pro A[2]	Contra B[2]	Contra C[2]	_	_	Hauptteil[6]	2. Data[13]	
6-16	987-990	wie	1. Richtig[2]	1. Angemessen[2]	1. Verständlich[2]	*[2]	Lebensdauer/Verfügbarkeit vorhanden[2]	*[2]	*[2]	*[2]	*[2]	*[2]	Pro A[2]	Contra B[2]	Contra C[2]	_	_	Hauptteil[6]	2. Data[13]	
6-17	991-994	ein	1. Richtig[2]	1. Angemessen[2]	1. Verständlich[2]	*[2]	Lebensdauer/Verfügbarkeit vorhanden[2]	*[2]	*[2]	*[2]	*[2]	*[2]	Pro A[2]	Contra B[2]	Contra C[2]	_	_	Hauptteil[6]	2. Data[13]	
6-18	995-1004	Solarpark	1. Richtig[2]	1. Angemessen[2]	1. Verständlich[2]	*[2]	Lebensdauer/Verfügbarkeit vorhanden[2]	*[2]	*[2]	*[2]	*[2]	*[2]	Pro A[2]	Contra B[2]	Contra C[2]	_	_	Hauptteil[6]	2. Data[13]	
6-19	1004-1005	(	1. Richtig[2]	1. Angemessen[2]	1. Verständlich[2]	*[2]	Lebensdauer/Verfügbarkeit vorhanden[2]	*[2]	*[2]	*[2]	*[2]	*[2]	Pro A[2]	Contra B[2]	Contra C[2]	_	_	Hauptteil[6]	2. Data[13]	
6-20	1005-1008	30J	1. Richtig[2]	1. Angemessen[2]	1. Verständlich[2]	*[2]	Lebensdauer/Verfügbarkeit vorhanden[2]	*[2]	*[2]	*[2]	*[2]	*[2]	Pro A[2]	Contra B[2]	Contra C[2]	_	_	Hauptteil[6]	2. Data[13]	
6-21	1008-1009	)	1. Richtig[2]	1. Angemessen[2]	1. Verständlich[2]	*[2]	Lebensdauer/Verfügbarkeit vorhanden[2]	*[2]	*[2]	*[2]	*[2]	*[2]	Pro A[2]	Contra B[2]	Contra C[2]	_	_	Hauptteil[6]	2. Data[13]	
6-22	1010-1013	und	1. Richtig[2]	1. Angemessen[2]	1. Verständlich[2]	*[2]	Lebensdauer/Verfügbarkeit vorhanden[2]	*[2]	*[2]	*[2]	*[2]	*[2]	Pro A[2]	Contra B[2]	Contra C[2]	_	_	Hauptteil[6]	2. Data[13]	
6-23	1014-1018	eine	1. Richtig[2]	1. Angemessen[2]	1. Verständlich[2]	*[2]	Lebensdauer/Verfügbarkeit vorhanden[2]	*[2]	*[2]	*[2]	*[2]	*[2]	Pro A[2]	Contra B[2]	Contra C[2]	_	_	Hauptteil[6]	2. Data[13]	
6-24	1019-1020	4	1. Richtig[2]	1. Angemessen[2]	1. Verständlich[2]	*[2]	Lebensdauer/Verfügbarkeit vorhanden[2]	*[2]	*[2]	*[2]	*[2]	*[2]	Pro A[2]	Contra B[2]	Contra C[2]	_	_	Hauptteil[6]	2. Data[13]	
6-25	1020-1021	-	1. Richtig[2]	1. Angemessen[2]	1. Verständlich[2]	*[2]	Lebensdauer/Verfügbarkeit vorhanden[2]	*[2]	*[2]	*[2]	*[2]	*[2]	Pro A[2]	Contra B[2]	Contra C[2]	_	_	Hauptteil[6]	2. Data[13]	
6-26	1021-1024	mal	1. Richtig[2]	1. Angemessen[2]	1. Verständlich[2]	*[2]	Lebensdauer/Verfügbarkeit vorhanden[2]	*[2]	*[2]	*[2]	*[2]	*[2]	Pro A[2]	Contra B[2]	Contra C[2]	_	_	Hauptteil[6]	2. Data[13]	
6-27	1025-1027	so	1. Richtig[2]	1. Angemessen[2]	1. Verständlich[2]	*[2]	Lebensdauer/Verfügbarkeit vorhanden[2]	*[2]	*[2]	*[2]	*[2]	*[2]	Pro A[2]	Contra B[2]	Contra C[2]	_	_	Hauptteil[6]	2. Data[13]	
6-28	1028-1032	hohe	1. Richtig[2]	1. Angemessen[2]	1. Verständlich[2]	*[2]	Lebensdauer/Verfügbarkeit vorhanden[2]	*[2]	*[2]	*[2]	*[2]	*[2]	Pro A[2]	Contra B[2]	Contra C[2]	_	_	Hauptteil[6]	2. Data[13]	
6-29	1033-1044	Lebensdauer	1. Richtig[2]	1. Angemessen[2]	1. Verständlich[2]	*[2]	Lebensdauer/Verfügbarkeit vorhanden[2]	*[2]	*[2]	*[2]	*[2]	*[2]	Pro A[2]	Contra B[2]	Contra C[2]	_	_	Hauptteil[6]	2. Data[13]	
6-30	1045-1048	wie	1. Richtig[2]	1. Angemessen[2]	1. Verständlich[2]	*[2]	Lebensdauer/Verfügbarkeit vorhanden[2]	*[2]	*[2]	*[2]	*[2]	*[2]	Pro A[2]	Contra B[2]	Contra C[2]	_	_	Hauptteil[6]	2. Data[13]	
6-31	1049-1052	ein	1. Richtig[2]	1. Angemessen[2]	1. Verständlich[2]	*[2]	Lebensdauer/Verfügbarkeit vorhanden[2]	*[2]	*[2]	*[2]	*[2]	*[2]	Pro A[2]	Contra B[2]	Contra C[2]	_	_	Hauptteil[6]	2. Data[13]	
6-32	1053-1061	Windpark	1. Richtig[2]	1. Angemessen[2]	1. Verständlich[2]	*[2]	Lebensdauer/Verfügbarkeit vorhanden[2]	*[2]	*[2]	*[2]	*[2]	*[2]	Pro A[2]	Contra B[2]	Contra C[2]	_	_	Hauptteil[6]	2. Data[13]	
6-33	1061-1062	(	1. Richtig[2]	1. Angemessen[2]	1. Verständlich[2]	*[2]	Lebensdauer/Verfügbarkeit vorhanden[2]	*[2]	*[2]	*[2]	*[2]	*[2]	Pro A[2]	Contra B[2]	Contra C[2]	_	_	Hauptteil[6]	2. Data[13]	
6-34	1062-1065	20J	1. Richtig[2]	1. Angemessen[2]	1. Verständlich[2]	*[2]	Lebensdauer/Verfügbarkeit vorhanden[2]	*[2]	*[2]	*[2]	*[2]	*[2]	Pro A[2]	Contra B[2]	Contra C[2]	_	_	Hauptteil[6]	2. Data[13]	
6-35	1065-1066	)	1. Richtig[2]	1. Angemessen[2]	1. Verständlich[2]	*[2]	Lebensdauer/Verfügbarkeit vorhanden[2]	*[2]	*[2]	*[2]	*[2]	*[2]	Pro A[2]	Contra B[2]	Contra C[2]	_	_	Hauptteil[6]	2. Data[13]	
6-36	1066-1067	.	1. Richtig[2]	1. Angemessen[2]	1. Verständlich[2]	*[2]	Lebensdauer/Verfügbarkeit vorhanden[2]	*[2]	*[2]	*[2]	*[2]	*[2]	Pro A[2]	Contra B[2]	Contra C[2]	_	_	Hauptteil[6]	2. Data[13]	

7-1	1069-1073	Auch	1. Richtig[3]	1. Angemessen[3]	1. Verständlich[3]	*[3]	*[3]	*[3]	*[3]	*[3]	Treibhausgasemissionen vorhanden[3]	*[3]	Pro A[3]	Contra B[3]	Pro C[3]	_	_	Hauptteil[6]	2. Data[14]	
7-2	1074-1077	die	1. Richtig[3]	1. Angemessen[3]	1. Verständlich[3]	*[3]	*[3]	*[3]	*[3]	*[3]	Treibhausgasemissionen vorhanden[3]	*[3]	Pro A[3]	Contra B[3]	Pro C[3]	_	_	Hauptteil[6]	2. Data[14]	
7-3	1078-1100	Treibhausgasemissionen	1. Richtig[3]	1. Angemessen[3]	1. Verständlich[3]	*[3]	*[3]	*[3]	*[3]	*[3]	Treibhausgasemissionen vorhanden[3]	*[3]	Pro A[3]	Contra B[3]	Pro C[3]	_	_	Hauptteil[6]	2. Data[14]	
7-4	1101-1107	liegen	1. Richtig[3]	1. Angemessen[3]	1. Verständlich[3]	*[3]	*[3]	*[3]	*[3]	*[3]	Treibhausgasemissionen vorhanden[3]	*[3]	Pro A[3]	Contra B[3]	Pro C[3]	_	_	Hauptteil[6]	2. Data[14]	
7-5	1108-1111	mit	1. Richtig[3]	1. Angemessen[3]	1. Verständlich[3]	*[3]	*[3]	*[3]	*[3]	*[3]	Treibhausgasemissionen vorhanden[3]	*[3]	Pro A[3]	Contra B[3]	Pro C[3]	_	_	Hauptteil[6]	2. Data[14]	
7-6	1112-1117	12000	1. Richtig[3]	1. Angemessen[3]	1. Verständlich[3]	*[3]	*[3]	*[3]	*[3]	*[3]	Treibhausgasemissionen vorhanden[3]	*[3]	Pro A[3]	Contra B[3]	Pro C[3]	_	_	Hauptteil[6]	2. Data[14]	
7-7	1118-1119	t	1. Richtig[3]	1. Angemessen[3]	1. Verständlich[3]	*[3]	*[3]	*[3]	*[3]	*[3]	Treibhausgasemissionen vorhanden[3]	*[3]	Pro A[3]	Contra B[3]	Pro C[3]	_	_	Hauptteil[6]	2. Data[14]	
7-8	1120-1130	wesentlich	1. Richtig[3]	1. Angemessen[3]	1. Verständlich[3]	*[3]	*[3]	*[3]	*[3]	*[3]	Treibhausgasemissionen vorhanden[3]	*[3]	Pro A[3]	Contra B[3]	Pro C[3]	_	_	Hauptteil[6]	2. Data[14]	
7-9	1131-1140	niedriger	1. Richtig[3]	1. Angemessen[3]	1. Verständlich[3]	*[3]	*[3]	*[3]	*[3]	*[3]	Treibhausgasemissionen vorhanden[3]	*[3]	Pro A[3]	Contra B[3]	Pro C[3]	_	_	Hauptteil[6]	2. Data[14]	
7-10	1141-1144	als	1. Richtig[3]	1. Angemessen[3]	1. Verständlich[3]	*[3]	*[3]	*[3]	*[3]	*[3]	Treibhausgasemissionen vorhanden[3]	*[3]	Pro A[3]	Contra B[3]	Pro C[3]	_	_	Hauptteil[6]	2. Data[14]	
7-11	1145-1148	die	1. Richtig[3]	1. Angemessen[3]	1. Verständlich[3]	*[3]	*[3]	*[3]	*[3]	*[3]	Treibhausgasemissionen vorhanden[3]	*[3]	Pro A[3]	Contra B[3]	Pro C[3]	_	_	Hauptteil[6]	2. Data[14]	
7-12	1149-1152	der	1. Richtig[3]	1. Angemessen[3]	1. Verständlich[3]	*[3]	*[3]	*[3]	*[3]	*[3]	Treibhausgasemissionen vorhanden[3]	*[3]	Pro A[3]	Contra B[3]	Pro C[3]	_	_	Hauptteil[6]	2. Data[14]	
7-13	1153-1163	Solarparks	1. Richtig[3]	1. Angemessen[3]	1. Verständlich[3]	*[3]	*[3]	*[3]	*[3]	*[3]	Treibhausgasemissionen vorhanden[3]	*[3]	Pro A[3]	Contra B[3]	Pro C[3]	_	_	Hauptteil[6]	2. Data[14]	
7-14	1164-1167	mit	1. Richtig[3]	1. Angemessen[3]	1. Verständlich[3]	*[3]	*[3]	*[3]	*[3]	*[3]	Treibhausgasemissionen vorhanden[3]	*[3]	Pro A[3]	Contra B[3]	Pro C[3]	_	_	Hauptteil[6]	2. Data[14]	
7-15	1168-1173	35000	1. Richtig[3]	1. Angemessen[3]	1. Verständlich[3]	*[3]	*[3]	*[3]	*[3]	*[3]	Treibhausgasemissionen vorhanden[3]	*[3]	Pro A[3]	Contra B[3]	Pro C[3]	_	_	Hauptteil[6]	2. Data[14]	
7-16	1174-1175	t	1. Richtig[3]	1. Angemessen[3]	1. Verständlich[3]	*[3]	*[3]	*[3]	*[3]	*[3]	Treibhausgasemissionen vorhanden[3]	*[3]	Pro A[3]	Contra B[3]	Pro C[3]	_	_	Hauptteil[6]	2. Data[14]	
7-17	1176-1179	und	1. Richtig[3]	1. Angemessen[3]	1. Verständlich[3]	*[3]	*[3]	*[3]	*[3]	*[3]	Treibhausgasemissionen vorhanden[3]	*[3]	Pro A[3]	Contra B[3]	Pro C[3]	_	_	Hauptteil[6]	2. Data[14]	
7-18	1180-1183	nur	1. Richtig[3]	1. Angemessen[3]	1. Verständlich[3]	*[3]	*[3]	*[3]	*[3]	*[3]	Treibhausgasemissionen vorhanden[3]	*[3]	Pro A[3]	Contra B[3]	Pro C[3]	_	_	Hauptteil[6]	2. Data[14]	
7-19	1184-1189	etwas	1. Richtig[3]	1. Angemessen[3]	1. Verständlich[3]	*[3]	*[3]	*[3]	*[3]	*[3]	Treibhausgasemissionen vorhanden[3]	*[3]	Pro A[3]	Contra B[3]	Pro C[3]	_	_	Hauptteil[6]	2. Data[14]	
7-20	1190-1195	höher	1. Richtig[3]	1. Angemessen[3]	1. Verständlich[3]	*[3]	*[3]	*[3]	*[3]	*[3]	Treibhausgasemissionen vorhanden[3]	*[3]	Pro A[3]	Contra B[3]	Pro C[3]	_	_	Hauptteil[6]	2. Data[14]	
7-21	1196-1199	als	1. Richtig[3]	1. Angemessen[3]	1. Verständlich[3]	*[3]	*[3]	*[3]	*[3]	*[3]	Treibhausgasemissionen vorhanden[3]	*[3]	Pro A[3]	Contra B[3]	Pro C[3]	_	_	Hauptteil[6]	2. Data[14]	
7-22	1200-1203	die	1. Richtig[3]	1. Angemessen[3]	1. Verständlich[3]	*[3]	*[3]	*[3]	*[3]	*[3]	Treibhausgasemissionen vorhanden[3]	*[3]	Pro A[3]	Contra B[3]	Pro C[3]	_	_	Hauptteil[6]	2. Data[14]	
7-23	1204-1207	der	1. Richtig[3]	1. Angemessen[3]	1. Verständlich[3]	*[3]	*[3]	*[3]	*[3]	*[3]	Treibhausgasemissionen vorhanden[3]	*[3]	Pro A[3]	Contra B[3]	Pro C[3]	_	_	Hauptteil[6]	2. Data[14]	
7-24	1208-1217	Windparks	1. Richtig[3]	1. Angemessen[3]	1. Verständlich[3]	*[3]	*[3]	*[3]	*[3]	*[3]	Treibhausgasemissionen vorhanden[3]	*[3]	Pro A[3]	Contra B[3]	Pro C[3]	_	_	Hauptteil[6]	2. Data[14]	
7-25	1218-1221	mit	1. Richtig[3]	1. Angemessen[3]	1. Verständlich[3]	*[3]	*[3]	*[3]	*[3]	*[3]	Treibhausgasemissionen vorhanden[3]	*[3]	Pro A[3]	Contra B[3]	Pro C[3]	_	_	Hauptteil[6]	2. Data[14]	
7-26	1222-1226	8800	1. Richtig[3]	1. Angemessen[3]	1. Verständlich[3]	*[3]	*[3]	*[3]	*[3]	*[3]	Treibhausgasemissionen vorhanden[3]	*[3]	Pro A[3]	Contra B[3]	Pro C[3]	_	_	Hauptteil[6]	2. Data[14]	
7-27	1227-1228	t	1. Richtig[3]	1. Angemessen[3]	1. Verständlich[3]	*[3]	*[3]	*[3]	*[3]	*[3]	Treibhausgasemissionen vorhanden[3]	*[3]	Pro A[3]	Contra B[3]	Pro C[3]	_	_	Hauptteil[6]	2. Data[14]	
7-28	1228-1229	.	1. Richtig[3]	1. Angemessen[3]	1. Verständlich[3]	*[3]	*[3]	*[3]	*[3]	*[3]	Treibhausgasemissionen vorhanden[3]	*[3]	Pro A[3]	Contra B[3]	Pro C[3]	_	_	Hauptteil[6]	2. Data[14]	

8-1	1231-1236	Somit	_	_	_	_	_	_	_	_	_	_	_	_	_	2. Cut-off[4]	Gesamtthese[4]	Schluss[7]	_	
8-2	1237-1241	wäre	_	_	_	_	_	_	_	_	_	_	_	_	_	2. Cut-off[4]	Gesamtthese[4]	Schluss[7]	_	
8-3	1242-1244	in	_	_	_	_	_	_	_	_	_	_	_	_	_	2. Cut-off[4]	Gesamtthese[4]	Schluss[7]	_	
8-4	1245-1251	meinen	_	_	_	_	_	_	_	_	_	_	_	_	_	2. Cut-off[4]	Gesamtthese[4]	Schluss[7]	_	
8-5	1252-1257	Augen	_	_	_	_	_	_	_	_	_	_	_	_	_	2. Cut-off[4]	Gesamtthese[4]	Schluss[7]	_	
8-6	1258-1261	die	_	_	_	_	_	_	_	_	_	_	_	_	_	2. Cut-off[4]	Gesamtthese[4]	Schluss[7]	_	
8-7	1262-1279	Wasserkraftanlage	_	_	_	_	_	_	_	_	_	_	_	_	_	2. Cut-off[4]	Gesamtthese[4]	Schluss[7]	_	
8-8	1280-1283	die	_	_	_	_	_	_	_	_	_	_	_	_	_	2. Cut-off[4]	Gesamtthese[4]	Schluss[7]	_	
8-9	1284-1292	richtige	_	_	_	_	_	_	_	_	_	_	_	_	_	2. Cut-off[4]	Gesamtthese[4]	Schluss[7]	_	
8-10	1293-1297	Wahl	_	_	_	_	_	_	_	_	_	_	_	_	_	2. Cut-off[4]	Gesamtthese[4]	Schluss[7]	_	
8-11	1297-1298	,	_	_	_	_	_	_	_	_	_	_	_	_	_	2. Cut-off[4]	Gesamtthese[4]	Schluss[7]	_	
8-12	1299-1301	da	_	_	_	_	_	_	_	_	_	_	_	_	_	2. Cut-off[4]	Gesamtthese[4]	Schluss[7]	_	
8-13	1302-1307	diese	_	_	_	_	_	_	_	_	_	_	_	_	_	2. Cut-off[4]	Gesamtthese[4]	Schluss[7]	_	
8-14	1308-1312	eine	_	_	_	_	_	_	_	_	_	_	_	_	_	2. Cut-off[4]	Gesamtthese[4]	Schluss[7]	_	
8-15	1313-1317	gute	_	_	_	_	_	_	_	_	_	_	_	_	_	2. Cut-off[4]	Gesamtthese[4]	Schluss[7]	_	
8-16	1318-1336	Treibhausgasbilanz	_	_	_	_	_	_	_	_	_	_	_	_	_	2. Cut-off[4]	Gesamtthese[4]	Schluss[7]	_	
8-17	1337-1343	bietet	_	_	_	_	_	_	_	_	_	_	_	_	_	2. Cut-off[4]	Gesamtthese[4]	Schluss[7]	_	
8-18	1344-1347	und	_	_	_	_	_	_	_	_	_	_	_	_	_	2. Cut-off[4]	Gesamtthese[4]	Schluss[7]	_	
8-19	1348-1352	eine	_	_	_	_	_	_	_	_	_	_	_	_	_	2. Cut-off[4]	Gesamtthese[4]	Schluss[7]	_	
8-20	1353-1363	wesentlich	_	_	_	_	_	_	_	_	_	_	_	_	_	2. Cut-off[4]	Gesamtthese[4]	Schluss[7]	_	
8-21	1364-1370	höhere	_	_	_	_	_	_	_	_	_	_	_	_	_	2. Cut-off[4]	Gesamtthese[4]	Schluss[7]	_	
8-22	1371-1387	Energieeffizienz	_	_	_	_	_	_	_	_	_	_	_	_	_	2. Cut-off[4]	Gesamtthese[4]	Schluss[7]	_	
8-23	1388-1391	und	_	_	_	_	_	_	_	_	_	_	_	_	_	2. Cut-off[4]	Gesamtthese[4]	Schluss[7]	_	
8-24	1392-1403	Lebensdauer	_	_	_	_	_	_	_	_	_	_	_	_	_	2. Cut-off[4]	Gesamtthese[4]	Schluss[7]	_	
8-25	1404-1410	bietet	_	_	_	_	_	_	_	_	_	_	_	_	_	2. Cut-off[4]	Gesamtthese[4]	Schluss[7]	_	
