#FORMAT=WebAnno TSV 3.3
#T_SP=webanno.custom.Argument|Accuracy|Adequacy|Clarity|KriteriumJahresertragEnergiedichte|KriteriumLebensdauerVerfgbarkeit|KriteriumLokaleEmissionenGeruschemissionen|KriteriumPreisBetrieb|KriteriumSonstiges|KriteriumTreibhausgasemissionen|KriteriumWirkungsgrad|OptionA|OptionB|OptionC
#T_SP=webanno.custom.DecisionMakingStrategies|Decision|Gesamtthese
#T_SP=webanno.custom.Struktur|Struktur
#T_SP=webanno.custom.StrukturTAP|TAPArgumente


1-1	0-3	Die	3. Nicht zutreffend[1]	3. Nicht zutreffend[1]	2. Schwer verständlich[1]	Jahresertrag/Energiedichte Vorhanden[1]	Lebensdauer/Verfügbarkeit vorhanden[1]	*[1]	Preis/Betrieb vorhanden[1]	*[1]	Treibhausgasemissionen vorhanden[1]	Wirkungsgrad vorhanden[1]	Unklar A[1]	Unklar B[1]	Unklar C[1]	_	_	Hauptteil[7]	1. Claim[8]	
1-2	4-15	wichtigsten	3. Nicht zutreffend[1]	3. Nicht zutreffend[1]	2. Schwer verständlich[1]	Jahresertrag/Energiedichte Vorhanden[1]	Lebensdauer/Verfügbarkeit vorhanden[1]	*[1]	Preis/Betrieb vorhanden[1]	*[1]	Treibhausgasemissionen vorhanden[1]	Wirkungsgrad vorhanden[1]	Unklar A[1]	Unklar B[1]	Unklar C[1]	_	_	Hauptteil[7]	1. Claim[8]	
1-3	16-26	Krieterien	3. Nicht zutreffend[1]	3. Nicht zutreffend[1]	2. Schwer verständlich[1]	Jahresertrag/Energiedichte Vorhanden[1]	Lebensdauer/Verfügbarkeit vorhanden[1]	*[1]	Preis/Betrieb vorhanden[1]	*[1]	Treibhausgasemissionen vorhanden[1]	Wirkungsgrad vorhanden[1]	Unklar A[1]	Unklar B[1]	Unklar C[1]	_	_	Hauptteil[7]	1. Claim[8]	
1-4	27-31	sind	3. Nicht zutreffend[1]	3. Nicht zutreffend[1]	2. Schwer verständlich[1]	Jahresertrag/Energiedichte Vorhanden[1]	Lebensdauer/Verfügbarkeit vorhanden[1]	*[1]	Preis/Betrieb vorhanden[1]	*[1]	Treibhausgasemissionen vorhanden[1]	Wirkungsgrad vorhanden[1]	Unklar A[1]	Unklar B[1]	Unklar C[1]	_	_	Hauptteil[7]	1. Claim[8]	
1-5	32-34	in	3. Nicht zutreffend[1]	3. Nicht zutreffend[1]	2. Schwer verständlich[1]	Jahresertrag/Energiedichte Vorhanden[1]	Lebensdauer/Verfügbarkeit vorhanden[1]	*[1]	Preis/Betrieb vorhanden[1]	*[1]	Treibhausgasemissionen vorhanden[1]	Wirkungsgrad vorhanden[1]	Unklar A[1]	Unklar B[1]	Unklar C[1]	_	_	Hauptteil[7]	1. Claim[8]	
1-6	35-41	diesem	3. Nicht zutreffend[1]	3. Nicht zutreffend[1]	2. Schwer verständlich[1]	Jahresertrag/Energiedichte Vorhanden[1]	Lebensdauer/Verfügbarkeit vorhanden[1]	*[1]	Preis/Betrieb vorhanden[1]	*[1]	Treibhausgasemissionen vorhanden[1]	Wirkungsgrad vorhanden[1]	Unklar A[1]	Unklar B[1]	Unklar C[1]	_	_	Hauptteil[7]	1. Claim[8]	
1-7	42-46	Fall	3. Nicht zutreffend[1]	3. Nicht zutreffend[1]	2. Schwer verständlich[1]	Jahresertrag/Energiedichte Vorhanden[1]	Lebensdauer/Verfügbarkeit vorhanden[1]	*[1]	Preis/Betrieb vorhanden[1]	*[1]	Treibhausgasemissionen vorhanden[1]	Wirkungsgrad vorhanden[1]	Unklar A[1]	Unklar B[1]	Unklar C[1]	_	_	Hauptteil[7]	1. Claim[8]	
1-8	47-50	der	3. Nicht zutreffend[1]	3. Nicht zutreffend[1]	2. Schwer verständlich[1]	Jahresertrag/Energiedichte Vorhanden[1]	Lebensdauer/Verfügbarkeit vorhanden[1]	*[1]	Preis/Betrieb vorhanden[1]	*[1]	Treibhausgasemissionen vorhanden[1]	Wirkungsgrad vorhanden[1]	Unklar A[1]	Unklar B[1]	Unklar C[1]	_	_	Hauptteil[7]	1. Claim[8]	
1-9	51-69	Gesamtwirkungsgrad	3. Nicht zutreffend[1]	3. Nicht zutreffend[1]	2. Schwer verständlich[1]	Jahresertrag/Energiedichte Vorhanden[1]	Lebensdauer/Verfügbarkeit vorhanden[1]	*[1]	Preis/Betrieb vorhanden[1]	*[1]	Treibhausgasemissionen vorhanden[1]	Wirkungsgrad vorhanden[1]	Unklar A[1]	Unklar B[1]	Unklar C[1]	_	_	Hauptteil[7]	1. Claim[8]	
1-10	69-70	,	3. Nicht zutreffend[1]	3. Nicht zutreffend[1]	2. Schwer verständlich[1]	Jahresertrag/Energiedichte Vorhanden[1]	Lebensdauer/Verfügbarkeit vorhanden[1]	*[1]	Preis/Betrieb vorhanden[1]	*[1]	Treibhausgasemissionen vorhanden[1]	Wirkungsgrad vorhanden[1]	Unklar A[1]	Unklar B[1]	Unklar C[1]	_	_	Hauptteil[7]	1. Claim[8]	
1-11	71-74	die	3. Nicht zutreffend[1]	3. Nicht zutreffend[1]	2. Schwer verständlich[1]	Jahresertrag/Energiedichte Vorhanden[1]	Lebensdauer/Verfügbarkeit vorhanden[1]	*[1]	Preis/Betrieb vorhanden[1]	*[1]	Treibhausgasemissionen vorhanden[1]	Wirkungsgrad vorhanden[1]	Unklar A[1]	Unklar B[1]	Unklar C[1]	_	_	Hauptteil[7]	1. Claim[8]	
1-12	75-88	Massebezogene	3. Nicht zutreffend[1]	3. Nicht zutreffend[1]	2. Schwer verständlich[1]	Jahresertrag/Energiedichte Vorhanden[1]	Lebensdauer/Verfügbarkeit vorhanden[1]	*[1]	Preis/Betrieb vorhanden[1]	*[1]	Treibhausgasemissionen vorhanden[1]	Wirkungsgrad vorhanden[1]	Unklar A[1]	Unklar B[1]	Unklar C[1]	_	_	Hauptteil[7]	1. Claim[8]	
1-13	89-102	Energiedichte	3. Nicht zutreffend[1]	3. Nicht zutreffend[1]	2. Schwer verständlich[1]	Jahresertrag/Energiedichte Vorhanden[1]	Lebensdauer/Verfügbarkeit vorhanden[1]	*[1]	Preis/Betrieb vorhanden[1]	*[1]	Treibhausgasemissionen vorhanden[1]	Wirkungsgrad vorhanden[1]	Unklar A[1]	Unklar B[1]	Unklar C[1]	_	_	Hauptteil[7]	1. Claim[8]	
1-14	103-106	und	3. Nicht zutreffend[1]	3. Nicht zutreffend[1]	2. Schwer verständlich[1]	Jahresertrag/Energiedichte Vorhanden[1]	Lebensdauer/Verfügbarkeit vorhanden[1]	*[1]	Preis/Betrieb vorhanden[1]	*[1]	Treibhausgasemissionen vorhanden[1]	Wirkungsgrad vorhanden[1]	Unklar A[1]	Unklar B[1]	Unklar C[1]	_	_	Hauptteil[7]	1. Claim[8]	
1-15	107-110	die	3. Nicht zutreffend[1]	3. Nicht zutreffend[1]	2. Schwer verständlich[1]	Jahresertrag/Energiedichte Vorhanden[1]	Lebensdauer/Verfügbarkeit vorhanden[1]	*[1]	Preis/Betrieb vorhanden[1]	*[1]	Treibhausgasemissionen vorhanden[1]	Wirkungsgrad vorhanden[1]	Unklar A[1]	Unklar B[1]	Unklar C[1]	_	_	Hauptteil[7]	1. Claim[8]	
1-16	111-124	Verfügbarkeit	3. Nicht zutreffend[1]	3. Nicht zutreffend[1]	2. Schwer verständlich[1]	Jahresertrag/Energiedichte Vorhanden[1]	Lebensdauer/Verfügbarkeit vorhanden[1]	*[1]	Preis/Betrieb vorhanden[1]	*[1]	Treibhausgasemissionen vorhanden[1]	Wirkungsgrad vorhanden[1]	Unklar A[1]	Unklar B[1]	Unklar C[1]	_	_	Hauptteil[7]	1. Claim[8]	
1-17	124-125	.	3. Nicht zutreffend[1]	3. Nicht zutreffend[1]	2. Schwer verständlich[1]	Jahresertrag/Energiedichte Vorhanden[1]	Lebensdauer/Verfügbarkeit vorhanden[1]	*[1]	Preis/Betrieb vorhanden[1]	*[1]	Treibhausgasemissionen vorhanden[1]	Wirkungsgrad vorhanden[1]	Unklar A[1]	Unklar B[1]	Unklar C[1]	_	_	Hauptteil[7]	1. Claim[8]	

2-1	127-131	Denn	3. Nicht zutreffend[1]	3. Nicht zutreffend[1]	2. Schwer verständlich[1]	Jahresertrag/Energiedichte Vorhanden[1]	Lebensdauer/Verfügbarkeit vorhanden[1]	*[1]	Preis/Betrieb vorhanden[1]	*[1]	Treibhausgasemissionen vorhanden[1]	Wirkungsgrad vorhanden[1]	Unklar A[1]	Unklar B[1]	Unklar C[1]	_	_	Hauptteil[7]	2. Data[9]	
2-2	132-136	alle	3. Nicht zutreffend[1]	3. Nicht zutreffend[1]	2. Schwer verständlich[1]	Jahresertrag/Energiedichte Vorhanden[1]	Lebensdauer/Verfügbarkeit vorhanden[1]	*[1]	Preis/Betrieb vorhanden[1]	*[1]	Treibhausgasemissionen vorhanden[1]	Wirkungsgrad vorhanden[1]	Unklar A[1]	Unklar B[1]	Unklar C[1]	_	_	Hauptteil[7]	2. Data[9]	
2-3	137-141	drei	3. Nicht zutreffend[1]	3. Nicht zutreffend[1]	2. Schwer verständlich[1]	Jahresertrag/Energiedichte Vorhanden[1]	Lebensdauer/Verfügbarkeit vorhanden[1]	*[1]	Preis/Betrieb vorhanden[1]	*[1]	Treibhausgasemissionen vorhanden[1]	Wirkungsgrad vorhanden[1]	Unklar A[1]	Unklar B[1]	Unklar C[1]	_	_	Hauptteil[7]	2. Data[9]	
2-4	142-147	Arten	3. Nicht zutreffend[1]	3. Nicht zutreffend[1]	2. Schwer verständlich[1]	Jahresertrag/Energiedichte Vorhanden[1]	Lebensdauer/Verfügbarkeit vorhanden[1]	*[1]	Preis/Betrieb vorhanden[1]	*[1]	Treibhausgasemissionen vorhanden[1]	Wirkungsgrad vorhanden[1]	Unklar A[1]	Unklar B[1]	Unklar C[1]	_	_	Hauptteil[7]	2. Data[9]	
2-5	148-152	sind	3. Nicht zutreffend[1]	3. Nicht zutreffend[1]	2. Schwer verständlich[1]	Jahresertrag/Energiedichte Vorhanden[1]	Lebensdauer/Verfügbarkeit vorhanden[1]	*[1]	Preis/Betrieb vorhanden[1]	*[1]	Treibhausgasemissionen vorhanden[1]	Wirkungsgrad vorhanden[1]	Unklar A[1]	Unklar B[1]	Unklar C[1]	_	_	Hauptteil[7]	2. Data[9]	
2-6	153-160	ungefär	3. Nicht zutreffend[1]	3. Nicht zutreffend[1]	2. Schwer verständlich[1]	Jahresertrag/Energiedichte Vorhanden[1]	Lebensdauer/Verfügbarkeit vorhanden[1]	*[1]	Preis/Betrieb vorhanden[1]	*[1]	Treibhausgasemissionen vorhanden[1]	Wirkungsgrad vorhanden[1]	Unklar A[1]	Unklar B[1]	Unklar C[1]	_	_	Hauptteil[7]	2. Data[9]	
2-7	161-167	gleich	3. Nicht zutreffend[1]	3. Nicht zutreffend[1]	2. Schwer verständlich[1]	Jahresertrag/Energiedichte Vorhanden[1]	Lebensdauer/Verfügbarkeit vorhanden[1]	*[1]	Preis/Betrieb vorhanden[1]	*[1]	Treibhausgasemissionen vorhanden[1]	Wirkungsgrad vorhanden[1]	Unklar A[1]	Unklar B[1]	Unklar C[1]	_	_	Hauptteil[7]	2. Data[9]	
2-8	168-172	laut	3. Nicht zutreffend[1]	3. Nicht zutreffend[1]	2. Schwer verständlich[1]	Jahresertrag/Energiedichte Vorhanden[1]	Lebensdauer/Verfügbarkeit vorhanden[1]	*[1]	Preis/Betrieb vorhanden[1]	*[1]	Treibhausgasemissionen vorhanden[1]	Wirkungsgrad vorhanden[1]	Unklar A[1]	Unklar B[1]	Unklar C[1]	_	_	Hauptteil[7]	2. Data[9]	
2-9	172-173	,	3. Nicht zutreffend[1]	3. Nicht zutreffend[1]	2. Schwer verständlich[1]	Jahresertrag/Energiedichte Vorhanden[1]	Lebensdauer/Verfügbarkeit vorhanden[1]	*[1]	Preis/Betrieb vorhanden[1]	*[1]	Treibhausgasemissionen vorhanden[1]	Wirkungsgrad vorhanden[1]	Unklar A[1]	Unklar B[1]	Unklar C[1]	_	_	Hauptteil[7]	2. Data[9]	
2-10	174-177	die	3. Nicht zutreffend[1]	3. Nicht zutreffend[1]	2. Schwer verständlich[1]	Jahresertrag/Energiedichte Vorhanden[1]	Lebensdauer/Verfügbarkeit vorhanden[1]	*[1]	Preis/Betrieb vorhanden[1]	*[1]	Treibhausgasemissionen vorhanden[1]	Wirkungsgrad vorhanden[1]	Unklar A[1]	Unklar B[1]	Unklar C[1]	_	_	Hauptteil[7]	1. Claim[10]	
2-11	178-190	Treibhausgas	3. Nicht zutreffend[1]	3. Nicht zutreffend[1]	2. Schwer verständlich[1]	Jahresertrag/Energiedichte Vorhanden[1]	Lebensdauer/Verfügbarkeit vorhanden[1]	*[1]	Preis/Betrieb vorhanden[1]	*[1]	Treibhausgasemissionen vorhanden[1]	Wirkungsgrad vorhanden[1]	Unklar A[1]	Unklar B[1]	Unklar C[1]	_	_	Hauptteil[7]	1. Claim[10]	
2-12	191-202	emmissionen	3. Nicht zutreffend[1]	3. Nicht zutreffend[1]	2. Schwer verständlich[1]	Jahresertrag/Energiedichte Vorhanden[1]	Lebensdauer/Verfügbarkeit vorhanden[1]	*[1]	Preis/Betrieb vorhanden[1]	*[1]	Treibhausgasemissionen vorhanden[1]	Wirkungsgrad vorhanden[1]	Unklar A[1]	Unklar B[1]	Unklar C[1]	_	_	Hauptteil[7]	1. Claim[10]	
2-13	203-207	sind	3. Nicht zutreffend[1]	3. Nicht zutreffend[1]	2. Schwer verständlich[1]	Jahresertrag/Energiedichte Vorhanden[1]	Lebensdauer/Verfügbarkeit vorhanden[1]	*[1]	Preis/Betrieb vorhanden[1]	*[1]	Treibhausgasemissionen vorhanden[1]	Wirkungsgrad vorhanden[1]	Unklar A[1]	Unklar B[1]	Unklar C[1]	_	_	Hauptteil[7]	1. Claim[10]	
2-14	208-212	mehr	3. Nicht zutreffend[1]	3. Nicht zutreffend[1]	2. Schwer verständlich[1]	Jahresertrag/Energiedichte Vorhanden[1]	Lebensdauer/Verfügbarkeit vorhanden[1]	*[1]	Preis/Betrieb vorhanden[1]	*[1]	Treibhausgasemissionen vorhanden[1]	Wirkungsgrad vorhanden[1]	Unklar A[1]	Unklar B[1]	Unklar C[1]	_	_	Hauptteil[7]	1. Claim[10]	
2-15	213-217	oder	3. Nicht zutreffend[1]	3. Nicht zutreffend[1]	2. Schwer verständlich[1]	Jahresertrag/Energiedichte Vorhanden[1]	Lebensdauer/Verfügbarkeit vorhanden[1]	*[1]	Preis/Betrieb vorhanden[1]	*[1]	Treibhausgasemissionen vorhanden[1]	Wirkungsgrad vorhanden[1]	Unklar A[1]	Unklar B[1]	Unklar C[1]	_	_	Hauptteil[7]	1. Claim[10]	
2-16	218-225	weniger	3. Nicht zutreffend[1]	3. Nicht zutreffend[1]	2. Schwer verständlich[1]	Jahresertrag/Energiedichte Vorhanden[1]	Lebensdauer/Verfügbarkeit vorhanden[1]	*[1]	Preis/Betrieb vorhanden[1]	*[1]	Treibhausgasemissionen vorhanden[1]	Wirkungsgrad vorhanden[1]	Unklar A[1]	Unklar B[1]	Unklar C[1]	_	_	Hauptteil[7]	1. Claim[10]	
2-17	226-242	vernachlässigbar	3. Nicht zutreffend[1]	3. Nicht zutreffend[1]	2. Schwer verständlich[1]	Jahresertrag/Energiedichte Vorhanden[1]	Lebensdauer/Verfügbarkeit vorhanden[1]	*[1]	Preis/Betrieb vorhanden[1]	*[1]	Treibhausgasemissionen vorhanden[1]	Wirkungsgrad vorhanden[1]	Unklar A[1]	Unklar B[1]	Unklar C[1]	_	_	Hauptteil[7]	1. Claim[10]	
2-18	242-243	,	3. Nicht zutreffend[1]	3. Nicht zutreffend[1]	2. Schwer verständlich[1]	Jahresertrag/Energiedichte Vorhanden[1]	Lebensdauer/Verfügbarkeit vorhanden[1]	*[1]	Preis/Betrieb vorhanden[1]	*[1]	Treibhausgasemissionen vorhanden[1]	Wirkungsgrad vorhanden[1]	Unklar A[1]	Unklar B[1]	Unklar C[1]	_	_	Hauptteil[7]	1. Claim[10]	
2-19	244-246	da	3. Nicht zutreffend[1]	3. Nicht zutreffend[1]	2. Schwer verständlich[1]	Jahresertrag/Energiedichte Vorhanden[1]	Lebensdauer/Verfügbarkeit vorhanden[1]	*[1]	Preis/Betrieb vorhanden[1]	*[1]	Treibhausgasemissionen vorhanden[1]	Wirkungsgrad vorhanden[1]	Unklar A[1]	Unklar B[1]	Unklar C[1]	_	_	Hauptteil[7]	1. Claim[11]	
2-20	247-250	die	3. Nicht zutreffend[1]	3. Nicht zutreffend[1]	2. Schwer verständlich[1]	Jahresertrag/Energiedichte Vorhanden[1]	Lebensdauer/Verfügbarkeit vorhanden[1]	*[1]	Preis/Betrieb vorhanden[1]	*[1]	Treibhausgasemissionen vorhanden[1]	Wirkungsgrad vorhanden[1]	Unklar A[1]	Unklar B[1]	Unklar C[1]	_	_	Hauptteil[7]	1. Claim[11]	
2-21	251-270	Produktionsmethoden	3. Nicht zutreffend[1]	3. Nicht zutreffend[1]	2. Schwer verständlich[1]	Jahresertrag/Energiedichte Vorhanden[1]	Lebensdauer/Verfügbarkeit vorhanden[1]	*[1]	Preis/Betrieb vorhanden[1]	*[1]	Treibhausgasemissionen vorhanden[1]	Wirkungsgrad vorhanden[1]	Unklar A[1]	Unklar B[1]	Unklar C[1]	_	_	Hauptteil[7]	1. Claim[11]	
2-22	271-280	ebenfalls	3. Nicht zutreffend[1]	3. Nicht zutreffend[1]	2. Schwer verständlich[1]	Jahresertrag/Energiedichte Vorhanden[1]	Lebensdauer/Verfügbarkeit vorhanden[1]	*[1]	Preis/Betrieb vorhanden[1]	*[1]	Treibhausgasemissionen vorhanden[1]	Wirkungsgrad vorhanden[1]	Unklar A[1]	Unklar B[1]	Unklar C[1]	_	_	Hauptteil[7]	1. Claim[11]	
2-23	281-284	mit	3. Nicht zutreffend[1]	3. Nicht zutreffend[1]	2. Schwer verständlich[1]	Jahresertrag/Energiedichte Vorhanden[1]	Lebensdauer/Verfügbarkeit vorhanden[1]	*[1]	Preis/Betrieb vorhanden[1]	*[1]	Treibhausgasemissionen vorhanden[1]	Wirkungsgrad vorhanden[1]	Unklar A[1]	Unklar B[1]	Unklar C[1]	_	_	Hauptteil[7]	1. Claim[11]	
2-24	285-288	der	3. Nicht zutreffend[1]	3. Nicht zutreffend[1]	2. Schwer verständlich[1]	Jahresertrag/Energiedichte Vorhanden[1]	Lebensdauer/Verfügbarkeit vorhanden[1]	*[1]	Preis/Betrieb vorhanden[1]	*[1]	Treibhausgasemissionen vorhanden[1]	Wirkungsgrad vorhanden[1]	Unklar A[1]	Unklar B[1]	Unklar C[1]	_	_	Hauptteil[7]	1. Claim[11]	
2-25	289-293	Zeit	3. Nicht zutreffend[1]	3. Nicht zutreffend[1]	2. Schwer verständlich[1]	Jahresertrag/Energiedichte Vorhanden[1]	Lebensdauer/Verfügbarkeit vorhanden[1]	*[1]	Preis/Betrieb vorhanden[1]	*[1]	Treibhausgasemissionen vorhanden[1]	Wirkungsgrad vorhanden[1]	Unklar A[1]	Unklar B[1]	Unklar C[1]	_	_	Hauptteil[7]	1. Claim[11]	
2-26	294-305	effektiever	3. Nicht zutreffend[1]	3. Nicht zutreffend[1]	2. Schwer verständlich[1]	Jahresertrag/Energiedichte Vorhanden[1]	Lebensdauer/Verfügbarkeit vorhanden[1]	*[1]	Preis/Betrieb vorhanden[1]	*[1]	Treibhausgasemissionen vorhanden[1]	Wirkungsgrad vorhanden[1]	Unklar A[1]	Unklar B[1]	Unklar C[1]	_	_	Hauptteil[7]	1. Claim[11]	
2-27	306-312	werden	3. Nicht zutreffend[1]	3. Nicht zutreffend[1]	2. Schwer verständlich[1]	Jahresertrag/Energiedichte Vorhanden[1]	Lebensdauer/Verfügbarkeit vorhanden[1]	*[1]	Preis/Betrieb vorhanden[1]	*[1]	Treibhausgasemissionen vorhanden[1]	Wirkungsgrad vorhanden[1]	Unklar A[1]	Unklar B[1]	Unklar C[1]	_	_	Hauptteil[7]	1. Claim[11]	
2-28	313-316	und	3. Nicht zutreffend[1]	3. Nicht zutreffend[1]	2. Schwer verständlich[1]	Jahresertrag/Energiedichte Vorhanden[1]	Lebensdauer/Verfügbarkeit vorhanden[1]	*[1]	Preis/Betrieb vorhanden[1]	*[1]	Treibhausgasemissionen vorhanden[1]	Wirkungsgrad vorhanden[1]	Unklar A[1]	Unklar B[1]	Unklar C[1]	_	_	Hauptteil[7]	2. Data[12]	
2-29	317-319	da	3. Nicht zutreffend[1]	3. Nicht zutreffend[1]	2. Schwer verständlich[1]	Jahresertrag/Energiedichte Vorhanden[1]	Lebensdauer/Verfügbarkeit vorhanden[1]	*[1]	Preis/Betrieb vorhanden[1]	*[1]	Treibhausgasemissionen vorhanden[1]	Wirkungsgrad vorhanden[1]	Unklar A[1]	Unklar B[1]	Unklar C[1]	_	_	Hauptteil[7]	2. Data[12]	
2-30	320-323	99%	3. Nicht zutreffend[1]	3. Nicht zutreffend[1]	2. Schwer verständlich[1]	Jahresertrag/Energiedichte Vorhanden[1]	Lebensdauer/Verfügbarkeit vorhanden[1]	*[1]	Preis/Betrieb vorhanden[1]	*[1]	Treibhausgasemissionen vorhanden[1]	Wirkungsgrad vorhanden[1]	Unklar A[1]	Unklar B[1]	Unklar C[1]	_	_	Hauptteil[7]	2. Data[12]	
2-31	324-327	nur	3. Nicht zutreffend[1]	3. Nicht zutreffend[1]	2. Schwer verständlich[1]	Jahresertrag/Energiedichte Vorhanden[1]	Lebensdauer/Verfügbarkeit vorhanden[1]	*[1]	Preis/Betrieb vorhanden[1]	*[1]	Treibhausgasemissionen vorhanden[1]	Wirkungsgrad vorhanden[1]	Unklar A[1]	Unklar B[1]	Unklar C[1]	_	_	Hauptteil[7]	2. Data[12]	
2-32	328-330	ca	3. Nicht zutreffend[1]	3. Nicht zutreffend[1]	2. Schwer verständlich[1]	Jahresertrag/Energiedichte Vorhanden[1]	Lebensdauer/Verfügbarkeit vorhanden[1]	*[1]	Preis/Betrieb vorhanden[1]	*[1]	Treibhausgasemissionen vorhanden[1]	Wirkungsgrad vorhanden[1]	Unklar A[1]	Unklar B[1]	Unklar C[1]	_	_	Hauptteil[7]	2. Data[12]	
2-33	330-331	.	3. Nicht zutreffend[1]	3. Nicht zutreffend[1]	2. Schwer verständlich[1]	Jahresertrag/Energiedichte Vorhanden[1]	Lebensdauer/Verfügbarkeit vorhanden[1]	*[1]	Preis/Betrieb vorhanden[1]	*[1]	Treibhausgasemissionen vorhanden[1]	Wirkungsgrad vorhanden[1]	Unklar A[1]	Unklar B[1]	Unklar C[1]	_	_	Hauptteil[7]	2. Data[12]	
2-34	333-337	40Km	3. Nicht zutreffend[1]	3. Nicht zutreffend[1]	2. Schwer verständlich[1]	Jahresertrag/Energiedichte Vorhanden[1]	Lebensdauer/Verfügbarkeit vorhanden[1]	*[1]	Preis/Betrieb vorhanden[1]	*[1]	Treibhausgasemissionen vorhanden[1]	Wirkungsgrad vorhanden[1]	Unklar A[1]	Unklar B[1]	Unklar C[1]	_	_	Hauptteil[7]	2. Data[12]	
2-35	338-341	pro	3. Nicht zutreffend[1]	3. Nicht zutreffend[1]	2. Schwer verständlich[1]	Jahresertrag/Energiedichte Vorhanden[1]	Lebensdauer/Verfügbarkeit vorhanden[1]	*[1]	Preis/Betrieb vorhanden[1]	*[1]	Treibhausgasemissionen vorhanden[1]	Wirkungsgrad vorhanden[1]	Unklar A[1]	Unklar B[1]	Unklar C[1]	_	_	Hauptteil[7]	2. Data[12]	
2-36	342-345	Tag	3. Nicht zutreffend[1]	3. Nicht zutreffend[1]	2. Schwer verständlich[1]	Jahresertrag/Energiedichte Vorhanden[1]	Lebensdauer/Verfügbarkeit vorhanden[1]	*[1]	Preis/Betrieb vorhanden[1]	*[1]	Treibhausgasemissionen vorhanden[1]	Wirkungsgrad vorhanden[1]	Unklar A[1]	Unklar B[1]	Unklar C[1]	_	_	Hauptteil[7]	2. Data[12]	
2-37	346-349	mit	3. Nicht zutreffend[1]	3. Nicht zutreffend[1]	2. Schwer verständlich[1]	Jahresertrag/Energiedichte Vorhanden[1]	Lebensdauer/Verfügbarkeit vorhanden[1]	*[1]	Preis/Betrieb vorhanden[1]	*[1]	Treibhausgasemissionen vorhanden[1]	Wirkungsgrad vorhanden[1]	Unklar A[1]	Unklar B[1]	Unklar C[1]	_	_	Hauptteil[7]	2. Data[12]	
2-38	350-353	dem	3. Nicht zutreffend[1]	3. Nicht zutreffend[1]	2. Schwer verständlich[1]	Jahresertrag/Energiedichte Vorhanden[1]	Lebensdauer/Verfügbarkeit vorhanden[1]	*[1]	Preis/Betrieb vorhanden[1]	*[1]	Treibhausgasemissionen vorhanden[1]	Wirkungsgrad vorhanden[1]	Unklar A[1]	Unklar B[1]	Unklar C[1]	_	_	Hauptteil[7]	2. Data[12]	
2-39	354-358	Auto	3. Nicht zutreffend[1]	3. Nicht zutreffend[1]	2. Schwer verständlich[1]	Jahresertrag/Energiedichte Vorhanden[1]	Lebensdauer/Verfügbarkeit vorhanden[1]	*[1]	Preis/Betrieb vorhanden[1]	*[1]	Treibhausgasemissionen vorhanden[1]	Wirkungsgrad vorhanden[1]	Unklar A[1]	Unklar B[1]	Unklar C[1]	_	_	Hauptteil[7]	2. Data[12]	
2-40	359-365	fahren	3. Nicht zutreffend[1]	3. Nicht zutreffend[1]	2. Schwer verständlich[1]	Jahresertrag/Energiedichte Vorhanden[1]	Lebensdauer/Verfügbarkeit vorhanden[1]	*[1]	Preis/Betrieb vorhanden[1]	*[1]	Treibhausgasemissionen vorhanden[1]	Wirkungsgrad vorhanden[1]	Unklar A[1]	Unklar B[1]	Unklar C[1]	_	_	Hauptteil[7]	2. Data[12]	
2-41	366-369	und	3. Nicht zutreffend[1]	3. Nicht zutreffend[1]	2. Schwer verständlich[1]	Jahresertrag/Energiedichte Vorhanden[1]	Lebensdauer/Verfügbarkeit vorhanden[1]	*[1]	Preis/Betrieb vorhanden[1]	*[1]	Treibhausgasemissionen vorhanden[1]	Wirkungsgrad vorhanden[1]	Unklar A[1]	Unklar B[1]	Unklar C[1]	_	_	Hauptteil[7]	1. Claim[13]	
2-42	370-372	20	3. Nicht zutreffend[1]	3. Nicht zutreffend[1]	2. Schwer verständlich[1]	Jahresertrag/Energiedichte Vorhanden[1]	Lebensdauer/Verfügbarkeit vorhanden[1]	*[1]	Preis/Betrieb vorhanden[1]	*[1]	Treibhausgasemissionen vorhanden[1]	Wirkungsgrad vorhanden[1]	Unklar A[1]	Unklar B[1]	Unklar C[1]	_	_	Hauptteil[7]	1. Claim[13]	
2-43	373-375	st	3. Nicht zutreffend[1]	3. Nicht zutreffend[1]	2. Schwer verständlich[1]	Jahresertrag/Energiedichte Vorhanden[1]	Lebensdauer/Verfügbarkeit vorhanden[1]	*[1]	Preis/Betrieb vorhanden[1]	*[1]	Treibhausgasemissionen vorhanden[1]	Wirkungsgrad vorhanden[1]	Unklar A[1]	Unklar B[1]	Unklar C[1]	_	_	Hauptteil[7]	1. Claim[13]	
2-44	375-376	.	3. Nicht zutreffend[1]	3. Nicht zutreffend[1]	2. Schwer verständlich[1]	Jahresertrag/Energiedichte Vorhanden[1]	Lebensdauer/Verfügbarkeit vorhanden[1]	*[1]	Preis/Betrieb vorhanden[1]	*[1]	Treibhausgasemissionen vorhanden[1]	Wirkungsgrad vorhanden[1]	Unklar A[1]	Unklar B[1]	Unklar C[1]	_	_	Hauptteil[7]	1. Claim[13]	

3-1	378-384	Dieses	3. Nicht zutreffend[1]	3. Nicht zutreffend[1]	2. Schwer verständlich[1]	Jahresertrag/Energiedichte Vorhanden[1]	Lebensdauer/Verfügbarkeit vorhanden[1]	*[1]	Preis/Betrieb vorhanden[1]	*[1]	Treibhausgasemissionen vorhanden[1]	Wirkungsgrad vorhanden[1]	Unklar A[1]	Unklar B[1]	Unklar C[1]	_	_	Hauptteil[7]	1. Claim[13]	
3-2	385-388	auf	3. Nicht zutreffend[1]	3. Nicht zutreffend[1]	2. Schwer verständlich[1]	Jahresertrag/Energiedichte Vorhanden[1]	Lebensdauer/Verfügbarkeit vorhanden[1]	*[1]	Preis/Betrieb vorhanden[1]	*[1]	Treibhausgasemissionen vorhanden[1]	Wirkungsgrad vorhanden[1]	Unklar A[1]	Unklar B[1]	Unklar C[1]	_	_	Hauptteil[7]	1. Claim[13]	
3-3	389-392	dem	3. Nicht zutreffend[1]	3. Nicht zutreffend[1]	2. Schwer verständlich[1]	Jahresertrag/Energiedichte Vorhanden[1]	Lebensdauer/Verfügbarkeit vorhanden[1]	*[1]	Preis/Betrieb vorhanden[1]	*[1]	Treibhausgasemissionen vorhanden[1]	Wirkungsgrad vorhanden[1]	Unklar A[1]	Unklar B[1]	Unklar C[1]	_	_	Hauptteil[7]	1. Claim[13]	
3-4	393-403	Grundstück	3. Nicht zutreffend[1]	3. Nicht zutreffend[1]	2. Schwer verständlich[1]	Jahresertrag/Energiedichte Vorhanden[1]	Lebensdauer/Verfügbarkeit vorhanden[1]	*[1]	Preis/Betrieb vorhanden[1]	*[1]	Treibhausgasemissionen vorhanden[1]	Wirkungsgrad vorhanden[1]	Unklar A[1]	Unklar B[1]	Unklar C[1]	_	_	Hauptteil[7]	1. Claim[13]	
3-5	404-409	steht	3. Nicht zutreffend[1]	3. Nicht zutreffend[1]	2. Schwer verständlich[1]	Jahresertrag/Energiedichte Vorhanden[1]	Lebensdauer/Verfügbarkeit vorhanden[1]	*[1]	Preis/Betrieb vorhanden[1]	*[1]	Treibhausgasemissionen vorhanden[1]	Wirkungsgrad vorhanden[1]	Unklar A[1]	Unklar B[1]	Unklar C[1]	_	_	Hauptteil[7]	1. Claim[13]	
3-6	410-413	ist	3. Nicht zutreffend[1]	3. Nicht zutreffend[1]	2. Schwer verständlich[1]	Jahresertrag/Energiedichte Vorhanden[1]	Lebensdauer/Verfügbarkeit vorhanden[1]	*[1]	Preis/Betrieb vorhanden[1]	*[1]	Treibhausgasemissionen vorhanden[1]	Wirkungsgrad vorhanden[1]	Unklar A[1]	Unklar B[1]	Unklar C[1]	_	_	Hauptteil[7]	1. Claim[13]	
3-7	413-414	,	3. Nicht zutreffend[1]	3. Nicht zutreffend[1]	2. Schwer verständlich[1]	Jahresertrag/Energiedichte Vorhanden[1]	Lebensdauer/Verfügbarkeit vorhanden[1]	*[1]	Preis/Betrieb vorhanden[1]	*[1]	Treibhausgasemissionen vorhanden[1]	Wirkungsgrad vorhanden[1]	Unklar A[1]	Unklar B[1]	Unklar C[1]	_	_	Hauptteil[7]	1. Claim[13]	
3-8	415-418	ist	3. Nicht zutreffend[1]	3. Nicht zutreffend[1]	2. Schwer verständlich[1]	Jahresertrag/Energiedichte Vorhanden[1]	Lebensdauer/Verfügbarkeit vorhanden[1]	*[1]	Preis/Betrieb vorhanden[1]	*[1]	Treibhausgasemissionen vorhanden[1]	Wirkungsgrad vorhanden[1]	Unklar A[1]	Unklar B[1]	Unklar C[1]	_	_	Hauptteil[7]	1. Claim[14]	
3-9	419-422	die	3. Nicht zutreffend[1]	3. Nicht zutreffend[1]	2. Schwer verständlich[1]	Jahresertrag/Energiedichte Vorhanden[1]	Lebensdauer/Verfügbarkeit vorhanden[1]	*[1]	Preis/Betrieb vorhanden[1]	*[1]	Treibhausgasemissionen vorhanden[1]	Wirkungsgrad vorhanden[1]	Unklar A[1]	Unklar B[1]	Unklar C[1]	_	_	Hauptteil[7]	1. Claim[14]	
3-10	423-432	Ladedauer	3. Nicht zutreffend[1]	3. Nicht zutreffend[1]	2. Schwer verständlich[1]	Jahresertrag/Energiedichte Vorhanden[1]	Lebensdauer/Verfügbarkeit vorhanden[1]	*[1]	Preis/Betrieb vorhanden[1]	*[1]	Treibhausgasemissionen vorhanden[1]	Wirkungsgrad vorhanden[1]	Unklar A[1]	Unklar B[1]	Unklar C[1]	_	_	Hauptteil[7]	1. Claim[14]	
3-11	433-436	und	3. Nicht zutreffend[1]	3. Nicht zutreffend[1]	2. Schwer verständlich[1]	Jahresertrag/Energiedichte Vorhanden[1]	Lebensdauer/Verfügbarkeit vorhanden[1]	*[1]	Preis/Betrieb vorhanden[1]	*[1]	Treibhausgasemissionen vorhanden[1]	Wirkungsgrad vorhanden[1]	Unklar A[1]	Unklar B[1]	Unklar C[1]	_	_	Hauptteil[7]	1. Claim[14]	
3-12	437-447	Reichweite	3. Nicht zutreffend[1]	3. Nicht zutreffend[1]	2. Schwer verständlich[1]	Jahresertrag/Energiedichte Vorhanden[1]	Lebensdauer/Verfügbarkeit vorhanden[1]	*[1]	Preis/Betrieb vorhanden[1]	*[1]	Treibhausgasemissionen vorhanden[1]	Wirkungsgrad vorhanden[1]	Unklar A[1]	Unklar B[1]	Unklar C[1]	_	_	Hauptteil[7]	1. Claim[14]	
3-13	448-461	größtensteils	3. Nicht zutreffend[1]	3. Nicht zutreffend[1]	2. Schwer verständlich[1]	Jahresertrag/Energiedichte Vorhanden[1]	Lebensdauer/Verfügbarkeit vorhanden[1]	*[1]	Preis/Betrieb vorhanden[1]	*[1]	Treibhausgasemissionen vorhanden[1]	Wirkungsgrad vorhanden[1]	Unklar A[1]	Unklar B[1]	Unklar C[1]	_	_	Hauptteil[7]	1. Claim[14]	
3-14	462-471	irelevant	3. Nicht zutreffend[1]	3. Nicht zutreffend[1]	2. Schwer verständlich[1]	Jahresertrag/Energiedichte Vorhanden[1]	Lebensdauer/Verfügbarkeit vorhanden[1]	*[1]	Preis/Betrieb vorhanden[1]	*[1]	Treibhausgasemissionen vorhanden[1]	Wirkungsgrad vorhanden[1]	Unklar A[1]	Unklar B[1]	Unklar C[1]	_	_	Hauptteil[7]	1. Claim[14]	
3-15	471-472	.	3. Nicht zutreffend[1]	3. Nicht zutreffend[1]	2. Schwer verständlich[1]	Jahresertrag/Energiedichte Vorhanden[1]	Lebensdauer/Verfügbarkeit vorhanden[1]	*[1]	Preis/Betrieb vorhanden[1]	*[1]	Treibhausgasemissionen vorhanden[1]	Wirkungsgrad vorhanden[1]	Unklar A[1]	Unklar B[1]	Unklar C[1]	_	_	Hauptteil[7]	1. Claim[14]	

4-1	474-477	Ich	1. Richtig[2]	1. Angemessen[2]	1. Verständlich[2]	*[2]	*[2]	*[2]	*[2]	*[2]	*[2]	Wirkungsgrad vorhanden[2]	Contra A[2]	Contra B[2]	Pro C[2]	_	_	Hauptteil[7]	1. Claim[15]	
4-2	478-483	denke	1. Richtig[2]	1. Angemessen[2]	1. Verständlich[2]	*[2]	*[2]	*[2]	*[2]	*[2]	*[2]	Wirkungsgrad vorhanden[2]	Contra A[2]	Contra B[2]	Pro C[2]	_	_	Hauptteil[7]	1. Claim[15]	
4-3	484-497	Akkumulatoren	1. Richtig[2]	1. Angemessen[2]	1. Verständlich[2]	*[2]	*[2]	*[2]	*[2]	*[2]	*[2]	Wirkungsgrad vorhanden[2]	Contra A[2]	Contra B[2]	Pro C[2]	_	_	Hauptteil[7]	1. Claim[15]	
4-4	498-502	wäre	1. Richtig[2]	1. Angemessen[2]	1. Verständlich[2]	*[2]	*[2]	*[2]	*[2]	*[2]	*[2]	Wirkungsgrad vorhanden[2]	Contra A[2]	Contra B[2]	Pro C[2]	_	_	Hauptteil[7]	1. Claim[15]	
4-5	503-506	die	1. Richtig[2]	1. Angemessen[2]	1. Verständlich[2]	*[2]	*[2]	*[2]	*[2]	*[2]	*[2]	Wirkungsgrad vorhanden[2]	Contra A[2]	Contra B[2]	Pro C[2]	_	_	Hauptteil[7]	1. Claim[15]	
4-6	507-512	beste	1. Richtig[2]	1. Angemessen[2]	1. Verständlich[2]	*[2]	*[2]	*[2]	*[2]	*[2]	*[2]	Wirkungsgrad vorhanden[2]	Contra A[2]	Contra B[2]	Pro C[2]	_	_	Hauptteil[7]	1. Claim[15]	
4-7	513-524	möglichkeit	1. Richtig[2]	1. Angemessen[2]	1. Verständlich[2]	*[2]	*[2]	*[2]	*[2]	*[2]	*[2]	Wirkungsgrad vorhanden[2]	Contra A[2]	Contra B[2]	Pro C[2]	_	_	Hauptteil[7]	1. Claim[15]	
4-8	525-528	für	1. Richtig[2]	1. Angemessen[2]	1. Verständlich[2]	*[2]	*[2]	*[2]	*[2]	*[2]	*[2]	Wirkungsgrad vorhanden[2]	Contra A[2]	Contra B[2]	Pro C[2]	_	_	Hauptteil[7]	1. Claim[15]	
4-9	529-533	PKWs	1. Richtig[2]	1. Angemessen[2]	1. Verständlich[2]	*[2]	*[2]	*[2]	*[2]	*[2]	*[2]	Wirkungsgrad vorhanden[2]	Contra A[2]	Contra B[2]	Pro C[2]	_	_	Hauptteil[7]	1. Claim[15]	
4-10	534-537	und	1. Richtig[2]	1. Angemessen[2]	1. Verständlich[2]	*[2]	*[2]	*[2]	*[2]	*[2]	*[2]	Wirkungsgrad vorhanden[2]	Contra A[2]	Contra B[2]	Pro C[2]	_	_	Hauptteil[7]	1. Claim[16]	
4-11	538-545	E-Fuels	1. Richtig[2]	1. Angemessen[2]	1. Verständlich[2]	*[2]	*[2]	*[2]	*[2]	*[2]	*[2]	Wirkungsgrad vorhanden[2]	Contra A[2]	Contra B[2]	Pro C[2]	_	_	Hauptteil[7]	1. Claim[16]	
4-12	546-549	für	1. Richtig[2]	1. Angemessen[2]	1. Verständlich[2]	*[2]	*[2]	*[2]	*[2]	*[2]	*[2]	Wirkungsgrad vorhanden[2]	Contra A[2]	Contra B[2]	Pro C[2]	_	_	Hauptteil[7]	1. Claim[16]	
4-13	550-569	langsträckenfahrten	1. Richtig[2]	1. Angemessen[2]	1. Verständlich[2]	*[2]	*[2]	*[2]	*[2]	*[2]	*[2]	Wirkungsgrad vorhanden[2]	Contra A[2]	Contra B[2]	Pro C[2]	_	_	Hauptteil[7]	1. Claim[16]	
4-14	570-573	und	1. Richtig[2]	1. Angemessen[2]	1. Verständlich[2]	*[2]	*[2]	*[2]	*[2]	*[2]	*[2]	Wirkungsgrad vorhanden[2]	Contra A[2]	Contra B[2]	Pro C[2]	_	_	Hauptteil[7]	1. Claim[16]	
4-15	574-578	LKWs	1. Richtig[2]	1. Angemessen[2]	1. Verständlich[2]	*[2]	*[2]	*[2]	*[2]	*[2]	*[2]	Wirkungsgrad vorhanden[2]	Contra A[2]	Contra B[2]	Pro C[2]	_	_	Hauptteil[7]	1. Claim[16]	
4-16	578-579	.	1. Richtig[2]	1. Angemessen[2]	1. Verständlich[2]	*[2]	*[2]	*[2]	*[2]	*[2]	*[2]	Wirkungsgrad vorhanden[2]	Contra A[2]	Contra B[2]	Pro C[2]	_	_	Hauptteil[7]	1. Claim[16]	

5-1	581-585	Wenn	1. Richtig[2]	1. Angemessen[2]	1. Verständlich[2]	*[2]	*[2]	*[2]	*[2]	*[2]	*[2]	Wirkungsgrad vorhanden[2]	Contra A[2]	Contra B[2]	Pro C[2]	3. Unbegründet[6]	Gesamtthese[6]	Hauptteil[7]	1. Claim[17]	
5-2	586-589	man	1. Richtig[2]	1. Angemessen[2]	1. Verständlich[2]	*[2]	*[2]	*[2]	*[2]	*[2]	*[2]	Wirkungsgrad vorhanden[2]	Contra A[2]	Contra B[2]	Pro C[2]	3. Unbegründet[6]	Gesamtthese[6]	Hauptteil[7]	1. Claim[17]	
5-3	590-594	sich	1. Richtig[2]	1. Angemessen[2]	1. Verständlich[2]	*[2]	*[2]	*[2]	*[2]	*[2]	*[2]	Wirkungsgrad vorhanden[2]	Contra A[2]	Contra B[2]	Pro C[2]	3. Unbegründet[6]	Gesamtthese[6]	Hauptteil[7]	1. Claim[17]	
5-4	595-601	jedoch	1. Richtig[2]	1. Angemessen[2]	1. Verständlich[2]	*[2]	*[2]	*[2]	*[2]	*[2]	*[2]	Wirkungsgrad vorhanden[2]	Contra A[2]	Contra B[2]	Pro C[2]	3. Unbegründet[6]	Gesamtthese[6]	Hauptteil[7]	1. Claim[17]	
5-5	602-605	für	1. Richtig[2]	1. Angemessen[2]	1. Verständlich[2]	*[2]	*[2]	*[2]	*[2]	*[2]	*[2]	Wirkungsgrad vorhanden[2]	Contra A[2]	Contra B[2]	Pro C[2]	3. Unbegründet[6]	Gesamtthese[6]	Hauptteil[7]	1. Claim[17]	
5-6	606-610	eins	1. Richtig[2]	1. Angemessen[2]	1. Verständlich[2]	*[2]	*[2]	*[2]	*[2]	*[2]	*[2]	Wirkungsgrad vorhanden[2]	Contra A[2]	Contra B[2]	Pro C[2]	3. Unbegründet[6]	Gesamtthese[6]	Hauptteil[7]	1. Claim[17]	
5-7	611-622	entscheiden	1. Richtig[2]	1. Angemessen[2]	1. Verständlich[2]	*[2]	*[2]	*[2]	*[2]	*[2]	*[2]	Wirkungsgrad vorhanden[2]	Contra A[2]	Contra B[2]	Pro C[2]	3. Unbegründet[6]	Gesamtthese[6]	Hauptteil[7]	1. Claim[17]	
5-8	623-627	muss	1. Richtig[2]	1. Angemessen[2]	1. Verständlich[2]	*[2]	*[2]	*[2]	*[2]	*[2]	*[2]	Wirkungsgrad vorhanden[2]	Contra A[2]	Contra B[2]	Pro C[2]	3. Unbegründet[6]	Gesamtthese[6]	Hauptteil[7]	1. Claim[17]	
5-9	627-628	,	1. Richtig[2]	1. Angemessen[2]	1. Verständlich[2]	*[2]	*[2]	*[2]	*[2]	*[2]	*[2]	Wirkungsgrad vorhanden[2]	Contra A[2]	Contra B[2]	Pro C[2]	3. Unbegründet[6]	Gesamtthese[6]	Hauptteil[7]	1. Claim[17]	
5-10	629-634	würde	1. Richtig[2]	1. Angemessen[2]	1. Verständlich[2]	*[2]	*[2]	*[2]	*[2]	*[2]	*[2]	Wirkungsgrad vorhanden[2]	Contra A[2]	Contra B[2]	Pro C[2]	3. Unbegründet[6]	Gesamtthese[6]	Hauptteil[7]	1. Claim[17]	
5-11	635-638	ich	1. Richtig[2]	1. Angemessen[2]	1. Verständlich[2]	*[2]	*[2]	*[2]	*[2]	*[2]	*[2]	Wirkungsgrad vorhanden[2]	Contra A[2]	Contra B[2]	Pro C[2]	3. Unbegründet[6]	Gesamtthese[6]	Hauptteil[7]	1. Claim[17]	
5-12	639-644	sagen	1. Richtig[2]	1. Angemessen[2]	1. Verständlich[2]	*[2]	*[2]	*[2]	*[2]	*[2]	*[2]	Wirkungsgrad vorhanden[2]	Contra A[2]	Contra B[2]	Pro C[2]	3. Unbegründet[6]	Gesamtthese[6]	Hauptteil[7]	1. Claim[17]	
5-13	644-645	,	1. Richtig[2]	1. Angemessen[2]	1. Verständlich[2]	*[2]	*[2]	*[2]	*[2]	*[2]	*[2]	Wirkungsgrad vorhanden[2]	Contra A[2]	Contra B[2]	Pro C[2]	3. Unbegründet[6]	Gesamtthese[6]	Hauptteil[7]	1. Claim[17]	
5-14	646-650	dass	1. Richtig[2]	1. Angemessen[2]	1. Verständlich[2]	*[2]	*[2]	*[2]	*[2]	*[2]	*[2]	Wirkungsgrad vorhanden[2]	Contra A[2]	Contra B[2]	Pro C[2]	3. Unbegründet[6]	Gesamtthese[6]	Hauptteil[7]	1. Claim[17]	
5-15	651-664	Akkumulatoren	1. Richtig[2]	1. Angemessen[2]	1. Verständlich[2]	*[2]	*[2]	*[2]	*[2]	*[2]	*[2]	Wirkungsgrad vorhanden[2]	Contra A[2]	Contra B[2]	Pro C[2]	3. Unbegründet[6]	Gesamtthese[6]	Hauptteil[7]	1. Claim[17]	
5-16	665-668	die	1. Richtig[2]	1. Angemessen[2]	1. Verständlich[2]	*[2]	*[2]	*[2]	*[2]	*[2]	*[2]	Wirkungsgrad vorhanden[2]	Contra A[2]	Contra B[2]	Pro C[2]	3. Unbegründet[6]	Gesamtthese[6]	Hauptteil[7]	1. Claim[17]	
5-17	669-676	bessere	1. Richtig[2]	1. Angemessen[2]	1. Verständlich[2]	*[2]	*[2]	*[2]	*[2]	*[2]	*[2]	Wirkungsgrad vorhanden[2]	Contra A[2]	Contra B[2]	Pro C[2]	3. Unbegründet[6]	Gesamtthese[6]	Hauptteil[7]	1. Claim[17]	
5-18	677-683	Option	1. Richtig[2]	1. Angemessen[2]	1. Verständlich[2]	*[2]	*[2]	*[2]	*[2]	*[2]	*[2]	Wirkungsgrad vorhanden[2]	Contra A[2]	Contra B[2]	Pro C[2]	3. Unbegründet[6]	Gesamtthese[6]	Hauptteil[7]	1. Claim[17]	
5-19	684-689	wären	1. Richtig[2]	1. Angemessen[2]	1. Verständlich[2]	*[2]	*[2]	*[2]	*[2]	*[2]	*[2]	Wirkungsgrad vorhanden[2]	Contra A[2]	Contra B[2]	Pro C[2]	3. Unbegründet[6]	Gesamtthese[6]	Hauptteil[7]	1. Claim[17]	
5-20	689-690	.	1. Richtig[2]	1. Angemessen[2]	1. Verständlich[2]	*[2]	*[2]	*[2]	*[2]	*[2]	*[2]	Wirkungsgrad vorhanden[2]	Contra A[2]	Contra B[2]	Pro C[2]	3. Unbegründet[6]	Gesamtthese[6]	Hauptteil[7]	1. Claim[17]	

6-1	692-695	Der	1. Richtig[2]	1. Angemessen[2]	1. Verständlich[2]	*[2]	*[2]	*[2]	*[2]	*[2]	*[2]	Wirkungsgrad vorhanden[2]	Contra A[2]	Contra B[2]	Pro C[2]	_	_	Hauptteil[7]	2. Data[18]	
6-2	696-714	gesamtwirkungsgrad	1. Richtig[2]	1. Angemessen[2]	1. Verständlich[2]	*[2]	*[2]	*[2]	*[2]	*[2]	*[2]	Wirkungsgrad vorhanden[2]	Contra A[2]	Contra B[2]	Pro C[2]	_	_	Hauptteil[7]	2. Data[18]	
6-3	715-718	ist	1. Richtig[2]	1. Angemessen[2]	1. Verständlich[2]	*[2]	*[2]	*[2]	*[2]	*[2]	*[2]	Wirkungsgrad vorhanden[2]	Contra A[2]	Contra B[2]	Pro C[2]	_	_	Hauptteil[7]	2. Data[18]	
6-4	719-722	bei	1. Richtig[2]	1. Angemessen[2]	1. Verständlich[2]	*[2]	*[2]	*[2]	*[2]	*[2]	*[2]	Wirkungsgrad vorhanden[2]	Contra A[2]	Contra B[2]	Pro C[2]	_	_	Hauptteil[7]	2. Data[18]	
6-5	723-729	diesen	1. Richtig[2]	1. Angemessen[2]	1. Verständlich[2]	*[2]	*[2]	*[2]	*[2]	*[2]	*[2]	Wirkungsgrad vorhanden[2]	Contra A[2]	Contra B[2]	Pro C[2]	_	_	Hauptteil[7]	2. Data[18]	
6-6	730-732	ca	1. Richtig[2]	1. Angemessen[2]	1. Verständlich[2]	*[2]	*[2]	*[2]	*[2]	*[2]	*[2]	Wirkungsgrad vorhanden[2]	Contra A[2]	Contra B[2]	Pro C[2]	_	_	Hauptteil[7]	2. Data[18]	
6-7	732-733	.	1. Richtig[2]	1. Angemessen[2]	1. Verständlich[2]	*[2]	*[2]	*[2]	*[2]	*[2]	*[2]	Wirkungsgrad vorhanden[2]	Contra A[2]	Contra B[2]	Pro C[2]	_	_	Hauptteil[7]	2. Data[18]	
6-8	735-736	3	1. Richtig[2]	1. Angemessen[2]	1. Verständlich[2]	*[2]	*[2]	*[2]	*[2]	*[2]	*[2]	Wirkungsgrad vorhanden[2]	Contra A[2]	Contra B[2]	Pro C[2]	_	_	Hauptteil[7]	2. Data[18]	
6-9	737-740	Mal	1. Richtig[2]	1. Angemessen[2]	1. Verständlich[2]	*[2]	*[2]	*[2]	*[2]	*[2]	*[2]	Wirkungsgrad vorhanden[2]	Contra A[2]	Contra B[2]	Pro C[2]	_	_	Hauptteil[7]	2. Data[18]	
6-10	741-746	höher	1. Richtig[2]	1. Angemessen[2]	1. Verständlich[2]	*[2]	*[2]	*[2]	*[2]	*[2]	*[2]	Wirkungsgrad vorhanden[2]	Contra A[2]	Contra B[2]	Pro C[2]	_	_	Hauptteil[7]	2. Data[18]	
6-11	746-747	,	1. Richtig[2]	1. Angemessen[2]	1. Verständlich[2]	*[2]	*[2]	*[2]	*[2]	*[2]	*[2]	Wirkungsgrad vorhanden[2]	Contra A[2]	Contra B[2]	Pro C[2]	_	_	Hauptteil[7]	2. Data[18]	
6-12	748-751	was	1. Richtig[2]	1. Angemessen[2]	1. Verständlich[2]	*[2]	*[2]	*[2]	*[2]	*[2]	*[2]	Wirkungsgrad vorhanden[2]	Contra A[2]	Contra B[2]	Pro C[2]	_	_	Hauptteil[7]	3. Warrant[19]	
6-13	752-754	im	1. Richtig[2]	1. Angemessen[2]	1. Verständlich[2]	*[2]	*[2]	*[2]	*[2]	*[2]	*[2]	Wirkungsgrad vorhanden[2]	Contra A[2]	Contra B[2]	Pro C[2]	_	_	Hauptteil[7]	3. Warrant[19]	
6-14	755-764	Endeffekt	1. Richtig[2]	1. Angemessen[2]	1. Verständlich[2]	*[2]	*[2]	*[2]	*[2]	*[2]	*[2]	Wirkungsgrad vorhanden[2]	Contra A[2]	Contra B[2]	Pro C[2]	_	_	Hauptteil[7]	3. Warrant[19]	
6-15	765-769	viel	1. Richtig[2]	1. Angemessen[2]	1. Verständlich[2]	*[2]	*[2]	*[2]	*[2]	*[2]	*[2]	Wirkungsgrad vorhanden[2]	Contra A[2]	Contra B[2]	Pro C[2]	_	_	Hauptteil[7]	3. Warrant[19]	
6-16	770-775	Strom	1. Richtig[2]	1. Angemessen[2]	1. Verständlich[2]	*[2]	*[2]	*[2]	*[2]	*[2]	*[2]	Wirkungsgrad vorhanden[2]	Contra A[2]	Contra B[2]	Pro C[2]	_	_	Hauptteil[7]	3. Warrant[19]	
6-17	776-779	bzw	1. Richtig[2]	1. Angemessen[2]	1. Verständlich[2]	*[2]	*[2]	*[2]	*[2]	*[2]	*[2]	Wirkungsgrad vorhanden[2]	Contra A[2]	Contra B[2]	Pro C[2]	_	_	Hauptteil[7]	3. Warrant[19]	
6-18	780-787	Energie	1. Richtig[2]	1. Angemessen[2]	1. Verständlich[2]	*[2]	*[2]	*[2]	*[2]	*[2]	*[2]	Wirkungsgrad vorhanden[2]	Contra A[2]	Contra B[2]	Pro C[2]	_	_	Hauptteil[7]	3. Warrant[19]	
6-19	788-794	sparen	1. Richtig[2]	1. Angemessen[2]	1. Verständlich[2]	*[2]	*[2]	*[2]	*[2]	*[2]	*[2]	Wirkungsgrad vorhanden[2]	Contra A[2]	Contra B[2]	Pro C[2]	_	_	Hauptteil[7]	3. Warrant[19]	
6-20	795-800	würde	1. Richtig[2]	1. Angemessen[2]	1. Verständlich[2]	*[2]	*[2]	*[2]	*[2]	*[2]	*[2]	Wirkungsgrad vorhanden[2]	Contra A[2]	Contra B[2]	Pro C[2]	_	_	Hauptteil[7]	3. Warrant[19]	
6-21	800-801	.	1. Richtig[2]	1. Angemessen[2]	1. Verständlich[2]	*[2]	*[2]	*[2]	*[2]	*[2]	*[2]	Wirkungsgrad vorhanden[2]	Contra A[2]	Contra B[2]	Pro C[2]	_	_	Hauptteil[7]	3. Warrant[19]	

7-1	803-806	Bei	1. Richtig[3]	1. Angemessen[3]	1. Verständlich[3]	*[3]	Lebensdauer/Verfügbarkeit vorhanden[3]	*[3]	*[3]	Sonstiges vorhanden[3]	*[3]	*[3]	Contra A[3]	*[3]	*[3]	_	_	Hauptteil[7]	1. Claim[20]	
7-2	807-810	der	1. Richtig[3]	1. Angemessen[3]	1. Verständlich[3]	*[3]	Lebensdauer/Verfügbarkeit vorhanden[3]	*[3]	*[3]	Sonstiges vorhanden[3]	*[3]	*[3]	Contra A[3]	*[3]	*[3]	_	_	Hauptteil[7]	1. Claim[20]	
7-3	811-824	Verfügbarkeit	1. Richtig[3]	1. Angemessen[3]	1. Verständlich[3]	*[3]	Lebensdauer/Verfügbarkeit vorhanden[3]	*[3]	*[3]	Sonstiges vorhanden[3]	*[3]	*[3]	Contra A[3]	*[3]	*[3]	_	_	Hauptteil[7]	1. Claim[20]	
7-4	825-830	sieht	1. Richtig[3]	1. Angemessen[3]	1. Verständlich[3]	*[3]	Lebensdauer/Verfügbarkeit vorhanden[3]	*[3]	*[3]	Sonstiges vorhanden[3]	*[3]	*[3]	Contra A[3]	*[3]	*[3]	_	_	Hauptteil[7]	1. Claim[20]	
7-5	831-834	man	1. Richtig[3]	1. Angemessen[3]	1. Verständlich[3]	*[3]	Lebensdauer/Verfügbarkeit vorhanden[3]	*[3]	*[3]	Sonstiges vorhanden[3]	*[3]	*[3]	Contra A[3]	*[3]	*[3]	_	_	Hauptteil[7]	1. Claim[20]	
7-6	834-835	,	1. Richtig[3]	1. Angemessen[3]	1. Verständlich[3]	*[3]	Lebensdauer/Verfügbarkeit vorhanden[3]	*[3]	*[3]	Sonstiges vorhanden[3]	*[3]	*[3]	Contra A[3]	*[3]	*[3]	_	_	Hauptteil[7]	1. Claim[20]	
7-7	836-840	dass	1. Richtig[3]	1. Angemessen[3]	1. Verständlich[3]	*[3]	Lebensdauer/Verfügbarkeit vorhanden[3]	*[3]	*[3]	Sonstiges vorhanden[3]	*[3]	*[3]	Contra A[3]	*[3]	*[3]	_	_	Hauptteil[7]	1. Claim[20]	
7-8	841-844	die	1. Richtig[3]	1. Angemessen[3]	1. Verständlich[3]	*[3]	Lebensdauer/Verfügbarkeit vorhanden[3]	*[3]	*[3]	Sonstiges vorhanden[3]	*[3]	*[3]	Contra A[3]	*[3]	*[3]	_	_	Hauptteil[7]	1. Claim[20]	
7-9	845-862	wasserstoff-Autos	1. Richtig[3]	1. Angemessen[3]	1. Verständlich[3]	*[3]	Lebensdauer/Verfügbarkeit vorhanden[3]	*[3]	*[3]	Sonstiges vorhanden[3]	*[3]	*[3]	Contra A[3]	*[3]	*[3]	_	_	Hauptteil[7]	1. Claim[20]	
7-10	863-868	einen	1. Richtig[3]	1. Angemessen[3]	1. Verständlich[3]	*[3]	Lebensdauer/Verfügbarkeit vorhanden[3]	*[3]	*[3]	Sonstiges vorhanden[3]	*[3]	*[3]	Contra A[3]	*[3]	*[3]	_	_	Hauptteil[7]	1. Claim[20]	
7-11	869-875	großen	1. Richtig[3]	1. Angemessen[3]	1. Verständlich[3]	*[3]	Lebensdauer/Verfügbarkeit vorhanden[3]	*[3]	*[3]	Sonstiges vorhanden[3]	*[3]	*[3]	Contra A[3]	*[3]	*[3]	_	_	Hauptteil[7]	1. Claim[20]	
7-12	876-884	Nachteil	1. Richtig[3]	1. Angemessen[3]	1. Verständlich[3]	*[3]	Lebensdauer/Verfügbarkeit vorhanden[3]	*[3]	*[3]	Sonstiges vorhanden[3]	*[3]	*[3]	Contra A[3]	*[3]	*[3]	_	_	Hauptteil[7]	1. Claim[20]	
7-13	885-890	haben	1. Richtig[3]	1. Angemessen[3]	1. Verständlich[3]	*[3]	Lebensdauer/Verfügbarkeit vorhanden[3]	*[3]	*[3]	Sonstiges vorhanden[3]	*[3]	*[3]	Contra A[3]	*[3]	*[3]	_	_	Hauptteil[7]	1. Claim[20]	
7-14	890-891	,	1. Richtig[3]	1. Angemessen[3]	1. Verständlich[3]	*[3]	Lebensdauer/Verfügbarkeit vorhanden[3]	*[3]	*[3]	Sonstiges vorhanden[3]	*[3]	*[3]	Contra A[3]	*[3]	*[3]	_	_	Hauptteil[7]	1. Claim[20]	
7-15	892-894	da	1. Richtig[3]	1. Angemessen[3]	1. Verständlich[3]	*[3]	Lebensdauer/Verfügbarkeit vorhanden[3]	*[3]	*[3]	Sonstiges vorhanden[3]	*[3]	*[3]	Contra A[3]	*[3]	*[3]	_	_	Hauptteil[7]	2. Data[21]	
7-16	895-898	sie	1. Richtig[3]	1. Angemessen[3]	1. Verständlich[3]	*[3]	Lebensdauer/Verfügbarkeit vorhanden[3]	*[3]	*[3]	Sonstiges vorhanden[3]	*[3]	*[3]	Contra A[3]	*[3]	*[3]	_	_	Hauptteil[7]	2. Data[21]	
7-17	899-901	in	1. Richtig[3]	1. Angemessen[3]	1. Verständlich[3]	*[3]	Lebensdauer/Verfügbarkeit vorhanden[3]	*[3]	*[3]	Sonstiges vorhanden[3]	*[3]	*[3]	Contra A[3]	*[3]	*[3]	_	_	Hauptteil[7]	2. Data[21]	
7-18	902-920	Kleinstanfertigung	1. Richtig[3]	1. Angemessen[3]	1. Verständlich[3]	*[3]	Lebensdauer/Verfügbarkeit vorhanden[3]	*[3]	*[3]	Sonstiges vorhanden[3]	*[3]	*[3]	Contra A[3]	*[3]	*[3]	_	_	Hauptteil[7]	2. Data[21]	
7-19	921-932	angefertigt	1. Richtig[3]	1. Angemessen[3]	1. Verständlich[3]	*[3]	Lebensdauer/Verfügbarkeit vorhanden[3]	*[3]	*[3]	Sonstiges vorhanden[3]	*[3]	*[3]	Contra A[3]	*[3]	*[3]	_	_	Hauptteil[7]	2. Data[21]	
7-20	933-939	werden	1. Richtig[3]	1. Angemessen[3]	1. Verständlich[3]	*[3]	Lebensdauer/Verfügbarkeit vorhanden[3]	*[3]	*[3]	Sonstiges vorhanden[3]	*[3]	*[3]	Contra A[3]	*[3]	*[3]	_	_	Hauptteil[7]	2. Data[21]	
7-21	940-943	und	1. Richtig[3]	1. Angemessen[3]	1. Verständlich[3]	*[3]	Lebensdauer/Verfügbarkeit vorhanden[3]	*[3]	*[3]	Sonstiges vorhanden[3]	*[3]	*[3]	Contra A[3]	*[3]	*[3]	_	_	Hauptteil[7]	3. Warrant[22]	
7-22	944-951	deshalb	1. Richtig[3]	1. Angemessen[3]	1. Verständlich[3]	*[3]	Lebensdauer/Verfügbarkeit vorhanden[3]	*[3]	*[3]	Sonstiges vorhanden[3]	*[3]	*[3]	Contra A[3]	*[3]	*[3]	_	_	Hauptteil[7]	3. Warrant[22]	
7-23	952-955	die	1. Richtig[3]	1. Angemessen[3]	1. Verständlich[3]	*[3]	Lebensdauer/Verfügbarkeit vorhanden[3]	*[3]	*[3]	Sonstiges vorhanden[3]	*[3]	*[3]	Contra A[3]	*[3]	*[3]	_	_	Hauptteil[7]	3. Warrant[22]	
7-24	956-970	Infrastrucktur	1. Richtig[3]	1. Angemessen[3]	1. Verständlich[3]	*[3]	Lebensdauer/Verfügbarkeit vorhanden[3]	*[3]	*[3]	Sonstiges vorhanden[3]	*[3]	*[3]	Contra A[3]	*[3]	*[3]	_	_	Hauptteil[7]	3. Warrant[22]	
7-25	971-975	noch	1. Richtig[3]	1. Angemessen[3]	1. Verständlich[3]	*[3]	Lebensdauer/Verfügbarkeit vorhanden[3]	*[3]	*[3]	Sonstiges vorhanden[3]	*[3]	*[3]	Contra A[3]	*[3]	*[3]	_	_	Hauptteil[7]	3. Warrant[22]	
7-26	976-987	ausgebildet	1. Richtig[3]	1. Angemessen[3]	1. Verständlich[3]	*[3]	Lebensdauer/Verfügbarkeit vorhanden[3]	*[3]	*[3]	Sonstiges vorhanden[3]	*[3]	*[3]	Contra A[3]	*[3]	*[3]	_	_	Hauptteil[7]	3. Warrant[22]	
7-27	988-994	werden	1. Richtig[3]	1. Angemessen[3]	1. Verständlich[3]	*[3]	Lebensdauer/Verfügbarkeit vorhanden[3]	*[3]	*[3]	Sonstiges vorhanden[3]	*[3]	*[3]	Contra A[3]	*[3]	*[3]	_	_	Hauptteil[7]	3. Warrant[22]	
7-28	995-1001	müsste	1. Richtig[3]	1. Angemessen[3]	1. Verständlich[3]	*[3]	Lebensdauer/Verfügbarkeit vorhanden[3]	*[3]	*[3]	Sonstiges vorhanden[3]	*[3]	*[3]	Contra A[3]	*[3]	*[3]	_	_	Hauptteil[7]	3. Warrant[22]	
7-29	1001-1002	,	1. Richtig[3]	1. Angemessen[3]	1. Verständlich[3]	*[3]	Lebensdauer/Verfügbarkeit vorhanden[3]	*[3]	*[3]	Sonstiges vorhanden[3]	*[3]	*[3]	Contra A[3]	*[3]	*[3]	_	_	Hauptteil[7]	3. Warrant[22]	
7-30	1003-1008	nevor	1. Richtig[3]	1. Angemessen[3]	1. Verständlich[3]	*[3]	Lebensdauer/Verfügbarkeit vorhanden[3]	*[3]	*[3]	Sonstiges vorhanden[3]	*[3]	*[3]	Contra A[3]	*[3]	*[3]	_	_	Hauptteil[7]	3. Warrant[22]	
7-31	1009-1012	man	1. Richtig[3]	1. Angemessen[3]	1. Verständlich[3]	*[3]	Lebensdauer/Verfügbarkeit vorhanden[3]	*[3]	*[3]	Sonstiges vorhanden[3]	*[3]	*[3]	Contra A[3]	*[3]	*[3]	_	_	Hauptteil[7]	3. Warrant[22]	
7-32	1013-1018	diese	1. Richtig[3]	1. Angemessen[3]	1. Verständlich[3]	*[3]	Lebensdauer/Verfügbarkeit vorhanden[3]	*[3]	*[3]	Sonstiges vorhanden[3]	*[3]	*[3]	Contra A[3]	*[3]	*[3]	_	_	Hauptteil[7]	3. Warrant[22]	
7-33	1019-1022	als	1. Richtig[3]	1. Angemessen[3]	1. Verständlich[3]	*[3]	Lebensdauer/Verfügbarkeit vorhanden[3]	*[3]	*[3]	Sonstiges vorhanden[3]	*[3]	*[3]	Contra A[3]	*[3]	*[3]	_	_	Hauptteil[7]	3. Warrant[22]	
7-34	1023-1029	Option	1. Richtig[3]	1. Angemessen[3]	1. Verständlich[3]	*[3]	Lebensdauer/Verfügbarkeit vorhanden[3]	*[3]	*[3]	Sonstiges vorhanden[3]	*[3]	*[3]	Contra A[3]	*[3]	*[3]	_	_	Hauptteil[7]	3. Warrant[22]	
7-35	1030-1035	sehen	1. Richtig[3]	1. Angemessen[3]	1. Verständlich[3]	*[3]	Lebensdauer/Verfügbarkeit vorhanden[3]	*[3]	*[3]	Sonstiges vorhanden[3]	*[3]	*[3]	Contra A[3]	*[3]	*[3]	_	_	Hauptteil[7]	3. Warrant[22]	
7-36	1036-1040	kann	1. Richtig[3]	1. Angemessen[3]	1. Verständlich[3]	*[3]	Lebensdauer/Verfügbarkeit vorhanden[3]	*[3]	*[3]	Sonstiges vorhanden[3]	*[3]	*[3]	Contra A[3]	*[3]	*[3]	_	_	Hauptteil[7]	3. Warrant[22]	
7-37	1040-1041	.	1. Richtig[3]	1. Angemessen[3]	1. Verständlich[3]	*[3]	Lebensdauer/Verfügbarkeit vorhanden[3]	*[3]	*[3]	Sonstiges vorhanden[3]	*[3]	*[3]	Contra A[3]	*[3]	*[3]	_	_	Hauptteil[7]	3. Warrant[22]	

8-1	1043-1045	In	1. Richtig[3]	1. Angemessen[3]	1. Verständlich[3]	*[3]	Lebensdauer/Verfügbarkeit vorhanden[3]	*[3]	*[3]	Sonstiges vorhanden[3]	*[3]	*[3]	Contra A[3]	*[3]	*[3]	_	_	Hauptteil[7]	3. Warrant[22]	
8-2	1046-1052	diesem	1. Richtig[3]	1. Angemessen[3]	1. Verständlich[3]	*[3]	Lebensdauer/Verfügbarkeit vorhanden[3]	*[3]	*[3]	Sonstiges vorhanden[3]	*[3]	*[3]	Contra A[3]	*[3]	*[3]	_	_	Hauptteil[7]	3. Warrant[22]	
8-3	1053-1057	Fall	1. Richtig[3]	1. Angemessen[3]	1. Verständlich[3]	*[3]	Lebensdauer/Verfügbarkeit vorhanden[3]	*[3]	*[3]	Sonstiges vorhanden[3]	*[3]	*[3]	Contra A[3]	*[3]	*[3]	_	_	Hauptteil[7]	3. Warrant[22]	
8-4	1058-1062	soll	1. Richtig[3]	1. Angemessen[3]	1. Verständlich[3]	*[3]	Lebensdauer/Verfügbarkeit vorhanden[3]	*[3]	*[3]	Sonstiges vorhanden[3]	*[3]	*[3]	Contra A[3]	*[3]	*[3]	_	_	Hauptteil[7]	3. Warrant[22]	
8-5	1063-1066	der	1. Richtig[3]	1. Angemessen[3]	1. Verständlich[3]	*[3]	Lebensdauer/Verfügbarkeit vorhanden[3]	*[3]	*[3]	Sonstiges vorhanden[3]	*[3]	*[3]	Contra A[3]	*[3]	*[3]	_	_	Hauptteil[7]	3. Warrant[22]	
8-6	1067-1074	Prozess	1. Richtig[3]	1. Angemessen[3]	1. Verständlich[3]	*[3]	Lebensdauer/Verfügbarkeit vorhanden[3]	*[3]	*[3]	Sonstiges vorhanden[3]	*[3]	*[3]	Contra A[3]	*[3]	*[3]	_	_	Hauptteil[7]	3. Warrant[22]	
8-7	1075-1079	aber	1. Richtig[3]	1. Angemessen[3]	1. Verständlich[3]	*[3]	Lebensdauer/Verfügbarkeit vorhanden[3]	*[3]	*[3]	Sonstiges vorhanden[3]	*[3]	*[3]	Contra A[3]	*[3]	*[3]	_	_	Hauptteil[7]	3. Warrant[22]	
8-8	1080-1083	bis	1. Richtig[3]	1. Angemessen[3]	1. Verständlich[3]	*[3]	Lebensdauer/Verfügbarkeit vorhanden[3]	*[3]	*[3]	Sonstiges vorhanden[3]	*[3]	*[3]	Contra A[3]	*[3]	*[3]	_	_	Hauptteil[7]	3. Warrant[22]	
8-9	1084-1088	2035	1. Richtig[3]	1. Angemessen[3]	1. Verständlich[3]	*[3]	Lebensdauer/Verfügbarkeit vorhanden[3]	*[3]	*[3]	Sonstiges vorhanden[3]	*[3]	*[3]	Contra A[3]	*[3]	*[3]	_	_	Hauptteil[7]	3. Warrant[22]	
8-10	1089-1095	fertig	1. Richtig[3]	1. Angemessen[3]	1. Verständlich[3]	*[3]	Lebensdauer/Verfügbarkeit vorhanden[3]	*[3]	*[3]	Sonstiges vorhanden[3]	*[3]	*[3]	Contra A[3]	*[3]	*[3]	_	_	Hauptteil[7]	3. Warrant[22]	
8-11	1096-1100	sein	1. Richtig[3]	1. Angemessen[3]	1. Verständlich[3]	*[3]	Lebensdauer/Verfügbarkeit vorhanden[3]	*[3]	*[3]	Sonstiges vorhanden[3]	*[3]	*[3]	Contra A[3]	*[3]	*[3]	_	_	Hauptteil[7]	3. Warrant[22]	
8-12	1100-1101	,	1. Richtig[3]	1. Angemessen[3]	1. Verständlich[3]	*[3]	Lebensdauer/Verfügbarkeit vorhanden[3]	*[3]	*[3]	Sonstiges vorhanden[3]	*[3]	*[3]	Contra A[3]	*[3]	*[3]	_	_	Hauptteil[7]	3. Warrant[22]	
8-13	1102-1108	wehalb	1. Richtig[3]	1. Angemessen[3]	1. Verständlich[3]	*[3]	Lebensdauer/Verfügbarkeit vorhanden[3]	*[3]	*[3]	Sonstiges vorhanden[3]	*[3]	*[3]	Contra A[3]	*[3]	*[3]	_	_	Hauptteil[7]	3. Warrant[22]	
8-14	1109-1112	das	1. Richtig[3]	1. Angemessen[3]	1. Verständlich[3]	*[3]	Lebensdauer/Verfügbarkeit vorhanden[3]	*[3]	*[3]	Sonstiges vorhanden[3]	*[3]	*[3]	Contra A[3]	*[3]	*[3]	_	_	Hauptteil[7]	3. Warrant[22]	
8-15	1113-1118	keine	1. Richtig[3]	1. Angemessen[3]	1. Verständlich[3]	*[3]	Lebensdauer/Verfügbarkeit vorhanden[3]	*[3]	*[3]	Sonstiges vorhanden[3]	*[3]	*[3]	Contra A[3]	*[3]	*[3]	_	_	Hauptteil[7]	3. Warrant[22]	
8-16	1119-1125	Option	1. Richtig[3]	1. Angemessen[3]	1. Verständlich[3]	*[3]	Lebensdauer/Verfügbarkeit vorhanden[3]	*[3]	*[3]	Sonstiges vorhanden[3]	*[3]	*[3]	Contra A[3]	*[3]	*[3]	_	_	Hauptteil[7]	3. Warrant[22]	
8-17	1126-1129	ist	1. Richtig[3]	1. Angemessen[3]	1. Verständlich[3]	*[3]	Lebensdauer/Verfügbarkeit vorhanden[3]	*[3]	*[3]	Sonstiges vorhanden[3]	*[3]	*[3]	Contra A[3]	*[3]	*[3]	_	_	Hauptteil[7]	3. Warrant[22]	
8-18	1129-1130	.	1. Richtig[3]	1. Angemessen[3]	1. Verständlich[3]	*[3]	Lebensdauer/Verfügbarkeit vorhanden[3]	*[3]	*[3]	Sonstiges vorhanden[3]	*[3]	*[3]	Contra A[3]	*[3]	*[3]	_	_	Hauptteil[7]	3. Warrant[22]	

9-1	1132-1135	Bei	1. Richtig[4]	1. Angemessen[4]	1. Verständlich[4]	Jahresertrag/Energiedichte Vorhanden[4]	*[4]	*[4]	*[4]	*[4]	*[4]	*[4]	*[4]	*[4]	Contra C[4]	_	_	Hauptteil[7]	1. Claim[23]	
9-2	1136-1139	der	1. Richtig[4]	1. Angemessen[4]	1. Verständlich[4]	Jahresertrag/Energiedichte Vorhanden[4]	*[4]	*[4]	*[4]	*[4]	*[4]	*[4]	*[4]	*[4]	Contra C[4]	_	_	Hauptteil[7]	1. Claim[23]	
9-3	1140-1154	Massebezogenen	1. Richtig[4]	1. Angemessen[4]	1. Verständlich[4]	Jahresertrag/Energiedichte Vorhanden[4]	*[4]	*[4]	*[4]	*[4]	*[4]	*[4]	*[4]	*[4]	Contra C[4]	_	_	Hauptteil[7]	1. Claim[23]	
9-4	1155-1161	Dichte	1. Richtig[4]	1. Angemessen[4]	1. Verständlich[4]	Jahresertrag/Energiedichte Vorhanden[4]	*[4]	*[4]	*[4]	*[4]	*[4]	*[4]	*[4]	*[4]	Contra C[4]	_	_	Hauptteil[7]	1. Claim[23]	
9-5	1162-1166	sind	1. Richtig[4]	1. Angemessen[4]	1. Verständlich[4]	Jahresertrag/Energiedichte Vorhanden[4]	*[4]	*[4]	*[4]	*[4]	*[4]	*[4]	*[4]	*[4]	Contra C[4]	_	_	Hauptteil[7]	1. Claim[23]	
9-6	1167-1170	die	1. Richtig[4]	1. Angemessen[4]	1. Verständlich[4]	Jahresertrag/Energiedichte Vorhanden[4]	*[4]	*[4]	*[4]	*[4]	*[4]	*[4]	*[4]	*[4]	Contra C[4]	_	_	Hauptteil[7]	1. Claim[23]	
9-7	1171-1184	Akkumulatoren	1. Richtig[4]	1. Angemessen[4]	1. Verständlich[4]	Jahresertrag/Energiedichte Vorhanden[4]	*[4]	*[4]	*[4]	*[4]	*[4]	*[4]	*[4]	*[4]	Contra C[4]	_	_	Hauptteil[7]	1. Claim[23]	
9-8	1185-1189	zwar	1. Richtig[4]	1. Angemessen[4]	1. Verständlich[4]	Jahresertrag/Energiedichte Vorhanden[4]	*[4]	*[4]	*[4]	*[4]	*[4]	*[4]	*[4]	*[4]	Contra C[4]	_	_	Hauptteil[7]	1. Claim[23]	
9-9	1190-1192	im	1. Richtig[4]	1. Angemessen[4]	1. Verständlich[4]	Jahresertrag/Energiedichte Vorhanden[4]	*[4]	*[4]	*[4]	*[4]	*[4]	*[4]	*[4]	*[4]	Contra C[4]	_	_	Hauptteil[7]	1. Claim[23]	
9-10	1193-1201	Nachteil	1. Richtig[4]	1. Angemessen[4]	1. Verständlich[4]	Jahresertrag/Energiedichte Vorhanden[4]	*[4]	*[4]	*[4]	*[4]	*[4]	*[4]	*[4]	*[4]	Contra C[4]	_	_	Hauptteil[7]	1. Claim[23]	
9-11	1201-1202	.	1. Richtig[4]	1. Angemessen[4]	1. Verständlich[4]	Jahresertrag/Energiedichte Vorhanden[4]	*[4]	*[4]	*[4]	*[4]	*[4]	*[4]	*[4]	*[4]	Contra C[4]	_	_	Hauptteil[7]	1. Claim[23]	

10-1	1204-1206	Da	3. Nicht zutreffend[5]	3. Nicht zutreffend[5]	3. Unverständlich[5]	*[5]	*[5]	*[5]	Preis/Betrieb vorhanden[5]	*[5]	*[5]	*[5]	*[5]	*[5]	*[5]	_	_	Hauptteil[7]	5. Nicht zutreffend[24]	
10-2	1207-1210	die	3. Nicht zutreffend[5]	3. Nicht zutreffend[5]	3. Unverständlich[5]	*[5]	*[5]	*[5]	Preis/Betrieb vorhanden[5]	*[5]	*[5]	*[5]	*[5]	*[5]	*[5]	_	_	Hauptteil[7]	5. Nicht zutreffend[24]	
10-3	1211-1220	Reichweit	3. Nicht zutreffend[5]	3. Nicht zutreffend[5]	3. Unverständlich[5]	*[5]	*[5]	*[5]	Preis/Betrieb vorhanden[5]	*[5]	*[5]	*[5]	*[5]	*[5]	*[5]	_	_	Hauptteil[7]	5. Nicht zutreffend[24]	
