#FORMAT=WebAnno TSV 3.3
#T_SP=webanno.custom.Argument|Accuracy|Adequacy|Clarity|KriteriumJahresertragEnergiedichte|KriteriumLebensdauerVerfgbarkeit|KriteriumLokaleEmissionenGeruschemissionen|KriteriumPreisBetrieb|KriteriumSonstiges|KriteriumTreibhausgasemissionen|KriteriumWirkungsgrad|OptionA|OptionB|OptionC
#T_SP=webanno.custom.DecisionMakingStrategies|Decision|Gesamtthese
#T_SP=webanno.custom.Struktur|Struktur
#T_SP=webanno.custom.StrukturTAP|TAPArgumente


1-1	0-3	Ich	1. Richtig[1]	1. Angemessen[1]	1. Verständlich[1]	*[1]	*[1]	*[1]	*[1]	*[1]	Treibhausgasemissionen vorhanden[1]	*[1]	Contra A[1]	Pro B[1]	Contra C[1]	2. Cut-off[5]	Gesamtthese[5]	Hauptteil[6]	1. Claim[7]	
1-2	4-9	würde	1. Richtig[1]	1. Angemessen[1]	1. Verständlich[1]	*[1]	*[1]	*[1]	*[1]	*[1]	Treibhausgasemissionen vorhanden[1]	*[1]	Contra A[1]	Pro B[1]	Contra C[1]	2. Cut-off[5]	Gesamtthese[5]	Hauptteil[6]	1. Claim[7]	
1-3	10-19	empfehlen	1. Richtig[1]	1. Angemessen[1]	1. Verständlich[1]	*[1]	*[1]	*[1]	*[1]	*[1]	Treibhausgasemissionen vorhanden[1]	*[1]	Contra A[1]	Pro B[1]	Contra C[1]	2. Cut-off[5]	Gesamtthese[5]	Hauptteil[6]	1. Claim[7]	
1-4	20-22	in	1. Richtig[1]	1. Angemessen[1]	1. Verständlich[1]	*[1]	*[1]	*[1]	*[1]	*[1]	Treibhausgasemissionen vorhanden[1]	*[1]	Contra A[1]	Pro B[1]	Contra C[1]	2. Cut-off[5]	Gesamtthese[5]	Hauptteil[6]	1. Claim[7]	
1-5	23-29	diesem	1. Richtig[1]	1. Angemessen[1]	1. Verständlich[1]	*[1]	*[1]	*[1]	*[1]	*[1]	Treibhausgasemissionen vorhanden[1]	*[1]	Contra A[1]	Pro B[1]	Contra C[1]	2. Cut-off[5]	Gesamtthese[5]	Hauptteil[6]	1. Claim[7]	
1-6	30-34	Fall	1. Richtig[1]	1. Angemessen[1]	1. Verständlich[1]	*[1]	*[1]	*[1]	*[1]	*[1]	Treibhausgasemissionen vorhanden[1]	*[1]	Contra A[1]	Pro B[1]	Contra C[1]	2. Cut-off[5]	Gesamtthese[5]	Hauptteil[6]	1. Claim[7]	
1-7	35-38	die	1. Richtig[1]	1. Angemessen[1]	1. Verständlich[1]	*[1]	*[1]	*[1]	*[1]	*[1]	Treibhausgasemissionen vorhanden[1]	*[1]	Contra A[1]	Pro B[1]	Contra C[1]	2. Cut-off[5]	Gesamtthese[5]	Hauptteil[6]	1. Claim[7]	
1-8	39-46	E-Fuels	1. Richtig[1]	1. Angemessen[1]	1. Verständlich[1]	*[1]	*[1]	*[1]	*[1]	*[1]	Treibhausgasemissionen vorhanden[1]	*[1]	Contra A[1]	Pro B[1]	Contra C[1]	2. Cut-off[5]	Gesamtthese[5]	Hauptteil[6]	1. Claim[7]	
1-9	47-49	zu	1. Richtig[1]	1. Angemessen[1]	1. Verständlich[1]	*[1]	*[1]	*[1]	*[1]	*[1]	Treibhausgasemissionen vorhanden[1]	*[1]	Contra A[1]	Pro B[1]	Contra C[1]	2. Cut-off[5]	Gesamtthese[5]	Hauptteil[6]	1. Claim[7]	
1-10	50-56	nutzen	1. Richtig[1]	1. Angemessen[1]	1. Verständlich[1]	*[1]	*[1]	*[1]	*[1]	*[1]	Treibhausgasemissionen vorhanden[1]	*[1]	Contra A[1]	Pro B[1]	Contra C[1]	2. Cut-off[5]	Gesamtthese[5]	Hauptteil[6]	1. Claim[7]	
1-11	56-57	,	1. Richtig[1]	1. Angemessen[1]	1. Verständlich[1]	*[1]	*[1]	*[1]	*[1]	*[1]	Treibhausgasemissionen vorhanden[1]	*[1]	Contra A[1]	Pro B[1]	Contra C[1]	2. Cut-off[5]	Gesamtthese[5]	Hauptteil[6]	1. Claim[7]	
1-12	58-60	da	1. Richtig[1]	1. Angemessen[1]	1. Verständlich[1]	*[1]	*[1]	*[1]	*[1]	*[1]	Treibhausgasemissionen vorhanden[1]	*[1]	Contra A[1]	Pro B[1]	Contra C[1]	2. Cut-off[5]	Gesamtthese[5]	Hauptteil[6]	2. Data[8]	
1-13	61-65	ihre	1. Richtig[1]	1. Angemessen[1]	1. Verständlich[1]	*[1]	*[1]	*[1]	*[1]	*[1]	Treibhausgasemissionen vorhanden[1]	*[1]	Contra A[1]	Pro B[1]	Contra C[1]	2. Cut-off[5]	Gesamtthese[5]	Hauptteil[6]	2. Data[8]	
1-14	66-76	Produktion	1. Richtig[1]	1. Angemessen[1]	1. Verständlich[1]	*[1]	*[1]	*[1]	*[1]	*[1]	Treibhausgasemissionen vorhanden[1]	*[1]	Contra A[1]	Pro B[1]	Contra C[1]	2. Cut-off[5]	Gesamtthese[5]	Hauptteil[6]	2. Data[8]	
1-15	77-81	fast	1. Richtig[1]	1. Angemessen[1]	1. Verständlich[1]	*[1]	*[1]	*[1]	*[1]	*[1]	Treibhausgasemissionen vorhanden[1]	*[1]	Contra A[1]	Pro B[1]	Contra C[1]	2. Cut-off[5]	Gesamtthese[5]	Hauptteil[6]	2. Data[8]	
1-16	82-86	halb	1. Richtig[1]	1. Angemessen[1]	1. Verständlich[1]	*[1]	*[1]	*[1]	*[1]	*[1]	Treibhausgasemissionen vorhanden[1]	*[1]	Contra A[1]	Pro B[1]	Contra C[1]	2. Cut-off[5]	Gesamtthese[5]	Hauptteil[6]	2. Data[8]	
1-17	87-89	so	1. Richtig[1]	1. Angemessen[1]	1. Verständlich[1]	*[1]	*[1]	*[1]	*[1]	*[1]	Treibhausgasemissionen vorhanden[1]	*[1]	Contra A[1]	Pro B[1]	Contra C[1]	2. Cut-off[5]	Gesamtthese[5]	Hauptteil[6]	2. Data[8]	
1-18	90-95	wenig	1. Richtig[1]	1. Angemessen[1]	1. Verständlich[1]	*[1]	*[1]	*[1]	*[1]	*[1]	Treibhausgasemissionen vorhanden[1]	*[1]	Contra A[1]	Pro B[1]	Contra C[1]	2. Cut-off[5]	Gesamtthese[5]	Hauptteil[6]	2. Data[8]	
1-19	96-99	CO2	1. Richtig[1]	1. Angemessen[1]	1. Verständlich[1]	*[1]	*[1]	*[1]	*[1]	*[1]	Treibhausgasemissionen vorhanden[1]	*[1]	Contra A[1]	Pro B[1]	Contra C[1]	2. Cut-off[5]	Gesamtthese[5]	Hauptteil[6]	2. Data[8]	
1-20	100-110	Produziert	1. Richtig[1]	1. Angemessen[1]	1. Verständlich[1]	*[1]	*[1]	*[1]	*[1]	*[1]	Treibhausgasemissionen vorhanden[1]	*[1]	Contra A[1]	Pro B[1]	Contra C[1]	2. Cut-off[5]	Gesamtthese[5]	Hauptteil[6]	2. Data[8]	
1-21	110-111	,	1. Richtig[1]	1. Angemessen[1]	1. Verständlich[1]	*[1]	*[1]	*[1]	*[1]	*[1]	Treibhausgasemissionen vorhanden[1]	*[1]	Contra A[1]	Pro B[1]	Contra C[1]	2. Cut-off[5]	Gesamtthese[5]	Hauptteil[6]	2. Data[8]	
1-22	112-115	wie	1. Richtig[1]	1. Angemessen[1]	1. Verständlich[1]	*[1]	*[1]	*[1]	*[1]	*[1]	Treibhausgasemissionen vorhanden[1]	*[1]	Contra A[1]	Pro B[1]	Contra C[1]	2. Cut-off[5]	Gesamtthese[5]	Hauptteil[6]	2. Data[8]	
1-23	116-119	die	1. Richtig[1]	1. Angemessen[1]	1. Verständlich[1]	*[1]	*[1]	*[1]	*[1]	*[1]	Treibhausgasemissionen vorhanden[1]	*[1]	Contra A[1]	Pro B[1]	Contra C[1]	2. Cut-off[5]	Gesamtthese[5]	Hauptteil[6]	2. Data[8]	
1-24	120-127	anderen	1. Richtig[1]	1. Angemessen[1]	1. Verständlich[1]	*[1]	*[1]	*[1]	*[1]	*[1]	Treibhausgasemissionen vorhanden[1]	*[1]	Contra A[1]	Pro B[1]	Contra C[1]	2. Cut-off[5]	Gesamtthese[5]	Hauptteil[6]	2. Data[8]	
1-25	128-134	beiden	1. Richtig[1]	1. Angemessen[1]	1. Verständlich[1]	*[1]	*[1]	*[1]	*[1]	*[1]	Treibhausgasemissionen vorhanden[1]	*[1]	Contra A[1]	Pro B[1]	Contra C[1]	2. Cut-off[5]	Gesamtthese[5]	Hauptteil[6]	2. Data[8]	
1-26	134-135	,	1. Richtig[1]	1. Angemessen[1]	1. Verständlich[1]	*[1]	*[1]	*[1]	*[1]	*[1]	Treibhausgasemissionen vorhanden[1]	*[1]	Contra A[1]	Pro B[1]	Contra C[1]	2. Cut-off[5]	Gesamtthese[5]	Hauptteil[6]	2. Data[8]	
1-27	136-139	was	1. Richtig[1]	1. Angemessen[1]	1. Verständlich[1]	*[1]	*[1]	*[1]	*[1]	*[1]	Treibhausgasemissionen vorhanden[1]	*[1]	Contra A[1]	Pro B[1]	Contra C[1]	2. Cut-off[5]	Gesamtthese[5]	Hauptteil[6]	3. Warrant[9]	
1-28	140-143	ein	1. Richtig[1]	1. Angemessen[1]	1. Verständlich[1]	*[1]	*[1]	*[1]	*[1]	*[1]	Treibhausgasemissionen vorhanden[1]	*[1]	Contra A[1]	Pro B[1]	Contra C[1]	2. Cut-off[5]	Gesamtthese[5]	Hauptteil[6]	3. Warrant[9]	
1-29	144-148	Ziel	1. Richtig[1]	1. Angemessen[1]	1. Verständlich[1]	*[1]	*[1]	*[1]	*[1]	*[1]	Treibhausgasemissionen vorhanden[1]	*[1]	Contra A[1]	Pro B[1]	Contra C[1]	2. Cut-off[5]	Gesamtthese[5]	Hauptteil[6]	3. Warrant[9]	
1-30	149-152	ist	1. Richtig[1]	1. Angemessen[1]	1. Verständlich[1]	*[1]	*[1]	*[1]	*[1]	*[1]	Treibhausgasemissionen vorhanden[1]	*[1]	Contra A[1]	Pro B[1]	Contra C[1]	2. Cut-off[5]	Gesamtthese[5]	Hauptteil[6]	3. Warrant[9]	
1-31	152-153	,	1. Richtig[1]	1. Angemessen[1]	1. Verständlich[1]	*[1]	*[1]	*[1]	*[1]	*[1]	Treibhausgasemissionen vorhanden[1]	*[1]	Contra A[1]	Pro B[1]	Contra C[1]	2. Cut-off[5]	Gesamtthese[5]	Hauptteil[6]	3. Warrant[9]	
1-32	154-161	welches	1. Richtig[1]	1. Angemessen[1]	1. Verständlich[1]	*[1]	*[1]	*[1]	*[1]	*[1]	Treibhausgasemissionen vorhanden[1]	*[1]	Contra A[1]	Pro B[1]	Contra C[1]	2. Cut-off[5]	Gesamtthese[5]	Hauptteil[6]	3. Warrant[9]	
1-33	162-165	man	1. Richtig[1]	1. Angemessen[1]	1. Verständlich[1]	*[1]	*[1]	*[1]	*[1]	*[1]	Treibhausgasemissionen vorhanden[1]	*[1]	Contra A[1]	Pro B[1]	Contra C[1]	2. Cut-off[5]	Gesamtthese[5]	Hauptteil[6]	3. Warrant[9]	
1-34	166-171	aktiv	1. Richtig[1]	1. Angemessen[1]	1. Verständlich[1]	*[1]	*[1]	*[1]	*[1]	*[1]	Treibhausgasemissionen vorhanden[1]	*[1]	Contra A[1]	Pro B[1]	Contra C[1]	2. Cut-off[5]	Gesamtthese[5]	Hauptteil[6]	3. Warrant[9]	
1-35	172-177	durch	1. Richtig[1]	1. Angemessen[1]	1. Verständlich[1]	*[1]	*[1]	*[1]	*[1]	*[1]	Treibhausgasemissionen vorhanden[1]	*[1]	Contra A[1]	Pro B[1]	Contra C[1]	2. Cut-off[5]	Gesamtthese[5]	Hauptteil[6]	3. Warrant[9]	
1-36	178-184	dieses	1. Richtig[1]	1. Angemessen[1]	1. Verständlich[1]	*[1]	*[1]	*[1]	*[1]	*[1]	Treibhausgasemissionen vorhanden[1]	*[1]	Contra A[1]	Pro B[1]	Contra C[1]	2. Cut-off[5]	Gesamtthese[5]	Hauptteil[6]	3. Warrant[9]	
1-37	185-192	Projekt	1. Richtig[1]	1. Angemessen[1]	1. Verständlich[1]	*[1]	*[1]	*[1]	*[1]	*[1]	Treibhausgasemissionen vorhanden[1]	*[1]	Contra A[1]	Pro B[1]	Contra C[1]	2. Cut-off[5]	Gesamtthese[5]	Hauptteil[6]	3. Warrant[9]	
1-38	193-198	aktiv	1. Richtig[1]	1. Angemessen[1]	1. Verständlich[1]	*[1]	*[1]	*[1]	*[1]	*[1]	Treibhausgasemissionen vorhanden[1]	*[1]	Contra A[1]	Pro B[1]	Contra C[1]	2. Cut-off[5]	Gesamtthese[5]	Hauptteil[6]	3. Warrant[9]	
1-39	199-208	erreichen	1. Richtig[1]	1. Angemessen[1]	1. Verständlich[1]	*[1]	*[1]	*[1]	*[1]	*[1]	Treibhausgasemissionen vorhanden[1]	*[1]	Contra A[1]	Pro B[1]	Contra C[1]	2. Cut-off[5]	Gesamtthese[5]	Hauptteil[6]	3. Warrant[9]	
1-40	209-213	will	1. Richtig[1]	1. Angemessen[1]	1. Verständlich[1]	*[1]	*[1]	*[1]	*[1]	*[1]	Treibhausgasemissionen vorhanden[1]	*[1]	Contra A[1]	Pro B[1]	Contra C[1]	2. Cut-off[5]	Gesamtthese[5]	Hauptteil[6]	3. Warrant[9]	
1-41	213-214	.	1. Richtig[1]	1. Angemessen[1]	1. Verständlich[1]	*[1]	*[1]	*[1]	*[1]	*[1]	Treibhausgasemissionen vorhanden[1]	*[1]	Contra A[1]	Pro B[1]	Contra C[1]	2. Cut-off[5]	Gesamtthese[5]	Hauptteil[6]	3. Warrant[9]	

2-1	216-224	Außerdem	1. Richtig[2]	1. Angemessen[2]	1. Verständlich[2]	*[2]	Lebensdauer/Verfügbarkeit vorhanden[2]	*[2]	*[2]	*[2]	*[2]	*[2]	Contra A[2]	Pro B[2]	*[2]	_	_	Hauptteil[6]	2. Data[10]	
2-2	225-231	können	1. Richtig[2]	1. Angemessen[2]	1. Verständlich[2]	*[2]	Lebensdauer/Verfügbarkeit vorhanden[2]	*[2]	*[2]	*[2]	*[2]	*[2]	Contra A[2]	Pro B[2]	*[2]	_	_	Hauptteil[6]	2. Data[10]	
2-3	232-235	die	1. Richtig[2]	1. Angemessen[2]	1. Verständlich[2]	*[2]	Lebensdauer/Verfügbarkeit vorhanden[2]	*[2]	*[2]	*[2]	*[2]	*[2]	Contra A[2]	Pro B[2]	*[2]	_	_	Hauptteil[6]	2. Data[10]	
2-4	236-243	E-Fuels	1. Richtig[2]	1. Angemessen[2]	1. Verständlich[2]	*[2]	Lebensdauer/Verfügbarkeit vorhanden[2]	*[2]	*[2]	*[2]	*[2]	*[2]	Contra A[2]	Pro B[2]	*[2]	_	_	Hauptteil[6]	2. Data[10]	
2-5	244-246	im	1. Richtig[2]	1. Angemessen[2]	1. Verständlich[2]	*[2]	Lebensdauer/Verfügbarkeit vorhanden[2]	*[2]	*[2]	*[2]	*[2]	*[2]	Contra A[2]	Pro B[2]	*[2]	_	_	Hauptteil[6]	2. Data[10]	
2-6	247-256	Vergleich	1. Richtig[2]	1. Angemessen[2]	1. Verständlich[2]	*[2]	Lebensdauer/Verfügbarkeit vorhanden[2]	*[2]	*[2]	*[2]	*[2]	*[2]	Contra A[2]	Pro B[2]	*[2]	_	_	Hauptteil[6]	2. Data[10]	
2-7	257-259	zu	1. Richtig[2]	1. Angemessen[2]	1. Verständlich[2]	*[2]	Lebensdauer/Verfügbarkeit vorhanden[2]	*[2]	*[2]	*[2]	*[2]	*[2]	Contra A[2]	Pro B[2]	*[2]	_	_	Hauptteil[6]	2. Data[10]	
2-8	260-263	den	1. Richtig[2]	1. Angemessen[2]	1. Verständlich[2]	*[2]	Lebensdauer/Verfügbarkeit vorhanden[2]	*[2]	*[2]	*[2]	*[2]	*[2]	Contra A[2]	Pro B[2]	*[2]	_	_	Hauptteil[6]	2. Data[10]	
2-9	264-275	Wasserstoff	1. Richtig[2]	1. Angemessen[2]	1. Verständlich[2]	*[2]	Lebensdauer/Verfügbarkeit vorhanden[2]	*[2]	*[2]	*[2]	*[2]	*[2]	Contra A[2]	Pro B[2]	*[2]	_	_	Hauptteil[6]	2. Data[10]	
2-10	276-286	Fahrzeugen	1. Richtig[2]	1. Angemessen[2]	1. Verständlich[2]	*[2]	Lebensdauer/Verfügbarkeit vorhanden[2]	*[2]	*[2]	*[2]	*[2]	*[2]	Contra A[2]	Pro B[2]	*[2]	_	_	Hauptteil[6]	2. Data[10]	
2-11	287-289	in	1. Richtig[2]	1. Angemessen[2]	1. Verständlich[2]	*[2]	Lebensdauer/Verfügbarkeit vorhanden[2]	*[2]	*[2]	*[2]	*[2]	*[2]	Contra A[2]	Pro B[2]	*[2]	_	_	Hauptteil[6]	2. Data[10]	
2-12	290-296	Massen	1. Richtig[2]	1. Angemessen[2]	1. Verständlich[2]	*[2]	Lebensdauer/Verfügbarkeit vorhanden[2]	*[2]	*[2]	*[2]	*[2]	*[2]	Contra A[2]	Pro B[2]	*[2]	_	_	Hauptteil[6]	2. Data[10]	
2-13	297-307	Produziert	1. Richtig[2]	1. Angemessen[2]	1. Verständlich[2]	*[2]	Lebensdauer/Verfügbarkeit vorhanden[2]	*[2]	*[2]	*[2]	*[2]	*[2]	Contra A[2]	Pro B[2]	*[2]	_	_	Hauptteil[6]	2. Data[10]	
2-14	308-314	werden	1. Richtig[2]	1. Angemessen[2]	1. Verständlich[2]	*[2]	Lebensdauer/Verfügbarkeit vorhanden[2]	*[2]	*[2]	*[2]	*[2]	*[2]	Contra A[2]	Pro B[2]	*[2]	_	_	Hauptteil[6]	2. Data[10]	
2-15	314-315	,	1. Richtig[2]	1. Angemessen[2]	1. Verständlich[2]	*[2]	Lebensdauer/Verfügbarkeit vorhanden[2]	*[2]	*[2]	*[2]	*[2]	*[2]	Contra A[2]	Pro B[2]	*[2]	_	_	Hauptteil[6]	2. Data[10]	
2-16	316-319	was	1. Richtig[2]	1. Angemessen[2]	1. Verständlich[2]	*[2]	Lebensdauer/Verfügbarkeit vorhanden[2]	*[2]	*[2]	*[2]	*[2]	*[2]	Contra A[2]	Pro B[2]	*[2]	_	_	Hauptteil[6]	3. Warrant[11]	
2-17	320-324	dazu	1. Richtig[2]	1. Angemessen[2]	1. Verständlich[2]	*[2]	Lebensdauer/Verfügbarkeit vorhanden[2]	*[2]	*[2]	*[2]	*[2]	*[2]	Contra A[2]	Pro B[2]	*[2]	_	_	Hauptteil[6]	3. Warrant[11]	
2-18	325-330	führt	1. Richtig[2]	1. Angemessen[2]	1. Verständlich[2]	*[2]	Lebensdauer/Verfügbarkeit vorhanden[2]	*[2]	*[2]	*[2]	*[2]	*[2]	Contra A[2]	Pro B[2]	*[2]	_	_	Hauptteil[6]	3. Warrant[11]	
2-19	330-331	,	1. Richtig[2]	1. Angemessen[2]	1. Verständlich[2]	*[2]	Lebensdauer/Verfügbarkeit vorhanden[2]	*[2]	*[2]	*[2]	*[2]	*[2]	Contra A[2]	Pro B[2]	*[2]	_	_	Hauptteil[6]	3. Warrant[11]	
2-20	332-336	dass	1. Richtig[2]	1. Angemessen[2]	1. Verständlich[2]	*[2]	Lebensdauer/Verfügbarkeit vorhanden[2]	*[2]	*[2]	*[2]	*[2]	*[2]	Contra A[2]	Pro B[2]	*[2]	_	_	Hauptteil[6]	3. Warrant[11]	
2-21	337-341	mehr	1. Richtig[2]	1. Angemessen[2]	1. Verständlich[2]	*[2]	Lebensdauer/Verfügbarkeit vorhanden[2]	*[2]	*[2]	*[2]	*[2]	*[2]	Contra A[2]	Pro B[2]	*[2]	_	_	Hauptteil[6]	3. Warrant[11]	
2-22	342-350	Menschen	1. Richtig[2]	1. Angemessen[2]	1. Verständlich[2]	*[2]	Lebensdauer/Verfügbarkeit vorhanden[2]	*[2]	*[2]	*[2]	*[2]	*[2]	Contra A[2]	Pro B[2]	*[2]	_	_	Hauptteil[6]	3. Warrant[11]	
2-23	351-354	mit	1. Richtig[2]	1. Angemessen[2]	1. Verständlich[2]	*[2]	Lebensdauer/Verfügbarkeit vorhanden[2]	*[2]	*[2]	*[2]	*[2]	*[2]	Contra A[2]	Pro B[2]	*[2]	_	_	Hauptteil[6]	3. Warrant[11]	
2-24	355-356	-	1. Richtig[2]	1. Angemessen[2]	1. Verständlich[2]	*[2]	Lebensdauer/Verfügbarkeit vorhanden[2]	*[2]	*[2]	*[2]	*[2]	*[2]	Contra A[2]	Pro B[2]	*[2]	_	_	Hauptteil[6]	3. Warrant[11]	
2-25	356-357	E	1. Richtig[2]	1. Angemessen[2]	1. Verständlich[2]	*[2]	Lebensdauer/Verfügbarkeit vorhanden[2]	*[2]	*[2]	*[2]	*[2]	*[2]	Contra A[2]	Pro B[2]	*[2]	_	_	Hauptteil[6]	3. Warrant[11]	
2-26	358-363	Fuels	1. Richtig[2]	1. Angemessen[2]	1. Verständlich[2]	*[2]	Lebensdauer/Verfügbarkeit vorhanden[2]	*[2]	*[2]	*[2]	*[2]	*[2]	Contra A[2]	Pro B[2]	*[2]	_	_	Hauptteil[6]	3. Warrant[11]	
2-27	364-370	fahren	1. Richtig[2]	1. Angemessen[2]	1. Verständlich[2]	*[2]	Lebensdauer/Verfügbarkeit vorhanden[2]	*[2]	*[2]	*[2]	*[2]	*[2]	Contra A[2]	Pro B[2]	*[2]	_	_	Hauptteil[6]	3. Warrant[11]	
2-28	371-377	können	1. Richtig[2]	1. Angemessen[2]	1. Verständlich[2]	*[2]	Lebensdauer/Verfügbarkeit vorhanden[2]	*[2]	*[2]	*[2]	*[2]	*[2]	Contra A[2]	Pro B[2]	*[2]	_	_	Hauptteil[6]	3. Warrant[11]	
2-29	378-381	und	1. Richtig[2]	1. Angemessen[2]	1. Verständlich[2]	*[2]	Lebensdauer/Verfügbarkeit vorhanden[2]	*[2]	*[2]	*[2]	*[2]	*[2]	Contra A[2]	Pro B[2]	*[2]	_	_	Hauptteil[6]	3. Warrant[11]	
2-30	382-387	nicht	1. Richtig[2]	1. Angemessen[2]	1. Verständlich[2]	*[2]	Lebensdauer/Verfügbarkeit vorhanden[2]	*[2]	*[2]	*[2]	*[2]	*[2]	Contra A[2]	Pro B[2]	*[2]	_	_	Hauptteil[6]	3. Warrant[11]	
2-31	388-394	warten	1. Richtig[2]	1. Angemessen[2]	1. Verständlich[2]	*[2]	Lebensdauer/Verfügbarkeit vorhanden[2]	*[2]	*[2]	*[2]	*[2]	*[2]	Contra A[2]	Pro B[2]	*[2]	_	_	Hauptteil[6]	3. Warrant[11]	
2-32	395-401	müssem	1. Richtig[2]	1. Angemessen[2]	1. Verständlich[2]	*[2]	Lebensdauer/Verfügbarkeit vorhanden[2]	*[2]	*[2]	*[2]	*[2]	*[2]	Contra A[2]	Pro B[2]	*[2]	_	_	Hauptteil[6]	3. Warrant[11]	
2-33	401-402	,	1. Richtig[2]	1. Angemessen[2]	1. Verständlich[2]	*[2]	Lebensdauer/Verfügbarkeit vorhanden[2]	*[2]	*[2]	*[2]	*[2]	*[2]	Contra A[2]	Pro B[2]	*[2]	_	_	Hauptteil[6]	3. Warrant[11]	
2-34	403-406	bis	1. Richtig[2]	1. Angemessen[2]	1. Verständlich[2]	*[2]	Lebensdauer/Verfügbarkeit vorhanden[2]	*[2]	*[2]	*[2]	*[2]	*[2]	Contra A[2]	Pro B[2]	*[2]	_	_	Hauptteil[6]	3. Warrant[11]	
2-35	407-410	ein	1. Richtig[2]	1. Angemessen[2]	1. Verständlich[2]	*[2]	Lebensdauer/Verfügbarkeit vorhanden[2]	*[2]	*[2]	*[2]	*[2]	*[2]	Contra A[2]	Pro B[2]	*[2]	_	_	Hauptteil[6]	3. Warrant[11]	
2-36	411-416	neues	1. Richtig[2]	1. Angemessen[2]	1. Verständlich[2]	*[2]	Lebensdauer/Verfügbarkeit vorhanden[2]	*[2]	*[2]	*[2]	*[2]	*[2]	Contra A[2]	Pro B[2]	*[2]	_	_	Hauptteil[6]	3. Warrant[11]	
2-37	417-425	Fahrzeug	1. Richtig[2]	1. Angemessen[2]	1. Verständlich[2]	*[2]	Lebensdauer/Verfügbarkeit vorhanden[2]	*[2]	*[2]	*[2]	*[2]	*[2]	Contra A[2]	Pro B[2]	*[2]	_	_	Hauptteil[6]	3. Warrant[11]	
2-38	426-435	rauskommt	1. Richtig[2]	1. Angemessen[2]	1. Verständlich[2]	*[2]	Lebensdauer/Verfügbarkeit vorhanden[2]	*[2]	*[2]	*[2]	*[2]	*[2]	Contra A[2]	Pro B[2]	*[2]	_	_	Hauptteil[6]	3. Warrant[11]	
2-39	435-436	,	1. Richtig[2]	1. Angemessen[2]	1. Verständlich[2]	*[2]	Lebensdauer/Verfügbarkeit vorhanden[2]	*[2]	*[2]	*[2]	*[2]	*[2]	Contra A[2]	Pro B[2]	*[2]	_	_	Hauptteil[6]	3. Warrant[11]	
2-40	437-444	welches	1. Richtig[2]	1. Angemessen[2]	1. Verständlich[2]	*[2]	Lebensdauer/Verfügbarkeit vorhanden[2]	*[2]	*[2]	*[2]	*[2]	*[2]	Contra A[2]	Pro B[2]	*[2]	_	_	Hauptteil[6]	3. Warrant[11]	
2-41	445-451	sofort	1. Richtig[2]	1. Angemessen[2]	1. Verständlich[2]	*[2]	Lebensdauer/Verfügbarkeit vorhanden[2]	*[2]	*[2]	*[2]	*[2]	*[2]	Contra A[2]	Pro B[2]	*[2]	_	_	Hauptteil[6]	3. Warrant[11]	
2-42	452-460	verkauft	1. Richtig[2]	1. Angemessen[2]	1. Verständlich[2]	*[2]	Lebensdauer/Verfügbarkeit vorhanden[2]	*[2]	*[2]	*[2]	*[2]	*[2]	Contra A[2]	Pro B[2]	*[2]	_	_	Hauptteil[6]	3. Warrant[11]	
2-43	461-465	sein	1. Richtig[2]	1. Angemessen[2]	1. Verständlich[2]	*[2]	Lebensdauer/Verfügbarkeit vorhanden[2]	*[2]	*[2]	*[2]	*[2]	*[2]	Contra A[2]	Pro B[2]	*[2]	_	_	Hauptteil[6]	3. Warrant[11]	
2-44	466-470	wird	1. Richtig[2]	1. Angemessen[2]	1. Verständlich[2]	*[2]	Lebensdauer/Verfügbarkeit vorhanden[2]	*[2]	*[2]	*[2]	*[2]	*[2]	Contra A[2]	Pro B[2]	*[2]	_	_	Hauptteil[6]	3. Warrant[11]	
2-45	470-471	.	1. Richtig[2]	1. Angemessen[2]	1. Verständlich[2]	*[2]	Lebensdauer/Verfügbarkeit vorhanden[2]	*[2]	*[2]	*[2]	*[2]	*[2]	Contra A[2]	Pro B[2]	*[2]	_	_	Hauptteil[6]	3. Warrant[11]	

3-1	473-479	Obwohl	3. Nicht zutreffend[3]	3. Nicht zutreffend[3]	1. Verständlich[3]	*[3]	*[3]	Emissionen vorhanden[3]	*[3]	*[3]	*[3]	Wirkungsgrad vorhanden[3]	*[3]	Contra B[3]	*[3]	_	_	Hauptteil[6]	2. Data[12]	
3-2	480-487	E-Fuels	3. Nicht zutreffend[3]	3. Nicht zutreffend[3]	1. Verständlich[3]	*[3]	*[3]	Emissionen vorhanden[3]	*[3]	*[3]	*[3]	Wirkungsgrad vorhanden[3]	*[3]	Contra B[3]	*[3]	_	_	Hauptteil[6]	2. Data[12]	
3-3	488-493	einen	3. Nicht zutreffend[3]	3. Nicht zutreffend[3]	1. Verständlich[3]	*[3]	*[3]	Emissionen vorhanden[3]	*[3]	*[3]	*[3]	Wirkungsgrad vorhanden[3]	*[3]	Contra B[3]	*[3]	_	_	Hauptteil[6]	2. Data[12]	
3-4	494-498	sehr	3. Nicht zutreffend[3]	3. Nicht zutreffend[3]	1. Verständlich[3]	*[3]	*[3]	Emissionen vorhanden[3]	*[3]	*[3]	*[3]	Wirkungsgrad vorhanden[3]	*[3]	Contra B[3]	*[3]	_	_	Hauptteil[6]	2. Data[12]	
3-5	499-508	niedrigen	3. Nicht zutreffend[3]	3. Nicht zutreffend[3]	1. Verständlich[3]	*[3]	*[3]	Emissionen vorhanden[3]	*[3]	*[3]	*[3]	Wirkungsgrad vorhanden[3]	*[3]	Contra B[3]	*[3]	_	_	Hauptteil[6]	2. Data[12]	
3-6	509-527	Gesamtwirkungsgrad	3. Nicht zutreffend[3]	3. Nicht zutreffend[3]	1. Verständlich[3]	*[3]	*[3]	Emissionen vorhanden[3]	*[3]	*[3]	*[3]	Wirkungsgrad vorhanden[3]	*[3]	Contra B[3]	*[3]	_	_	Hauptteil[6]	2. Data[12]	
3-7	528-533	haben	3. Nicht zutreffend[3]	3. Nicht zutreffend[3]	1. Verständlich[3]	*[3]	*[3]	Emissionen vorhanden[3]	*[3]	*[3]	*[3]	Wirkungsgrad vorhanden[3]	*[3]	Contra B[3]	*[3]	_	_	Hauptteil[6]	2. Data[12]	
3-8	533-534	,	3. Nicht zutreffend[3]	3. Nicht zutreffend[3]	1. Verständlich[3]	*[3]	*[3]	Emissionen vorhanden[3]	*[3]	*[3]	*[3]	Wirkungsgrad vorhanden[3]	*[3]	Contra B[3]	*[3]	_	_	Hauptteil[6]	2. Data[12]	
3-9	535-541	sollte	3. Nicht zutreffend[3]	3. Nicht zutreffend[3]	1. Verständlich[3]	*[3]	*[3]	Emissionen vorhanden[3]	*[3]	*[3]	*[3]	Wirkungsgrad vorhanden[3]	*[3]	Contra B[3]	*[3]	_	_	Hauptteil[6]	1. Claim[13]	
3-10	542-547	diese	3. Nicht zutreffend[3]	3. Nicht zutreffend[3]	1. Verständlich[3]	*[3]	*[3]	Emissionen vorhanden[3]	*[3]	*[3]	*[3]	Wirkungsgrad vorhanden[3]	*[3]	Contra B[3]	*[3]	_	_	Hauptteil[6]	1. Claim[13]	
3-11	548-559	Technologie	3. Nicht zutreffend[3]	3. Nicht zutreffend[3]	1. Verständlich[3]	*[3]	*[3]	Emissionen vorhanden[3]	*[3]	*[3]	*[3]	Wirkungsgrad vorhanden[3]	*[3]	Contra B[3]	*[3]	_	_	Hauptteil[6]	1. Claim[13]	
3-12	560-562	je	3. Nicht zutreffend[3]	3. Nicht zutreffend[3]	1. Verständlich[3]	*[3]	*[3]	Emissionen vorhanden[3]	*[3]	*[3]	*[3]	Wirkungsgrad vorhanden[3]	*[3]	Contra B[3]	*[3]	_	_	Hauptteil[6]	1. Claim[13]	
3-13	563-569	länger	3. Nicht zutreffend[3]	3. Nicht zutreffend[3]	1. Verständlich[3]	*[3]	*[3]	Emissionen vorhanden[3]	*[3]	*[3]	*[3]	Wirkungsgrad vorhanden[3]	*[3]	Contra B[3]	*[3]	_	_	Hauptteil[6]	1. Claim[13]	
3-14	570-573	sie	3. Nicht zutreffend[3]	3. Nicht zutreffend[3]	1. Verständlich[3]	*[3]	*[3]	Emissionen vorhanden[3]	*[3]	*[3]	*[3]	Wirkungsgrad vorhanden[3]	*[3]	Contra B[3]	*[3]	_	_	Hauptteil[6]	1. Claim[13]	
3-15	574-577	auf	3. Nicht zutreffend[3]	3. Nicht zutreffend[3]	1. Verständlich[3]	*[3]	*[3]	Emissionen vorhanden[3]	*[3]	*[3]	*[3]	Wirkungsgrad vorhanden[3]	*[3]	Contra B[3]	*[3]	_	_	Hauptteil[6]	1. Claim[13]	
3-16	578-581	dem	3. Nicht zutreffend[3]	3. Nicht zutreffend[3]	1. Verständlich[3]	*[3]	*[3]	Emissionen vorhanden[3]	*[3]	*[3]	*[3]	Wirkungsgrad vorhanden[3]	*[3]	Contra B[3]	*[3]	_	_	Hauptteil[6]	1. Claim[13]	
3-17	582-587	Markt	3. Nicht zutreffend[3]	3. Nicht zutreffend[3]	1. Verständlich[3]	*[3]	*[3]	Emissionen vorhanden[3]	*[3]	*[3]	*[3]	Wirkungsgrad vorhanden[3]	*[3]	Contra B[3]	*[3]	_	_	Hauptteil[6]	1. Claim[13]	
3-18	588-591	ist	3. Nicht zutreffend[3]	3. Nicht zutreffend[3]	1. Verständlich[3]	*[3]	*[3]	Emissionen vorhanden[3]	*[3]	*[3]	*[3]	Wirkungsgrad vorhanden[3]	*[3]	Contra B[3]	*[3]	_	_	Hauptteil[6]	1. Claim[13]	
3-19	592-597	durch	3. Nicht zutreffend[3]	3. Nicht zutreffend[3]	1. Verständlich[3]	*[3]	*[3]	Emissionen vorhanden[3]	*[3]	*[3]	*[3]	Wirkungsgrad vorhanden[3]	*[3]	Contra B[3]	*[3]	_	_	Hauptteil[6]	1. Claim[13]	
3-20	598-604	starke	3. Nicht zutreffend[3]	3. Nicht zutreffend[3]	1. Verständlich[3]	*[3]	*[3]	Emissionen vorhanden[3]	*[3]	*[3]	*[3]	Wirkungsgrad vorhanden[3]	*[3]	Contra B[3]	*[3]	_	_	Hauptteil[6]	1. Claim[13]	
3-21	605-614	Konkorenz	3. Nicht zutreffend[3]	3. Nicht zutreffend[3]	1. Verständlich[3]	*[3]	*[3]	Emissionen vorhanden[3]	*[3]	*[3]	*[3]	Wirkungsgrad vorhanden[3]	*[3]	Contra B[3]	*[3]	_	_	Hauptteil[6]	1. Claim[13]	
3-22	615-625	verbessert	3. Nicht zutreffend[3]	3. Nicht zutreffend[3]	1. Verständlich[3]	*[3]	*[3]	Emissionen vorhanden[3]	*[3]	*[3]	*[3]	Wirkungsgrad vorhanden[3]	*[3]	Contra B[3]	*[3]	_	_	Hauptteil[6]	1. Claim[13]	
3-23	626-632	werden	3. Nicht zutreffend[3]	3. Nicht zutreffend[3]	1. Verständlich[3]	*[3]	*[3]	Emissionen vorhanden[3]	*[3]	*[3]	*[3]	Wirkungsgrad vorhanden[3]	*[3]	Contra B[3]	*[3]	_	_	Hauptteil[6]	1. Claim[13]	
3-24	633-636	und	3. Nicht zutreffend[3]	3. Nicht zutreffend[3]	1. Verständlich[3]	*[3]	*[3]	Emissionen vorhanden[3]	*[3]	*[3]	*[3]	Wirkungsgrad vorhanden[3]	*[3]	Contra B[3]	*[3]	_	_	Hauptteil[6]	1. Claim[13]	
3-25	637-641	noch	3. Nicht zutreffend[3]	3. Nicht zutreffend[3]	1. Verständlich[3]	*[3]	*[3]	Emissionen vorhanden[3]	*[3]	*[3]	*[3]	Wirkungsgrad vorhanden[3]	*[3]	Contra B[3]	*[3]	_	_	Hauptteil[6]	1. Claim[13]	
3-26	642-652	effektiver	3. Nicht zutreffend[3]	3. Nicht zutreffend[3]	1. Verständlich[3]	*[3]	*[3]	Emissionen vorhanden[3]	*[3]	*[3]	*[3]	Wirkungsgrad vorhanden[3]	*[3]	Contra B[3]	*[3]	_	_	Hauptteil[6]	1. Claim[13]	
3-27	653-659	werden	3. Nicht zutreffend[3]	3. Nicht zutreffend[3]	1. Verständlich[3]	*[3]	*[3]	Emissionen vorhanden[3]	*[3]	*[3]	*[3]	Wirkungsgrad vorhanden[3]	*[3]	Contra B[3]	*[3]	_	_	Hauptteil[6]	1. Claim[13]	
3-28	659-660	,	3. Nicht zutreffend[3]	3. Nicht zutreffend[3]	1. Verständlich[3]	*[3]	*[3]	Emissionen vorhanden[3]	*[3]	*[3]	*[3]	Wirkungsgrad vorhanden[3]	*[3]	Contra B[3]	*[3]	_	_	Hauptteil[6]	1. Claim[13]	
3-29	661-667	sodass	3. Nicht zutreffend[3]	3. Nicht zutreffend[3]	1. Verständlich[3]	*[3]	*[3]	Emissionen vorhanden[3]	*[3]	*[3]	*[3]	Wirkungsgrad vorhanden[3]	*[3]	Contra B[3]	*[3]	_	_	Hauptteil[6]	1. Claim[13]	
3-30	668-671	man	3. Nicht zutreffend[3]	3. Nicht zutreffend[3]	1. Verständlich[3]	*[3]	*[3]	Emissionen vorhanden[3]	*[3]	*[3]	*[3]	Wirkungsgrad vorhanden[3]	*[3]	Contra B[3]	*[3]	_	_	Hauptteil[6]	1. Claim[13]	
3-31	672-677	eines	3. Nicht zutreffend[3]	3. Nicht zutreffend[3]	1. Verständlich[3]	*[3]	*[3]	Emissionen vorhanden[3]	*[3]	*[3]	*[3]	Wirkungsgrad vorhanden[3]	*[3]	Contra B[3]	*[3]	_	_	Hauptteil[6]	1. Claim[13]	
3-32	678-683	Tages	3. Nicht zutreffend[3]	3. Nicht zutreffend[3]	1. Verständlich[3]	*[3]	*[3]	Emissionen vorhanden[3]	*[3]	*[3]	*[3]	Wirkungsgrad vorhanden[3]	*[3]	Contra B[3]	*[3]	_	_	Hauptteil[6]	1. Claim[13]	
3-33	684-689	einen	3. Nicht zutreffend[3]	3. Nicht zutreffend[3]	1. Verständlich[3]	*[3]	*[3]	Emissionen vorhanden[3]	*[3]	*[3]	*[3]	Wirkungsgrad vorhanden[3]	*[3]	Contra B[3]	*[3]	_	_	Hauptteil[6]	1. Claim[13]	
3-34	690-697	höheren	3. Nicht zutreffend[3]	3. Nicht zutreffend[3]	1. Verständlich[3]	*[3]	*[3]	Emissionen vorhanden[3]	*[3]	*[3]	*[3]	Wirkungsgrad vorhanden[3]	*[3]	Contra B[3]	*[3]	_	_	Hauptteil[6]	1. Claim[13]	
3-35	698-716	Gesamtwirkungsgrad	3. Nicht zutreffend[3]	3. Nicht zutreffend[3]	1. Verständlich[3]	*[3]	*[3]	Emissionen vorhanden[3]	*[3]	*[3]	*[3]	Wirkungsgrad vorhanden[3]	*[3]	Contra B[3]	*[3]	_	_	Hauptteil[6]	1. Claim[13]	
3-36	717-720	hat	3. Nicht zutreffend[3]	3. Nicht zutreffend[3]	1. Verständlich[3]	*[3]	*[3]	Emissionen vorhanden[3]	*[3]	*[3]	*[3]	Wirkungsgrad vorhanden[3]	*[3]	Contra B[3]	*[3]	_	_	Hauptteil[6]	1. Claim[13]	
3-37	721-725	oder	3. Nicht zutreffend[3]	3. Nicht zutreffend[3]	1. Verständlich[3]	*[3]	*[3]	Emissionen vorhanden[3]	*[3]	*[3]	*[3]	Wirkungsgrad vorhanden[3]	*[3]	Contra B[3]	*[3]	_	_	Hauptteil[6]	1. Claim[13]	
3-38	726-728	es	3. Nicht zutreffend[3]	3. Nicht zutreffend[3]	1. Verständlich[3]	*[3]	*[3]	Emissionen vorhanden[3]	*[3]	*[3]	*[3]	Wirkungsgrad vorhanden[3]	*[3]	Contra B[3]	*[3]	_	_	Hauptteil[6]	1. Claim[13]	
3-39	729-736	schafft	3. Nicht zutreffend[3]	3. Nicht zutreffend[3]	1. Verständlich[3]	*[3]	*[3]	Emissionen vorhanden[3]	*[3]	*[3]	*[3]	Wirkungsgrad vorhanden[3]	*[3]	Contra B[3]	*[3]	_	_	Hauptteil[6]	1. Claim[13]	
3-40	737-740	den	3. Nicht zutreffend[3]	3. Nicht zutreffend[3]	1. Verständlich[3]	*[3]	*[3]	Emissionen vorhanden[3]	*[3]	*[3]	*[3]	Wirkungsgrad vorhanden[3]	*[3]	Contra B[3]	*[3]	_	_	Hauptteil[6]	1. Claim[13]	
3-41	741-746	Wagen	3. Nicht zutreffend[3]	3. Nicht zutreffend[3]	1. Verständlich[3]	*[3]	*[3]	Emissionen vorhanden[3]	*[3]	*[3]	*[3]	Wirkungsgrad vorhanden[3]	*[3]	Contra B[3]	*[3]	_	_	Hauptteil[6]	1. Claim[13]	
3-42	747-751	noch	3. Nicht zutreffend[3]	3. Nicht zutreffend[3]	1. Verständlich[3]	*[3]	*[3]	Emissionen vorhanden[3]	*[3]	*[3]	*[3]	Wirkungsgrad vorhanden[3]	*[3]	Contra B[3]	*[3]	_	_	Hauptteil[6]	1. Claim[13]	
3-43	752-758	leiser	3. Nicht zutreffend[3]	3. Nicht zutreffend[3]	1. Verständlich[3]	*[3]	*[3]	Emissionen vorhanden[3]	*[3]	*[3]	*[3]	Wirkungsgrad vorhanden[3]	*[3]	Contra B[3]	*[3]	_	_	Hauptteil[6]	1. Claim[13]	
3-44	759-762	als	3. Nicht zutreffend[3]	3. Nicht zutreffend[3]	1. Verständlich[3]	*[3]	*[3]	Emissionen vorhanden[3]	*[3]	*[3]	*[3]	Wirkungsgrad vorhanden[3]	*[3]	Contra B[3]	*[3]	_	_	Hauptteil[6]	1. Claim[13]	
3-45	763-768	zuvor	3. Nicht zutreffend[3]	3. Nicht zutreffend[3]	1. Verständlich[3]	*[3]	*[3]	Emissionen vorhanden[3]	*[3]	*[3]	*[3]	Wirkungsgrad vorhanden[3]	*[3]	Contra B[3]	*[3]	_	_	Hauptteil[6]	1. Claim[13]	
3-46	769-771	zu	3. Nicht zutreffend[3]	3. Nicht zutreffend[3]	1. Verständlich[3]	*[3]	*[3]	Emissionen vorhanden[3]	*[3]	*[3]	*[3]	Wirkungsgrad vorhanden[3]	*[3]	Contra B[3]	*[3]	_	_	Hauptteil[6]	1. Claim[13]	
3-47	772-778	machen	3. Nicht zutreffend[3]	3. Nicht zutreffend[3]	1. Verständlich[3]	*[3]	*[3]	Emissionen vorhanden[3]	*[3]	*[3]	*[3]	Wirkungsgrad vorhanden[3]	*[3]	Contra B[3]	*[3]	_	_	Hauptteil[6]	1. Claim[13]	
3-48	778-779	.	3. Nicht zutreffend[3]	3. Nicht zutreffend[3]	1. Verständlich[3]	*[3]	*[3]	Emissionen vorhanden[3]	*[3]	*[3]	*[3]	Wirkungsgrad vorhanden[3]	*[3]	Contra B[3]	*[3]	_	_	Hauptteil[6]	1. Claim[13]	

4-1	781-791	Experiment	3. Nicht zutreffend[4]	3. Nicht zutreffend[4]	3. Unverständlich[4]	*[4]	*[4]	*[4]	*[4]	Sonstiges vorhanden[4]	*[4]	*[4]	*[4]	*[4]	*[4]	_	_	Hauptteil[6]	5. Nicht zutreffend[14]	
4-2	791-792	:	3. Nicht zutreffend[4]	3. Nicht zutreffend[4]	3. Unverständlich[4]	*[4]	*[4]	*[4]	*[4]	Sonstiges vorhanden[4]	*[4]	*[4]	*[4]	*[4]	*[4]	_	_	Hauptteil[6]	5. Nicht zutreffend[14]	
4-3	793-806	Akkumulatoren	3. Nicht zutreffend[4]	3. Nicht zutreffend[4]	3. Unverständlich[4]	*[4]	*[4]	*[4]	*[4]	Sonstiges vorhanden[4]	*[4]	*[4]	*[4]	*[4]	*[4]	_	_	Hauptteil[6]	5. Nicht zutreffend[14]	
4-4	807-818	Wasserstoff	3. Nicht zutreffend[4]	3. Nicht zutreffend[4]	3. Unverständlich[4]	*[4]	*[4]	*[4]	*[4]	Sonstiges vorhanden[4]	*[4]	*[4]	*[4]	*[4]	*[4]	_	_	Hauptteil[6]	5. Nicht zutreffend[14]	
4-5	819-826	E-Fuels	3. Nicht zutreffend[4]	3. Nicht zutreffend[4]	3. Unverständlich[4]	*[4]	*[4]	*[4]	*[4]	Sonstiges vorhanden[4]	*[4]	*[4]	*[4]	*[4]	*[4]	_	_	Hauptteil[6]	5. Nicht zutreffend[14]	
4-6	826-827	,	3. Nicht zutreffend[4]	3. Nicht zutreffend[4]	3. Unverständlich[4]	*[4]	*[4]	*[4]	*[4]	Sonstiges vorhanden[4]	*[4]	*[4]	*[4]	*[4]	*[4]	_	_	Hauptteil[6]	5. Nicht zutreffend[14]	
4-7	828-842	Massenbezogene	3. Nicht zutreffend[4]	3. Nicht zutreffend[4]	3. Unverständlich[4]	*[4]	*[4]	*[4]	*[4]	Sonstiges vorhanden[4]	*[4]	*[4]	*[4]	*[4]	*[4]	_	_	Hauptteil[6]	5. Nicht zutreffend[14]	
4-8	843-856	Energiedichte	3. Nicht zutreffend[4]	3. Nicht zutreffend[4]	3. Unverständlich[4]	*[4]	*[4]	*[4]	*[4]	Sonstiges vorhanden[4]	*[4]	*[4]	*[4]	*[4]	*[4]	_	_	Hauptteil[6]	5. Nicht zutreffend[14]	
4-9	856-857	,	3. Nicht zutreffend[4]	3. Nicht zutreffend[4]	3. Unverständlich[4]	*[4]	*[4]	*[4]	*[4]	Sonstiges vorhanden[4]	*[4]	*[4]	*[4]	*[4]	*[4]	_	_	Hauptteil[6]	5. Nicht zutreffend[14]	
4-10	858-878	Treibhausgasemmision	3. Nicht zutreffend[4]	3. Nicht zutreffend[4]	3. Unverständlich[4]	*[4]	*[4]	*[4]	*[4]	Sonstiges vorhanden[4]	*[4]	*[4]	*[4]	*[4]	*[4]	_	_	Hauptteil[6]	5. Nicht zutreffend[14]	
4-11	879-882	bei	3. Nicht zutreffend[4]	3. Nicht zutreffend[4]	3. Unverständlich[4]	*[4]	*[4]	*[4]	*[4]	Sonstiges vorhanden[4]	*[4]	*[4]	*[4]	*[4]	*[4]	_	_	Hauptteil[6]	5. Nicht zutreffend[14]	
4-12	883-886	der	3. Nicht zutreffend[4]	3. Nicht zutreffend[4]	3. Unverständlich[4]	*[4]	*[4]	*[4]	*[4]	Sonstiges vorhanden[4]	*[4]	*[4]	*[4]	*[4]	*[4]	_	_	Hauptteil[6]	5. Nicht zutreffend[14]	
4-13	887-897	Produktion	3. Nicht zutreffend[4]	3. Nicht zutreffend[4]	3. Unverständlich[4]	*[4]	*[4]	*[4]	*[4]	Sonstiges vorhanden[4]	*[4]	*[4]	*[4]	*[4]	*[4]	_	_	Hauptteil[6]	5. Nicht zutreffend[14]	
4-14	897-898	,	3. Nicht zutreffend[4]	3. Nicht zutreffend[4]	3. Unverständlich[4]	*[4]	*[4]	*[4]	*[4]	Sonstiges vorhanden[4]	*[4]	*[4]	*[4]	*[4]	*[4]	_	_	Hauptteil[6]	5. Nicht zutreffend[14]	
4-15	899-912	Verfügbarkeit	3. Nicht zutreffend[4]	3. Nicht zutreffend[4]	3. Unverständlich[4]	*[4]	*[4]	*[4]	*[4]	Sonstiges vorhanden[4]	*[4]	*[4]	*[4]	*[4]	*[4]	_	_	Hauptteil[6]	5. Nicht zutreffend[14]	
4-16	912-913	,	3. Nicht zutreffend[4]	3. Nicht zutreffend[4]	3. Unverständlich[4]	*[4]	*[4]	*[4]	*[4]	Sonstiges vorhanden[4]	*[4]	*[4]	*[4]	*[4]	*[4]	_	_	Hauptteil[6]	5. Nicht zutreffend[14]	
4-17	914-921	Betrieb	3. Nicht zutreffend[4]	3. Nicht zutreffend[4]	3. Unverständlich[4]	*[4]	*[4]	*[4]	*[4]	Sonstiges vorhanden[4]	*[4]	*[4]	*[4]	*[4]	*[4]	_	_	Hauptteil[6]	5. Nicht zutreffend[14]	
4-18	921-922	,	3. Nicht zutreffend[4]	3. Nicht zutreffend[4]	3. Unverständlich[4]	*[4]	*[4]	*[4]	*[4]	Sonstiges vorhanden[4]	*[4]	*[4]	*[4]	*[4]	*[4]	_	_	Hauptteil[6]	5. Nicht zutreffend[14]	
4-19	923-941	Geräuschemissionen	3. Nicht zutreffend[4]	3. Nicht zutreffend[4]	3. Unverständlich[4]	*[4]	*[4]	*[4]	*[4]	Sonstiges vorhanden[4]	*[4]	*[4]	*[4]	*[4]	*[4]	_	_	Hauptteil[6]	5. Nicht zutreffend[14]	
4-20	941-942	,	3. Nicht zutreffend[4]	3. Nicht zutreffend[4]	3. Unverständlich[4]	*[4]	*[4]	*[4]	*[4]	Sonstiges vorhanden[4]	*[4]	*[4]	*[4]	*[4]	*[4]	_	_	Hauptteil[6]	5. Nicht zutreffend[14]	
4-21	943-957	Politikerinnen	3. Nicht zutreffend[4]	3. Nicht zutreffend[4]	3. Unverständlich[4]	*[4]	*[4]	*[4]	*[4]	Sonstiges vorhanden[4]	*[4]	*[4]	*[4]	*[4]	*[4]	_	_	Hauptteil[6]	5. Nicht zutreffend[14]	
4-22	958-961	und	3. Nicht zutreffend[4]	3. Nicht zutreffend[4]	3. Unverständlich[4]	*[4]	*[4]	*[4]	*[4]	Sonstiges vorhanden[4]	*[4]	*[4]	*[4]	*[4]	*[4]	_	_	Hauptteil[6]	5. Nicht zutreffend[14]	
4-23	962-972	Politikern	3. Nicht zutreffend[4]	3. Nicht zutreffend[4]	3. Unverständlich[4]	*[4]	*[4]	*[4]	*[4]	Sonstiges vorhanden[4]	*[4]	*[4]	*[4]	*[4]	*[4]	_	_	Hauptteil[6]	5. Nicht zutreffend[14]	
