#FORMAT=WebAnno TSV 3.3
#T_SP=webanno.custom.Argument|Accuracy|Adequacy|Clarity|KriteriumJahresertragEnergiedichte|KriteriumLebensdauerVerfgbarkeit|KriteriumLokaleEmissionenGeruschemissionen|KriteriumPreisBetrieb|KriteriumSonstiges|KriteriumTreibhausgasemissionen|KriteriumWirkungsgrad|OptionA|OptionB|OptionC
#T_SP=webanno.custom.DecisionMakingStrategies|Decision|Gesamtthese
#T_SP=webanno.custom.Struktur|Struktur
#T_SP=webanno.custom.StrukturTAP|TAPArgumente


1-1	0-4	Viel	3. Nicht zutreffend[1]	3. Nicht zutreffend[1]	1. Verständlich[1]	*[1]	*[1]	*[1]	*[1]	Sonstiges vorhanden[1]	*[1]	*[1]	*[1]	*[1]	Pro C[1]	3. Unbegründet[9]	Gesamtthese[9]	Hauptteil[10]	1. Claim[12]	
1-2	5-9	Sinn	3. Nicht zutreffend[1]	3. Nicht zutreffend[1]	1. Verständlich[1]	*[1]	*[1]	*[1]	*[1]	Sonstiges vorhanden[1]	*[1]	*[1]	*[1]	*[1]	Pro C[1]	3. Unbegründet[9]	Gesamtthese[9]	Hauptteil[10]	1. Claim[12]	
1-3	10-17	ergeben	3. Nicht zutreffend[1]	3. Nicht zutreffend[1]	1. Verständlich[1]	*[1]	*[1]	*[1]	*[1]	Sonstiges vorhanden[1]	*[1]	*[1]	*[1]	*[1]	Pro C[1]	3. Unbegründet[9]	Gesamtthese[9]	Hauptteil[10]	1. Claim[12]	
1-4	18-27	Windparks	3. Nicht zutreffend[1]	3. Nicht zutreffend[1]	1. Verständlich[1]	*[1]	*[1]	*[1]	*[1]	Sonstiges vorhanden[1]	*[1]	*[1]	*[1]	*[1]	Pro C[1]	3. Unbegründet[9]	Gesamtthese[9]	Hauptteil[10]	1. Claim[12]	
1-5	28-30	in	3. Nicht zutreffend[1]	3. Nicht zutreffend[1]	1. Verständlich[1]	*[1]	*[1]	*[1]	*[1]	Sonstiges vorhanden[1]	*[1]	*[1]	*[1]	*[1]	Pro C[1]	3. Unbegründet[9]	Gesamtthese[9]	Hauptteil[10]	1. Claim[12]	
1-6	31-46	Norddeutschland	3. Nicht zutreffend[1]	3. Nicht zutreffend[1]	1. Verständlich[1]	*[1]	*[1]	*[1]	*[1]	Sonstiges vorhanden[1]	*[1]	*[1]	*[1]	*[1]	Pro C[1]	3. Unbegründet[9]	Gesamtthese[9]	Hauptteil[10]	1. Claim[12]	
1-7	46-47	.	3. Nicht zutreffend[1]	3. Nicht zutreffend[1]	1. Verständlich[1]	*[1]	*[1]	*[1]	*[1]	Sonstiges vorhanden[1]	*[1]	*[1]	*[1]	*[1]	Pro C[1]	3. Unbegründet[9]	Gesamtthese[9]	Hauptteil[10]	1. Claim[12]	

2-1	49-52	Das	3. Nicht zutreffend[2]	3. Nicht zutreffend[2]	1. Verständlich[2]	*[2]	*[2]	*[2]	*[2]	Sonstiges vorhanden[2]	*[2]	*[2]	*[2]	*[2]	Pro C[2]	_	_	Hauptteil[10]	1. Claim[13]	
2-2	53-58	liegt	3. Nicht zutreffend[2]	3. Nicht zutreffend[2]	1. Verständlich[2]	*[2]	*[2]	*[2]	*[2]	Sonstiges vorhanden[2]	*[2]	*[2]	*[2]	*[2]	Pro C[2]	_	_	Hauptteil[10]	1. Claim[13]	
2-3	59-61	an	3. Nicht zutreffend[2]	3. Nicht zutreffend[2]	1. Verständlich[2]	*[2]	*[2]	*[2]	*[2]	Sonstiges vorhanden[2]	*[2]	*[2]	*[2]	*[2]	Pro C[2]	_	_	Hauptteil[10]	1. Claim[13]	
2-4	62-65	der	3. Nicht zutreffend[2]	3. Nicht zutreffend[2]	1. Verständlich[2]	*[2]	*[2]	*[2]	*[2]	Sonstiges vorhanden[2]	*[2]	*[2]	*[2]	*[2]	Pro C[2]	_	_	Hauptteil[10]	1. Claim[13]	
2-5	66-74	Lokation	3. Nicht zutreffend[2]	3. Nicht zutreffend[2]	1. Verständlich[2]	*[2]	*[2]	*[2]	*[2]	Sonstiges vorhanden[2]	*[2]	*[2]	*[2]	*[2]	Pro C[2]	_	_	Hauptteil[10]	1. Claim[13]	
2-6	74-75	.	3. Nicht zutreffend[2]	3. Nicht zutreffend[2]	1. Verständlich[2]	*[2]	*[2]	*[2]	*[2]	Sonstiges vorhanden[2]	*[2]	*[2]	*[2]	*[2]	Pro C[2]	_	_	Hauptteil[10]	1. Claim[13]	

3-1	77-79	Am	3. Nicht zutreffend[2]	3. Nicht zutreffend[2]	1. Verständlich[2]	*[2]	*[2]	*[2]	*[2]	Sonstiges vorhanden[2]	*[2]	*[2]	*[2]	*[2]	Pro C[2]	_	_	Hauptteil[10]	1. Claim[14]	
3-2	80-84	Meer	3. Nicht zutreffend[2]	3. Nicht zutreffend[2]	1. Verständlich[2]	*[2]	*[2]	*[2]	*[2]	Sonstiges vorhanden[2]	*[2]	*[2]	*[2]	*[2]	Pro C[2]	_	_	Hauptteil[10]	1. Claim[14]	
3-3	85-88	ist	3. Nicht zutreffend[2]	3. Nicht zutreffend[2]	1. Verständlich[2]	*[2]	*[2]	*[2]	*[2]	Sonstiges vorhanden[2]	*[2]	*[2]	*[2]	*[2]	Pro C[2]	_	_	Hauptteil[10]	1. Claim[14]	
3-4	89-91	es	3. Nicht zutreffend[2]	3. Nicht zutreffend[2]	1. Verständlich[2]	*[2]	*[2]	*[2]	*[2]	Sonstiges vorhanden[2]	*[2]	*[2]	*[2]	*[2]	Pro C[2]	_	_	Hauptteil[10]	1. Claim[14]	
3-5	92-100	windiger	3. Nicht zutreffend[2]	3. Nicht zutreffend[2]	1. Verständlich[2]	*[2]	*[2]	*[2]	*[2]	Sonstiges vorhanden[2]	*[2]	*[2]	*[2]	*[2]	Pro C[2]	_	_	Hauptteil[10]	1. Claim[14]	
3-6	101-104	als	3. Nicht zutreffend[2]	3. Nicht zutreffend[2]	1. Verständlich[2]	*[2]	*[2]	*[2]	*[2]	Sonstiges vorhanden[2]	*[2]	*[2]	*[2]	*[2]	Pro C[2]	_	_	Hauptteil[10]	1. Claim[14]	
3-7	105-107	in	3. Nicht zutreffend[2]	3. Nicht zutreffend[2]	1. Verständlich[2]	*[2]	*[2]	*[2]	*[2]	Sonstiges vorhanden[2]	*[2]	*[2]	*[2]	*[2]	Pro C[2]	_	_	Hauptteil[10]	1. Claim[14]	
3-8	108-114	Mitten	3. Nicht zutreffend[2]	3. Nicht zutreffend[2]	1. Verständlich[2]	*[2]	*[2]	*[2]	*[2]	Sonstiges vorhanden[2]	*[2]	*[2]	*[2]	*[2]	Pro C[2]	_	_	Hauptteil[10]	1. Claim[14]	
3-9	115-118	von	3. Nicht zutreffend[2]	3. Nicht zutreffend[2]	1. Verständlich[2]	*[2]	*[2]	*[2]	*[2]	Sonstiges vorhanden[2]	*[2]	*[2]	*[2]	*[2]	Pro C[2]	_	_	Hauptteil[10]	1. Claim[14]	
3-10	119-130	Deutschland	3. Nicht zutreffend[2]	3. Nicht zutreffend[2]	1. Verständlich[2]	*[2]	*[2]	*[2]	*[2]	Sonstiges vorhanden[2]	*[2]	*[2]	*[2]	*[2]	Pro C[2]	_	_	Hauptteil[10]	1. Claim[14]	
3-11	130-131	.	3. Nicht zutreffend[2]	3. Nicht zutreffend[2]	1. Verständlich[2]	*[2]	*[2]	*[2]	*[2]	Sonstiges vorhanden[2]	*[2]	*[2]	*[2]	*[2]	Pro C[2]	_	_	Hauptteil[10]	1. Claim[14]	

4-1	133-136	Das	3. Nicht zutreffend[2]	3. Nicht zutreffend[2]	1. Verständlich[2]	*[2]	*[2]	*[2]	*[2]	Sonstiges vorhanden[2]	*[2]	*[2]	*[2]	*[2]	Pro C[2]	_	_	Hauptteil[10]	1. Claim[15]	
4-2	137-141	Meer	3. Nicht zutreffend[2]	3. Nicht zutreffend[2]	1. Verständlich[2]	*[2]	*[2]	*[2]	*[2]	Sonstiges vorhanden[2]	*[2]	*[2]	*[2]	*[2]	Pro C[2]	_	_	Hauptteil[10]	1. Claim[15]	
4-3	142-146	kann	3. Nicht zutreffend[2]	3. Nicht zutreffend[2]	1. Verständlich[2]	*[2]	*[2]	*[2]	*[2]	Sonstiges vorhanden[2]	*[2]	*[2]	*[2]	*[2]	Pro C[2]	_	_	Hauptteil[10]	1. Claim[15]	
4-4	147-151	auch	3. Nicht zutreffend[2]	3. Nicht zutreffend[2]	1. Verständlich[2]	*[2]	*[2]	*[2]	*[2]	Sonstiges vorhanden[2]	*[2]	*[2]	*[2]	*[2]	Pro C[2]	_	_	Hauptteil[10]	1. Claim[15]	
4-5	152-157	dafür	3. Nicht zutreffend[2]	3. Nicht zutreffend[2]	1. Verständlich[2]	*[2]	*[2]	*[2]	*[2]	Sonstiges vorhanden[2]	*[2]	*[2]	*[2]	*[2]	Pro C[2]	_	_	Hauptteil[10]	1. Claim[15]	
4-6	158-170	genutzwerden	3. Nicht zutreffend[2]	3. Nicht zutreffend[2]	1. Verständlich[2]	*[2]	*[2]	*[2]	*[2]	Sonstiges vorhanden[2]	*[2]	*[2]	*[2]	*[2]	Pro C[2]	_	_	Hauptteil[10]	1. Claim[15]	
4-7	171-180	Windparks	3. Nicht zutreffend[2]	3. Nicht zutreffend[2]	1. Verständlich[2]	*[2]	*[2]	*[2]	*[2]	Sonstiges vorhanden[2]	*[2]	*[2]	*[2]	*[2]	Pro C[2]	_	_	Hauptteil[10]	1. Claim[15]	
4-8	181-184	auf	3. Nicht zutreffend[2]	3. Nicht zutreffend[2]	1. Verständlich[2]	*[2]	*[2]	*[2]	*[2]	Sonstiges vorhanden[2]	*[2]	*[2]	*[2]	*[2]	Pro C[2]	_	_	Hauptteil[10]	1. Claim[15]	
4-9	185-188	dem	3. Nicht zutreffend[2]	3. Nicht zutreffend[2]	1. Verständlich[2]	*[2]	*[2]	*[2]	*[2]	Sonstiges vorhanden[2]	*[2]	*[2]	*[2]	*[2]	Pro C[2]	_	_	Hauptteil[10]	1. Claim[15]	
4-10	189-193	Meer	3. Nicht zutreffend[2]	3. Nicht zutreffend[2]	1. Verständlich[2]	*[2]	*[2]	*[2]	*[2]	Sonstiges vorhanden[2]	*[2]	*[2]	*[2]	*[2]	Pro C[2]	_	_	Hauptteil[10]	1. Claim[15]	
4-11	194-196	zu	3. Nicht zutreffend[2]	3. Nicht zutreffend[2]	1. Verständlich[2]	*[2]	*[2]	*[2]	*[2]	Sonstiges vorhanden[2]	*[2]	*[2]	*[2]	*[2]	Pro C[2]	_	_	Hauptteil[10]	1. Claim[15]	
4-12	197-204	gründen	3. Nicht zutreffend[2]	3. Nicht zutreffend[2]	1. Verständlich[2]	*[2]	*[2]	*[2]	*[2]	Sonstiges vorhanden[2]	*[2]	*[2]	*[2]	*[2]	Pro C[2]	_	_	Hauptteil[10]	1. Claim[15]	
4-13	204-205	.	3. Nicht zutreffend[2]	3. Nicht zutreffend[2]	1. Verständlich[2]	*[2]	*[2]	*[2]	*[2]	Sonstiges vorhanden[2]	*[2]	*[2]	*[2]	*[2]	Pro C[2]	_	_	Hauptteil[10]	1. Claim[15]	

5-1	207-216	Windparks	1. Richtig[3]	1. Angemessen[3]	1. Verständlich[3]	*[3]	*[3]	*[3]	*[3]	*[3]	*[3]	Wirkungsgrad vorhanden[3]	Unklar A[3]	Unklar B[3]	Unklar C[3]	_	_	Hauptteil[10]	2. Data[16]	
5-2	217-221	sind	1. Richtig[3]	1. Angemessen[3]	1. Verständlich[3]	*[3]	*[3]	*[3]	*[3]	*[3]	*[3]	Wirkungsgrad vorhanden[3]	Unklar A[3]	Unklar B[3]	Unklar C[3]	_	_	Hauptteil[10]	2. Data[16]	
5-3	222-234	hinsichtlich	1. Richtig[3]	1. Angemessen[3]	1. Verständlich[3]	*[3]	*[3]	*[3]	*[3]	*[3]	*[3]	Wirkungsgrad vorhanden[3]	Unklar A[3]	Unklar B[3]	Unklar C[3]	_	_	Hauptteil[10]	2. Data[16]	
5-4	235-238	des	1. Richtig[3]	1. Angemessen[3]	1. Verständlich[3]	*[3]	*[3]	*[3]	*[3]	*[3]	*[3]	Wirkungsgrad vorhanden[3]	Unklar A[3]	Unklar B[3]	Unklar C[3]	_	_	Hauptteil[10]	2. Data[16]	
5-5	239-251	Wirkungsgrad	1. Richtig[3]	1. Angemessen[3]	1. Verständlich[3]	*[3]	*[3]	*[3]	*[3]	*[3]	*[3]	Wirkungsgrad vorhanden[3]	Unklar A[3]	Unklar B[3]	Unklar C[3]	_	_	Hauptteil[10]	2. Data[16]	
5-6	252-257	genau	1. Richtig[3]	1. Angemessen[3]	1. Verständlich[3]	*[3]	*[3]	*[3]	*[3]	*[3]	*[3]	Wirkungsgrad vorhanden[3]	Unklar A[3]	Unklar B[3]	Unklar C[3]	_	_	Hauptteil[10]	2. Data[16]	
5-7	258-266	zwischen	1. Richtig[3]	1. Angemessen[3]	1. Verständlich[3]	*[3]	*[3]	*[3]	*[3]	*[3]	*[3]	Wirkungsgrad vorhanden[3]	Unklar A[3]	Unklar B[3]	Unklar C[3]	_	_	Hauptteil[10]	2. Data[16]	
5-8	267-270	den	1. Richtig[3]	1. Angemessen[3]	1. Verständlich[3]	*[3]	*[3]	*[3]	*[3]	*[3]	*[3]	Wirkungsgrad vorhanden[3]	Unklar A[3]	Unklar B[3]	Unklar C[3]	_	_	Hauptteil[10]	2. Data[16]	
5-9	271-280	Solarpark	1. Richtig[3]	1. Angemessen[3]	1. Verständlich[3]	*[3]	*[3]	*[3]	*[3]	*[3]	*[3]	Wirkungsgrad vorhanden[3]	Unklar A[3]	Unklar B[3]	Unklar C[3]	_	_	Hauptteil[10]	2. Data[16]	
5-10	281-284	und	1. Richtig[3]	1. Angemessen[3]	1. Verständlich[3]	*[3]	*[3]	*[3]	*[3]	*[3]	*[3]	Wirkungsgrad vorhanden[3]	Unklar A[3]	Unklar B[3]	Unklar C[3]	_	_	Hauptteil[10]	2. Data[16]	
5-11	285-288	der	1. Richtig[3]	1. Angemessen[3]	1. Verständlich[3]	*[3]	*[3]	*[3]	*[3]	*[3]	*[3]	Wirkungsgrad vorhanden[3]	Unklar A[3]	Unklar B[3]	Unklar C[3]	_	_	Hauptteil[10]	2. Data[16]	
5-12	289-306	Wasserkraftanlage	1. Richtig[3]	1. Angemessen[3]	1. Verständlich[3]	*[3]	*[3]	*[3]	*[3]	*[3]	*[3]	Wirkungsgrad vorhanden[3]	Unklar A[3]	Unklar B[3]	Unklar C[3]	_	_	Hauptteil[10]	2. Data[16]	
5-13	306-307	.	1. Richtig[3]	1. Angemessen[3]	1. Verständlich[3]	*[3]	*[3]	*[3]	*[3]	*[3]	*[3]	Wirkungsgrad vorhanden[3]	Unklar A[3]	Unklar B[3]	Unklar C[3]	_	_	Hauptteil[10]	2. Data[16]	

6-1	309-312	Ein	1. Richtig[4]	2. Unangemessen[4]	1. Verständlich[4]	Jahresertrag/Energiedichte Vorhanden[4]	*[4]	*[4]	*[4]	*[4]	*[4]	*[4]	Unklar A[4]	Unklar B[4]	Pro C[4]	_	_	Hauptteil[10]	1. Claim[17]	
6-2	313-321	weiterer	1. Richtig[4]	2. Unangemessen[4]	1. Verständlich[4]	Jahresertrag/Energiedichte Vorhanden[4]	*[4]	*[4]	*[4]	*[4]	*[4]	*[4]	Unklar A[4]	Unklar B[4]	Pro C[4]	_	_	Hauptteil[10]	1. Claim[17]	
6-3	322-329	Vorteil	1. Richtig[4]	2. Unangemessen[4]	1. Verständlich[4]	Jahresertrag/Energiedichte Vorhanden[4]	*[4]	*[4]	*[4]	*[4]	*[4]	*[4]	Unklar A[4]	Unklar B[4]	Pro C[4]	_	_	Hauptteil[10]	1. Claim[17]	
6-4	330-333	der	1. Richtig[4]	2. Unangemessen[4]	1. Verständlich[4]	Jahresertrag/Energiedichte Vorhanden[4]	*[4]	*[4]	*[4]	*[4]	*[4]	*[4]	Unklar A[4]	Unklar B[4]	Pro C[4]	_	_	Hauptteil[10]	1. Claim[17]	
6-5	334-348	Windkraftwerke	1. Richtig[4]	2. Unangemessen[4]	1. Verständlich[4]	Jahresertrag/Energiedichte Vorhanden[4]	*[4]	*[4]	*[4]	*[4]	*[4]	*[4]	Unklar A[4]	Unklar B[4]	Pro C[4]	_	_	Hauptteil[10]	1. Claim[17]	
6-6	349-352	ist	1. Richtig[4]	2. Unangemessen[4]	1. Verständlich[4]	Jahresertrag/Energiedichte Vorhanden[4]	*[4]	*[4]	*[4]	*[4]	*[4]	*[4]	Unklar A[4]	Unklar B[4]	Pro C[4]	_	_	Hauptteil[10]	1. Claim[17]	
6-7	353-356	der	1. Richtig[4]	2. Unangemessen[4]	1. Verständlich[4]	Jahresertrag/Energiedichte Vorhanden[4]	*[4]	*[4]	*[4]	*[4]	*[4]	*[4]	Unklar A[4]	Unklar B[4]	Pro C[4]	_	_	Hauptteil[10]	1. Claim[17]	
6-8	357-369	Jahresertrag	1. Richtig[4]	2. Unangemessen[4]	1. Verständlich[4]	Jahresertrag/Energiedichte Vorhanden[4]	*[4]	*[4]	*[4]	*[4]	*[4]	*[4]	Unklar A[4]	Unklar B[4]	Pro C[4]	_	_	Hauptteil[10]	1. Claim[17]	
6-9	369-370	,	1. Richtig[4]	2. Unangemessen[4]	1. Verständlich[4]	Jahresertrag/Energiedichte Vorhanden[4]	*[4]	*[4]	*[4]	*[4]	*[4]	*[4]	Unklar A[4]	Unklar B[4]	Pro C[4]	_	_	Hauptteil[10]	1. Claim[17]	
6-10	371-375	denn	1. Richtig[4]	2. Unangemessen[4]	1. Verständlich[4]	Jahresertrag/Energiedichte Vorhanden[4]	*[4]	*[4]	*[4]	*[4]	*[4]	*[4]	Unklar A[4]	Unklar B[4]	Pro C[4]	_	_	Hauptteil[10]	2. Data[18]	
6-11	376-382	dieser	1. Richtig[4]	2. Unangemessen[4]	1. Verständlich[4]	Jahresertrag/Energiedichte Vorhanden[4]	*[4]	*[4]	*[4]	*[4]	*[4]	*[4]	Unklar A[4]	Unklar B[4]	Pro C[4]	_	_	Hauptteil[10]	2. Data[18]	
6-12	383-388	liegt	1. Richtig[4]	2. Unangemessen[4]	1. Verständlich[4]	Jahresertrag/Energiedichte Vorhanden[4]	*[4]	*[4]	*[4]	*[4]	*[4]	*[4]	Unklar A[4]	Unklar B[4]	Pro C[4]	_	_	Hauptteil[10]	2. Data[18]	
6-13	389-392	bei	1. Richtig[4]	2. Unangemessen[4]	1. Verständlich[4]	Jahresertrag/Energiedichte Vorhanden[4]	*[4]	*[4]	*[4]	*[4]	*[4]	*[4]	Unklar A[4]	Unklar B[4]	Pro C[4]	_	_	Hauptteil[10]	2. Data[18]	
6-14	393-395	40	1. Richtig[4]	2. Unangemessen[4]	1. Verständlich[4]	Jahresertrag/Energiedichte Vorhanden[4]	*[4]	*[4]	*[4]	*[4]	*[4]	*[4]	Unklar A[4]	Unklar B[4]	Pro C[4]	_	_	Hauptteil[10]	2. Data[18]	
6-15	396-399	GWh	1. Richtig[4]	2. Unangemessen[4]	1. Verständlich[4]	Jahresertrag/Energiedichte Vorhanden[4]	*[4]	*[4]	*[4]	*[4]	*[4]	*[4]	Unklar A[4]	Unklar B[4]	Pro C[4]	_	_	Hauptteil[10]	2. Data[18]	
6-16	400-403	pro	1. Richtig[4]	2. Unangemessen[4]	1. Verständlich[4]	Jahresertrag/Energiedichte Vorhanden[4]	*[4]	*[4]	*[4]	*[4]	*[4]	*[4]	Unklar A[4]	Unklar B[4]	Pro C[4]	_	_	Hauptteil[10]	2. Data[18]	
6-17	404-408	Jahr	1. Richtig[4]	2. Unangemessen[4]	1. Verständlich[4]	Jahresertrag/Energiedichte Vorhanden[4]	*[4]	*[4]	*[4]	*[4]	*[4]	*[4]	Unklar A[4]	Unklar B[4]	Pro C[4]	_	_	Hauptteil[10]	2. Data[18]	
6-18	408-409	.	1. Richtig[4]	2. Unangemessen[4]	1. Verständlich[4]	Jahresertrag/Energiedichte Vorhanden[4]	*[4]	*[4]	*[4]	*[4]	*[4]	*[4]	Unklar A[4]	Unklar B[4]	Pro C[4]	_	_	Hauptteil[10]	2. Data[18]	

7-1	411-416	Dafür	1. Richtig[4]	2. Unangemessen[4]	1. Verständlich[4]	Jahresertrag/Energiedichte Vorhanden[4]	*[4]	*[4]	*[4]	*[4]	*[4]	*[4]	Unklar A[4]	Unklar B[4]	Pro C[4]	_	_	Hauptteil[10]	4. Rebuttal[19]	
7-2	417-421	sind	1. Richtig[4]	2. Unangemessen[4]	1. Verständlich[4]	Jahresertrag/Energiedichte Vorhanden[4]	*[4]	*[4]	*[4]	*[4]	*[4]	*[4]	Unklar A[4]	Unklar B[4]	Pro C[4]	_	_	Hauptteil[10]	4. Rebuttal[19]	
7-3	422-426	aber	1. Richtig[4]	2. Unangemessen[4]	1. Verständlich[4]	Jahresertrag/Energiedichte Vorhanden[4]	*[4]	*[4]	*[4]	*[4]	*[4]	*[4]	Unklar A[4]	Unklar B[4]	Pro C[4]	_	_	Hauptteil[10]	4. Rebuttal[19]	
7-4	427-431	auch	1. Richtig[4]	2. Unangemessen[4]	1. Verständlich[4]	Jahresertrag/Energiedichte Vorhanden[4]	*[4]	*[4]	*[4]	*[4]	*[4]	*[4]	Unklar A[4]	Unklar B[4]	Pro C[4]	_	_	Hauptteil[10]	4. Rebuttal[19]	
7-5	432-433	4	1. Richtig[4]	2. Unangemessen[4]	1. Verständlich[4]	Jahresertrag/Energiedichte Vorhanden[4]	*[4]	*[4]	*[4]	*[4]	*[4]	*[4]	Unklar A[4]	Unklar B[4]	Pro C[4]	_	_	Hauptteil[10]	4. Rebuttal[19]	
7-6	433-434	.	1. Richtig[4]	2. Unangemessen[4]	1. Verständlich[4]	Jahresertrag/Energiedichte Vorhanden[4]	*[4]	*[4]	*[4]	*[4]	*[4]	*[4]	Unklar A[4]	Unklar B[4]	Pro C[4]	_	_	Hauptteil[10]	4. Rebuttal[19]	
7-7	436-439	000	1. Richtig[4]	2. Unangemessen[4]	1. Verständlich[4]	Jahresertrag/Energiedichte Vorhanden[4]	*[4]	*[4]	*[4]	*[4]	*[4]	*[4]	Unklar A[4]	Unklar B[4]	Pro C[4]	_	_	Hauptteil[10]	4. Rebuttal[19]	
7-8	440-455	Volllaststunden	1. Richtig[4]	2. Unangemessen[4]	1. Verständlich[4]	Jahresertrag/Energiedichte Vorhanden[4]	*[4]	*[4]	*[4]	*[4]	*[4]	*[4]	Unklar A[4]	Unklar B[4]	Pro C[4]	_	_	Hauptteil[10]	4. Rebuttal[19]	
7-9	456-462	fällig	1. Richtig[4]	2. Unangemessen[4]	1. Verständlich[4]	Jahresertrag/Energiedichte Vorhanden[4]	*[4]	*[4]	*[4]	*[4]	*[4]	*[4]	Unklar A[4]	Unklar B[4]	Pro C[4]	_	_	Hauptteil[10]	4. Rebuttal[19]	
7-10	462-463	.	1. Richtig[4]	2. Unangemessen[4]	1. Verständlich[4]	Jahresertrag/Energiedichte Vorhanden[4]	*[4]	*[4]	*[4]	*[4]	*[4]	*[4]	Unklar A[4]	Unklar B[4]	Pro C[4]	_	_	Hauptteil[10]	4. Rebuttal[19]	

8-1	465-468	Der	1. Richtig[4]	2. Unangemessen[4]	1. Verständlich[4]	Jahresertrag/Energiedichte Vorhanden[4]	*[4]	*[4]	*[4]	*[4]	*[4]	*[4]	Unklar A[4]	Unklar B[4]	Pro C[4]	_	_	Hauptteil[10]	1. Claim[20]	
8-2	469-481	Jahresertrag	1. Richtig[4]	2. Unangemessen[4]	1. Verständlich[4]	Jahresertrag/Energiedichte Vorhanden[4]	*[4]	*[4]	*[4]	*[4]	*[4]	*[4]	Unklar A[4]	Unklar B[4]	Pro C[4]	_	_	Hauptteil[10]	1. Claim[20]	
8-3	482-485	der	1. Richtig[4]	2. Unangemessen[4]	1. Verständlich[4]	Jahresertrag/Energiedichte Vorhanden[4]	*[4]	*[4]	*[4]	*[4]	*[4]	*[4]	Unklar A[4]	Unklar B[4]	Pro C[4]	_	_	Hauptteil[10]	1. Claim[20]	
8-4	486-493	anderen	1. Richtig[4]	2. Unangemessen[4]	1. Verständlich[4]	Jahresertrag/Energiedichte Vorhanden[4]	*[4]	*[4]	*[4]	*[4]	*[4]	*[4]	Unklar A[4]	Unklar B[4]	Pro C[4]	_	_	Hauptteil[10]	1. Claim[20]	
8-5	494-500	beiden	1. Richtig[4]	2. Unangemessen[4]	1. Verständlich[4]	Jahresertrag/Energiedichte Vorhanden[4]	*[4]	*[4]	*[4]	*[4]	*[4]	*[4]	Unklar A[4]	Unklar B[4]	Pro C[4]	_	_	Hauptteil[10]	1. Claim[20]	
8-6	501-511	Kategorien	1. Richtig[4]	2. Unangemessen[4]	1. Verständlich[4]	Jahresertrag/Energiedichte Vorhanden[4]	*[4]	*[4]	*[4]	*[4]	*[4]	*[4]	Unklar A[4]	Unklar B[4]	Pro C[4]	_	_	Hauptteil[10]	1. Claim[20]	
8-7	512-520	verläuft	1. Richtig[4]	2. Unangemessen[4]	1. Verständlich[4]	Jahresertrag/Energiedichte Vorhanden[4]	*[4]	*[4]	*[4]	*[4]	*[4]	*[4]	Unklar A[4]	Unklar B[4]	Pro C[4]	_	_	Hauptteil[10]	1. Claim[20]	
8-8	521-533	proportional	1. Richtig[4]	2. Unangemessen[4]	1. Verständlich[4]	Jahresertrag/Energiedichte Vorhanden[4]	*[4]	*[4]	*[4]	*[4]	*[4]	*[4]	Unklar A[4]	Unklar B[4]	Pro C[4]	_	_	Hauptteil[10]	1. Claim[20]	
8-9	534-536	zu	1. Richtig[4]	2. Unangemessen[4]	1. Verständlich[4]	Jahresertrag/Energiedichte Vorhanden[4]	*[4]	*[4]	*[4]	*[4]	*[4]	*[4]	Unklar A[4]	Unklar B[4]	Pro C[4]	_	_	Hauptteil[10]	1. Claim[20]	
8-10	537-540	den	1. Richtig[4]	2. Unangemessen[4]	1. Verständlich[4]	Jahresertrag/Energiedichte Vorhanden[4]	*[4]	*[4]	*[4]	*[4]	*[4]	*[4]	Unklar A[4]	Unklar B[4]	Pro C[4]	_	_	Hauptteil[10]	1. Claim[20]	
8-11	541-557	Windkraftanlagen	1. Richtig[4]	2. Unangemessen[4]	1. Verständlich[4]	Jahresertrag/Energiedichte Vorhanden[4]	*[4]	*[4]	*[4]	*[4]	*[4]	*[4]	Unklar A[4]	Unklar B[4]	Pro C[4]	_	_	Hauptteil[10]	1. Claim[20]	
8-12	557-558	.	1. Richtig[4]	2. Unangemessen[4]	1. Verständlich[4]	Jahresertrag/Energiedichte Vorhanden[4]	*[4]	*[4]	*[4]	*[4]	*[4]	*[4]	Unklar A[4]	Unklar B[4]	Pro C[4]	_	_	Hauptteil[10]	1. Claim[20]	

9-1	560-563	Der	1. Richtig[5]	1. Angemessen[5]	1. Verständlich[5]	*[5]	*[5]	Emissionen vorhanden[5]	*[5]	*[5]	*[5]	*[5]	*[5]	Pro B[5]	Contra C[5]	_	_	Hauptteil[10]	1. Claim[21]	
9-2	564-567	Hör	1. Richtig[5]	1. Angemessen[5]	1. Verständlich[5]	*[5]	*[5]	Emissionen vorhanden[5]	*[5]	*[5]	*[5]	*[5]	*[5]	Pro B[5]	Contra C[5]	_	_	Hauptteil[10]	1. Claim[21]	
9-3	567-568	-	1. Richtig[5]	1. Angemessen[5]	1. Verständlich[5]	*[5]	*[5]	Emissionen vorhanden[5]	*[5]	*[5]	*[5]	*[5]	*[5]	Pro B[5]	Contra C[5]	_	_	Hauptteil[10]	1. Claim[21]	
9-4	569-572	und	1. Richtig[5]	1. Angemessen[5]	1. Verständlich[5]	*[5]	*[5]	Emissionen vorhanden[5]	*[5]	*[5]	*[5]	*[5]	*[5]	Pro B[5]	Contra C[5]	_	_	Hauptteil[10]	1. Claim[21]	
9-5	573-584	Infraschall	1. Richtig[5]	1. Angemessen[5]	1. Verständlich[5]	*[5]	*[5]	Emissionen vorhanden[5]	*[5]	*[5]	*[5]	*[5]	*[5]	Pro B[5]	Contra C[5]	_	_	Hauptteil[10]	1. Claim[21]	
9-6	585-597	Schattenwurf	1. Richtig[5]	1. Angemessen[5]	1. Verständlich[5]	*[5]	*[5]	Emissionen vorhanden[5]	*[5]	*[5]	*[5]	*[5]	*[5]	Pro B[5]	Contra C[5]	_	_	Hauptteil[10]	1. Claim[21]	
9-7	598-603	würde	1. Richtig[5]	1. Angemessen[5]	1. Verständlich[5]	*[5]	*[5]	Emissionen vorhanden[5]	*[5]	*[5]	*[5]	*[5]	*[5]	Pro B[5]	Contra C[5]	_	_	Hauptteil[10]	1. Claim[21]	
9-8	604-607	auf	1. Richtig[5]	1. Angemessen[5]	1. Verständlich[5]	*[5]	*[5]	Emissionen vorhanden[5]	*[5]	*[5]	*[5]	*[5]	*[5]	Pro B[5]	Contra C[5]	_	_	Hauptteil[10]	1. Claim[21]	
9-9	608-611	der	1. Richtig[5]	1. Angemessen[5]	1. Verständlich[5]	*[5]	*[5]	Emissionen vorhanden[5]	*[5]	*[5]	*[5]	*[5]	*[5]	Pro B[5]	Contra C[5]	_	_	Hauptteil[10]	1. Claim[21]	
9-10	612-616	Nord	1. Richtig[5]	1. Angemessen[5]	1. Verständlich[5]	*[5]	*[5]	Emissionen vorhanden[5]	*[5]	*[5]	*[5]	*[5]	*[5]	Pro B[5]	Contra C[5]	_	_	Hauptteil[10]	1. Claim[21]	
9-11	616-617	-	1. Richtig[5]	1. Angemessen[5]	1. Verständlich[5]	*[5]	*[5]	Emissionen vorhanden[5]	*[5]	*[5]	*[5]	*[5]	*[5]	Pro B[5]	Contra C[5]	_	_	Hauptteil[10]	1. Claim[21]	
9-12	618-621	und	1. Richtig[5]	1. Angemessen[5]	1. Verständlich[5]	*[5]	*[5]	Emissionen vorhanden[5]	*[5]	*[5]	*[5]	*[5]	*[5]	Pro B[5]	Contra C[5]	_	_	Hauptteil[10]	1. Claim[21]	
9-13	622-628	Ostsee	1. Richtig[5]	1. Angemessen[5]	1. Verständlich[5]	*[5]	*[5]	Emissionen vorhanden[5]	*[5]	*[5]	*[5]	*[5]	*[5]	Pro B[5]	Contra C[5]	_	_	Hauptteil[10]	1. Claim[21]	
9-14	629-634	nicht	1. Richtig[5]	1. Angemessen[5]	1. Verständlich[5]	*[5]	*[5]	Emissionen vorhanden[5]	*[5]	*[5]	*[5]	*[5]	*[5]	Pro B[5]	Contra C[5]	_	_	Hauptteil[10]	1. Claim[21]	
9-15	635-641	stören	1. Richtig[5]	1. Angemessen[5]	1. Verständlich[5]	*[5]	*[5]	Emissionen vorhanden[5]	*[5]	*[5]	*[5]	*[5]	*[5]	Pro B[5]	Contra C[5]	_	_	Hauptteil[10]	1. Claim[21]	
9-16	641-642	.	1. Richtig[5]	1. Angemessen[5]	1. Verständlich[5]	*[5]	*[5]	Emissionen vorhanden[5]	*[5]	*[5]	*[5]	*[5]	*[5]	Pro B[5]	Contra C[5]	_	_	Hauptteil[10]	1. Claim[21]	

10-1	644-648	Wenn	1. Richtig[5]	1. Angemessen[5]	1. Verständlich[5]	*[5]	*[5]	Emissionen vorhanden[5]	*[5]	*[5]	*[5]	*[5]	*[5]	Pro B[5]	Contra C[5]	_	_	Hauptteil[10]	1. Claim[22]	
10-2	649-659	dahingegen	1. Richtig[5]	1. Angemessen[5]	1. Verständlich[5]	*[5]	*[5]	Emissionen vorhanden[5]	*[5]	*[5]	*[5]	*[5]	*[5]	Pro B[5]	Contra C[5]	_	_	Hauptteil[10]	1. Claim[22]	
10-3	660-663	ein	1. Richtig[5]	1. Angemessen[5]	1. Verständlich[5]	*[5]	*[5]	Emissionen vorhanden[5]	*[5]	*[5]	*[5]	*[5]	*[5]	Pro B[5]	Contra C[5]	_	_	Hauptteil[10]	1. Claim[22]	
10-4	664-672	Windpark	1. Richtig[5]	1. Angemessen[5]	1. Verständlich[5]	*[5]	*[5]	Emissionen vorhanden[5]	*[5]	*[5]	*[5]	*[5]	*[5]	Pro B[5]	Contra C[5]	_	_	Hauptteil[10]	1. Claim[22]	
10-5	673-675	in	1. Richtig[5]	1. Angemessen[5]	1. Verständlich[5]	*[5]	*[5]	Emissionen vorhanden[5]	*[5]	*[5]	*[5]	*[5]	*[5]	Pro B[5]	Contra C[5]	_	_	Hauptteil[10]	1. Claim[22]	
10-6	676-679	der	1. Richtig[5]	1. Angemessen[5]	1. Verständlich[5]	*[5]	*[5]	Emissionen vorhanden[5]	*[5]	*[5]	*[5]	*[5]	*[5]	Pro B[5]	Contra C[5]	_	_	Hauptteil[10]	1. Claim[22]	
10-7	680-684	Nähe	1. Richtig[5]	1. Angemessen[5]	1. Verständlich[5]	*[5]	*[5]	Emissionen vorhanden[5]	*[5]	*[5]	*[5]	*[5]	*[5]	Pro B[5]	Contra C[5]	_	_	Hauptteil[10]	1. Claim[22]	
10-8	685-688	von	1. Richtig[5]	1. Angemessen[5]	1. Verständlich[5]	*[5]	*[5]	Emissionen vorhanden[5]	*[5]	*[5]	*[5]	*[5]	*[5]	Pro B[5]	Contra C[5]	_	_	Hauptteil[10]	1. Claim[22]	
10-9	689-701	Wohngebieten	1. Richtig[5]	1. Angemessen[5]	1. Verständlich[5]	*[5]	*[5]	Emissionen vorhanden[5]	*[5]	*[5]	*[5]	*[5]	*[5]	Pro B[5]	Contra C[5]	_	_	Hauptteil[10]	1. Claim[22]	
10-10	702-710	angebaut	1. Richtig[5]	1. Angemessen[5]	1. Verständlich[5]	*[5]	*[5]	Emissionen vorhanden[5]	*[5]	*[5]	*[5]	*[5]	*[5]	Pro B[5]	Contra C[5]	_	_	Hauptteil[10]	1. Claim[22]	
10-11	711-717	werden	1. Richtig[5]	1. Angemessen[5]	1. Verständlich[5]	*[5]	*[5]	Emissionen vorhanden[5]	*[5]	*[5]	*[5]	*[5]	*[5]	Pro B[5]	Contra C[5]	_	_	Hauptteil[10]	1. Claim[22]	
10-12	718-723	würde	1. Richtig[5]	1. Angemessen[5]	1. Verständlich[5]	*[5]	*[5]	Emissionen vorhanden[5]	*[5]	*[5]	*[5]	*[5]	*[5]	Pro B[5]	Contra C[5]	_	_	Hauptteil[10]	1. Claim[22]	
10-13	723-724	,	1. Richtig[5]	1. Angemessen[5]	1. Verständlich[5]	*[5]	*[5]	Emissionen vorhanden[5]	*[5]	*[5]	*[5]	*[5]	*[5]	Pro B[5]	Contra C[5]	_	_	Hauptteil[10]	1. Claim[22]	
10-14	725-730	würde	1. Richtig[5]	1. Angemessen[5]	1. Verständlich[5]	*[5]	*[5]	Emissionen vorhanden[5]	*[5]	*[5]	*[5]	*[5]	*[5]	Pro B[5]	Contra C[5]	_	_	Hauptteil[10]	1. Claim[22]	
10-15	731-734	das	1. Richtig[5]	1. Angemessen[5]	1. Verständlich[5]	*[5]	*[5]	Emissionen vorhanden[5]	*[5]	*[5]	*[5]	*[5]	*[5]	Pro B[5]	Contra C[5]	_	_	Hauptteil[10]	1. Claim[22]	
10-16	735-741	stören	1. Richtig[5]	1. Angemessen[5]	1. Verständlich[5]	*[5]	*[5]	Emissionen vorhanden[5]	*[5]	*[5]	*[5]	*[5]	*[5]	Pro B[5]	Contra C[5]	_	_	Hauptteil[10]	1. Claim[22]	
10-17	741-742	.	1. Richtig[5]	1. Angemessen[5]	1. Verständlich[5]	*[5]	*[5]	Emissionen vorhanden[5]	*[5]	*[5]	*[5]	*[5]	*[5]	Pro B[5]	Contra C[5]	_	_	Hauptteil[10]	1. Claim[22]	

11-1	744-749	Daher	1. Richtig[5]	1. Angemessen[5]	1. Verständlich[5]	*[5]	*[5]	Emissionen vorhanden[5]	*[5]	*[5]	*[5]	*[5]	*[5]	Pro B[5]	Contra C[5]	_	_	Hauptteil[10]	1. Claim[23]	
11-2	750-754	muss	1. Richtig[5]	1. Angemessen[5]	1. Verständlich[5]	*[5]	*[5]	Emissionen vorhanden[5]	*[5]	*[5]	*[5]	*[5]	*[5]	Pro B[5]	Contra C[5]	_	_	Hauptteil[10]	1. Claim[23]	
11-3	755-758	bei	1. Richtig[5]	1. Angemessen[5]	1. Verständlich[5]	*[5]	*[5]	Emissionen vorhanden[5]	*[5]	*[5]	*[5]	*[5]	*[5]	Pro B[5]	Contra C[5]	_	_	Hauptteil[10]	1. Claim[23]	
11-4	759-774	Windkraftwerken	1. Richtig[5]	1. Angemessen[5]	1. Verständlich[5]	*[5]	*[5]	Emissionen vorhanden[5]	*[5]	*[5]	*[5]	*[5]	*[5]	Pro B[5]	Contra C[5]	_	_	Hauptteil[10]	1. Claim[23]	
11-5	775-784	besonders	1. Richtig[5]	1. Angemessen[5]	1. Verständlich[5]	*[5]	*[5]	Emissionen vorhanden[5]	*[5]	*[5]	*[5]	*[5]	*[5]	Pro B[5]	Contra C[5]	_	_	Hauptteil[10]	1. Claim[23]	
11-6	785-788	auf	1. Richtig[5]	1. Angemessen[5]	1. Verständlich[5]	*[5]	*[5]	Emissionen vorhanden[5]	*[5]	*[5]	*[5]	*[5]	*[5]	Pro B[5]	Contra C[5]	_	_	Hauptteil[10]	1. Claim[23]	
11-7	789-792	die	1. Richtig[5]	1. Angemessen[5]	1. Verständlich[5]	*[5]	*[5]	Emissionen vorhanden[5]	*[5]	*[5]	*[5]	*[5]	*[5]	Pro B[5]	Contra C[5]	_	_	Hauptteil[10]	1. Claim[23]	
11-8	793-801	Lokation	1. Richtig[5]	1. Angemessen[5]	1. Verständlich[5]	*[5]	*[5]	Emissionen vorhanden[5]	*[5]	*[5]	*[5]	*[5]	*[5]	Pro B[5]	Contra C[5]	_	_	Hauptteil[10]	1. Claim[23]	
11-9	802-810	geachtet	1. Richtig[5]	1. Angemessen[5]	1. Verständlich[5]	*[5]	*[5]	Emissionen vorhanden[5]	*[5]	*[5]	*[5]	*[5]	*[5]	Pro B[5]	Contra C[5]	_	_	Hauptteil[10]	1. Claim[23]	
11-10	811-817	werden	1. Richtig[5]	1. Angemessen[5]	1. Verständlich[5]	*[5]	*[5]	Emissionen vorhanden[5]	*[5]	*[5]	*[5]	*[5]	*[5]	Pro B[5]	Contra C[5]	_	_	Hauptteil[10]	1. Claim[23]	
11-11	817-818	.	1. Richtig[5]	1. Angemessen[5]	1. Verständlich[5]	*[5]	*[5]	Emissionen vorhanden[5]	*[5]	*[5]	*[5]	*[5]	*[5]	Pro B[5]	Contra C[5]	_	_	Hauptteil[10]	1. Claim[23]	

12-1	820-822	Es	1. Richtig[5]	1. Angemessen[5]	1. Verständlich[5]	*[5]	*[5]	Emissionen vorhanden[5]	*[5]	*[5]	*[5]	*[5]	*[5]	Pro B[5]	Contra C[5]	_	_	Hauptteil[10]	1. Claim[24]	
12-2	823-827	muss	1. Richtig[5]	1. Angemessen[5]	1. Verständlich[5]	*[5]	*[5]	Emissionen vorhanden[5]	*[5]	*[5]	*[5]	*[5]	*[5]	Pro B[5]	Contra C[5]	_	_	Hauptteil[10]	1. Claim[24]	
12-3	828-831	ein	1. Richtig[5]	1. Angemessen[5]	1. Verständlich[5]	*[5]	*[5]	Emissionen vorhanden[5]	*[5]	*[5]	*[5]	*[5]	*[5]	Pro B[5]	Contra C[5]	_	_	Hauptteil[10]	1. Claim[24]	
12-4	832-840	bestimmt	1. Richtig[5]	1. Angemessen[5]	1. Verständlich[5]	*[5]	*[5]	Emissionen vorhanden[5]	*[5]	*[5]	*[5]	*[5]	*[5]	Pro B[5]	Contra C[5]	_	_	Hauptteil[10]	1. Claim[24]	
12-5	841-844	der	1. Richtig[5]	1. Angemessen[5]	1. Verständlich[5]	*[5]	*[5]	Emissionen vorhanden[5]	*[5]	*[5]	*[5]	*[5]	*[5]	Pro B[5]	Contra C[5]	_	_	Hauptteil[10]	1. Claim[24]	
12-6	845-852	Abstand	1. Richtig[5]	1. Angemessen[5]	1. Verständlich[5]	*[5]	*[5]	Emissionen vorhanden[5]	*[5]	*[5]	*[5]	*[5]	*[5]	Pro B[5]	Contra C[5]	_	_	Hauptteil[10]	1. Claim[24]	
12-7	853-855	zu	1. Richtig[5]	1. Angemessen[5]	1. Verständlich[5]	*[5]	*[5]	Emissionen vorhanden[5]	*[5]	*[5]	*[5]	*[5]	*[5]	Pro B[5]	Contra C[5]	_	_	Hauptteil[10]	1. Claim[24]	
12-8	856-868	Wohngebäuden	1. Richtig[5]	1. Angemessen[5]	1. Verständlich[5]	*[5]	*[5]	Emissionen vorhanden[5]	*[5]	*[5]	*[5]	*[5]	*[5]	Pro B[5]	Contra C[5]	_	_	Hauptteil[10]	1. Claim[24]	
12-9	869-873	sein	1. Richtig[5]	1. Angemessen[5]	1. Verständlich[5]	*[5]	*[5]	Emissionen vorhanden[5]	*[5]	*[5]	*[5]	*[5]	*[5]	Pro B[5]	Contra C[5]	_	_	Hauptteil[10]	1. Claim[24]	
12-10	873-874	,	1. Richtig[5]	1. Angemessen[5]	1. Verständlich[5]	*[5]	*[5]	Emissionen vorhanden[5]	*[5]	*[5]	*[5]	*[5]	*[5]	Pro B[5]	Contra C[5]	_	_	Hauptteil[10]	1. Claim[24]	
12-11	875-880	damit	1. Richtig[5]	1. Angemessen[5]	1. Verständlich[5]	*[5]	*[5]	Emissionen vorhanden[5]	*[5]	*[5]	*[5]	*[5]	*[5]	Pro B[5]	Contra C[5]	_	_	Hauptteil[10]	1. Claim[24]	
12-12	881-883	er	1. Richtig[5]	1. Angemessen[5]	1. Verständlich[5]	*[5]	*[5]	Emissionen vorhanden[5]	*[5]	*[5]	*[5]	*[5]	*[5]	Pro B[5]	Contra C[5]	_	_	Hauptteil[10]	1. Claim[24]	
12-13	884-889	nicht	1. Richtig[5]	1. Angemessen[5]	1. Verständlich[5]	*[5]	*[5]	Emissionen vorhanden[5]	*[5]	*[5]	*[5]	*[5]	*[5]	Pro B[5]	Contra C[5]	_	_	Hauptteil[10]	1. Claim[24]	
12-14	890-892	zu	1. Richtig[5]	1. Angemessen[5]	1. Verständlich[5]	*[5]	*[5]	Emissionen vorhanden[5]	*[5]	*[5]	*[5]	*[5]	*[5]	Pro B[5]	Contra C[5]	_	_	Hauptteil[10]	1. Claim[24]	
12-15	893-904	Beschwerden	1. Richtig[5]	1. Angemessen[5]	1. Verständlich[5]	*[5]	*[5]	Emissionen vorhanden[5]	*[5]	*[5]	*[5]	*[5]	*[5]	Pro B[5]	Contra C[5]	_	_	Hauptteil[10]	1. Claim[24]	
12-16	905-910	kommt	1. Richtig[5]	1. Angemessen[5]	1. Verständlich[5]	*[5]	*[5]	Emissionen vorhanden[5]	*[5]	*[5]	*[5]	*[5]	*[5]	Pro B[5]	Contra C[5]	_	_	Hauptteil[10]	1. Claim[24]	
12-17	910-911	.	1. Richtig[5]	1. Angemessen[5]	1. Verständlich[5]	*[5]	*[5]	Emissionen vorhanden[5]	*[5]	*[5]	*[5]	*[5]	*[5]	Pro B[5]	Contra C[5]	_	_	Hauptteil[10]	1. Claim[24]	

13-1	913-918	Diese	1. Richtig[5]	1. Angemessen[5]	1. Verständlich[5]	*[5]	*[5]	Emissionen vorhanden[5]	*[5]	*[5]	*[5]	*[5]	*[5]	Pro B[5]	Contra C[5]	_	_	Hauptteil[10]	2. Data[25]	
13-2	919-927	Probleme	1. Richtig[5]	1. Angemessen[5]	1. Verständlich[5]	*[5]	*[5]	Emissionen vorhanden[5]	*[5]	*[5]	*[5]	*[5]	*[5]	Pro B[5]	Contra C[5]	_	_	Hauptteil[10]	2. Data[25]	
13-3	928-932	gäbe	1. Richtig[5]	1. Angemessen[5]	1. Verständlich[5]	*[5]	*[5]	Emissionen vorhanden[5]	*[5]	*[5]	*[5]	*[5]	*[5]	Pro B[5]	Contra C[5]	_	_	Hauptteil[10]	2. Data[25]	
13-4	933-935	es	1. Richtig[5]	1. Angemessen[5]	1. Verständlich[5]	*[5]	*[5]	Emissionen vorhanden[5]	*[5]	*[5]	*[5]	*[5]	*[5]	Pro B[5]	Contra C[5]	_	_	Hauptteil[10]	2. Data[25]	
13-5	936-939	bei	1. Richtig[5]	1. Angemessen[5]	1. Verständlich[5]	*[5]	*[5]	Emissionen vorhanden[5]	*[5]	*[5]	*[5]	*[5]	*[5]	Pro B[5]	Contra C[5]	_	_	Hauptteil[10]	2. Data[25]	
13-6	940-950	Solarparks	1. Richtig[5]	1. Angemessen[5]	1. Verständlich[5]	*[5]	*[5]	Emissionen vorhanden[5]	*[5]	*[5]	*[5]	*[5]	*[5]	Pro B[5]	Contra C[5]	_	_	Hauptteil[10]	2. Data[25]	
13-7	951-954	gar	1. Richtig[5]	1. Angemessen[5]	1. Verständlich[5]	*[5]	*[5]	Emissionen vorhanden[5]	*[5]	*[5]	*[5]	*[5]	*[5]	Pro B[5]	Contra C[5]	_	_	Hauptteil[10]	2. Data[25]	
13-8	955-960	nicht	1. Richtig[5]	1. Angemessen[5]	1. Verständlich[5]	*[5]	*[5]	Emissionen vorhanden[5]	*[5]	*[5]	*[5]	*[5]	*[5]	Pro B[5]	Contra C[5]	_	_	Hauptteil[10]	2. Data[25]	
13-9	960-961	.	1. Richtig[5]	1. Angemessen[5]	1. Verständlich[5]	*[5]	*[5]	Emissionen vorhanden[5]	*[5]	*[5]	*[5]	*[5]	*[5]	Pro B[5]	Contra C[5]	_	_	Hauptteil[10]	2. Data[25]	

14-1	963-972	Windparks	1. Richtig[6]	1. Angemessen[6]	1. Verständlich[6]	*[6]	Lebensdauer/Verfügbarkeit vorhanden[6]	*[6]	*[6]	*[6]	*[6]	*[6]	Pro A[6]	Pro B[6]	Contra C[6]	_	_	Hauptteil[10]	1. Claim[26]	
14-2	973-979	halten	1. Richtig[6]	1. Angemessen[6]	1. Verständlich[6]	*[6]	Lebensdauer/Verfügbarkeit vorhanden[6]	*[6]	*[6]	*[6]	*[6]	*[6]	Pro A[6]	Pro B[6]	Contra C[6]	_	_	Hauptteil[10]	1. Claim[26]	
14-3	980-984	sich	1. Richtig[6]	1. Angemessen[6]	1. Verständlich[6]	*[6]	Lebensdauer/Verfügbarkeit vorhanden[6]	*[6]	*[6]	*[6]	*[6]	*[6]	Pro A[6]	Pro B[6]	Contra C[6]	_	_	Hauptteil[10]	1. Claim[26]	
14-4	985-989	aber	1. Richtig[6]	1. Angemessen[6]	1. Verständlich[6]	*[6]	Lebensdauer/Verfügbarkeit vorhanden[6]	*[6]	*[6]	*[6]	*[6]	*[6]	Pro A[6]	Pro B[6]	Contra C[6]	_	_	Hauptteil[10]	1. Claim[26]	
14-5	990-996	leider	1. Richtig[6]	1. Angemessen[6]	1. Verständlich[6]	*[6]	Lebensdauer/Verfügbarkeit vorhanden[6]	*[6]	*[6]	*[6]	*[6]	*[6]	Pro A[6]	Pro B[6]	Contra C[6]	_	_	Hauptteil[10]	1. Claim[26]	
14-6	997-1002	nicht	1. Richtig[6]	1. Angemessen[6]	1. Verständlich[6]	*[6]	Lebensdauer/Verfügbarkeit vorhanden[6]	*[6]	*[6]	*[6]	*[6]	*[6]	Pro A[6]	Pro B[6]	Contra C[6]	_	_	Hauptteil[10]	1. Claim[26]	
14-7	1003-1005	so	1. Richtig[6]	1. Angemessen[6]	1. Verständlich[6]	*[6]	Lebensdauer/Verfügbarkeit vorhanden[6]	*[6]	*[6]	*[6]	*[6]	*[6]	Pro A[6]	Pro B[6]	Contra C[6]	_	_	Hauptteil[10]	1. Claim[26]	
14-8	1006-1011	lange	1. Richtig[6]	1. Angemessen[6]	1. Verständlich[6]	*[6]	Lebensdauer/Verfügbarkeit vorhanden[6]	*[6]	*[6]	*[6]	*[6]	*[6]	Pro A[6]	Pro B[6]	Contra C[6]	_	_	Hauptteil[10]	1. Claim[26]	
14-9	1012-1015	wie	1. Richtig[6]	1. Angemessen[6]	1. Verständlich[6]	*[6]	Lebensdauer/Verfügbarkeit vorhanden[6]	*[6]	*[6]	*[6]	*[6]	*[6]	Pro A[6]	Pro B[6]	Contra C[6]	_	_	Hauptteil[10]	1. Claim[26]	
14-10	1016-1020	ihre	1. Richtig[6]	1. Angemessen[6]	1. Verständlich[6]	*[6]	Lebensdauer/Verfügbarkeit vorhanden[6]	*[6]	*[6]	*[6]	*[6]	*[6]	Pro A[6]	Pro B[6]	Contra C[6]	_	_	Hauptteil[10]	1. Claim[26]	
14-11	1021-1031	Konkurrenz	1. Richtig[6]	1. Angemessen[6]	1. Verständlich[6]	*[6]	Lebensdauer/Verfügbarkeit vorhanden[6]	*[6]	*[6]	*[6]	*[6]	*[6]	Pro A[6]	Pro B[6]	Contra C[6]	_	_	Hauptteil[10]	1. Claim[26]	
14-12	1031-1032	.	1. Richtig[6]	1. Angemessen[6]	1. Verständlich[6]	*[6]	Lebensdauer/Verfügbarkeit vorhanden[6]	*[6]	*[6]	*[6]	*[6]	*[6]	Pro A[6]	Pro B[6]	Contra C[6]	_	_	Hauptteil[10]	1. Claim[26]	

15-1	1034-1037	Die	1. Richtig[6]	1. Angemessen[6]	1. Verständlich[6]	*[6]	Lebensdauer/Verfügbarkeit vorhanden[6]	*[6]	*[6]	*[6]	*[6]	*[6]	Pro A[6]	Pro B[6]	Contra C[6]	_	_	Hauptteil[10]	2. Data[27]	
15-2	1038-1049	Lebensdauer	1. Richtig[6]	1. Angemessen[6]	1. Verständlich[6]	*[6]	Lebensdauer/Verfügbarkeit vorhanden[6]	*[6]	*[6]	*[6]	*[6]	*[6]	Pro A[6]	Pro B[6]	Contra C[6]	_	_	Hauptteil[10]	2. Data[27]	
15-3	1050-1053	der	1. Richtig[6]	1. Angemessen[6]	1. Verständlich[6]	*[6]	Lebensdauer/Verfügbarkeit vorhanden[6]	*[6]	*[6]	*[6]	*[6]	*[6]	Pro A[6]	Pro B[6]	Contra C[6]	_	_	Hauptteil[10]	2. Data[27]	
15-4	1054-1069	Windkrafanlagen	1. Richtig[6]	1. Angemessen[6]	1. Verständlich[6]	*[6]	Lebensdauer/Verfügbarkeit vorhanden[6]	*[6]	*[6]	*[6]	*[6]	*[6]	Pro A[6]	Pro B[6]	Contra C[6]	_	_	Hauptteil[10]	2. Data[27]	
15-5	1070-1077	beträgt	1. Richtig[6]	1. Angemessen[6]	1. Verständlich[6]	*[6]	Lebensdauer/Verfügbarkeit vorhanden[6]	*[6]	*[6]	*[6]	*[6]	*[6]	Pro A[6]	Pro B[6]	Contra C[6]	_	_	Hauptteil[10]	2. Data[27]	
15-6	1078-1087	lediglich	1. Richtig[6]	1. Angemessen[6]	1. Verständlich[6]	*[6]	Lebensdauer/Verfügbarkeit vorhanden[6]	*[6]	*[6]	*[6]	*[6]	*[6]	Pro A[6]	Pro B[6]	Contra C[6]	_	_	Hauptteil[10]	2. Data[27]	
15-7	1088-1090	20	1. Richtig[6]	1. Angemessen[6]	1. Verständlich[6]	*[6]	Lebensdauer/Verfügbarkeit vorhanden[6]	*[6]	*[6]	*[6]	*[6]	*[6]	Pro A[6]	Pro B[6]	Contra C[6]	_	_	Hauptteil[10]	2. Data[27]	
15-8	1091-1096	Jahre	1. Richtig[6]	1. Angemessen[6]	1. Verständlich[6]	*[6]	Lebensdauer/Verfügbarkeit vorhanden[6]	*[6]	*[6]	*[6]	*[6]	*[6]	Pro A[6]	Pro B[6]	Contra C[6]	_	_	Hauptteil[10]	2. Data[27]	
15-9	1096-1097	.	1. Richtig[6]	1. Angemessen[6]	1. Verständlich[6]	*[6]	Lebensdauer/Verfügbarkeit vorhanden[6]	*[6]	*[6]	*[6]	*[6]	*[6]	Pro A[6]	Pro B[6]	Contra C[6]	_	_	Hauptteil[10]	2. Data[27]	

16-1	1099-1102	Bei	1. Richtig[6]	1. Angemessen[6]	1. Verständlich[6]	*[6]	Lebensdauer/Verfügbarkeit vorhanden[6]	*[6]	*[6]	*[6]	*[6]	*[6]	Pro A[6]	Pro B[6]	Contra C[6]	_	_	Hauptteil[10]	2. Data[28]	
16-2	1103-1108	ihrer	1. Richtig[6]	1. Angemessen[6]	1. Verständlich[6]	*[6]	Lebensdauer/Verfügbarkeit vorhanden[6]	*[6]	*[6]	*[6]	*[6]	*[6]	Pro A[6]	Pro B[6]	Contra C[6]	_	_	Hauptteil[10]	2. Data[28]	
16-3	1109-1119	Konkurrenz	1. Richtig[6]	1. Angemessen[6]	1. Verständlich[6]	*[6]	Lebensdauer/Verfügbarkeit vorhanden[6]	*[6]	*[6]	*[6]	*[6]	*[6]	Pro A[6]	Pro B[6]	Contra C[6]	_	_	Hauptteil[10]	2. Data[28]	
16-4	1120-1121	-	1. Richtig[6]	1. Angemessen[6]	1. Verständlich[6]	*[6]	Lebensdauer/Verfügbarkeit vorhanden[6]	*[6]	*[6]	*[6]	*[6]	*[6]	Pro A[6]	Pro B[6]	Contra C[6]	_	_	Hauptteil[10]	2. Data[28]	
16-5	1122-1125	den	1. Richtig[6]	1. Angemessen[6]	1. Verständlich[6]	*[6]	Lebensdauer/Verfügbarkeit vorhanden[6]	*[6]	*[6]	*[6]	*[6]	*[6]	Pro A[6]	Pro B[6]	Contra C[6]	_	_	Hauptteil[10]	2. Data[28]	
16-6	1126-1138	Solaranlagen	1. Richtig[6]	1. Angemessen[6]	1. Verständlich[6]	*[6]	Lebensdauer/Verfügbarkeit vorhanden[6]	*[6]	*[6]	*[6]	*[6]	*[6]	Pro A[6]	Pro B[6]	Contra C[6]	_	_	Hauptteil[10]	2. Data[28]	
16-7	1139-1142	und	1. Richtig[6]	1. Angemessen[6]	1. Verständlich[6]	*[6]	Lebensdauer/Verfügbarkeit vorhanden[6]	*[6]	*[6]	*[6]	*[6]	*[6]	Pro A[6]	Pro B[6]	Contra C[6]	_	_	Hauptteil[10]	2. Data[28]	
16-8	1143-1161	Wasserkraftanlagen	1. Richtig[6]	1. Angemessen[6]	1. Verständlich[6]	*[6]	Lebensdauer/Verfügbarkeit vorhanden[6]	*[6]	*[6]	*[6]	*[6]	*[6]	Pro A[6]	Pro B[6]	Contra C[6]	_	_	Hauptteil[10]	2. Data[28]	
16-9	1162-1163	-	1. Richtig[6]	1. Angemessen[6]	1. Verständlich[6]	*[6]	Lebensdauer/Verfügbarkeit vorhanden[6]	*[6]	*[6]	*[6]	*[6]	*[6]	Pro A[6]	Pro B[6]	Contra C[6]	_	_	Hauptteil[10]	2. Data[28]	
16-10	1164-1171	beträgt	1. Richtig[6]	1. Angemessen[6]	1. Verständlich[6]	*[6]	Lebensdauer/Verfügbarkeit vorhanden[6]	*[6]	*[6]	*[6]	*[6]	*[6]	Pro A[6]	Pro B[6]	Contra C[6]	_	_	Hauptteil[10]	2. Data[28]	
16-11	1172-1175	die	1. Richtig[6]	1. Angemessen[6]	1. Verständlich[6]	*[6]	Lebensdauer/Verfügbarkeit vorhanden[6]	*[6]	*[6]	*[6]	*[6]	*[6]	Pro A[6]	Pro B[6]	Contra C[6]	_	_	Hauptteil[10]	2. Data[28]	
16-12	1176-1187	Lebensdauer	1. Richtig[6]	1. Angemessen[6]	1. Verständlich[6]	*[6]	Lebensdauer/Verfügbarkeit vorhanden[6]	*[6]	*[6]	*[6]	*[6]	*[6]	Pro A[6]	Pro B[6]	Contra C[6]	_	_	Hauptteil[10]	2. Data[28]	
16-13	1188-1190	30	1. Richtig[6]	1. Angemessen[6]	1. Verständlich[6]	*[6]	Lebensdauer/Verfügbarkeit vorhanden[6]	*[6]	*[6]	*[6]	*[6]	*[6]	Pro A[6]	Pro B[6]	Contra C[6]	_	_	Hauptteil[10]	2. Data[28]	
16-14	1191-1194	und	1. Richtig[6]	1. Angemessen[6]	1. Verständlich[6]	*[6]	Lebensdauer/Verfügbarkeit vorhanden[6]	*[6]	*[6]	*[6]	*[6]	*[6]	Pro A[6]	Pro B[6]	Contra C[6]	_	_	Hauptteil[10]	2. Data[28]	
16-15	1195-1197	80	1. Richtig[6]	1. Angemessen[6]	1. Verständlich[6]	*[6]	Lebensdauer/Verfügbarkeit vorhanden[6]	*[6]	*[6]	*[6]	*[6]	*[6]	Pro A[6]	Pro B[6]	Contra C[6]	_	_	Hauptteil[10]	2. Data[28]	
16-16	1198-1203	Jahre	1. Richtig[6]	1. Angemessen[6]	1. Verständlich[6]	*[6]	Lebensdauer/Verfügbarkeit vorhanden[6]	*[6]	*[6]	*[6]	*[6]	*[6]	Pro A[6]	Pro B[6]	Contra C[6]	_	_	Hauptteil[10]	2. Data[28]	
16-17	1203-1204	.	1. Richtig[6]	1. Angemessen[6]	1. Verständlich[6]	*[6]	Lebensdauer/Verfügbarkeit vorhanden[6]	*[6]	*[6]	*[6]	*[6]	*[6]	Pro A[6]	Pro B[6]	Contra C[6]	_	_	Hauptteil[10]	2. Data[28]	

17-1	1206-1210	Aber	1. Richtig[7]	1. Angemessen[7]	1. Verständlich[7]	*[7]	*[7]	*[7]	Preis/Betrieb vorhanden[7]	*[7]	*[7]	*[7]	Contra A[7]	*[7]	Pro C[7]	_	_	Hauptteil[10]	1. Claim[29]	
17-2	1211-1213	es	1. Richtig[7]	1. Angemessen[7]	1. Verständlich[7]	*[7]	*[7]	*[7]	Preis/Betrieb vorhanden[7]	*[7]	*[7]	*[7]	Contra A[7]	*[7]	Pro C[7]	_	_	Hauptteil[10]	1. Claim[29]	
17-3	1214-1220	spielt	1. Richtig[7]	1. Angemessen[7]	1. Verständlich[7]	*[7]	*[7]	*[7]	Preis/Betrieb vorhanden[7]	*[7]	*[7]	*[7]	Contra A[7]	*[7]	Pro C[7]	_	_	Hauptteil[10]	1. Claim[29]	
17-4	1221-1225	auch	1. Richtig[7]	1. Angemessen[7]	1. Verständlich[7]	*[7]	*[7]	*[7]	Preis/Betrieb vorhanden[7]	*[7]	*[7]	*[7]	Contra A[7]	*[7]	Pro C[7]	_	_	Hauptteil[10]	1. Claim[29]	
17-5	1226-1229	der	1. Richtig[7]	1. Angemessen[7]	1. Verständlich[7]	*[7]	*[7]	*[7]	Preis/Betrieb vorhanden[7]	*[7]	*[7]	*[7]	Contra A[7]	*[7]	Pro C[7]	_	_	Hauptteil[10]	1. Claim[29]	
17-6	1230-1235	Preis	1. Richtig[7]	1. Angemessen[7]	1. Verständlich[7]	*[7]	*[7]	*[7]	Preis/Betrieb vorhanden[7]	*[7]	*[7]	*[7]	Contra A[7]	*[7]	Pro C[7]	_	_	Hauptteil[10]	1. Claim[29]	
17-7	1236-1240	eine	1. Richtig[7]	1. Angemessen[7]	1. Verständlich[7]	*[7]	*[7]	*[7]	Preis/Betrieb vorhanden[7]	*[7]	*[7]	*[7]	Contra A[7]	*[7]	Pro C[7]	_	_	Hauptteil[10]	1. Claim[29]	
17-8	1241-1248	gewisse	1. Richtig[7]	1. Angemessen[7]	1. Verständlich[7]	*[7]	*[7]	*[7]	Preis/Betrieb vorhanden[7]	*[7]	*[7]	*[7]	Contra A[7]	*[7]	Pro C[7]	_	_	Hauptteil[10]	1. Claim[29]	
17-9	1249-1254	Rolle	1. Richtig[7]	1. Angemessen[7]	1. Verständlich[7]	*[7]	*[7]	*[7]	Preis/Betrieb vorhanden[7]	*[7]	*[7]	*[7]	Contra A[7]	*[7]	Pro C[7]	_	_	Hauptteil[10]	1. Claim[29]	
17-10	1254-1255	;	1. Richtig[7]	1. Angemessen[7]	1. Verständlich[7]	*[7]	*[7]	*[7]	Preis/Betrieb vorhanden[7]	*[7]	*[7]	*[7]	Contra A[7]	*[7]	Pro C[7]	_	_	Hauptteil[10]	1. Claim[29]	
17-11	1256-1265	Windparks	1. Richtig[7]	1. Angemessen[7]	1. Verständlich[7]	*[7]	*[7]	*[7]	Preis/Betrieb vorhanden[7]	*[7]	*[7]	*[7]	Contra A[7]	*[7]	Pro C[7]	_	_	Hauptteil[10]	2. Data[30]	
17-12	1266-1270	sind	1. Richtig[7]	1. Angemessen[7]	1. Verständlich[7]	*[7]	*[7]	*[7]	Preis/Betrieb vorhanden[7]	*[7]	*[7]	*[7]	Contra A[7]	*[7]	Pro C[7]	_	_	Hauptteil[10]	2. Data[30]	
17-13	1271-1286	vergleichsweise	1. Richtig[7]	1. Angemessen[7]	1. Verständlich[7]	*[7]	*[7]	*[7]	Preis/Betrieb vorhanden[7]	*[7]	*[7]	*[7]	Contra A[7]	*[7]	Pro C[7]	_	_	Hauptteil[10]	2. Data[30]	
17-14	1287-1288	"	1. Richtig[7]	1. Angemessen[7]	1. Verständlich[7]	*[7]	*[7]	*[7]	Preis/Betrieb vorhanden[7]	*[7]	*[7]	*[7]	Contra A[7]	*[7]	Pro C[7]	_	_	Hauptteil[10]	2. Data[30]	
17-15	1288-1294	billig	1. Richtig[7]	1. Angemessen[7]	1. Verständlich[7]	*[7]	*[7]	*[7]	Preis/Betrieb vorhanden[7]	*[7]	*[7]	*[7]	Contra A[7]	*[7]	Pro C[7]	_	_	Hauptteil[10]	2. Data[30]	
17-16	1294-1295	"	1. Richtig[7]	1. Angemessen[7]	1. Verständlich[7]	*[7]	*[7]	*[7]	Preis/Betrieb vorhanden[7]	*[7]	*[7]	*[7]	Contra A[7]	*[7]	Pro C[7]	_	_	Hauptteil[10]	2. Data[30]	
17-17	1296-1298	zu	1. Richtig[7]	1. Angemessen[7]	1. Verständlich[7]	*[7]	*[7]	*[7]	Preis/Betrieb vorhanden[7]	*[7]	*[7]	*[7]	Contra A[7]	*[7]	Pro C[7]	_	_	Hauptteil[10]	2. Data[30]	
17-18	1299-1316	Wasserkraftwerken	1. Richtig[7]	1. Angemessen[7]	1. Verständlich[7]	*[7]	*[7]	*[7]	Preis/Betrieb vorhanden[7]	*[7]	*[7]	*[7]	Contra A[7]	*[7]	Pro C[7]	_	_	Hauptteil[10]	2. Data[30]	
17-19	1316-1317	.	1. Richtig[7]	1. Angemessen[7]	1. Verständlich[7]	*[7]	*[7]	*[7]	Preis/Betrieb vorhanden[7]	*[7]	*[7]	*[7]	Contra A[7]	*[7]	Pro C[7]	_	_	Hauptteil[10]	2. Data[30]	

18-1	1319-1322	Der	1. Richtig[7]	1. Angemessen[7]	1. Verständlich[7]	*[7]	*[7]	*[7]	Preis/Betrieb vorhanden[7]	*[7]	*[7]	*[7]	Contra A[7]	*[7]	Pro C[7]	_	_	Hauptteil[10]	2. Data[31]	
18-2	1323-1328	Preis	1. Richtig[7]	1. Angemessen[7]	1. Verständlich[7]	*[7]	*[7]	*[7]	Preis/Betrieb vorhanden[7]	*[7]	*[7]	*[7]	Contra A[7]	*[7]	Pro C[7]	_	_	Hauptteil[10]	2. Data[31]	
18-3	1329-1336	beträgt	1. Richtig[7]	1. Angemessen[7]	1. Verständlich[7]	*[7]	*[7]	*[7]	Preis/Betrieb vorhanden[7]	*[7]	*[7]	*[7]	Contra A[7]	*[7]	Pro C[7]	_	_	Hauptteil[10]	2. Data[31]	
18-4	1337-1340	nur	1. Richtig[7]	1. Angemessen[7]	1. Verständlich[7]	*[7]	*[7]	*[7]	Preis/Betrieb vorhanden[7]	*[7]	*[7]	*[7]	Contra A[7]	*[7]	Pro C[7]	_	_	Hauptteil[10]	2. Data[31]	
18-5	1341-1343	14	1. Richtig[7]	1. Angemessen[7]	1. Verständlich[7]	*[7]	*[7]	*[7]	Preis/Betrieb vorhanden[7]	*[7]	*[7]	*[7]	Contra A[7]	*[7]	Pro C[7]	_	_	Hauptteil[10]	2. Data[31]	
18-6	1344-1353	Millionen	1. Richtig[7]	1. Angemessen[7]	1. Verständlich[7]	*[7]	*[7]	*[7]	Preis/Betrieb vorhanden[7]	*[7]	*[7]	*[7]	Contra A[7]	*[7]	Pro C[7]	_	_	Hauptteil[10]	2. Data[31]	
18-7	1354-1355	€	1. Richtig[7]	1. Angemessen[7]	1. Verständlich[7]	*[7]	*[7]	*[7]	Preis/Betrieb vorhanden[7]	*[7]	*[7]	*[7]	Contra A[7]	*[7]	Pro C[7]	_	_	Hauptteil[10]	2. Data[31]	
18-8	1355-1356	,	1. Richtig[7]	1. Angemessen[7]	1. Verständlich[7]	*[7]	*[7]	*[7]	Preis/Betrieb vorhanden[7]	*[7]	*[7]	*[7]	Contra A[7]	*[7]	Pro C[7]	_	_	Hauptteil[10]	2. Data[31]	
18-9	1357-1364	während	1. Richtig[7]	1. Angemessen[7]	1. Verständlich[7]	*[7]	*[7]	*[7]	Preis/Betrieb vorhanden[7]	*[7]	*[7]	*[7]	Contra A[7]	*[7]	Pro C[7]	_	_	Hauptteil[10]	2. Data[31]	
18-10	1365-1383	Wasserkraftanlagen	1. Richtig[7]	1. Angemessen[7]	1. Verständlich[7]	*[7]	*[7]	*[7]	Preis/Betrieb vorhanden[7]	*[7]	*[7]	*[7]	Contra A[7]	*[7]	Pro C[7]	_	_	Hauptteil[10]	2. Data[31]	
18-11	1384-1388	etwa	1. Richtig[7]	1. Angemessen[7]	1. Verständlich[7]	*[7]	*[7]	*[7]	Preis/Betrieb vorhanden[7]	*[7]	*[7]	*[7]	Contra A[7]	*[7]	Pro C[7]	_	_	Hauptteil[10]	2. Data[31]	
18-12	1389-1391	59	1. Richtig[7]	1. Angemessen[7]	1. Verständlich[7]	*[7]	*[7]	*[7]	Preis/Betrieb vorhanden[7]	*[7]	*[7]	*[7]	Contra A[7]	*[7]	Pro C[7]	_	_	Hauptteil[10]	2. Data[31]	
18-13	1392-1401	Millionen	1. Richtig[7]	1. Angemessen[7]	1. Verständlich[7]	*[7]	*[7]	*[7]	Preis/Betrieb vorhanden[7]	*[7]	*[7]	*[7]	Contra A[7]	*[7]	Pro C[7]	_	_	Hauptteil[10]	2. Data[31]	
18-14	1402-1408	kosten	1. Richtig[7]	1. Angemessen[7]	1. Verständlich[7]	*[7]	*[7]	*[7]	Preis/Betrieb vorhanden[7]	*[7]	*[7]	*[7]	Contra A[7]	*[7]	Pro C[7]	_	_	Hauptteil[10]	2. Data[31]	
18-15	1408-1409	.	1. Richtig[7]	1. Angemessen[7]	1. Verständlich[7]	*[7]	*[7]	*[7]	Preis/Betrieb vorhanden[7]	*[7]	*[7]	*[7]	Contra A[7]	*[7]	Pro C[7]	_	_	Hauptteil[10]	2. Data[31]	

19-1	1411-1414	Ein	1. Richtig[8]	1. Angemessen[8]	1. Verständlich[8]	*[8]	*[8]	*[8]	*[8]	*[8]	Treibhausgasemissionen vorhanden[8]	*[8]	Contra A[8]	Contra B[8]	Pro C[8]	_	_	Hauptteil[10]	1. Claim[32]	
19-2	1415-1423	weiterer	1. Richtig[8]	1. Angemessen[8]	1. Verständlich[8]	*[8]	*[8]	*[8]	*[8]	*[8]	Treibhausgasemissionen vorhanden[8]	*[8]	Contra A[8]	Contra B[8]	Pro C[8]	_	_	Hauptteil[10]	1. Claim[32]	
19-3	1424-1432	immenser	1. Richtig[8]	1. Angemessen[8]	1. Verständlich[8]	*[8]	*[8]	*[8]	*[8]	*[8]	Treibhausgasemissionen vorhanden[8]	*[8]	Contra A[8]	Contra B[8]	Pro C[8]	_	_	Hauptteil[10]	1. Claim[32]	
19-4	1433-1440	Vorteil	1. Richtig[8]	1. Angemessen[8]	1. Verständlich[8]	*[8]	*[8]	*[8]	*[8]	*[8]	Treibhausgasemissionen vorhanden[8]	*[8]	Contra A[8]	Contra B[8]	Pro C[8]	_	_	Hauptteil[10]	1. Claim[32]	
19-5	1441-1444	der	1. Richtig[8]	1. Angemessen[8]	1. Verständlich[8]	*[8]	*[8]	*[8]	*[8]	*[8]	Treibhausgasemissionen vorhanden[8]	*[8]	Contra A[8]	Contra B[8]	Pro C[8]	_	_	Hauptteil[10]	1. Claim[32]	
19-6	1445-1461	Windkraftanlagen	1. Richtig[8]	1. Angemessen[8]	1. Verständlich[8]	*[8]	*[8]	*[8]	*[8]	*[8]	Treibhausgasemissionen vorhanden[8]	*[8]	Contra A[8]	Contra B[8]	Pro C[8]	_	_	Hauptteil[10]	1. Claim[32]	
19-7	1462-1465	ist	1. Richtig[8]	1. Angemessen[8]	1. Verständlich[8]	*[8]	*[8]	*[8]	*[8]	*[8]	Treibhausgasemissionen vorhanden[8]	*[8]	Contra A[8]	Contra B[8]	Pro C[8]	_	_	Hauptteil[10]	1. Claim[32]	
19-8	1466-1469	die	1. Richtig[8]	1. Angemessen[8]	1. Verständlich[8]	*[8]	*[8]	*[8]	*[8]	*[8]	Treibhausgasemissionen vorhanden[8]	*[8]	Contra A[8]	Contra B[8]	Pro C[8]	_	_	Hauptteil[10]	1. Claim[32]	
19-9	1470-1492	Treibhausgasemissionen	1. Richtig[8]	1. Angemessen[8]	1. Verständlich[8]	*[8]	*[8]	*[8]	*[8]	*[8]	Treibhausgasemissionen vorhanden[8]	*[8]	Contra A[8]	Contra B[8]	Pro C[8]	_	_	Hauptteil[10]	1. Claim[32]	
19-10	1492-1493	.	1. Richtig[8]	1. Angemessen[8]	1. Verständlich[8]	*[8]	*[8]	*[8]	*[8]	*[8]	Treibhausgasemissionen vorhanden[8]	*[8]	Contra A[8]	Contra B[8]	Pro C[8]	_	_	Hauptteil[10]	1. Claim[32]	

20-1	1495-1500	Diese	1. Richtig[8]	1. Angemessen[8]	1. Verständlich[8]	*[8]	*[8]	*[8]	*[8]	*[8]	Treibhausgasemissionen vorhanden[8]	*[8]	Contra A[8]	Contra B[8]	Pro C[8]	_	_	Hauptteil[10]	2. Data[33]	
20-2	1501-1509	betragen	1. Richtig[8]	1. Angemessen[8]	1. Verständlich[8]	*[8]	*[8]	*[8]	*[8]	*[8]	Treibhausgasemissionen vorhanden[8]	*[8]	Contra A[8]	Contra B[8]	Pro C[8]	_	_	Hauptteil[10]	2. Data[33]	
20-3	1510-1513	nur	1. Richtig[8]	1. Angemessen[8]	1. Verständlich[8]	*[8]	*[8]	*[8]	*[8]	*[8]	Treibhausgasemissionen vorhanden[8]	*[8]	Contra A[8]	Contra B[8]	Pro C[8]	_	_	Hauptteil[10]	2. Data[33]	
20-4	1514-1515	8	1. Richtig[8]	1. Angemessen[8]	1. Verständlich[8]	*[8]	*[8]	*[8]	*[8]	*[8]	Treibhausgasemissionen vorhanden[8]	*[8]	Contra A[8]	Contra B[8]	Pro C[8]	_	_	Hauptteil[10]	2. Data[33]	
20-5	1515-1516	.	1. Richtig[8]	1. Angemessen[8]	1. Verständlich[8]	*[8]	*[8]	*[8]	*[8]	*[8]	Treibhausgasemissionen vorhanden[8]	*[8]	Contra A[8]	Contra B[8]	Pro C[8]	_	_	Hauptteil[10]	2. Data[33]	
20-6	1518-1521	800	1. Richtig[8]	1. Angemessen[8]	1. Verständlich[8]	*[8]	*[8]	*[8]	*[8]	*[8]	Treibhausgasemissionen vorhanden[8]	*[8]	Contra A[8]	Contra B[8]	Pro C[8]	_	_	Hauptteil[10]	2. Data[33]	
20-7	1522-1523	T	1. Richtig[8]	1. Angemessen[8]	1. Verständlich[8]	*[8]	*[8]	*[8]	*[8]	*[8]	Treibhausgasemissionen vorhanden[8]	*[8]	Contra A[8]	Contra B[8]	Pro C[8]	_	_	Hauptteil[10]	2. Data[33]	
20-8	1524-1527	CO2	1. Richtig[8]	1. Angemessen[8]	1. Verständlich[8]	*[8]	*[8]	*[8]	*[8]	*[8]	Treibhausgasemissionen vorhanden[8]	*[8]	Contra A[8]	Contra B[8]	Pro C[8]	_	_	Hauptteil[10]	2. Data[33]	
20-9	1527-1528	.	1. Richtig[8]	1. Angemessen[8]	1. Verständlich[8]	*[8]	*[8]	*[8]	*[8]	*[8]	Treibhausgasemissionen vorhanden[8]	*[8]	Contra A[8]	Contra B[8]	Pro C[8]	_	_	Hauptteil[10]	2. Data[33]	

21-1	1530-1533	Das	1. Richtig[8]	1. Angemessen[8]	1. Verständlich[8]	*[8]	*[8]	*[8]	*[8]	*[8]	Treibhausgasemissionen vorhanden[8]	*[8]	Contra A[8]	Contra B[8]	Pro C[8]	_	_	Hauptteil[10]	1. Claim[34]	
21-2	1534-1537	ist	1. Richtig[8]	1. Angemessen[8]	1. Verständlich[8]	*[8]	*[8]	*[8]	*[8]	*[8]	Treibhausgasemissionen vorhanden[8]	*[8]	Contra A[8]	Contra B[8]	Pro C[8]	_	_	Hauptteil[10]	1. Claim[34]	
21-3	1538-1540	im	1. Richtig[8]	1. Angemessen[8]	1. Verständlich[8]	*[8]	*[8]	*[8]	*[8]	*[8]	Treibhausgasemissionen vorhanden[8]	*[8]	Contra A[8]	Contra B[8]	Pro C[8]	_	_	Hauptteil[10]	1. Claim[34]	
21-4	1541-1550	Vergleich	1. Richtig[8]	1. Angemessen[8]	1. Verständlich[8]	*[8]	*[8]	*[8]	*[8]	*[8]	Treibhausgasemissionen vorhanden[8]	*[8]	Contra A[8]	Contra B[8]	Pro C[8]	_	_	Hauptteil[10]	1. Claim[34]	
21-5	1551-1553	zu	1. Richtig[8]	1. Angemessen[8]	1. Verständlich[8]	*[8]	*[8]	*[8]	*[8]	*[8]	Treibhausgasemissionen vorhanden[8]	*[8]	Contra A[8]	Contra B[8]	Pro C[8]	_	_	Hauptteil[10]	1. Claim[34]	
21-6	1554-1559	ihrer	1. Richtig[8]	1. Angemessen[8]	1. Verständlich[8]	*[8]	*[8]	*[8]	*[8]	*[8]	Treibhausgasemissionen vorhanden[8]	*[8]	Contra A[8]	Contra B[8]	Pro C[8]	_	_	Hauptteil[10]	1. Claim[34]	
21-7	1560-1570	Konkurrenz	1. Richtig[8]	1. Angemessen[8]	1. Verständlich[8]	*[8]	*[8]	*[8]	*[8]	*[8]	Treibhausgasemissionen vorhanden[8]	*[8]	Contra A[8]	Contra B[8]	Pro C[8]	_	_	Hauptteil[10]	1. Claim[34]	
21-8	1571-1574	ein	1. Richtig[8]	1. Angemessen[8]	1. Verständlich[8]	*[8]	*[8]	*[8]	*[8]	*[8]	Treibhausgasemissionen vorhanden[8]	*[8]	Contra A[8]	Contra B[8]	Pro C[8]	_	_	Hauptteil[10]	1. Claim[34]	
21-9	1575-1579	sehr	1. Richtig[8]	1. Angemessen[8]	1. Verständlich[8]	*[8]	*[8]	*[8]	*[8]	*[8]	Treibhausgasemissionen vorhanden[8]	*[8]	Contra A[8]	Contra B[8]	Pro C[8]	_	_	Hauptteil[10]	1. Claim[34]	
21-10	1580-1585	guter	1. Richtig[8]	1. Angemessen[8]	1. Verständlich[8]	*[8]	*[8]	*[8]	*[8]	*[8]	Treibhausgasemissionen vorhanden[8]	*[8]	Contra A[8]	Contra B[8]	Pro C[8]	_	_	Hauptteil[10]	1. Claim[34]	
21-11	1586-1590	Wert	1. Richtig[8]	1. Angemessen[8]	1. Verständlich[8]	*[8]	*[8]	*[8]	*[8]	*[8]	Treibhausgasemissionen vorhanden[8]	*[8]	Contra A[8]	Contra B[8]	Pro C[8]	_	_	Hauptteil[10]	1. Claim[34]	
21-12	1590-1591	.	1. Richtig[8]	1. Angemessen[8]	1. Verständlich[8]	*[8]	*[8]	*[8]	*[8]	*[8]	Treibhausgasemissionen vorhanden[8]	*[8]	Contra A[8]	Contra B[8]	Pro C[8]	_	_	Hauptteil[10]	1. Claim[34]	

22-1	1593-1599	Anhand	_	_	_	_	_	_	_	_	_	_	_	_	_	_	_	Schluss[11]	_	
22-2	1600-1606	meiner	_	_	_	_	_	_	_	_	_	_	_	_	_	_	_	Schluss[11]	_	
22-3	1607-1613	obigen	_	_	_	_	_	_	_	_	_	_	_	_	_	_	_	Schluss[11]	_	
22-4	1614-1623	genannten	_	_	_	_	_	_	_	_	_	_	_	_	_	_	_	Schluss[11]	_	
22-5	1624-1633	Argumente	_	_	_	_	_	_	_	_	_	_	_	_	_	_	_	Schluss[11]	_	
22-6	1634-1637	bin	_	_	_	_	_	_	_	_	_	_	_	_	_	_	_	Schluss[11]	_	
22-7	1638-1641	ich	_	_	_	_	_	_	_	_	_	_	_	_	_	_	_	Schluss[11]	_	
22-8	1642-1648	klarer	_	_	_	_	_	_	_	_	_	_	_	_	_	_	_	Schluss[11]	_	
22-9	1649-1656	Meinung	_	_	_	_	_	_	_	_	_	_	_	_	_	_	_	Schluss[11]	_	
22-10	1656-1657	,	_	_	_	_	_	_	_	_	_	_	_	_	_	_	_	Schluss[11]	_	
22-11	1658-1662	dass	_	_	_	_	_	_	_	_	_	_	_	_	_	_	_	Schluss[11]	_	
22-12	1663-1672	Windparks	_	_	_	_	_	_	_	_	_	_	_	_	_	_	_	Schluss[11]	_	
22-13	1673-1676	die	_	_	_	_	_	_	_	_	_	_	_	_	_	_	_	Schluss[11]	_	
22-14	1677-1682	beste	_	_	_	_	_	_	_	_	_	_	_	_	_	_	_	Schluss[11]	_	
22-15	1683-1687	Wahl	_	_	_	_	_	_	_	_	_	_	_	_	_	_	_	Schluss[11]	_	
22-16	1688-1691	für	_	_	_	_	_	_	_	_	_	_	_	_	_	_	_	Schluss[11]	_	
22-17	1692-1707	Norddeutschland	_	_	_	_	_	_	_	_	_	_	_	_	_	_	_	Schluss[11]	_	
22-18	1708-1712	sind	_	_	_	_	_	_	_	_	_	_	_	_	_	_	_	Schluss[11]	_	
22-19	1712-1713	.	_	_	_	_	_	_	_	_	_	_	_	_	_	_	_	Schluss[11]	_	
