#FORMAT=WebAnno TSV 3.3
#T_SP=webanno.custom.Argument|Accuracy|Adequacy|Clarity|KriteriumJahresertragEnergiedichte|KriteriumLebensdauerVerfgbarkeit|KriteriumLokaleEmissionenGeruschemissionen|KriteriumPreisBetrieb|KriteriumSonstiges|KriteriumTreibhausgasemissionen|KriteriumWirkungsgrad|OptionA|OptionB|OptionC
#T_SP=webanno.custom.DecisionMakingStrategies|Decision|Gesamtthese
#T_SP=webanno.custom.Struktur|Struktur
#T_SP=webanno.custom.StrukturTAP|TAPArgumente


1-1	0-3	Die	1. Richtig[1]	1. Angemessen[1]	1. Verständlich[1]	*[1]	*[1]	*[1]	Preis/Betrieb vorhanden[1]	*[1]	*[1]	*[1]	Pro A[1]	Pro B[1]	Contra C[1]	_	_	Hauptteil[6]	2. Data[8]	
1-2	4-11	E-Fuels	1. Richtig[1]	1. Angemessen[1]	1. Verständlich[1]	*[1]	*[1]	*[1]	Preis/Betrieb vorhanden[1]	*[1]	*[1]	*[1]	Pro A[1]	Pro B[1]	Contra C[1]	_	_	Hauptteil[6]	2. Data[8]	
1-3	12-15	und	1. Richtig[1]	1. Angemessen[1]	1. Verständlich[1]	*[1]	*[1]	*[1]	Preis/Betrieb vorhanden[1]	*[1]	*[1]	*[1]	Pro A[1]	Pro B[1]	Contra C[1]	_	_	Hauptteil[6]	2. Data[8]	
1-4	16-19	die	1. Richtig[1]	1. Angemessen[1]	1. Verständlich[1]	*[1]	*[1]	*[1]	Preis/Betrieb vorhanden[1]	*[1]	*[1]	*[1]	Pro A[1]	Pro B[1]	Contra C[1]	_	_	Hauptteil[6]	2. Data[8]	
1-5	20-36	Wasserstoffautos	1. Richtig[1]	1. Angemessen[1]	1. Verständlich[1]	*[1]	*[1]	*[1]	Preis/Betrieb vorhanden[1]	*[1]	*[1]	*[1]	Pro A[1]	Pro B[1]	Contra C[1]	_	_	Hauptteil[6]	2. Data[8]	
1-6	37-43	können	1. Richtig[1]	1. Angemessen[1]	1. Verständlich[1]	*[1]	*[1]	*[1]	Preis/Betrieb vorhanden[1]	*[1]	*[1]	*[1]	Pro A[1]	Pro B[1]	Contra C[1]	_	_	Hauptteil[6]	2. Data[8]	
1-7	44-49	beide	1. Richtig[1]	1. Angemessen[1]	1. Verständlich[1]	*[1]	*[1]	*[1]	Preis/Betrieb vorhanden[1]	*[1]	*[1]	*[1]	Pro A[1]	Pro B[1]	Contra C[1]	_	_	Hauptteil[6]	2. Data[8]	
1-8	50-53	mit	1. Richtig[1]	1. Angemessen[1]	1. Verständlich[1]	*[1]	*[1]	*[1]	Preis/Betrieb vorhanden[1]	*[1]	*[1]	*[1]	Pro A[1]	Pro B[1]	Contra C[1]	_	_	Hauptteil[6]	2. Data[8]	
1-9	54-62	gleicher	1. Richtig[1]	1. Angemessen[1]	1. Verständlich[1]	*[1]	*[1]	*[1]	Preis/Betrieb vorhanden[1]	*[1]	*[1]	*[1]	Pro A[1]	Pro B[1]	Contra C[1]	_	_	Hauptteil[6]	2. Data[8]	
1-10	63-72	Tankdauer	1. Richtig[1]	1. Angemessen[1]	1. Verständlich[1]	*[1]	*[1]	*[1]	Preis/Betrieb vorhanden[1]	*[1]	*[1]	*[1]	Pro A[1]	Pro B[1]	Contra C[1]	_	_	Hauptteil[6]	2. Data[8]	
1-11	73-83	gleichweit	1. Richtig[1]	1. Angemessen[1]	1. Verständlich[1]	*[1]	*[1]	*[1]	Preis/Betrieb vorhanden[1]	*[1]	*[1]	*[1]	Pro A[1]	Pro B[1]	Contra C[1]	_	_	Hauptteil[6]	2. Data[8]	
1-12	84-90	fahren	1. Richtig[1]	1. Angemessen[1]	1. Verständlich[1]	*[1]	*[1]	*[1]	Preis/Betrieb vorhanden[1]	*[1]	*[1]	*[1]	Pro A[1]	Pro B[1]	Contra C[1]	_	_	Hauptteil[6]	2. Data[8]	
1-13	90-91	.	1. Richtig[1]	1. Angemessen[1]	1. Verständlich[1]	*[1]	*[1]	*[1]	Preis/Betrieb vorhanden[1]	*[1]	*[1]	*[1]	Pro A[1]	Pro B[1]	Contra C[1]	_	_	Hauptteil[6]	2. Data[8]	

2-1	93-96	Die	1. Richtig[1]	1. Angemessen[1]	1. Verständlich[1]	*[1]	*[1]	*[1]	Preis/Betrieb vorhanden[1]	*[1]	*[1]	*[1]	Pro A[1]	Pro B[1]	Contra C[1]	_	_	Hauptteil[6]	1. Claim[9]	
2-2	97-101	sind	1. Richtig[1]	1. Angemessen[1]	1. Verständlich[1]	*[1]	*[1]	*[1]	Preis/Betrieb vorhanden[1]	*[1]	*[1]	*[1]	Pro A[1]	Pro B[1]	Contra C[1]	_	_	Hauptteil[6]	1. Claim[9]	
2-3	102-105	den	1. Richtig[1]	1. Angemessen[1]	1. Verständlich[1]	*[1]	*[1]	*[1]	Preis/Betrieb vorhanden[1]	*[1]	*[1]	*[1]	Pro A[1]	Pro B[1]	Contra C[1]	_	_	Hauptteil[6]	1. Claim[9]	
2-4	106-119	Akkumulatoren	1. Richtig[1]	1. Angemessen[1]	1. Verständlich[1]	*[1]	*[1]	*[1]	Preis/Betrieb vorhanden[1]	*[1]	*[1]	*[1]	Pro A[1]	Pro B[1]	Contra C[1]	_	_	Hauptteil[6]	1. Claim[9]	
2-5	120-124	sehr	1. Richtig[1]	1. Angemessen[1]	1. Verständlich[1]	*[1]	*[1]	*[1]	Preis/Betrieb vorhanden[1]	*[1]	*[1]	*[1]	Pro A[1]	Pro B[1]	Contra C[1]	_	_	Hauptteil[6]	1. Claim[9]	
2-6	125-129	weit	1. Richtig[1]	1. Angemessen[1]	1. Verständlich[1]	*[1]	*[1]	*[1]	Preis/Betrieb vorhanden[1]	*[1]	*[1]	*[1]	Pro A[1]	Pro B[1]	Contra C[1]	_	_	Hauptteil[6]	1. Claim[9]	
2-7	130-137	vorraus	1. Richtig[1]	1. Angemessen[1]	1. Verständlich[1]	*[1]	*[1]	*[1]	Preis/Betrieb vorhanden[1]	*[1]	*[1]	*[1]	Pro A[1]	Pro B[1]	Contra C[1]	_	_	Hauptteil[6]	1. Claim[9]	
2-8	137-138	,	1. Richtig[1]	1. Angemessen[1]	1. Verständlich[1]	*[1]	*[1]	*[1]	Preis/Betrieb vorhanden[1]	*[1]	*[1]	*[1]	Pro A[1]	Pro B[1]	Contra C[1]	_	_	Hauptteil[6]	1. Claim[9]	
2-9	139-143	denn	1. Richtig[1]	1. Angemessen[1]	1. Verständlich[1]	*[1]	*[1]	*[1]	Preis/Betrieb vorhanden[1]	*[1]	*[1]	*[1]	Pro A[1]	Pro B[1]	Contra C[1]	_	_	Hauptteil[6]	2. Data[10]	
2-10	144-150	dieser	1. Richtig[1]	1. Angemessen[1]	1. Verständlich[1]	*[1]	*[1]	*[1]	Preis/Betrieb vorhanden[1]	*[1]	*[1]	*[1]	Pro A[1]	Pro B[1]	Contra C[1]	_	_	Hauptteil[6]	2. Data[10]	
2-11	151-157	brauch	1. Richtig[1]	1. Angemessen[1]	1. Verständlich[1]	*[1]	*[1]	*[1]	Preis/Betrieb vorhanden[1]	*[1]	*[1]	*[1]	Pro A[1]	Pro B[1]	Contra C[1]	_	_	Hauptteil[6]	2. Data[10]	
2-12	158-163	10mal	1. Richtig[1]	1. Angemessen[1]	1. Verständlich[1]	*[1]	*[1]	*[1]	Preis/Betrieb vorhanden[1]	*[1]	*[1]	*[1]	Pro A[1]	Pro B[1]	Contra C[1]	_	_	Hauptteil[6]	2. Data[10]	
2-13	164-166	so	1. Richtig[1]	1. Angemessen[1]	1. Verständlich[1]	*[1]	*[1]	*[1]	Preis/Betrieb vorhanden[1]	*[1]	*[1]	*[1]	Pro A[1]	Pro B[1]	Contra C[1]	_	_	Hauptteil[6]	2. Data[10]	
2-14	167-172	Lange	1. Richtig[1]	1. Angemessen[1]	1. Verständlich[1]	*[1]	*[1]	*[1]	Preis/Betrieb vorhanden[1]	*[1]	*[1]	*[1]	Pro A[1]	Pro B[1]	Contra C[1]	_	_	Hauptteil[6]	2. Data[10]	
2-15	173-176	zum	1. Richtig[1]	1. Angemessen[1]	1. Verständlich[1]	*[1]	*[1]	*[1]	Preis/Betrieb vorhanden[1]	*[1]	*[1]	*[1]	Pro A[1]	Pro B[1]	Contra C[1]	_	_	Hauptteil[6]	2. Data[10]	
2-16	177-182	Laden	1. Richtig[1]	1. Angemessen[1]	1. Verständlich[1]	*[1]	*[1]	*[1]	Preis/Betrieb vorhanden[1]	*[1]	*[1]	*[1]	Pro A[1]	Pro B[1]	Contra C[1]	_	_	Hauptteil[6]	2. Data[10]	
2-17	183-186	und	1. Richtig[1]	1. Angemessen[1]	1. Verständlich[1]	*[1]	*[1]	*[1]	Preis/Betrieb vorhanden[1]	*[1]	*[1]	*[1]	Pro A[1]	Pro B[1]	Contra C[1]	_	_	Hauptteil[6]	2. Data[10]	
2-18	187-192	fährt	1. Richtig[1]	1. Angemessen[1]	1. Verständlich[1]	*[1]	*[1]	*[1]	Preis/Betrieb vorhanden[1]	*[1]	*[1]	*[1]	Pro A[1]	Pro B[1]	Contra C[1]	_	_	Hauptteil[6]	2. Data[10]	
2-19	193-196	nur	1. Richtig[1]	1. Angemessen[1]	1. Verständlich[1]	*[1]	*[1]	*[1]	Preis/Betrieb vorhanden[1]	*[1]	*[1]	*[1]	Pro A[1]	Pro B[1]	Contra C[1]	_	_	Hauptteil[6]	2. Data[10]	
2-20	197-198	4	1. Richtig[1]	1. Angemessen[1]	1. Verständlich[1]	*[1]	*[1]	*[1]	Preis/Betrieb vorhanden[1]	*[1]	*[1]	*[1]	Pro A[1]	Pro B[1]	Contra C[1]	_	_	Hauptteil[6]	2. Data[10]	
2-21	198-199	/	1. Richtig[1]	1. Angemessen[1]	1. Verständlich[1]	*[1]	*[1]	*[1]	Preis/Betrieb vorhanden[1]	*[1]	*[1]	*[1]	Pro A[1]	Pro B[1]	Contra C[1]	_	_	Hauptteil[6]	2. Data[10]	
2-22	199-200	7	1. Richtig[1]	1. Angemessen[1]	1. Verständlich[1]	*[1]	*[1]	*[1]	Preis/Betrieb vorhanden[1]	*[1]	*[1]	*[1]	Pro A[1]	Pro B[1]	Contra C[1]	_	_	Hauptteil[6]	2. Data[10]	
2-23	201-203	so	1. Richtig[1]	1. Angemessen[1]	1. Verständlich[1]	*[1]	*[1]	*[1]	Preis/Betrieb vorhanden[1]	*[1]	*[1]	*[1]	Pro A[1]	Pro B[1]	Contra C[1]	_	_	Hauptteil[6]	2. Data[10]	
2-24	204-208	weit	1. Richtig[1]	1. Angemessen[1]	1. Verständlich[1]	*[1]	*[1]	*[1]	Preis/Betrieb vorhanden[1]	*[1]	*[1]	*[1]	Pro A[1]	Pro B[1]	Contra C[1]	_	_	Hauptteil[6]	2. Data[10]	
2-25	208-209	.	1. Richtig[1]	1. Angemessen[1]	1. Verständlich[1]	*[1]	*[1]	*[1]	Preis/Betrieb vorhanden[1]	*[1]	*[1]	*[1]	Pro A[1]	Pro B[1]	Contra C[1]	_	_	Hauptteil[6]	2. Data[10]	

3-1	211-214	Die	1. Richtig[2]	1. Angemessen[2]	1. Verständlich[2]	*[2]	Lebensdauer/Verfügbarkeit vorhanden[2]	*[2]	*[2]	*[2]	*[2]	*[2]	Contra A[2]	Pro B[2]	Pro C[2]	_	_	Hauptteil[6]	2. Data[11]	
3-2	215-222	E-Fuels	1. Richtig[2]	1. Angemessen[2]	1. Verständlich[2]	*[2]	Lebensdauer/Verfügbarkeit vorhanden[2]	*[2]	*[2]	*[2]	*[2]	*[2]	Contra A[2]	Pro B[2]	Pro C[2]	_	_	Hauptteil[6]	2. Data[11]	
3-3	223-226	und	1. Richtig[2]	1. Angemessen[2]	1. Verständlich[2]	*[2]	Lebensdauer/Verfügbarkeit vorhanden[2]	*[2]	*[2]	*[2]	*[2]	*[2]	Contra A[2]	Pro B[2]	Pro C[2]	_	_	Hauptteil[6]	2. Data[11]	
3-4	227-230	die	1. Richtig[2]	1. Angemessen[2]	1. Verständlich[2]	*[2]	Lebensdauer/Verfügbarkeit vorhanden[2]	*[2]	*[2]	*[2]	*[2]	*[2]	Contra A[2]	Pro B[2]	Pro C[2]	_	_	Hauptteil[6]	2. Data[11]	
3-5	231-244	Akkumulatoren	1. Richtig[2]	1. Angemessen[2]	1. Verständlich[2]	*[2]	Lebensdauer/Verfügbarkeit vorhanden[2]	*[2]	*[2]	*[2]	*[2]	*[2]	Contra A[2]	Pro B[2]	Pro C[2]	_	_	Hauptteil[6]	2. Data[11]	
3-6	245-251	können	1. Richtig[2]	1. Angemessen[2]	1. Verständlich[2]	*[2]	Lebensdauer/Verfügbarkeit vorhanden[2]	*[2]	*[2]	*[2]	*[2]	*[2]	Contra A[2]	Pro B[2]	Pro C[2]	_	_	Hauptteil[6]	2. Data[11]	
3-7	252-257	durch	1. Richtig[2]	1. Angemessen[2]	1. Verständlich[2]	*[2]	Lebensdauer/Verfügbarkeit vorhanden[2]	*[2]	*[2]	*[2]	*[2]	*[2]	Contra A[2]	Pro B[2]	Pro C[2]	_	_	Hauptteil[6]	2. Data[11]	
3-8	258-273	Massenfertigung	1. Richtig[2]	1. Angemessen[2]	1. Verständlich[2]	*[2]	Lebensdauer/Verfügbarkeit vorhanden[2]	*[2]	*[2]	*[2]	*[2]	*[2]	Contra A[2]	Pro B[2]	Pro C[2]	_	_	Hauptteil[6]	2. Data[11]	
3-9	274-281	schnell	1. Richtig[2]	1. Angemessen[2]	1. Verständlich[2]	*[2]	Lebensdauer/Verfügbarkeit vorhanden[2]	*[2]	*[2]	*[2]	*[2]	*[2]	Contra A[2]	Pro B[2]	Pro C[2]	_	_	Hauptteil[6]	2. Data[11]	
3-10	282-285	für	1. Richtig[2]	1. Angemessen[2]	1. Verständlich[2]	*[2]	Lebensdauer/Verfügbarkeit vorhanden[2]	*[2]	*[2]	*[2]	*[2]	*[2]	Contra A[2]	Pro B[2]	Pro C[2]	_	_	Hauptteil[6]	2. Data[11]	
3-11	286-290	alle	1. Richtig[2]	1. Angemessen[2]	1. Verständlich[2]	*[2]	Lebensdauer/Verfügbarkeit vorhanden[2]	*[2]	*[2]	*[2]	*[2]	*[2]	Contra A[2]	Pro B[2]	Pro C[2]	_	_	Hauptteil[6]	2. Data[11]	
3-12	291-300	Verfügbar	1. Richtig[2]	1. Angemessen[2]	1. Verständlich[2]	*[2]	Lebensdauer/Verfügbarkeit vorhanden[2]	*[2]	*[2]	*[2]	*[2]	*[2]	Contra A[2]	Pro B[2]	Pro C[2]	_	_	Hauptteil[6]	2. Data[11]	
3-13	301-305	sein	1. Richtig[2]	1. Angemessen[2]	1. Verständlich[2]	*[2]	Lebensdauer/Verfügbarkeit vorhanden[2]	*[2]	*[2]	*[2]	*[2]	*[2]	Contra A[2]	Pro B[2]	Pro C[2]	_	_	Hauptteil[6]	2. Data[11]	
3-14	305-306	,	1. Richtig[2]	1. Angemessen[2]	1. Verständlich[2]	*[2]	Lebensdauer/Verfügbarkeit vorhanden[2]	*[2]	*[2]	*[2]	*[2]	*[2]	Contra A[2]	Pro B[2]	Pro C[2]	_	_	Hauptteil[6]	2. Data[11]	
3-15	307-314	während	1. Richtig[2]	1. Angemessen[2]	1. Verständlich[2]	*[2]	Lebensdauer/Verfügbarkeit vorhanden[2]	*[2]	*[2]	*[2]	*[2]	*[2]	Contra A[2]	Pro B[2]	Pro C[2]	_	_	Hauptteil[6]	2. Data[12]	
3-16	315-318	die	1. Richtig[2]	1. Angemessen[2]	1. Verständlich[2]	*[2]	Lebensdauer/Verfügbarkeit vorhanden[2]	*[2]	*[2]	*[2]	*[2]	*[2]	Contra A[2]	Pro B[2]	Pro C[2]	_	_	Hauptteil[6]	2. Data[12]	
3-17	319-335	Wasserstoffautos	1. Richtig[2]	1. Angemessen[2]	1. Verständlich[2]	*[2]	Lebensdauer/Verfügbarkeit vorhanden[2]	*[2]	*[2]	*[2]	*[2]	*[2]	Contra A[2]	Pro B[2]	Pro C[2]	_	_	Hauptteil[6]	2. Data[12]	
3-18	336-339	nur	1. Richtig[2]	1. Angemessen[2]	1. Verständlich[2]	*[2]	Lebensdauer/Verfügbarkeit vorhanden[2]	*[2]	*[2]	*[2]	*[2]	*[2]	Contra A[2]	Pro B[2]	Pro C[2]	_	_	Hauptteil[6]	2. Data[12]	
3-19	340-343	für	1. Richtig[2]	1. Angemessen[2]	1. Verständlich[2]	*[2]	Lebensdauer/Verfügbarkeit vorhanden[2]	*[2]	*[2]	*[2]	*[2]	*[2]	Contra A[2]	Pro B[2]	Pro C[2]	_	_	Hauptteil[6]	2. Data[12]	
3-20	344-350	wenige	1. Richtig[2]	1. Angemessen[2]	1. Verständlich[2]	*[2]	Lebensdauer/Verfügbarkeit vorhanden[2]	*[2]	*[2]	*[2]	*[2]	*[2]	Contra A[2]	Pro B[2]	Pro C[2]	_	_	Hauptteil[6]	2. Data[12]	
3-21	351-359	Menschen	1. Richtig[2]	1. Angemessen[2]	1. Verständlich[2]	*[2]	Lebensdauer/Verfügbarkeit vorhanden[2]	*[2]	*[2]	*[2]	*[2]	*[2]	Contra A[2]	Pro B[2]	Pro C[2]	_	_	Hauptteil[6]	2. Data[12]	
3-22	359-360	,	1. Richtig[2]	1. Angemessen[2]	1. Verständlich[2]	*[2]	Lebensdauer/Verfügbarkeit vorhanden[2]	*[2]	*[2]	*[2]	*[2]	*[2]	Contra A[2]	Pro B[2]	Pro C[2]	_	_	Hauptteil[6]	2. Data[12]	
3-23	361-367	welche	1. Richtig[2]	1. Angemessen[2]	1. Verständlich[2]	*[2]	Lebensdauer/Verfügbarkeit vorhanden[2]	*[2]	*[2]	*[2]	*[2]	*[2]	Contra A[2]	Pro B[2]	Pro C[2]	_	_	Hauptteil[6]	1. Claim[13]	
3-24	368-372	auch	1. Richtig[2]	1. Angemessen[2]	1. Verständlich[2]	*[2]	Lebensdauer/Verfügbarkeit vorhanden[2]	*[2]	*[2]	*[2]	*[2]	*[2]	Contra A[2]	Pro B[2]	Pro C[2]	_	_	Hauptteil[6]	1. Claim[13]	
3-25	373-385	größtenteils	1. Richtig[2]	1. Angemessen[2]	1. Verständlich[2]	*[2]	Lebensdauer/Verfügbarkeit vorhanden[2]	*[2]	*[2]	*[2]	*[2]	*[2]	Contra A[2]	Pro B[2]	Pro C[2]	_	_	Hauptteil[6]	1. Claim[13]	
3-26	386-394	reichere	1. Richtig[2]	1. Angemessen[2]	1. Verständlich[2]	*[2]	Lebensdauer/Verfügbarkeit vorhanden[2]	*[2]	*[2]	*[2]	*[2]	*[2]	Contra A[2]	Pro B[2]	Pro C[2]	_	_	Hauptteil[6]	1. Claim[13]	
3-27	395-403	Menschen	1. Richtig[2]	1. Angemessen[2]	1. Verständlich[2]	*[2]	Lebensdauer/Verfügbarkeit vorhanden[2]	*[2]	*[2]	*[2]	*[2]	*[2]	Contra A[2]	Pro B[2]	Pro C[2]	_	_	Hauptteil[6]	1. Claim[13]	
3-28	404-408	sein	1. Richtig[2]	1. Angemessen[2]	1. Verständlich[2]	*[2]	Lebensdauer/Verfügbarkeit vorhanden[2]	*[2]	*[2]	*[2]	*[2]	*[2]	Contra A[2]	Pro B[2]	Pro C[2]	_	_	Hauptteil[6]	1. Claim[13]	
3-29	409-415	werden	1. Richtig[2]	1. Angemessen[2]	1. Verständlich[2]	*[2]	Lebensdauer/Verfügbarkeit vorhanden[2]	*[2]	*[2]	*[2]	*[2]	*[2]	Contra A[2]	Pro B[2]	Pro C[2]	_	_	Hauptteil[6]	1. Claim[13]	
3-30	415-416	,	1. Richtig[2]	1. Angemessen[2]	1. Verständlich[2]	*[2]	Lebensdauer/Verfügbarkeit vorhanden[2]	*[2]	*[2]	*[2]	*[2]	*[2]	Contra A[2]	Pro B[2]	Pro C[2]	_	_	Hauptteil[6]	1. Claim[13]	
3-31	417-426	verfügbar	1. Richtig[2]	1. Angemessen[2]	1. Verständlich[2]	*[2]	Lebensdauer/Verfügbarkeit vorhanden[2]	*[2]	*[2]	*[2]	*[2]	*[2]	Contra A[2]	Pro B[2]	Pro C[2]	_	_	Hauptteil[6]	1. Claim[13]	
3-32	427-431	sein	1. Richtig[2]	1. Angemessen[2]	1. Verständlich[2]	*[2]	Lebensdauer/Verfügbarkeit vorhanden[2]	*[2]	*[2]	*[2]	*[2]	*[2]	Contra A[2]	Pro B[2]	Pro C[2]	_	_	Hauptteil[6]	1. Claim[13]	
3-33	431-432	.	1. Richtig[2]	1. Angemessen[2]	1. Verständlich[2]	*[2]	Lebensdauer/Verfügbarkeit vorhanden[2]	*[2]	*[2]	*[2]	*[2]	*[2]	Contra A[2]	Pro B[2]	Pro C[2]	_	_	Hauptteil[6]	1. Claim[13]	

4-1	434-437	Bei	1. Richtig[3]	1. Angemessen[3]	1. Verständlich[3]	*[3]	*[3]	*[3]	*[3]	*[3]	Treibhausgasemissionen vorhanden[3]	*[3]	Contra A[3]	Pro B[3]	Contra C[3]	_	_	Hauptteil[6]	2. Data[14]	
4-2	438-441	der	1. Richtig[3]	1. Angemessen[3]	1. Verständlich[3]	*[3]	*[3]	*[3]	*[3]	*[3]	Treibhausgasemissionen vorhanden[3]	*[3]	Contra A[3]	Pro B[3]	Contra C[3]	_	_	Hauptteil[6]	2. Data[14]	
4-3	442-452	Produktion	1. Richtig[3]	1. Angemessen[3]	1. Verständlich[3]	*[3]	*[3]	*[3]	*[3]	*[3]	Treibhausgasemissionen vorhanden[3]	*[3]	Contra A[3]	Pro B[3]	Contra C[3]	_	_	Hauptteil[6]	2. Data[14]	
4-4	453-458	geben	1. Richtig[3]	1. Angemessen[3]	1. Verständlich[3]	*[3]	*[3]	*[3]	*[3]	*[3]	Treibhausgasemissionen vorhanden[3]	*[3]	Contra A[3]	Pro B[3]	Contra C[3]	_	_	Hauptteil[6]	2. Data[14]	
4-5	459-462	die	1. Richtig[3]	1. Angemessen[3]	1. Verständlich[3]	*[3]	*[3]	*[3]	*[3]	*[3]	Treibhausgasemissionen vorhanden[3]	*[3]	Contra A[3]	Pro B[3]	Contra C[3]	_	_	Hauptteil[6]	2. Data[14]	
4-6	463-470	E-Fuels	1. Richtig[3]	1. Angemessen[3]	1. Verständlich[3]	*[3]	*[3]	*[3]	*[3]	*[3]	Treibhausgasemissionen vorhanden[3]	*[3]	Contra A[3]	Pro B[3]	Contra C[3]	_	_	Hauptteil[6]	2. Data[14]	
4-7	471-473	am	1. Richtig[3]	1. Angemessen[3]	1. Verständlich[3]	*[3]	*[3]	*[3]	*[3]	*[3]	Treibhausgasemissionen vorhanden[3]	*[3]	Contra A[3]	Pro B[3]	Contra C[3]	_	_	Hauptteil[6]	2. Data[14]	
4-8	474-483	wenigsten	1. Richtig[3]	1. Angemessen[3]	1. Verständlich[3]	*[3]	*[3]	*[3]	*[3]	*[3]	Treibhausgasemissionen vorhanden[3]	*[3]	Contra A[3]	Pro B[3]	Contra C[3]	_	_	Hauptteil[6]	2. Data[14]	
4-9	484-506	Treibhausgasemissionen	1. Richtig[3]	1. Angemessen[3]	1. Verständlich[3]	*[3]	*[3]	*[3]	*[3]	*[3]	Treibhausgasemissionen vorhanden[3]	*[3]	Contra A[3]	Pro B[3]	Contra C[3]	_	_	Hauptteil[6]	2. Data[14]	
4-10	507-509	ab	1. Richtig[3]	1. Angemessen[3]	1. Verständlich[3]	*[3]	*[3]	*[3]	*[3]	*[3]	Treibhausgasemissionen vorhanden[3]	*[3]	Contra A[3]	Pro B[3]	Contra C[3]	_	_	Hauptteil[6]	2. Data[14]	
4-11	509-510	,	1. Richtig[3]	1. Angemessen[3]	1. Verständlich[3]	*[3]	*[3]	*[3]	*[3]	*[3]	Treibhausgasemissionen vorhanden[3]	*[3]	Contra A[3]	Pro B[3]	Contra C[3]	_	_	Hauptteil[6]	2. Data[14]	
4-12	511-513	ca	1. Richtig[3]	1. Angemessen[3]	1. Verständlich[3]	*[3]	*[3]	*[3]	*[3]	*[3]	Treibhausgasemissionen vorhanden[3]	*[3]	Contra A[3]	Pro B[3]	Contra C[3]	_	_	Hauptteil[6]	2. Data[15]	
4-13	513-514	.	1. Richtig[3]	1. Angemessen[3]	1. Verständlich[3]	*[3]	*[3]	*[3]	*[3]	*[3]	Treibhausgasemissionen vorhanden[3]	*[3]	Contra A[3]	Pro B[3]	Contra C[3]	_	_	Hauptteil[6]	2. Data[15]	

5-1	516-520	Halb	1. Richtig[3]	1. Angemessen[3]	1. Verständlich[3]	*[3]	*[3]	*[3]	*[3]	*[3]	Treibhausgasemissionen vorhanden[3]	*[3]	Contra A[3]	Pro B[3]	Contra C[3]	_	_	Hauptteil[6]	2. Data[15]	
5-2	521-523	so	1. Richtig[3]	1. Angemessen[3]	1. Verständlich[3]	*[3]	*[3]	*[3]	*[3]	*[3]	Treibhausgasemissionen vorhanden[3]	*[3]	Contra A[3]	Pro B[3]	Contra C[3]	_	_	Hauptteil[6]	2. Data[15]	
5-3	524-528	viel	1. Richtig[3]	1. Angemessen[3]	1. Verständlich[3]	*[3]	*[3]	*[3]	*[3]	*[3]	Treibhausgasemissionen vorhanden[3]	*[3]	Contra A[3]	Pro B[3]	Contra C[3]	_	_	Hauptteil[6]	2. Data[15]	
5-4	529-532	wie	1. Richtig[3]	1. Angemessen[3]	1. Verständlich[3]	*[3]	*[3]	*[3]	*[3]	*[3]	Treibhausgasemissionen vorhanden[3]	*[3]	Contra A[3]	Pro B[3]	Contra C[3]	_	_	Hauptteil[6]	2. Data[15]	
5-5	533-546	Akkumulatoren	1. Richtig[3]	1. Angemessen[3]	1. Verständlich[3]	*[3]	*[3]	*[3]	*[3]	*[3]	Treibhausgasemissionen vorhanden[3]	*[3]	Contra A[3]	Pro B[3]	Contra C[3]	_	_	Hauptteil[6]	2. Data[15]	
5-6	547-550	und	1. Richtig[3]	1. Angemessen[3]	1. Verständlich[3]	*[3]	*[3]	*[3]	*[3]	*[3]	Treibhausgasemissionen vorhanden[3]	*[3]	Contra A[3]	Pro B[3]	Contra C[3]	_	_	Hauptteil[6]	2. Data[15]	
5-7	551-567	Wasserstoffautos	1. Richtig[3]	1. Angemessen[3]	1. Verständlich[3]	*[3]	*[3]	*[3]	*[3]	*[3]	Treibhausgasemissionen vorhanden[3]	*[3]	Contra A[3]	Pro B[3]	Contra C[3]	_	_	Hauptteil[6]	2. Data[15]	
5-8	567-568	,	1. Richtig[3]	1. Angemessen[3]	1. Verständlich[3]	*[3]	*[3]	*[3]	*[3]	*[3]	Treibhausgasemissionen vorhanden[3]	*[3]	Contra A[3]	Pro B[3]	Contra C[3]	_	_	Hauptteil[6]	2. Data[15]	
5-9	569-575	welche	1. Richtig[3]	1. Angemessen[3]	1. Verständlich[3]	*[3]	*[3]	*[3]	*[3]	*[3]	Treibhausgasemissionen vorhanden[3]	*[3]	Contra A[3]	Pro B[3]	Contra C[3]	_	_	Hauptteil[6]	2. Data[15]	
5-10	576-579	den	1. Richtig[3]	1. Angemessen[3]	1. Verständlich[3]	*[3]	*[3]	*[3]	*[3]	*[3]	Treibhausgasemissionen vorhanden[3]	*[3]	Contra A[3]	Pro B[3]	Contra C[3]	_	_	Hauptteil[6]	2. Data[15]	
5-11	580-586	selben	1. Richtig[3]	1. Angemessen[3]	1. Verständlich[3]	*[3]	*[3]	*[3]	*[3]	*[3]	Treibhausgasemissionen vorhanden[3]	*[3]	Contra A[3]	Pro B[3]	Contra C[3]	_	_	Hauptteil[6]	2. Data[15]	
5-12	587-591	Wert	1. Richtig[3]	1. Angemessen[3]	1. Verständlich[3]	*[3]	*[3]	*[3]	*[3]	*[3]	Treibhausgasemissionen vorhanden[3]	*[3]	Contra A[3]	Pro B[3]	Contra C[3]	_	_	Hauptteil[6]	2. Data[15]	
5-13	592-597	haben	1. Richtig[3]	1. Angemessen[3]	1. Verständlich[3]	*[3]	*[3]	*[3]	*[3]	*[3]	Treibhausgasemissionen vorhanden[3]	*[3]	Contra A[3]	Pro B[3]	Contra C[3]	_	_	Hauptteil[6]	2. Data[15]	
5-14	597-598	.	1. Richtig[3]	1. Angemessen[3]	1. Verständlich[3]	*[3]	*[3]	*[3]	*[3]	*[3]	Treibhausgasemissionen vorhanden[3]	*[3]	Contra A[3]	Pro B[3]	Contra C[3]	_	_	Hauptteil[6]	2. Data[15]	

6-1	600-610	Allerdings	2. Falsch[4]	2. Unangemessen[4]	1. Verständlich[4]	*[4]	Lebensdauer/Verfügbarkeit vorhanden[4]	*[4]	*[4]	*[4]	Treibhausgasemissionen vorhanden[4]	*[4]	Pro A[4]	*[4]	Contra C[4]	_	_	Hauptteil[6]	2. Data[16]	
6-2	611-617	werden	2. Falsch[4]	2. Unangemessen[4]	1. Verständlich[4]	*[4]	Lebensdauer/Verfügbarkeit vorhanden[4]	*[4]	*[4]	*[4]	Treibhausgasemissionen vorhanden[4]	*[4]	Pro A[4]	*[4]	Contra C[4]	_	_	Hauptteil[6]	2. Data[16]	
6-3	618-634	Wasserstoffautos	2. Falsch[4]	2. Unangemessen[4]	1. Verständlich[4]	*[4]	Lebensdauer/Verfügbarkeit vorhanden[4]	*[4]	*[4]	*[4]	Treibhausgasemissionen vorhanden[4]	*[4]	Pro A[4]	*[4]	Contra C[4]	_	_	Hauptteil[6]	2. Data[16]	
6-4	635-640	nicht	2. Falsch[4]	2. Unangemessen[4]	1. Verständlich[4]	*[4]	Lebensdauer/Verfügbarkeit vorhanden[4]	*[4]	*[4]	*[4]	Treibhausgasemissionen vorhanden[4]	*[4]	Pro A[4]	*[4]	Contra C[4]	_	_	Hauptteil[6]	2. Data[16]	
6-5	641-643	in	2. Falsch[4]	2. Unangemessen[4]	1. Verständlich[4]	*[4]	Lebensdauer/Verfügbarkeit vorhanden[4]	*[4]	*[4]	*[4]	Treibhausgasemissionen vorhanden[4]	*[4]	Pro A[4]	*[4]	Contra C[4]	_	_	Hauptteil[6]	2. Data[16]	
6-6	644-650	Massen	2. Falsch[4]	2. Unangemessen[4]	1. Verständlich[4]	*[4]	Lebensdauer/Verfügbarkeit vorhanden[4]	*[4]	*[4]	*[4]	Treibhausgasemissionen vorhanden[4]	*[4]	Pro A[4]	*[4]	Contra C[4]	_	_	Hauptteil[6]	2. Data[16]	
6-7	651-662	hergestellt	2. Falsch[4]	2. Unangemessen[4]	1. Verständlich[4]	*[4]	Lebensdauer/Verfügbarkeit vorhanden[4]	*[4]	*[4]	*[4]	Treibhausgasemissionen vorhanden[4]	*[4]	Pro A[4]	*[4]	Contra C[4]	_	_	Hauptteil[6]	2. Data[16]	
6-8	662-663	,	2. Falsch[4]	2. Unangemessen[4]	1. Verständlich[4]	*[4]	Lebensdauer/Verfügbarkeit vorhanden[4]	*[4]	*[4]	*[4]	Treibhausgasemissionen vorhanden[4]	*[4]	Pro A[4]	*[4]	Contra C[4]	_	_	Hauptteil[6]	2. Data[16]	
6-9	664-671	weshalb	2. Falsch[4]	2. Unangemessen[4]	1. Verständlich[4]	*[4]	Lebensdauer/Verfügbarkeit vorhanden[4]	*[4]	*[4]	*[4]	Treibhausgasemissionen vorhanden[4]	*[4]	Pro A[4]	*[4]	Contra C[4]	_	_	Hauptteil[6]	3. Warrant[17]	
6-10	672-675	die	2. Falsch[4]	2. Unangemessen[4]	1. Verständlich[4]	*[4]	Lebensdauer/Verfügbarkeit vorhanden[4]	*[4]	*[4]	*[4]	Treibhausgasemissionen vorhanden[4]	*[4]	Pro A[4]	*[4]	Contra C[4]	_	_	Hauptteil[6]	3. Warrant[17]	
6-11	676-689	Akkumulatoren	2. Falsch[4]	2. Unangemessen[4]	1. Verständlich[4]	*[4]	Lebensdauer/Verfügbarkeit vorhanden[4]	*[4]	*[4]	*[4]	Treibhausgasemissionen vorhanden[4]	*[4]	Pro A[4]	*[4]	Contra C[4]	_	_	Hauptteil[6]	3. Warrant[17]	
6-12	690-699	insgesamt	2. Falsch[4]	2. Unangemessen[4]	1. Verständlich[4]	*[4]	Lebensdauer/Verfügbarkeit vorhanden[4]	*[4]	*[4]	*[4]	Treibhausgasemissionen vorhanden[4]	*[4]	Pro A[4]	*[4]	Contra C[4]	_	_	Hauptteil[6]	3. Warrant[17]	
6-13	700-704	mehr	2. Falsch[4]	2. Unangemessen[4]	1. Verständlich[4]	*[4]	Lebensdauer/Verfügbarkeit vorhanden[4]	*[4]	*[4]	*[4]	Treibhausgasemissionen vorhanden[4]	*[4]	Pro A[4]	*[4]	Contra C[4]	_	_	Hauptteil[6]	3. Warrant[17]	
6-14	705-727	Treibhausgasemissionen	2. Falsch[4]	2. Unangemessen[4]	1. Verständlich[4]	*[4]	Lebensdauer/Verfügbarkeit vorhanden[4]	*[4]	*[4]	*[4]	Treibhausgasemissionen vorhanden[4]	*[4]	Pro A[4]	*[4]	Contra C[4]	_	_	Hauptteil[6]	3. Warrant[17]	
6-15	728-735	abgeben	2. Falsch[4]	2. Unangemessen[4]	1. Verständlich[4]	*[4]	Lebensdauer/Verfügbarkeit vorhanden[4]	*[4]	*[4]	*[4]	Treibhausgasemissionen vorhanden[4]	*[4]	Pro A[4]	*[4]	Contra C[4]	_	_	Hauptteil[6]	3. Warrant[17]	
6-16	736-742	werden	2. Falsch[4]	2. Unangemessen[4]	1. Verständlich[4]	*[4]	Lebensdauer/Verfügbarkeit vorhanden[4]	*[4]	*[4]	*[4]	Treibhausgasemissionen vorhanden[4]	*[4]	Pro A[4]	*[4]	Contra C[4]	_	_	Hauptteil[6]	3. Warrant[17]	
6-17	742-743	,	2. Falsch[4]	2. Unangemessen[4]	1. Verständlich[4]	*[4]	Lebensdauer/Verfügbarkeit vorhanden[4]	*[4]	*[4]	*[4]	Treibhausgasemissionen vorhanden[4]	*[4]	Pro A[4]	*[4]	Contra C[4]	_	_	Hauptteil[6]	3. Warrant[17]	
6-18	744-747	als	2. Falsch[4]	2. Unangemessen[4]	1. Verständlich[4]	*[4]	Lebensdauer/Verfügbarkeit vorhanden[4]	*[4]	*[4]	*[4]	Treibhausgasemissionen vorhanden[4]	*[4]	Pro A[4]	*[4]	Contra C[4]	_	_	Hauptteil[6]	3. Warrant[17]	
6-19	748-764	Wasserstoffautos	2. Falsch[4]	2. Unangemessen[4]	1. Verständlich[4]	*[4]	Lebensdauer/Verfügbarkeit vorhanden[4]	*[4]	*[4]	*[4]	Treibhausgasemissionen vorhanden[4]	*[4]	Pro A[4]	*[4]	Contra C[4]	_	_	Hauptteil[6]	3. Warrant[17]	
6-20	764-765	,	2. Falsch[4]	2. Unangemessen[4]	1. Verständlich[4]	*[4]	Lebensdauer/Verfügbarkeit vorhanden[4]	*[4]	*[4]	*[4]	Treibhausgasemissionen vorhanden[4]	*[4]	Pro A[4]	*[4]	Contra C[4]	_	_	Hauptteil[6]	3. Warrant[17]	
6-21	766-773	einfach	2. Falsch[4]	2. Unangemessen[4]	1. Verständlich[4]	*[4]	Lebensdauer/Verfügbarkeit vorhanden[4]	*[4]	*[4]	*[4]	Treibhausgasemissionen vorhanden[4]	*[4]	Pro A[4]	*[4]	Contra C[4]	_	_	Hauptteil[6]	3. Warrant[17]	
6-22	774-778	weil	2. Falsch[4]	2. Unangemessen[4]	1. Verständlich[4]	*[4]	Lebensdauer/Verfügbarkeit vorhanden[4]	*[4]	*[4]	*[4]	Treibhausgasemissionen vorhanden[4]	*[4]	Pro A[4]	*[4]	Contra C[4]	_	_	Hauptteil[6]	3. Warrant[17]	
6-23	779-782	sie	2. Falsch[4]	2. Unangemessen[4]	1. Verständlich[4]	*[4]	Lebensdauer/Verfügbarkeit vorhanden[4]	*[4]	*[4]	*[4]	Treibhausgasemissionen vorhanden[4]	*[4]	Pro A[4]	*[4]	Contra C[4]	_	_	Hauptteil[6]	3. Warrant[17]	
6-24	783-787	mehr	2. Falsch[4]	2. Unangemessen[4]	1. Verständlich[4]	*[4]	Lebensdauer/Verfügbarkeit vorhanden[4]	*[4]	*[4]	*[4]	Treibhausgasemissionen vorhanden[4]	*[4]	Pro A[4]	*[4]	Contra C[4]	_	_	Hauptteil[6]	3. Warrant[17]	
6-25	788-798	produziert	2. Falsch[4]	2. Unangemessen[4]	1. Verständlich[4]	*[4]	Lebensdauer/Verfügbarkeit vorhanden[4]	*[4]	*[4]	*[4]	Treibhausgasemissionen vorhanden[4]	*[4]	Pro A[4]	*[4]	Contra C[4]	_	_	Hauptteil[6]	3. Warrant[17]	
6-26	799-805	werden	2. Falsch[4]	2. Unangemessen[4]	1. Verständlich[4]	*[4]	Lebensdauer/Verfügbarkeit vorhanden[4]	*[4]	*[4]	*[4]	Treibhausgasemissionen vorhanden[4]	*[4]	Pro A[4]	*[4]	Contra C[4]	_	_	Hauptteil[6]	3. Warrant[17]	
6-27	805-806	.	2. Falsch[4]	2. Unangemessen[4]	1. Verständlich[4]	*[4]	Lebensdauer/Verfügbarkeit vorhanden[4]	*[4]	*[4]	*[4]	Treibhausgasemissionen vorhanden[4]	*[4]	Pro A[4]	*[4]	Contra C[4]	_	_	Hauptteil[6]	3. Warrant[17]	

7-1	808-817	Insgesamt	_	_	_	_	_	_	_	_	_	_	_	_	_	2. Cut-off[5]	Gesamtthese[5]	Schluss[7]	_	
7-2	818-822	sind	_	_	_	_	_	_	_	_	_	_	_	_	_	2. Cut-off[5]	Gesamtthese[5]	Schluss[7]	_	
7-3	823-830	E-Fuels	_	_	_	_	_	_	_	_	_	_	_	_	_	2. Cut-off[5]	Gesamtthese[5]	Schluss[7]	_	
7-4	831-833	am	_	_	_	_	_	_	_	_	_	_	_	_	_	2. Cut-off[5]	Gesamtthese[5]	Schluss[7]	_	
7-5	834-840	besten	_	_	_	_	_	_	_	_	_	_	_	_	_	2. Cut-off[5]	Gesamtthese[5]	Schluss[7]	_	
7-6	841-849	geeignet	_	_	_	_	_	_	_	_	_	_	_	_	_	2. Cut-off[5]	Gesamtthese[5]	Schluss[7]	_	
7-7	849-850	,	_	_	_	_	_	_	_	_	_	_	_	_	_	2. Cut-off[5]	Gesamtthese[5]	Schluss[7]	_	
7-8	851-855	denn	_	_	_	_	_	_	_	_	_	_	_	_	_	2. Cut-off[5]	Gesamtthese[5]	Schluss[7]	_	
7-9	856-859	sie	_	_	_	_	_	_	_	_	_	_	_	_	_	2. Cut-off[5]	Gesamtthese[5]	Schluss[7]	_	
7-10	860-866	werden	_	_	_	_	_	_	_	_	_	_	_	_	_	2. Cut-off[5]	Gesamtthese[5]	Schluss[7]	_	
7-11	867-870	für	_	_	_	_	_	_	_	_	_	_	_	_	_	2. Cut-off[5]	Gesamtthese[5]	Schluss[7]	_	
7-12	871-876	viele	_	_	_	_	_	_	_	_	_	_	_	_	_	2. Cut-off[5]	Gesamtthese[5]	Schluss[7]	_	
7-13	877-886	Verfügbar	_	_	_	_	_	_	_	_	_	_	_	_	_	2. Cut-off[5]	Gesamtthese[5]	Schluss[7]	_	
7-14	887-891	sein	_	_	_	_	_	_	_	_	_	_	_	_	_	2. Cut-off[5]	Gesamtthese[5]	Schluss[7]	_	
7-15	891-892	,	_	_	_	_	_	_	_	_	_	_	_	_	_	2. Cut-off[5]	Gesamtthese[5]	Schluss[7]	_	
7-16	893-896	sie	_	_	_	_	_	_	_	_	_	_	_	_	_	2. Cut-off[5]	Gesamtthese[5]	Schluss[7]	_	
7-17	897-901	habe	_	_	_	_	_	_	_	_	_	_	_	_	_	2. Cut-off[5]	Gesamtthese[5]	Schluss[7]	_	
7-18	902-905	mit	_	_	_	_	_	_	_	_	_	_	_	_	_	2. Cut-off[5]	Gesamtthese[5]	Schluss[7]	_	
7-19	906-909	die	_	_	_	_	_	_	_	_	_	_	_	_	_	2. Cut-off[5]	Gesamtthese[5]	Schluss[7]	_	
7-20	910-915	beste	_	_	_	_	_	_	_	_	_	_	_	_	_	2. Cut-off[5]	Gesamtthese[5]	Schluss[7]	_	
7-21	916-924	Leistung	_	_	_	_	_	_	_	_	_	_	_	_	_	2. Cut-off[5]	Gesamtthese[5]	Schluss[7]	_	
7-22	925-928	und	_	_	_	_	_	_	_	_	_	_	_	_	_	2. Cut-off[5]	Gesamtthese[5]	Schluss[7]	_	
7-23	929-933	sind	_	_	_	_	_	_	_	_	_	_	_	_	_	2. Cut-off[5]	Gesamtthese[5]	Schluss[7]	_	
7-24	934-950	Umweltfreundlich	_	_	_	_	_	_	_	_	_	_	_	_	_	2. Cut-off[5]	Gesamtthese[5]	Schluss[7]	_	
7-25	950-951	.	_	_	_	_	_	_	_	_	_	_	_	_	_	2. Cut-off[5]	Gesamtthese[5]	Schluss[7]	_	

8-1	953-957	Dazu	_	_	_	_	_	_	_	_	_	_	_	_	_	_	_	Schluss[7]	_	
8-2	958-963	kommt	_	_	_	_	_	_	_	_	_	_	_	_	_	_	_	Schluss[7]	_	
8-3	963-964	,	_	_	_	_	_	_	_	_	_	_	_	_	_	_	_	Schluss[7]	_	
8-4	965-969	dass	_	_	_	_	_	_	_	_	_	_	_	_	_	_	_	Schluss[7]	_	
8-5	970-973	sie	_	_	_	_	_	_	_	_	_	_	_	_	_	_	_	Schluss[7]	_	
8-6	974-976	in	_	_	_	_	_	_	_	_	_	_	_	_	_	_	_	Schluss[7]	_	
8-7	977-980	den	_	_	_	_	_	_	_	_	_	_	_	_	_	_	_	Schluss[7]	_	
8-8	981-998	Verbrennungsmotor	_	_	_	_	_	_	_	_	_	_	_	_	_	_	_	Schluss[7]	_	
8-9	999-1008	eingebaut	_	_	_	_	_	_	_	_	_	_	_	_	_	_	_	Schluss[7]	_	
8-10	1009-1015	werden	_	_	_	_	_	_	_	_	_	_	_	_	_	_	_	Schluss[7]	_	
8-11	1015-1016	,	_	_	_	_	_	_	_	_	_	_	_	_	_	_	_	Schluss[7]	_	
8-12	1017-1024	weshalb	_	_	_	_	_	_	_	_	_	_	_	_	_	_	_	Schluss[7]	_	
8-13	1025-1028	die	_	_	_	_	_	_	_	_	_	_	_	_	_	_	_	Schluss[7]	_	
8-14	1029-1034	Preis	_	_	_	_	_	_	_	_	_	_	_	_	_	_	_	Schluss[7]	_	
8-15	1035-1041	kosten	_	_	_	_	_	_	_	_	_	_	_	_	_	_	_	Schluss[7]	_	
8-16	1042-1048	gering	_	_	_	_	_	_	_	_	_	_	_	_	_	_	_	Schluss[7]	_	
8-17	1049-1053	sind	_	_	_	_	_	_	_	_	_	_	_	_	_	_	_	Schluss[7]	_	
8-18	1053-1054	,	_	_	_	_	_	_	_	_	_	_	_	_	_	_	_	Schluss[7]	_	
8-19	1055-1059	denn	_	_	_	_	_	_	_	_	_	_	_	_	_	_	_	Schluss[7]	_	
8-20	1060-1063	man	_	_	_	_	_	_	_	_	_	_	_	_	_	_	_	Schluss[7]	_	
8-21	1064-1068	muss	_	_	_	_	_	_	_	_	_	_	_	_	_	_	_	Schluss[7]	_	
8-22	1069-1073	sich	_	_	_	_	_	_	_	_	_	_	_	_	_	_	_	Schluss[7]	_	
8-23	1074-1079	nicht	_	_	_	_	_	_	_	_	_	_	_	_	_	_	_	Schluss[7]	_	
8-24	1080-1083	ein	_	_	_	_	_	_	_	_	_	_	_	_	_	_	_	Schluss[7]	_	
8-25	1084-1089	neues	_	_	_	_	_	_	_	_	_	_	_	_	_	_	_	Schluss[7]	_	
8-26	1090-1094	auto	_	_	_	_	_	_	_	_	_	_	_	_	_	_	_	Schluss[7]	_	
8-27	1095-1097	ka	_	_	_	_	_	_	_	_	_	_	_	_	_	_	_	Schluss[7]	_	
