#FORMAT=WebAnno TSV 3.3
#T_SP=webanno.custom.Argument|Accuracy|Adequacy|Clarity|KriteriumJahresertragEnergiedichte|KriteriumLebensdauerVerfgbarkeit|KriteriumLokaleEmissionenGeruschemissionen|KriteriumPreisBetrieb|KriteriumSonstiges|KriteriumTreibhausgasemissionen|KriteriumWirkungsgrad|OptionA|OptionB|OptionC
#T_SP=webanno.custom.Struktur|Struktur
#T_SP=webanno.custom.StrukturTAP|TAPArgumente


1-1	0-7	E-Fuels	_	_	_	_	_	_	_	_	_	_	_	_	_	Einleitung[4]	_	
1-2	8-16	benutzen	_	_	_	_	_	_	_	_	_	_	_	_	_	Einleitung[4]	_	
1-3	17-34	Kohlenstoffdioxid	_	_	_	_	_	_	_	_	_	_	_	_	_	Einleitung[4]	_	
1-4	34-35	;	_	_	_	_	_	_	_	_	_	_	_	_	_	Einleitung[4]	_	
1-5	36-38	so	_	_	_	_	_	_	_	_	_	_	_	_	_	Einleitung[4]	_	
1-6	39-43	viel	_	_	_	_	_	_	_	_	_	_	_	_	_	Einleitung[4]	_	
1-7	44-53	entnommen	_	_	_	_	_	_	_	_	_	_	_	_	_	Einleitung[4]	_	
1-8	54-58	wird	_	_	_	_	_	_	_	_	_	_	_	_	_	Einleitung[4]	_	
1-9	58-59	,	_	_	_	_	_	_	_	_	_	_	_	_	_	Einleitung[4]	_	
1-10	60-64	wird	_	_	_	_	_	_	_	_	_	_	_	_	_	Einleitung[4]	_	
1-11	65-69	auch	_	_	_	_	_	_	_	_	_	_	_	_	_	Einleitung[4]	_	
1-12	70-76	wieder	_	_	_	_	_	_	_	_	_	_	_	_	_	Einleitung[4]	_	
1-13	77-88	freigesetzt	_	_	_	_	_	_	_	_	_	_	_	_	_	Einleitung[4]	_	
1-14	89-96	Welcher	_	_	_	_	_	_	_	_	_	_	_	_	_	Einleitung[4]	_	
1-15	97-110	Antriebsstoff	_	_	_	_	_	_	_	_	_	_	_	_	_	Einleitung[4]	_	
1-16	111-114	ist	_	_	_	_	_	_	_	_	_	_	_	_	_	Einleitung[4]	_	
1-17	115-118	die	_	_	_	_	_	_	_	_	_	_	_	_	_	Einleitung[4]	_	
1-18	119-126	Zukunft	_	_	_	_	_	_	_	_	_	_	_	_	_	Einleitung[4]	_	
1-19	126-127	?	_	_	_	_	_	_	_	_	_	_	_	_	_	Einleitung[4]	_	

2-1	128-141	Akkumulatoren	_	_	_	_	_	_	_	_	_	_	_	_	_	Einleitung[4]	_	
2-2	141-142	,	_	_	_	_	_	_	_	_	_	_	_	_	_	Einleitung[4]	_	
2-3	143-154	Wasserstoff	_	_	_	_	_	_	_	_	_	_	_	_	_	Einleitung[4]	_	
2-4	155-159	oder	_	_	_	_	_	_	_	_	_	_	_	_	_	Einleitung[4]	_	
2-5	160-164	doch	_	_	_	_	_	_	_	_	_	_	_	_	_	Einleitung[4]	_	
2-6	165-172	E-Fuels	_	_	_	_	_	_	_	_	_	_	_	_	_	Einleitung[4]	_	
2-7	172-173	?	_	_	_	_	_	_	_	_	_	_	_	_	_	Einleitung[4]	_	

3-1	174-176	In	_	_	_	_	_	_	_	_	_	_	_	_	_	Einleitung[4]	_	
3-2	177-182	einer	_	_	_	_	_	_	_	_	_	_	_	_	_	Einleitung[4]	_	
3-3	183-193	Diskussion	_	_	_	_	_	_	_	_	_	_	_	_	_	Einleitung[4]	_	
3-4	194-196	im	_	_	_	_	_	_	_	_	_	_	_	_	_	Einleitung[4]	_	
3-5	197-199	10	_	_	_	_	_	_	_	_	_	_	_	_	_	Einleitung[4]	_	
3-6	199-200	.	_	_	_	_	_	_	_	_	_	_	_	_	_	Einleitung[4]	_	

4-1	202-210	Jahrgang	_	_	_	_	_	_	_	_	_	_	_	_	_	Einleitung[4]	_	
4-2	211-214	des	_	_	_	_	_	_	_	_	_	_	_	_	_	Einleitung[4]	_	
4-3	215-234	Elsensee-Gymnasiums	_	_	_	_	_	_	_	_	_	_	_	_	_	Einleitung[4]	_	
4-4	234-235	,	_	_	_	_	_	_	_	_	_	_	_	_	_	Einleitung[4]	_	
4-5	236-240	ging	_	_	_	_	_	_	_	_	_	_	_	_	_	Einleitung[4]	_	
4-6	241-243	es	_	_	_	_	_	_	_	_	_	_	_	_	_	Einleitung[4]	_	
4-7	244-246	um	_	_	_	_	_	_	_	_	_	_	_	_	_	Einleitung[4]	_	
4-8	247-250	die	_	_	_	_	_	_	_	_	_	_	_	_	_	Einleitung[4]	_	
4-9	251-258	Debatte	_	_	_	_	_	_	_	_	_	_	_	_	_	Einleitung[4]	_	
4-10	258-259	,	_	_	_	_	_	_	_	_	_	_	_	_	_	Einleitung[4]	_	
4-11	260-267	welches	_	_	_	_	_	_	_	_	_	_	_	_	_	Einleitung[4]	_	
4-12	268-271	der	_	_	_	_	_	_	_	_	_	_	_	_	_	Einleitung[4]	_	
4-13	272-276	drei	_	_	_	_	_	_	_	_	_	_	_	_	_	Einleitung[4]	_	
4-14	277-281	oben	_	_	_	_	_	_	_	_	_	_	_	_	_	Einleitung[4]	_	
4-15	282-291	genannten	_	_	_	_	_	_	_	_	_	_	_	_	_	Einleitung[4]	_	
4-16	292-305	Antriebstoffe	_	_	_	_	_	_	_	_	_	_	_	_	_	Einleitung[4]	_	
4-17	306-309	die	_	_	_	_	_	_	_	_	_	_	_	_	_	Einleitung[4]	_	
4-18	310-317	Zukunft	_	_	_	_	_	_	_	_	_	_	_	_	_	Einleitung[4]	_	
4-19	318-321	für	_	_	_	_	_	_	_	_	_	_	_	_	_	Einleitung[4]	_	
4-20	322-333	Deutschland	_	_	_	_	_	_	_	_	_	_	_	_	_	Einleitung[4]	_	
4-21	334-338	sein	_	_	_	_	_	_	_	_	_	_	_	_	_	Einleitung[4]	_	
4-22	338-339	.	_	_	_	_	_	_	_	_	_	_	_	_	_	Einleitung[4]	_	

5-1	341-352	Aufgelistet	_	_	_	_	_	_	_	_	_	_	_	_	_	Einleitung[4]	_	
5-2	353-357	sind	_	_	_	_	_	_	_	_	_	_	_	_	_	Einleitung[4]	_	
5-3	357-358	:	_	_	_	_	_	_	_	_	_	_	_	_	_	Einleitung[4]	_	
5-4	359-372	Akkumulatoren	_	_	_	_	_	_	_	_	_	_	_	_	_	Einleitung[4]	_	
5-5	372-373	,	_	_	_	_	_	_	_	_	_	_	_	_	_	Einleitung[4]	_	
5-6	374-385	Wasserstoff	_	_	_	_	_	_	_	_	_	_	_	_	_	Einleitung[4]	_	
5-7	386-389	und	_	_	_	_	_	_	_	_	_	_	_	_	_	Einleitung[4]	_	
5-8	390-397	E-Fuels	_	_	_	_	_	_	_	_	_	_	_	_	_	Einleitung[4]	_	
5-9	397-398	.	_	_	_	_	_	_	_	_	_	_	_	_	_	Einleitung[4]	_	

6-1	400-418	Wasserstoffmotoren	1. Richtig[1]	1. Angemessen[1]	1. Verständlich[1]	*[1]	Lebensdauer/Verfügbarkeit vorhanden[1]	*[1]	*[1]	*[1]	*[1]	*[1]	Contra A[1]	Pro B[1]	Pro C[1]	Hauptteil[5]	2. Data[6]	
6-2	419-423	sind	1. Richtig[1]	1. Angemessen[1]	1. Verständlich[1]	*[1]	Lebensdauer/Verfügbarkeit vorhanden[1]	*[1]	*[1]	*[1]	*[1]	*[1]	Contra A[1]	Pro B[1]	Pro C[1]	Hauptteil[5]	2. Data[6]	
6-3	424-427	die	1. Richtig[1]	1. Angemessen[1]	1. Verständlich[1]	*[1]	Lebensdauer/Verfügbarkeit vorhanden[1]	*[1]	*[1]	*[1]	*[1]	*[1]	Contra A[1]	Pro B[1]	Pro C[1]	Hauptteil[5]	2. Data[6]	
6-4	428-436	einzigen	1. Richtig[1]	1. Angemessen[1]	1. Verständlich[1]	*[1]	Lebensdauer/Verfügbarkeit vorhanden[1]	*[1]	*[1]	*[1]	*[1]	*[1]	Contra A[1]	Pro B[1]	Pro C[1]	Hauptteil[5]	2. Data[6]	
6-5	437-440	die	1. Richtig[1]	1. Angemessen[1]	1. Verständlich[1]	*[1]	Lebensdauer/Verfügbarkeit vorhanden[1]	*[1]	*[1]	*[1]	*[1]	*[1]	Contra A[1]	Pro B[1]	Pro C[1]	Hauptteil[5]	2. Data[6]	
6-6	441-446	nicht	1. Richtig[1]	1. Angemessen[1]	1. Verständlich[1]	*[1]	Lebensdauer/Verfügbarkeit vorhanden[1]	*[1]	*[1]	*[1]	*[1]	*[1]	Contra A[1]	Pro B[1]	Pro C[1]	Hauptteil[5]	2. Data[6]	
6-7	447-449	in	1. Richtig[1]	1. Angemessen[1]	1. Verständlich[1]	*[1]	Lebensdauer/Verfügbarkeit vorhanden[1]	*[1]	*[1]	*[1]	*[1]	*[1]	Contra A[1]	Pro B[1]	Pro C[1]	Hauptteil[5]	2. Data[6]	
6-8	450-455	Masse	1. Richtig[1]	1. Angemessen[1]	1. Verständlich[1]	*[1]	Lebensdauer/Verfügbarkeit vorhanden[1]	*[1]	*[1]	*[1]	*[1]	*[1]	Contra A[1]	Pro B[1]	Pro C[1]	Hauptteil[5]	2. Data[6]	
6-9	456-466	produziert	1. Richtig[1]	1. Angemessen[1]	1. Verständlich[1]	*[1]	Lebensdauer/Verfügbarkeit vorhanden[1]	*[1]	*[1]	*[1]	*[1]	*[1]	Contra A[1]	Pro B[1]	Pro C[1]	Hauptteil[5]	2. Data[6]	
6-10	467-473	werden	1. Richtig[1]	1. Angemessen[1]	1. Verständlich[1]	*[1]	Lebensdauer/Verfügbarkeit vorhanden[1]	*[1]	*[1]	*[1]	*[1]	*[1]	Contra A[1]	Pro B[1]	Pro C[1]	Hauptteil[5]	2. Data[6]	
6-11	474-480	können	1. Richtig[1]	1. Angemessen[1]	1. Verständlich[1]	*[1]	Lebensdauer/Verfügbarkeit vorhanden[1]	*[1]	*[1]	*[1]	*[1]	*[1]	Contra A[1]	Pro B[1]	Pro C[1]	Hauptteil[5]	2. Data[6]	
6-12	480-481	.	1. Richtig[1]	1. Angemessen[1]	1. Verständlich[1]	*[1]	Lebensdauer/Verfügbarkeit vorhanden[1]	*[1]	*[1]	*[1]	*[1]	*[1]	Contra A[1]	Pro B[1]	Pro C[1]	Hauptteil[5]	2. Data[6]	

7-1	483-491	Wiederum	1. Richtig[2]	1. Angemessen[2]	1. Verständlich[2]	*[2]	*[2]	*[2]	Preis/Betrieb vorhanden[2]	*[2]	*[2]	*[2]	Pro A[2]	Pro B[2]	Contra C[2]	Hauptteil[5]	2. Data[7]	
7-2	492-496	sind	1. Richtig[2]	1. Angemessen[2]	1. Verständlich[2]	*[2]	*[2]	*[2]	Preis/Betrieb vorhanden[2]	*[2]	*[2]	*[2]	Pro A[2]	Pro B[2]	Contra C[2]	Hauptteil[5]	2. Data[7]	
7-3	497-500	bei	1. Richtig[2]	1. Angemessen[2]	1. Verständlich[2]	*[2]	*[2]	*[2]	Preis/Betrieb vorhanden[2]	*[2]	*[2]	*[2]	Pro A[2]	Pro B[2]	Contra C[2]	Hauptteil[5]	2. Data[7]	
7-4	501-507	diesen	1. Richtig[2]	1. Angemessen[2]	1. Verständlich[2]	*[2]	*[2]	*[2]	Preis/Betrieb vorhanden[2]	*[2]	*[2]	*[2]	Pro A[2]	Pro B[2]	Contra C[2]	Hauptteil[5]	2. Data[7]	
7-5	508-511	und	1. Richtig[2]	1. Angemessen[2]	1. Verständlich[2]	*[2]	*[2]	*[2]	Preis/Betrieb vorhanden[2]	*[2]	*[2]	*[2]	Pro A[2]	Pro B[2]	Contra C[2]	Hauptteil[5]	2. Data[7]	
7-6	512-515	bei	1. Richtig[2]	1. Angemessen[2]	1. Verständlich[2]	*[2]	*[2]	*[2]	Preis/Betrieb vorhanden[2]	*[2]	*[2]	*[2]	Pro A[2]	Pro B[2]	Contra C[2]	Hauptteil[5]	2. Data[7]	
7-7	516-519	den	1. Richtig[2]	1. Angemessen[2]	1. Verständlich[2]	*[2]	*[2]	*[2]	Preis/Betrieb vorhanden[2]	*[2]	*[2]	*[2]	Pro A[2]	Pro B[2]	Contra C[2]	Hauptteil[5]	2. Data[7]	
7-8	520-527	E-Fuels	1. Richtig[2]	1. Angemessen[2]	1. Verständlich[2]	*[2]	*[2]	*[2]	Preis/Betrieb vorhanden[2]	*[2]	*[2]	*[2]	Pro A[2]	Pro B[2]	Contra C[2]	Hauptteil[5]	2. Data[7]	
7-9	528-531	die	1. Richtig[2]	1. Angemessen[2]	1. Verständlich[2]	*[2]	*[2]	*[2]	Preis/Betrieb vorhanden[2]	*[2]	*[2]	*[2]	Pro A[2]	Pro B[2]	Contra C[2]	Hauptteil[5]	2. Data[7]	
7-10	532-541	Ladedauer	1. Richtig[2]	1. Angemessen[2]	1. Verständlich[2]	*[2]	*[2]	*[2]	Preis/Betrieb vorhanden[2]	*[2]	*[2]	*[2]	Pro A[2]	Pro B[2]	Contra C[2]	Hauptteil[5]	2. Data[7]	
7-11	542-545	mit	1. Richtig[2]	1. Angemessen[2]	1. Verständlich[2]	*[2]	*[2]	*[2]	Preis/Betrieb vorhanden[2]	*[2]	*[2]	*[2]	Pro A[2]	Pro B[2]	Contra C[2]	Hauptteil[5]	2. Data[7]	
7-12	546-547	3	1. Richtig[2]	1. Angemessen[2]	1. Verständlich[2]	*[2]	*[2]	*[2]	Preis/Betrieb vorhanden[2]	*[2]	*[2]	*[2]	Pro A[2]	Pro B[2]	Contra C[2]	Hauptteil[5]	2. Data[7]	
7-13	548-551	min	1. Richtig[2]	1. Angemessen[2]	1. Verständlich[2]	*[2]	*[2]	*[2]	Preis/Betrieb vorhanden[2]	*[2]	*[2]	*[2]	Pro A[2]	Pro B[2]	Contra C[2]	Hauptteil[5]	2. Data[7]	
7-14	551-552	.	1. Richtig[2]	1. Angemessen[2]	1. Verständlich[2]	*[2]	*[2]	*[2]	Preis/Betrieb vorhanden[2]	*[2]	*[2]	*[2]	Pro A[2]	Pro B[2]	Contra C[2]	Hauptteil[5]	2. Data[7]	

8-1	554-556	Am	1. Richtig[2]	1. Angemessen[2]	1. Verständlich[2]	*[2]	*[2]	*[2]	Preis/Betrieb vorhanden[2]	*[2]	*[2]	*[2]	Pro A[2]	Pro B[2]	Contra C[2]	Hauptteil[5]	2. Data[7]	
8-2	557-566	kürzesten	1. Richtig[2]	1. Angemessen[2]	1. Verständlich[2]	*[2]	*[2]	*[2]	Preis/Betrieb vorhanden[2]	*[2]	*[2]	*[2]	Pro A[2]	Pro B[2]	Contra C[2]	Hauptteil[5]	2. Data[7]	
8-3	566-567	.	1. Richtig[2]	1. Angemessen[2]	1. Verständlich[2]	*[2]	*[2]	*[2]	Preis/Betrieb vorhanden[2]	*[2]	*[2]	*[2]	Pro A[2]	Pro B[2]	Contra C[2]	Hauptteil[5]	2. Data[7]	

9-1	569-572	Bei	1. Richtig[2]	1. Angemessen[2]	1. Verständlich[2]	*[2]	*[2]	*[2]	Preis/Betrieb vorhanden[2]	*[2]	*[2]	*[2]	Pro A[2]	Pro B[2]	Contra C[2]	Hauptteil[5]	2. Data[8]	
9-2	573-586	Akkumulatoren	1. Richtig[2]	1. Angemessen[2]	1. Verständlich[2]	*[2]	*[2]	*[2]	Preis/Betrieb vorhanden[2]	*[2]	*[2]	*[2]	Pro A[2]	Pro B[2]	Contra C[2]	Hauptteil[5]	2. Data[8]	
9-3	587-592	liegt	1. Richtig[2]	1. Angemessen[2]	1. Verständlich[2]	*[2]	*[2]	*[2]	Preis/Betrieb vorhanden[2]	*[2]	*[2]	*[2]	Pro A[2]	Pro B[2]	Contra C[2]	Hauptteil[5]	2. Data[8]	
9-4	593-596	sie	1. Richtig[2]	1. Angemessen[2]	1. Verständlich[2]	*[2]	*[2]	*[2]	Preis/Betrieb vorhanden[2]	*[2]	*[2]	*[2]	Pro A[2]	Pro B[2]	Contra C[2]	Hauptteil[5]	2. Data[8]	
9-5	597-600	bei	1. Richtig[2]	1. Angemessen[2]	1. Verständlich[2]	*[2]	*[2]	*[2]	Preis/Betrieb vorhanden[2]	*[2]	*[2]	*[2]	Pro A[2]	Pro B[2]	Contra C[2]	Hauptteil[5]	2. Data[8]	
9-6	601-606	30min	1. Richtig[2]	1. Angemessen[2]	1. Verständlich[2]	*[2]	*[2]	*[2]	Preis/Betrieb vorhanden[2]	*[2]	*[2]	*[2]	Pro A[2]	Pro B[2]	Contra C[2]	Hauptteil[5]	2. Data[8]	
9-7	606-607	.	1. Richtig[2]	1. Angemessen[2]	1. Verständlich[2]	*[2]	*[2]	*[2]	Preis/Betrieb vorhanden[2]	*[2]	*[2]	*[2]	Pro A[2]	Pro B[2]	Contra C[2]	Hauptteil[5]	2. Data[8]	

10-1	609-613	Auch	1. Richtig[2]	1. Angemessen[2]	1. Verständlich[2]	*[2]	*[2]	*[2]	Preis/Betrieb vorhanden[2]	*[2]	*[2]	*[2]	Pro A[2]	Pro B[2]	Contra C[2]	Hauptteil[5]	2. Data[9]	
10-2	614-618	beim	1. Richtig[2]	1. Angemessen[2]	1. Verständlich[2]	*[2]	*[2]	*[2]	Preis/Betrieb vorhanden[2]	*[2]	*[2]	*[2]	Pro A[2]	Pro B[2]	Contra C[2]	Hauptteil[5]	2. Data[9]	
10-3	619-624	Thema	1. Richtig[2]	1. Angemessen[2]	1. Verständlich[2]	*[2]	*[2]	*[2]	Preis/Betrieb vorhanden[2]	*[2]	*[2]	*[2]	Pro A[2]	Pro B[2]	Contra C[2]	Hauptteil[5]	2. Data[9]	
10-4	625-635	Reichweite	1. Richtig[2]	1. Angemessen[2]	1. Verständlich[2]	*[2]	*[2]	*[2]	Preis/Betrieb vorhanden[2]	*[2]	*[2]	*[2]	Pro A[2]	Pro B[2]	Contra C[2]	Hauptteil[5]	2. Data[9]	
10-5	636-640	sind	1. Richtig[2]	1. Angemessen[2]	1. Verständlich[2]	*[2]	*[2]	*[2]	Preis/Betrieb vorhanden[2]	*[2]	*[2]	*[2]	Pro A[2]	Pro B[2]	Contra C[2]	Hauptteil[5]	2. Data[9]	
10-6	641-644	die	1. Richtig[2]	1. Angemessen[2]	1. Verständlich[2]	*[2]	*[2]	*[2]	Preis/Betrieb vorhanden[2]	*[2]	*[2]	*[2]	Pro A[2]	Pro B[2]	Contra C[2]	Hauptteil[5]	2. Data[9]	
10-7	645-651	beiden	1. Richtig[2]	1. Angemessen[2]	1. Verständlich[2]	*[2]	*[2]	*[2]	Preis/Betrieb vorhanden[2]	*[2]	*[2]	*[2]	Pro A[2]	Pro B[2]	Contra C[2]	Hauptteil[5]	2. Data[9]	
10-8	652-656	ganz	1. Richtig[2]	1. Angemessen[2]	1. Verständlich[2]	*[2]	*[2]	*[2]	Preis/Betrieb vorhanden[2]	*[2]	*[2]	*[2]	Pro A[2]	Pro B[2]	Contra C[2]	Hauptteil[5]	2. Data[9]	
10-9	657-662	vorne	1. Richtig[2]	1. Angemessen[2]	1. Verständlich[2]	*[2]	*[2]	*[2]	Preis/Betrieb vorhanden[2]	*[2]	*[2]	*[2]	Pro A[2]	Pro B[2]	Contra C[2]	Hauptteil[5]	2. Data[9]	
10-10	662-663	.	1. Richtig[2]	1. Angemessen[2]	1. Verständlich[2]	*[2]	*[2]	*[2]	Preis/Betrieb vorhanden[2]	*[2]	*[2]	*[2]	Pro A[2]	Pro B[2]	Contra C[2]	Hauptteil[5]	2. Data[9]	

11-1	665-669	Nach	1. Richtig[2]	1. Angemessen[2]	1. Verständlich[2]	*[2]	*[2]	*[2]	Preis/Betrieb vorhanden[2]	*[2]	*[2]	*[2]	Pro A[2]	Pro B[2]	Contra C[2]	Hauptteil[5]	2. Data[10]	
11-2	670-677	neusten	1. Richtig[2]	1. Angemessen[2]	1. Verständlich[2]	*[2]	*[2]	*[2]	Preis/Betrieb vorhanden[2]	*[2]	*[2]	*[2]	Pro A[2]	Pro B[2]	Contra C[2]	Hauptteil[5]	2. Data[10]	
11-3	678-690	Berechnungen	1. Richtig[2]	1. Angemessen[2]	1. Verständlich[2]	*[2]	*[2]	*[2]	Preis/Betrieb vorhanden[2]	*[2]	*[2]	*[2]	Pro A[2]	Pro B[2]	Contra C[2]	Hauptteil[5]	2. Data[10]	
11-4	691-697	sollen	1. Richtig[2]	1. Angemessen[2]	1. Verständlich[2]	*[2]	*[2]	*[2]	Preis/Betrieb vorhanden[2]	*[2]	*[2]	*[2]	Pro A[2]	Pro B[2]	Contra C[2]	Hauptteil[5]	2. Data[10]	
11-5	698-701	die	1. Richtig[2]	1. Angemessen[2]	1. Verständlich[2]	*[2]	*[2]	*[2]	Preis/Betrieb vorhanden[2]	*[2]	*[2]	*[2]	Pro A[2]	Pro B[2]	Contra C[2]	Hauptteil[5]	2. Data[10]	
11-6	702-708	beiden	1. Richtig[2]	1. Angemessen[2]	1. Verständlich[2]	*[2]	*[2]	*[2]	Preis/Betrieb vorhanden[2]	*[2]	*[2]	*[2]	Pro A[2]	Pro B[2]	Contra C[2]	Hauptteil[5]	2. Data[10]	
11-7	709-722	Antriebsarten	1. Richtig[2]	1. Angemessen[2]	1. Verständlich[2]	*[2]	*[2]	*[2]	Preis/Betrieb vorhanden[2]	*[2]	*[2]	*[2]	Pro A[2]	Pro B[2]	Contra C[2]	Hauptteil[5]	2. Data[10]	
11-8	723-726	bis	1. Richtig[2]	1. Angemessen[2]	1. Verständlich[2]	*[2]	*[2]	*[2]	Preis/Betrieb vorhanden[2]	*[2]	*[2]	*[2]	Pro A[2]	Pro B[2]	Contra C[2]	Hauptteil[5]	2. Data[10]	
11-9	727-729	zu	1. Richtig[2]	1. Angemessen[2]	1. Verständlich[2]	*[2]	*[2]	*[2]	Preis/Betrieb vorhanden[2]	*[2]	*[2]	*[2]	Pro A[2]	Pro B[2]	Contra C[2]	Hauptteil[5]	2. Data[10]	
11-10	730-735	700km	1. Richtig[2]	1. Angemessen[2]	1. Verständlich[2]	*[2]	*[2]	*[2]	Preis/Betrieb vorhanden[2]	*[2]	*[2]	*[2]	Pro A[2]	Pro B[2]	Contra C[2]	Hauptteil[5]	2. Data[10]	
11-11	736-739	mit	1. Richtig[2]	1. Angemessen[2]	1. Verständlich[2]	*[2]	*[2]	*[2]	Preis/Betrieb vorhanden[2]	*[2]	*[2]	*[2]	Pro A[2]	Pro B[2]	Contra C[2]	Hauptteil[5]	2. Data[10]	
11-12	740-745	einer	1. Richtig[2]	1. Angemessen[2]	1. Verständlich[2]	*[2]	*[2]	*[2]	Preis/Betrieb vorhanden[2]	*[2]	*[2]	*[2]	Pro A[2]	Pro B[2]	Contra C[2]	Hauptteil[5]	2. Data[10]	
11-13	746-756	Tankladung	1. Richtig[2]	1. Angemessen[2]	1. Verständlich[2]	*[2]	*[2]	*[2]	Preis/Betrieb vorhanden[2]	*[2]	*[2]	*[2]	Pro A[2]	Pro B[2]	Contra C[2]	Hauptteil[5]	2. Data[10]	
11-14	757-765	schaffen	1. Richtig[2]	1. Angemessen[2]	1. Verständlich[2]	*[2]	*[2]	*[2]	Preis/Betrieb vorhanden[2]	*[2]	*[2]	*[2]	Pro A[2]	Pro B[2]	Contra C[2]	Hauptteil[5]	2. Data[10]	
11-15	765-766	.	1. Richtig[2]	1. Angemessen[2]	1. Verständlich[2]	*[2]	*[2]	*[2]	Preis/Betrieb vorhanden[2]	*[2]	*[2]	*[2]	Pro A[2]	Pro B[2]	Contra C[2]	Hauptteil[5]	2. Data[10]	

12-1	768-771	Bei	1. Richtig[2]	1. Angemessen[2]	1. Verständlich[2]	*[2]	*[2]	*[2]	Preis/Betrieb vorhanden[2]	*[2]	*[2]	*[2]	Pro A[2]	Pro B[2]	Contra C[2]	Hauptteil[5]	2. Data[11]	
12-2	772-785	Akkumulatoren	1. Richtig[2]	1. Angemessen[2]	1. Verständlich[2]	*[2]	*[2]	*[2]	Preis/Betrieb vorhanden[2]	*[2]	*[2]	*[2]	Pro A[2]	Pro B[2]	Contra C[2]	Hauptteil[5]	2. Data[11]	
12-3	786-790	sind	1. Richtig[2]	1. Angemessen[2]	1. Verständlich[2]	*[2]	*[2]	*[2]	Preis/Betrieb vorhanden[2]	*[2]	*[2]	*[2]	Pro A[2]	Pro B[2]	Contra C[2]	Hauptteil[5]	2. Data[11]	
12-4	791-793	es	1. Richtig[2]	1. Angemessen[2]	1. Verständlich[2]	*[2]	*[2]	*[2]	Preis/Betrieb vorhanden[2]	*[2]	*[2]	*[2]	Pro A[2]	Pro B[2]	Contra C[2]	Hauptteil[5]	2. Data[11]	
12-5	794-799	unter	1. Richtig[2]	1. Angemessen[2]	1. Verständlich[2]	*[2]	*[2]	*[2]	Preis/Betrieb vorhanden[2]	*[2]	*[2]	*[2]	Pro A[2]	Pro B[2]	Contra C[2]	Hauptteil[5]	2. Data[11]	
12-6	800-805	400km	1. Richtig[2]	1. Angemessen[2]	1. Verständlich[2]	*[2]	*[2]	*[2]	Preis/Betrieb vorhanden[2]	*[2]	*[2]	*[2]	Pro A[2]	Pro B[2]	Contra C[2]	Hauptteil[5]	2. Data[11]	
12-7	805-806	.	1. Richtig[2]	1. Angemessen[2]	1. Verständlich[2]	*[2]	*[2]	*[2]	Preis/Betrieb vorhanden[2]	*[2]	*[2]	*[2]	Pro A[2]	Pro B[2]	Contra C[2]	Hauptteil[5]	2. Data[11]	

13-1	808-812	Auch	1. Richtig[3]	1. Angemessen[3]	1. Verständlich[3]	*[3]	*[3]	Emissionen vorhanden[3]	*[3]	*[3]	*[3]	*[3]	Pro A[3]	Contra B[3]	Pro C[3]	Hauptteil[5]	1. Claim[12]	
13-2	813-817	wenn	1. Richtig[3]	1. Angemessen[3]	1. Verständlich[3]	*[3]	*[3]	Emissionen vorhanden[3]	*[3]	*[3]	*[3]	*[3]	Pro A[3]	Contra B[3]	Pro C[3]	Hauptteil[5]	1. Claim[12]	
13-3	818-825	hierfür	1. Richtig[3]	1. Angemessen[3]	1. Verständlich[3]	*[3]	*[3]	Emissionen vorhanden[3]	*[3]	*[3]	*[3]	*[3]	Pro A[3]	Contra B[3]	Pro C[3]	Hauptteil[5]	1. Claim[12]	
13-4	826-836	eigentlich	1. Richtig[3]	1. Angemessen[3]	1. Verständlich[3]	*[3]	*[3]	Emissionen vorhanden[3]	*[3]	*[3]	*[3]	*[3]	Pro A[3]	Contra B[3]	Pro C[3]	Hauptteil[5]	1. Claim[12]	
13-5	837-842	keine	1. Richtig[3]	1. Angemessen[3]	1. Verständlich[3]	*[3]	*[3]	Emissionen vorhanden[3]	*[3]	*[3]	*[3]	*[3]	Pro A[3]	Contra B[3]	Pro C[3]	Hauptteil[5]	1. Claim[12]	
13-6	843-850	Nennung	1. Richtig[3]	1. Angemessen[3]	1. Verständlich[3]	*[3]	*[3]	Emissionen vorhanden[3]	*[3]	*[3]	*[3]	*[3]	Pro A[3]	Contra B[3]	Pro C[3]	Hauptteil[5]	1. Claim[12]	
13-7	851-860	notwendig	1. Richtig[3]	1. Angemessen[3]	1. Verständlich[3]	*[3]	*[3]	Emissionen vorhanden[3]	*[3]	*[3]	*[3]	*[3]	Pro A[3]	Contra B[3]	Pro C[3]	Hauptteil[5]	1. Claim[12]	
13-8	861-865	wäre	1. Richtig[3]	1. Angemessen[3]	1. Verständlich[3]	*[3]	*[3]	Emissionen vorhanden[3]	*[3]	*[3]	*[3]	*[3]	Pro A[3]	Contra B[3]	Pro C[3]	Hauptteil[5]	1. Claim[12]	
13-9	865-866	,	1. Richtig[3]	1. Angemessen[3]	1. Verständlich[3]	*[3]	*[3]	Emissionen vorhanden[3]	*[3]	*[3]	*[3]	*[3]	Pro A[3]	Contra B[3]	Pro C[3]	Hauptteil[5]	1. Claim[12]	
13-10	867-871	sind	1. Richtig[3]	1. Angemessen[3]	1. Verständlich[3]	*[3]	*[3]	Emissionen vorhanden[3]	*[3]	*[3]	*[3]	*[3]	Pro A[3]	Contra B[3]	Pro C[3]	Hauptteil[5]	1. Claim[12]	
13-11	872-875	die	1. Richtig[3]	1. Angemessen[3]	1. Verständlich[3]	*[3]	*[3]	Emissionen vorhanden[3]	*[3]	*[3]	*[3]	*[3]	Pro A[3]	Contra B[3]	Pro C[3]	Hauptteil[5]	1. Claim[12]	
13-12	876-894	Geräuschemissionen	1. Richtig[3]	1. Angemessen[3]	1. Verständlich[3]	*[3]	*[3]	Emissionen vorhanden[3]	*[3]	*[3]	*[3]	*[3]	Pro A[3]	Contra B[3]	Pro C[3]	Hauptteil[5]	1. Claim[12]	
13-13	895-899	auch	1. Richtig[3]	1. Angemessen[3]	1. Verständlich[3]	*[3]	*[3]	Emissionen vorhanden[3]	*[3]	*[3]	*[3]	*[3]	Pro A[3]	Contra B[3]	Pro C[3]	Hauptteil[5]	1. Claim[12]	
13-14	900-911	aufgelistet	1. Richtig[3]	1. Angemessen[3]	1. Verständlich[3]	*[3]	*[3]	Emissionen vorhanden[3]	*[3]	*[3]	*[3]	*[3]	Pro A[3]	Contra B[3]	Pro C[3]	Hauptteil[5]	1. Claim[12]	
13-15	911-912	.	1. Richtig[3]	1. Angemessen[3]	1. Verständlich[3]	*[3]	*[3]	Emissionen vorhanden[3]	*[3]	*[3]	*[3]	*[3]	Pro A[3]	Contra B[3]	Pro C[3]	Hauptteil[5]	1. Claim[12]	

14-1	914-922	Einziger	1. Richtig[3]	1. Angemessen[3]	1. Verständlich[3]	*[3]	*[3]	Emissionen vorhanden[3]	*[3]	*[3]	*[3]	*[3]	Pro A[3]	Contra B[3]	Pro C[3]	Hauptteil[5]	2. Data[13]	
14-2	923-934	Unterschied	1. Richtig[3]	1. Angemessen[3]	1. Verständlich[3]	*[3]	*[3]	Emissionen vorhanden[3]	*[3]	*[3]	*[3]	*[3]	Pro A[3]	Contra B[3]	Pro C[3]	Hauptteil[5]	2. Data[13]	
14-3	934-935	:	1. Richtig[3]	1. Angemessen[3]	1. Verständlich[3]	*[3]	*[3]	Emissionen vorhanden[3]	*[3]	*[3]	*[3]	*[3]	Pro A[3]	Contra B[3]	Pro C[3]	Hauptteil[5]	2. Data[13]	
14-4	936-943	E-Fuels	1. Richtig[3]	1. Angemessen[3]	1. Verständlich[3]	*[3]	*[3]	Emissionen vorhanden[3]	*[3]	*[3]	*[3]	*[3]	Pro A[3]	Contra B[3]	Pro C[3]	Hauptteil[5]	2. Data[13]	
14-5	944-948	sind	1. Richtig[3]	1. Angemessen[3]	1. Verständlich[3]	*[3]	*[3]	Emissionen vorhanden[3]	*[3]	*[3]	*[3]	*[3]	Pro A[3]	Contra B[3]	Pro C[3]	Hauptteil[5]	2. Data[13]	
14-6	949-952	4dB	1. Richtig[3]	1. Angemessen[3]	1. Verständlich[3]	*[3]	*[3]	Emissionen vorhanden[3]	*[3]	*[3]	*[3]	*[3]	Pro A[3]	Contra B[3]	Pro C[3]	Hauptteil[5]	2. Data[13]	
14-7	953-959	lauter	1. Richtig[3]	1. Angemessen[3]	1. Verständlich[3]	*[3]	*[3]	Emissionen vorhanden[3]	*[3]	*[3]	*[3]	*[3]	Pro A[3]	Contra B[3]	Pro C[3]	Hauptteil[5]	2. Data[13]	
14-8	960-963	bei	1. Richtig[3]	1. Angemessen[3]	1. Verständlich[3]	*[3]	*[3]	Emissionen vorhanden[3]	*[3]	*[3]	*[3]	*[3]	Pro A[3]	Contra B[3]	Pro C[3]	Hauptteil[5]	2. Data[13]	
14-9	964-969	einer	1. Richtig[3]	1. Angemessen[3]	1. Verständlich[3]	*[3]	*[3]	Emissionen vorhanden[3]	*[3]	*[3]	*[3]	*[3]	Pro A[3]	Contra B[3]	Pro C[3]	Hauptteil[5]	2. Data[13]	
14-10	970-985	Geschwindigkeit	1. Richtig[3]	1. Angemessen[3]	1. Verständlich[3]	*[3]	*[3]	Emissionen vorhanden[3]	*[3]	*[3]	*[3]	*[3]	Pro A[3]	Contra B[3]	Pro C[3]	Hauptteil[5]	2. Data[13]	
14-11	986-989	von	1. Richtig[3]	1. Angemessen[3]	1. Verständlich[3]	*[3]	*[3]	Emissionen vorhanden[3]	*[3]	*[3]	*[3]	*[3]	Pro A[3]	Contra B[3]	Pro C[3]	Hauptteil[5]	2. Data[13]	
14-12	990-994	30km	1. Richtig[3]	1. Angemessen[3]	1. Verständlich[3]	*[3]	*[3]	Emissionen vorhanden[3]	*[3]	*[3]	*[3]	*[3]	Pro A[3]	Contra B[3]	Pro C[3]	Hauptteil[5]	2. Data[13]	
14-13	994-995	/	1. Richtig[3]	1. Angemessen[3]	1. Verständlich[3]	*[3]	*[3]	Emissionen vorhanden[3]	*[3]	*[3]	*[3]	*[3]	Pro A[3]	Contra B[3]	Pro C[3]	Hauptteil[5]	2. Data[13]	
14-14	995-996	h	1. Richtig[3]	1. Angemessen[3]	1. Verständlich[3]	*[3]	*[3]	Emissionen vorhanden[3]	*[3]	*[3]	*[3]	*[3]	Pro A[3]	Contra B[3]	Pro C[3]	Hauptteil[5]	2. Data[13]	
14-15	996-997	.	1. Richtig[3]	1. Angemessen[3]	1. Verständlich[3]	*[3]	*[3]	Emissionen vorhanden[3]	*[3]	*[3]	*[3]	*[3]	Pro A[3]	Contra B[3]	Pro C[3]	Hauptteil[5]	2. Data[13]	

15-1	999-1003	Hier	1. Richtig[3]	1. Angemessen[3]	1. Verständlich[3]	*[3]	*[3]	Emissionen vorhanden[3]	*[3]	*[3]	*[3]	*[3]	Pro A[3]	Contra B[3]	Pro C[3]	Hauptteil[5]	1. Claim[14]	
15-2	1004-1007	ist	1. Richtig[3]	1. Angemessen[3]	1. Verständlich[3]	*[3]	*[3]	Emissionen vorhanden[3]	*[3]	*[3]	*[3]	*[3]	Pro A[3]	Contra B[3]	Pro C[3]	Hauptteil[5]	1. Claim[14]	
15-3	1008-1019	interessant	1. Richtig[3]	1. Angemessen[3]	1. Verständlich[3]	*[3]	*[3]	Emissionen vorhanden[3]	*[3]	*[3]	*[3]	*[3]	Pro A[3]	Contra B[3]	Pro C[3]	Hauptteil[5]	1. Claim[14]	
15-4	1020-1022	im	1. Richtig[3]	1. Angemessen[3]	1. Verständlich[3]	*[3]	*[3]	Emissionen vorhanden[3]	*[3]	*[3]	*[3]	*[3]	Pro A[3]	Contra B[3]	Pro C[3]	Hauptteil[5]	1. Claim[14]	
15-5	1023-1032	Dauertest	1. Richtig[3]	1. Angemessen[3]	1. Verständlich[3]	*[3]	*[3]	Emissionen vorhanden[3]	*[3]	*[3]	*[3]	*[3]	Pro A[3]	Contra B[3]	Pro C[3]	Hauptteil[5]	1. Claim[14]	
15-6	1032-1033	,	1. Richtig[3]	1. Angemessen[3]	1. Verständlich[3]	*[3]	*[3]	Emissionen vorhanden[3]	*[3]	*[3]	*[3]	*[3]	Pro A[3]	Contra B[3]	Pro C[3]	Hauptteil[5]	1. Claim[14]	
15-7	1034-1037	wie	1. Richtig[3]	1. Angemessen[3]	1. Verständlich[3]	*[3]	*[3]	Emissionen vorhanden[3]	*[3]	*[3]	*[3]	*[3]	Pro A[3]	Contra B[3]	Pro C[3]	Hauptteil[5]	1. Claim[14]	
15-8	1038-1042	sich	1. Richtig[3]	1. Angemessen[3]	1. Verständlich[3]	*[3]	*[3]	Emissionen vorhanden[3]	*[3]	*[3]	*[3]	*[3]	Pro A[3]	Contra B[3]	Pro C[3]	Hauptteil[5]	1. Claim[14]	
15-9	1043-1049	dieser	1. Richtig[3]	1. Angemessen[3]	1. Verständlich[3]	*[3]	*[3]	Emissionen vorhanden[3]	*[3]	*[3]	*[3]	*[3]	Pro A[3]	Contra B[3]	Pro C[3]	Hauptteil[5]	1. Claim[14]	
15-10	1050-1054	Wert	1. Richtig[3]	1. Angemessen[3]	1. Verständlich[3]	*[3]	*[3]	Emissionen vorhanden[3]	*[3]	*[3]	*[3]	*[3]	Pro A[3]	Contra B[3]	Pro C[3]	Hauptteil[5]	1. Claim[14]	
15-11	1055-1058	bei	1. Richtig[3]	1. Angemessen[3]	1. Verständlich[3]	*[3]	*[3]	Emissionen vorhanden[3]	*[3]	*[3]	*[3]	*[3]	Pro A[3]	Contra B[3]	Pro C[3]	Hauptteil[5]	1. Claim[14]	
15-12	1059-1066	höheren	1. Richtig[3]	1. Angemessen[3]	1. Verständlich[3]	*[3]	*[3]	Emissionen vorhanden[3]	*[3]	*[3]	*[3]	*[3]	Pro A[3]	Contra B[3]	Pro C[3]	Hauptteil[5]	1. Claim[14]	
15-13	1067-1084	Geschwindigkeiten	1. Richtig[3]	1. Angemessen[3]	1. Verständlich[3]	*[3]	*[3]	Emissionen vorhanden[3]	*[3]	*[3]	*[3]	*[3]	Pro A[3]	Contra B[3]	Pro C[3]	Hauptteil[5]	1. Claim[14]	
15-14	1085-1092	verhält	1. Richtig[3]	1. Angemessen[3]	1. Verständlich[3]	*[3]	*[3]	Emissionen vorhanden[3]	*[3]	*[3]	*[3]	*[3]	Pro A[3]	Contra B[3]	Pro C[3]	Hauptteil[5]	1. Claim[14]	
15-15	1092-1093	.	1. Richtig[3]	1. Angemessen[3]	1. Verständlich[3]	*[3]	*[3]	Emissionen vorhanden[3]	*[3]	*[3]	*[3]	*[3]	Pro A[3]	Contra B[3]	Pro C[3]	Hauptteil[5]	1. Claim[14]	
