#FORMAT=WebAnno TSV 3.3
#T_SP=webanno.custom.Argument|Accuracy|Adequacy|Clarity|KriteriumJahresertragEnergiedichte|KriteriumLebensdauerVerfgbarkeit|KriteriumLokaleEmissionenGeruschemissionen|KriteriumPreisBetrieb|KriteriumSonstiges|KriteriumTreibhausgasemissionen|KriteriumWirkungsgrad|OptionA|OptionB|OptionC
#T_SP=webanno.custom.DecisionMakingStrategies|Decision|Gesamtthese
#T_SP=webanno.custom.Struktur|Struktur
#T_SP=webanno.custom.StrukturTAP|TAPArgumente


1-1	0-2	In	_	_	_	_	_	_	_	_	_	_	_	_	_	_	_	Einleitung[8]	_	
1-2	3-9	dieser	_	_	_	_	_	_	_	_	_	_	_	_	_	_	_	Einleitung[8]	_	
1-3	10-23	Argunmetation	_	_	_	_	_	_	_	_	_	_	_	_	_	_	_	Einleitung[8]	_	
1-4	24-29	werde	_	_	_	_	_	_	_	_	_	_	_	_	_	_	_	Einleitung[8]	_	
1-5	30-33	ich	_	_	_	_	_	_	_	_	_	_	_	_	_	_	_	Einleitung[8]	_	
1-6	34-41	darüber	_	_	_	_	_	_	_	_	_	_	_	_	_	_	_	Einleitung[8]	_	
1-7	42-51	shcreiben	_	_	_	_	_	_	_	_	_	_	_	_	_	_	_	Einleitung[8]	_	
1-8	51-52	,	_	_	_	_	_	_	_	_	_	_	_	_	_	_	_	Einleitung[8]	_	
1-9	53-56	auf	_	_	_	_	_	_	_	_	_	_	_	_	_	_	_	Einleitung[8]	_	
1-10	57-64	welchen	_	_	_	_	_	_	_	_	_	_	_	_	_	_	_	Einleitung[8]	_	
1-11	65-68	der	_	_	_	_	_	_	_	_	_	_	_	_	_	_	_	Einleitung[8]	_	
1-12	69-80	Treibstoffe	_	_	_	_	_	_	_	_	_	_	_	_	_	_	_	Einleitung[8]	_	
1-13	81-83	am	_	_	_	_	_	_	_	_	_	_	_	_	_	_	_	Einleitung[8]	_	
1-14	84-90	besten	_	_	_	_	_	_	_	_	_	_	_	_	_	_	_	Einleitung[8]	_	
1-15	91-102	umgestiegen	_	_	_	_	_	_	_	_	_	_	_	_	_	_	_	Einleitung[8]	_	
1-16	103-109	werden	_	_	_	_	_	_	_	_	_	_	_	_	_	_	_	Einleitung[8]	_	
1-17	110-114	soll	_	_	_	_	_	_	_	_	_	_	_	_	_	_	_	Einleitung[8]	_	
1-18	114-115	.	_	_	_	_	_	_	_	_	_	_	_	_	_	_	_	Einleitung[8]	_	

2-1	117-120	Ich	_	_	_	_	_	_	_	_	_	_	_	_	_	3. Unbegründet[7]	Gesamtthese[7]	Einleitung[8]	_	
2-2	121-126	denke	_	_	_	_	_	_	_	_	_	_	_	_	_	3. Unbegründet[7]	Gesamtthese[7]	Einleitung[8]	_	
2-3	127-130	man	_	_	_	_	_	_	_	_	_	_	_	_	_	3. Unbegründet[7]	Gesamtthese[7]	Einleitung[8]	_	
2-4	131-137	sollte	_	_	_	_	_	_	_	_	_	_	_	_	_	3. Unbegründet[7]	Gesamtthese[7]	Einleitung[8]	_	
2-5	138-141	den	_	_	_	_	_	_	_	_	_	_	_	_	_	3. Unbegründet[7]	Gesamtthese[7]	Einleitung[8]	_	
2-6	142-147	Fokus	_	_	_	_	_	_	_	_	_	_	_	_	_	3. Unbegründet[7]	Gesamtthese[7]	Einleitung[8]	_	
2-7	148-151	auf	_	_	_	_	_	_	_	_	_	_	_	_	_	3. Unbegründet[7]	Gesamtthese[7]	Einleitung[8]	_	
2-8	152-159	E-Fuels	_	_	_	_	_	_	_	_	_	_	_	_	_	3. Unbegründet[7]	Gesamtthese[7]	Einleitung[8]	_	
2-9	159-160	,	_	_	_	_	_	_	_	_	_	_	_	_	_	3. Unbegründet[7]	Gesamtthese[7]	Einleitung[8]	_	
2-10	161-165	also	_	_	_	_	_	_	_	_	_	_	_	_	_	3. Unbegründet[7]	Gesamtthese[7]	Einleitung[8]	_	
2-11	166-169	aus	_	_	_	_	_	_	_	_	_	_	_	_	_	3. Unbegründet[7]	Gesamtthese[7]	Einleitung[8]	_	
2-12	170-181	organischen	_	_	_	_	_	_	_	_	_	_	_	_	_	3. Unbegründet[7]	Gesamtthese[7]	Einleitung[8]	_	
2-13	182-192	Substanzen	_	_	_	_	_	_	_	_	_	_	_	_	_	3. Unbegründet[7]	Gesamtthese[7]	Einleitung[8]	_	
2-14	193-203	gewonnenen	_	_	_	_	_	_	_	_	_	_	_	_	_	3. Unbegründet[7]	Gesamtthese[7]	Einleitung[8]	_	
2-15	204-214	Treibstoff	_	_	_	_	_	_	_	_	_	_	_	_	_	3. Unbegründet[7]	Gesamtthese[7]	Einleitung[8]	_	
2-16	214-215	,	_	_	_	_	_	_	_	_	_	_	_	_	_	3. Unbegründet[7]	Gesamtthese[7]	Einleitung[8]	_	
2-17	216-221	legen	_	_	_	_	_	_	_	_	_	_	_	_	_	3. Unbegründet[7]	Gesamtthese[7]	Einleitung[8]	_	
2-18	221-222	.	_	_	_	_	_	_	_	_	_	_	_	_	_	3. Unbegründet[7]	Gesamtthese[7]	Einleitung[8]	_	

3-1	224-231	E-Fuels	1. Richtig[1]	1. Angemessen[1]	1. Verständlich[1]	*[1]	Lebensdauer/Verfügbarkeit vorhanden[1]	*[1]	Preis/Betrieb vorhanden[1]	*[1]	*[1]	*[1]	Contra A[1]	Pro B[1]	*[1]	_	_	Hauptteil[9]	1. Claim[10]	
3-2	232-236	sind	1. Richtig[1]	1. Angemessen[1]	1. Verständlich[1]	*[1]	Lebensdauer/Verfügbarkeit vorhanden[1]	*[1]	Preis/Betrieb vorhanden[1]	*[1]	*[1]	*[1]	Contra A[1]	Pro B[1]	*[1]	_	_	Hauptteil[9]	1. Claim[10]	
3-3	237-244	deshalb	1. Richtig[1]	1. Angemessen[1]	1. Verständlich[1]	*[1]	Lebensdauer/Verfügbarkeit vorhanden[1]	*[1]	Preis/Betrieb vorhanden[1]	*[1]	*[1]	*[1]	Contra A[1]	Pro B[1]	*[1]	_	_	Hauptteil[9]	1. Claim[10]	
3-4	245-249	eine	1. Richtig[1]	1. Angemessen[1]	1. Verständlich[1]	*[1]	Lebensdauer/Verfügbarkeit vorhanden[1]	*[1]	Preis/Betrieb vorhanden[1]	*[1]	*[1]	*[1]	Contra A[1]	Pro B[1]	*[1]	_	_	Hauptteil[9]	1. Claim[10]	
3-5	250-254	gute	1. Richtig[1]	1. Angemessen[1]	1. Verständlich[1]	*[1]	Lebensdauer/Verfügbarkeit vorhanden[1]	*[1]	Preis/Betrieb vorhanden[1]	*[1]	*[1]	*[1]	Contra A[1]	Pro B[1]	*[1]	_	_	Hauptteil[9]	1. Claim[10]	
3-6	255-259	Wahl	1. Richtig[1]	1. Angemessen[1]	1. Verständlich[1]	*[1]	Lebensdauer/Verfügbarkeit vorhanden[1]	*[1]	Preis/Betrieb vorhanden[1]	*[1]	*[1]	*[1]	Contra A[1]	Pro B[1]	*[1]	_	_	Hauptteil[9]	1. Claim[10]	
3-7	259-260	,	1. Richtig[1]	1. Angemessen[1]	1. Verständlich[1]	*[1]	Lebensdauer/Verfügbarkeit vorhanden[1]	*[1]	Preis/Betrieb vorhanden[1]	*[1]	*[1]	*[1]	Contra A[1]	Pro B[1]	*[1]	_	_	Hauptteil[9]	1. Claim[10]	
3-8	261-263	da	1. Richtig[1]	1. Angemessen[1]	1. Verständlich[1]	*[1]	Lebensdauer/Verfügbarkeit vorhanden[1]	*[1]	Preis/Betrieb vorhanden[1]	*[1]	*[1]	*[1]	Contra A[1]	Pro B[1]	*[1]	_	_	Hauptteil[9]	2. Data[11]	
3-9	264-267	sie	1. Richtig[1]	1. Angemessen[1]	1. Verständlich[1]	*[1]	Lebensdauer/Verfügbarkeit vorhanden[1]	*[1]	Preis/Betrieb vorhanden[1]	*[1]	*[1]	*[1]	Contra A[1]	Pro B[1]	*[1]	_	_	Hauptteil[9]	2. Data[11]	
3-10	268-278	massenhaft	1. Richtig[1]	1. Angemessen[1]	1. Verständlich[1]	*[1]	Lebensdauer/Verfügbarkeit vorhanden[1]	*[1]	Preis/Betrieb vorhanden[1]	*[1]	*[1]	*[1]	Contra A[1]	Pro B[1]	*[1]	_	_	Hauptteil[9]	2. Data[11]	
3-11	279-288	verfügbar	1. Richtig[1]	1. Angemessen[1]	1. Verständlich[1]	*[1]	Lebensdauer/Verfügbarkeit vorhanden[1]	*[1]	Preis/Betrieb vorhanden[1]	*[1]	*[1]	*[1]	Contra A[1]	Pro B[1]	*[1]	_	_	Hauptteil[9]	2. Data[11]	
3-12	289-293	sind	1. Richtig[1]	1. Angemessen[1]	1. Verständlich[1]	*[1]	Lebensdauer/Verfügbarkeit vorhanden[1]	*[1]	Preis/Betrieb vorhanden[1]	*[1]	*[1]	*[1]	Contra A[1]	Pro B[1]	*[1]	_	_	Hauptteil[9]	2. Data[11]	
3-13	293-294	,	1. Richtig[1]	1. Angemessen[1]	1. Verständlich[1]	*[1]	Lebensdauer/Verfügbarkeit vorhanden[1]	*[1]	Preis/Betrieb vorhanden[1]	*[1]	*[1]	*[1]	Contra A[1]	Pro B[1]	*[1]	_	_	Hauptteil[9]	2. Data[11]	
3-14	295-299	ganz	1. Richtig[1]	1. Angemessen[1]	1. Verständlich[1]	*[1]	Lebensdauer/Verfügbarkeit vorhanden[1]	*[1]	Preis/Betrieb vorhanden[1]	*[1]	*[1]	*[1]	Contra A[1]	Pro B[1]	*[1]	_	_	Hauptteil[9]	2. Data[11]	
3-15	300-302	im	1. Richtig[1]	1. Angemessen[1]	1. Verständlich[1]	*[1]	Lebensdauer/Verfügbarkeit vorhanden[1]	*[1]	Preis/Betrieb vorhanden[1]	*[1]	*[1]	*[1]	Contra A[1]	Pro B[1]	*[1]	_	_	Hauptteil[9]	2. Data[11]	
3-16	303-312	gegensatz	1. Richtig[1]	1. Angemessen[1]	1. Verständlich[1]	*[1]	Lebensdauer/Verfügbarkeit vorhanden[1]	*[1]	Preis/Betrieb vorhanden[1]	*[1]	*[1]	*[1]	Contra A[1]	Pro B[1]	*[1]	_	_	Hauptteil[9]	2. Data[11]	
3-17	313-315	zu	1. Richtig[1]	1. Angemessen[1]	1. Verständlich[1]	*[1]	Lebensdauer/Verfügbarkeit vorhanden[1]	*[1]	Preis/Betrieb vorhanden[1]	*[1]	*[1]	*[1]	Contra A[1]	Pro B[1]	*[1]	_	_	Hauptteil[9]	2. Data[11]	
3-18	316-327	Wasserstoff	1. Richtig[1]	1. Angemessen[1]	1. Verständlich[1]	*[1]	Lebensdauer/Verfügbarkeit vorhanden[1]	*[1]	Preis/Betrieb vorhanden[1]	*[1]	*[1]	*[1]	Contra A[1]	Pro B[1]	*[1]	_	_	Hauptteil[9]	2. Data[11]	
3-19	328-331	und	1. Richtig[1]	1. Angemessen[1]	1. Verständlich[1]	*[1]	Lebensdauer/Verfügbarkeit vorhanden[1]	*[1]	Preis/Betrieb vorhanden[1]	*[1]	*[1]	*[1]	Contra A[1]	Pro B[1]	*[1]	_	_	Hauptteil[9]	1. Claim[12]	
3-20	332-336	auch	1. Richtig[1]	1. Angemessen[1]	1. Verständlich[1]	*[1]	Lebensdauer/Verfügbarkeit vorhanden[1]	*[1]	Preis/Betrieb vorhanden[1]	*[1]	*[1]	*[1]	Contra A[1]	Pro B[1]	*[1]	_	_	Hauptteil[9]	1. Claim[12]	
3-21	337-341	eine	1. Richtig[1]	1. Angemessen[1]	1. Verständlich[1]	*[1]	Lebensdauer/Verfügbarkeit vorhanden[1]	*[1]	Preis/Betrieb vorhanden[1]	*[1]	*[1]	*[1]	Contra A[1]	Pro B[1]	*[1]	_	_	Hauptteil[9]	1. Claim[12]	
3-22	342-352	Reichweite	1. Richtig[1]	1. Angemessen[1]	1. Verständlich[1]	*[1]	Lebensdauer/Verfügbarkeit vorhanden[1]	*[1]	Preis/Betrieb vorhanden[1]	*[1]	*[1]	*[1]	Contra A[1]	Pro B[1]	*[1]	_	_	Hauptteil[9]	1. Claim[12]	
3-23	353-360	ähnlich	1. Richtig[1]	1. Angemessen[1]	1. Verständlich[1]	*[1]	Lebensdauer/Verfügbarkeit vorhanden[1]	*[1]	Preis/Betrieb vorhanden[1]	*[1]	*[1]	*[1]	Contra A[1]	Pro B[1]	*[1]	_	_	Hauptteil[9]	1. Claim[12]	
3-24	361-363	zu	1. Richtig[1]	1. Angemessen[1]	1. Verständlich[1]	*[1]	Lebensdauer/Verfügbarkeit vorhanden[1]	*[1]	Preis/Betrieb vorhanden[1]	*[1]	*[1]	*[1]	Contra A[1]	Pro B[1]	*[1]	_	_	Hauptteil[9]	1. Claim[12]	
3-25	364-370	Benzin	1. Richtig[1]	1. Angemessen[1]	1. Verständlich[1]	*[1]	Lebensdauer/Verfügbarkeit vorhanden[1]	*[1]	Preis/Betrieb vorhanden[1]	*[1]	*[1]	*[1]	Contra A[1]	Pro B[1]	*[1]	_	_	Hauptteil[9]	1. Claim[12]	
3-26	371-376	haben	1. Richtig[1]	1. Angemessen[1]	1. Verständlich[1]	*[1]	Lebensdauer/Verfügbarkeit vorhanden[1]	*[1]	Preis/Betrieb vorhanden[1]	*[1]	*[1]	*[1]	Contra A[1]	Pro B[1]	*[1]	_	_	Hauptteil[9]	1. Claim[12]	
3-27	376-377	.	1. Richtig[1]	1. Angemessen[1]	1. Verständlich[1]	*[1]	Lebensdauer/Verfügbarkeit vorhanden[1]	*[1]	Preis/Betrieb vorhanden[1]	*[1]	*[1]	*[1]	Contra A[1]	Pro B[1]	*[1]	_	_	Hauptteil[9]	1. Claim[12]	

4-1	379-382	Der	1. Richtig[2]	1. Angemessen[2]	1. Verständlich[2]	*[2]	*[2]	*[2]	*[2]	*[2]	Treibhausgasemissionen vorhanden[2]	Wirkungsgrad vorhanden[2]	*[2]	Unklar B[2]	*[2]	_	_	Hauptteil[9]	2. Data[13]	
4-2	383-401	GEsamtwirkungsgrad	1. Richtig[2]	1. Angemessen[2]	1. Verständlich[2]	*[2]	*[2]	*[2]	*[2]	*[2]	Treibhausgasemissionen vorhanden[2]	Wirkungsgrad vorhanden[2]	*[2]	Unklar B[2]	*[2]	_	_	Hauptteil[9]	2. Data[13]	
4-3	401-402	,	1. Richtig[2]	1. Angemessen[2]	1. Verständlich[2]	*[2]	*[2]	*[2]	*[2]	*[2]	Treibhausgasemissionen vorhanden[2]	Wirkungsgrad vorhanden[2]	*[2]	Unklar B[2]	*[2]	_	_	Hauptteil[9]	2. Data[13]	
4-4	403-407	also	1. Richtig[2]	1. Angemessen[2]	1. Verständlich[2]	*[2]	*[2]	*[2]	*[2]	*[2]	Treibhausgasemissionen vorhanden[2]	Wirkungsgrad vorhanden[2]	*[2]	Unklar B[2]	*[2]	_	_	Hauptteil[9]	2. Data[13]	
4-5	408-411	wie	1. Richtig[2]	1. Angemessen[2]	1. Verständlich[2]	*[2]	*[2]	*[2]	*[2]	*[2]	Treibhausgasemissionen vorhanden[2]	Wirkungsgrad vorhanden[2]	*[2]	Unklar B[2]	*[2]	_	_	Hauptteil[9]	2. Data[13]	
4-6	412-416	viel	1. Richtig[2]	1. Angemessen[2]	1. Verständlich[2]	*[2]	*[2]	*[2]	*[2]	*[2]	Treibhausgasemissionen vorhanden[2]	Wirkungsgrad vorhanden[2]	*[2]	Unklar B[2]	*[2]	_	_	Hauptteil[9]	2. Data[13]	
4-7	417-424	Energie	1. Richtig[2]	1. Angemessen[2]	1. Verständlich[2]	*[2]	*[2]	*[2]	*[2]	*[2]	Treibhausgasemissionen vorhanden[2]	Wirkungsgrad vorhanden[2]	*[2]	Unklar B[2]	*[2]	_	_	Hauptteil[9]	2. Data[13]	
4-8	425-432	nutzbar	1. Richtig[2]	1. Angemessen[2]	1. Verständlich[2]	*[2]	*[2]	*[2]	*[2]	*[2]	Treibhausgasemissionen vorhanden[2]	Wirkungsgrad vorhanden[2]	*[2]	Unklar B[2]	*[2]	_	_	Hauptteil[9]	2. Data[13]	
4-9	433-444	umgewandelt	1. Richtig[2]	1. Angemessen[2]	1. Verständlich[2]	*[2]	*[2]	*[2]	*[2]	*[2]	Treibhausgasemissionen vorhanden[2]	Wirkungsgrad vorhanden[2]	*[2]	Unklar B[2]	*[2]	_	_	Hauptteil[9]	2. Data[13]	
4-10	445-449	wird	1. Richtig[2]	1. Angemessen[2]	1. Verständlich[2]	*[2]	*[2]	*[2]	*[2]	*[2]	Treibhausgasemissionen vorhanden[2]	Wirkungsgrad vorhanden[2]	*[2]	Unklar B[2]	*[2]	_	_	Hauptteil[9]	2. Data[13]	
4-11	449-450	,	1. Richtig[2]	1. Angemessen[2]	1. Verständlich[2]	*[2]	*[2]	*[2]	*[2]	*[2]	Treibhausgasemissionen vorhanden[2]	Wirkungsgrad vorhanden[2]	*[2]	Unklar B[2]	*[2]	_	_	Hauptteil[9]	2. Data[13]	
4-12	451-454	ist	1. Richtig[2]	1. Angemessen[2]	1. Verständlich[2]	*[2]	*[2]	*[2]	*[2]	*[2]	Treibhausgasemissionen vorhanden[2]	Wirkungsgrad vorhanden[2]	*[2]	Unklar B[2]	*[2]	_	_	Hauptteil[9]	2. Data[13]	
4-13	455-459	zwar	1. Richtig[2]	1. Angemessen[2]	1. Verständlich[2]	*[2]	*[2]	*[2]	*[2]	*[2]	Treibhausgasemissionen vorhanden[2]	Wirkungsgrad vorhanden[2]	*[2]	Unklar B[2]	*[2]	_	_	Hauptteil[9]	2. Data[13]	
4-14	460-462	im	1. Richtig[2]	1. Angemessen[2]	1. Verständlich[2]	*[2]	*[2]	*[2]	*[2]	*[2]	Treibhausgasemissionen vorhanden[2]	Wirkungsgrad vorhanden[2]	*[2]	Unklar B[2]	*[2]	_	_	Hauptteil[9]	2. Data[13]	
4-15	463-472	Vergleich	1. Richtig[2]	1. Angemessen[2]	1. Verständlich[2]	*[2]	*[2]	*[2]	*[2]	*[2]	Treibhausgasemissionen vorhanden[2]	Wirkungsgrad vorhanden[2]	*[2]	Unklar B[2]	*[2]	_	_	Hauptteil[9]	2. Data[13]	
4-16	473-478	geing	1. Richtig[2]	1. Angemessen[2]	1. Verständlich[2]	*[2]	*[2]	*[2]	*[2]	*[2]	Treibhausgasemissionen vorhanden[2]	Wirkungsgrad vorhanden[2]	*[2]	Unklar B[2]	*[2]	_	_	Hauptteil[9]	2. Data[13]	
4-17	478-479	,	1. Richtig[2]	1. Angemessen[2]	1. Verständlich[2]	*[2]	*[2]	*[2]	*[2]	*[2]	Treibhausgasemissionen vorhanden[2]	Wirkungsgrad vorhanden[2]	*[2]	Unklar B[2]	*[2]	_	_	Hauptteil[9]	2. Data[13]	
4-18	480-484	doch	1. Richtig[2]	1. Angemessen[2]	1. Verständlich[2]	*[2]	*[2]	*[2]	*[2]	*[2]	Treibhausgasemissionen vorhanden[2]	Wirkungsgrad vorhanden[2]	*[2]	Unklar B[2]	*[2]	_	_	Hauptteil[9]	4. Rebuttal[14]	
4-19	485-489	wird	1. Richtig[2]	1. Angemessen[2]	1. Verständlich[2]	*[2]	*[2]	*[2]	*[2]	*[2]	Treibhausgasemissionen vorhanden[2]	Wirkungsgrad vorhanden[2]	*[2]	Unklar B[2]	*[2]	_	_	Hauptteil[9]	4. Rebuttal[14]	
4-20	490-493	bei	1. Richtig[2]	1. Angemessen[2]	1. Verständlich[2]	*[2]	*[2]	*[2]	*[2]	*[2]	Treibhausgasemissionen vorhanden[2]	Wirkungsgrad vorhanden[2]	*[2]	Unklar B[2]	*[2]	_	_	Hauptteil[9]	4. Rebuttal[14]	
4-21	494-497	der	1. Richtig[2]	1. Angemessen[2]	1. Verständlich[2]	*[2]	*[2]	*[2]	*[2]	*[2]	Treibhausgasemissionen vorhanden[2]	Wirkungsgrad vorhanden[2]	*[2]	Unklar B[2]	*[2]	_	_	Hauptteil[9]	4. Rebuttal[14]	
4-22	498-509	Herstellung	1. Richtig[2]	1. Angemessen[2]	1. Verständlich[2]	*[2]	*[2]	*[2]	*[2]	*[2]	Treibhausgasemissionen vorhanden[2]	Wirkungsgrad vorhanden[2]	*[2]	Unklar B[2]	*[2]	_	_	Hauptteil[9]	4. Rebuttal[14]	
4-23	510-514	auch	1. Richtig[2]	1. Angemessen[2]	1. Verständlich[2]	*[2]	*[2]	*[2]	*[2]	*[2]	Treibhausgasemissionen vorhanden[2]	Wirkungsgrad vorhanden[2]	*[2]	Unklar B[2]	*[2]	_	_	Hauptteil[9]	4. Rebuttal[14]	
4-24	515-522	weniger	1. Richtig[2]	1. Angemessen[2]	1. Verständlich[2]	*[2]	*[2]	*[2]	*[2]	*[2]	Treibhausgasemissionen vorhanden[2]	Wirkungsgrad vorhanden[2]	*[2]	Unklar B[2]	*[2]	_	_	Hauptteil[9]	4. Rebuttal[14]	
4-25	523-526	CO2	1. Richtig[2]	1. Angemessen[2]	1. Verständlich[2]	*[2]	*[2]	*[2]	*[2]	*[2]	Treibhausgasemissionen vorhanden[2]	Wirkungsgrad vorhanden[2]	*[2]	Unklar B[2]	*[2]	_	_	Hauptteil[9]	4. Rebuttal[14]	
4-26	527-538	ausgestoßen	1. Richtig[2]	1. Angemessen[2]	1. Verständlich[2]	*[2]	*[2]	*[2]	*[2]	*[2]	Treibhausgasemissionen vorhanden[2]	Wirkungsgrad vorhanden[2]	*[2]	Unklar B[2]	*[2]	_	_	Hauptteil[9]	4. Rebuttal[14]	
4-27	538-539	.	1. Richtig[2]	1. Angemessen[2]	1. Verständlich[2]	*[2]	*[2]	*[2]	*[2]	*[2]	Treibhausgasemissionen vorhanden[2]	Wirkungsgrad vorhanden[2]	*[2]	Unklar B[2]	*[2]	_	_	Hauptteil[9]	4. Rebuttal[14]	

5-1	541-544	Was	1. Richtig[3]	1. Angemessen[3]	1. Verständlich[3]	*[3]	*[3]	*[3]	Preis/Betrieb vorhanden[3]	*[3]	*[3]	*[3]	*[3]	Pro B[3]	Contra C[3]	_	_	Hauptteil[9]	1. Claim[15]	
5-2	545-548	des	1. Richtig[3]	1. Angemessen[3]	1. Verständlich[3]	*[3]	*[3]	*[3]	Preis/Betrieb vorhanden[3]	*[3]	*[3]	*[3]	*[3]	Pro B[3]	Contra C[3]	_	_	Hauptteil[9]	1. Claim[15]	
5-3	549-557	weiteren	1. Richtig[3]	1. Angemessen[3]	1. Verständlich[3]	*[3]	*[3]	*[3]	Preis/Betrieb vorhanden[3]	*[3]	*[3]	*[3]	*[3]	Pro B[3]	Contra C[3]	_	_	Hauptteil[9]	1. Claim[15]	
5-4	558-561	für	1. Richtig[3]	1. Angemessen[3]	1. Verständlich[3]	*[3]	*[3]	*[3]	Preis/Betrieb vorhanden[3]	*[3]	*[3]	*[3]	*[3]	Pro B[3]	Contra C[3]	_	_	Hauptteil[9]	1. Claim[15]	
5-5	562-569	E-Fuels	1. Richtig[3]	1. Angemessen[3]	1. Verständlich[3]	*[3]	*[3]	*[3]	Preis/Betrieb vorhanden[3]	*[3]	*[3]	*[3]	*[3]	Pro B[3]	Contra C[3]	_	_	Hauptteil[9]	1. Claim[15]	
5-6	570-577	spricht	1. Richtig[3]	1. Angemessen[3]	1. Verständlich[3]	*[3]	*[3]	*[3]	Preis/Betrieb vorhanden[3]	*[3]	*[3]	*[3]	*[3]	Pro B[3]	Contra C[3]	_	_	Hauptteil[9]	1. Claim[15]	
5-7	577-578	,	1. Richtig[3]	1. Angemessen[3]	1. Verständlich[3]	*[3]	*[3]	*[3]	Preis/Betrieb vorhanden[3]	*[3]	*[3]	*[3]	*[3]	Pro B[3]	Contra C[3]	_	_	Hauptteil[9]	1. Claim[15]	
5-8	579-582	ist	1. Richtig[3]	1. Angemessen[3]	1. Verständlich[3]	*[3]	*[3]	*[3]	Preis/Betrieb vorhanden[3]	*[3]	*[3]	*[3]	*[3]	Pro B[3]	Contra C[3]	_	_	Hauptteil[9]	2. Data[16]	
5-9	583-587	dass	1. Richtig[3]	1. Angemessen[3]	1. Verständlich[3]	*[3]	*[3]	*[3]	Preis/Betrieb vorhanden[3]	*[3]	*[3]	*[3]	*[3]	Pro B[3]	Contra C[3]	_	_	Hauptteil[9]	2. Data[16]	
5-10	588-591	die	1. Richtig[3]	1. Angemessen[3]	1. Verständlich[3]	*[3]	*[3]	*[3]	Preis/Betrieb vorhanden[3]	*[3]	*[3]	*[3]	*[3]	Pro B[3]	Contra C[3]	_	_	Hauptteil[9]	2. Data[16]	
5-11	592-601	Tankdauer	1. Richtig[3]	1. Angemessen[3]	1. Verständlich[3]	*[3]	*[3]	*[3]	Preis/Betrieb vorhanden[3]	*[3]	*[3]	*[3]	*[3]	Pro B[3]	Contra C[3]	_	_	Hauptteil[9]	2. Data[16]	
5-12	601-602	,	1. Richtig[3]	1. Angemessen[3]	1. Verständlich[3]	*[3]	*[3]	*[3]	Preis/Betrieb vorhanden[3]	*[3]	*[3]	*[3]	*[3]	Pro B[3]	Contra C[3]	_	_	Hauptteil[9]	2. Data[16]	
5-13	603-609	anders	1. Richtig[3]	1. Angemessen[3]	1. Verständlich[3]	*[3]	*[3]	*[3]	Preis/Betrieb vorhanden[3]	*[3]	*[3]	*[3]	*[3]	Pro B[3]	Contra C[3]	_	_	Hauptteil[9]	2. Data[16]	
5-14	610-613	als	1. Richtig[3]	1. Angemessen[3]	1. Verständlich[3]	*[3]	*[3]	*[3]	Preis/Betrieb vorhanden[3]	*[3]	*[3]	*[3]	*[3]	Pro B[3]	Contra C[3]	_	_	Hauptteil[9]	2. Data[16]	
5-15	614-617	bei	1. Richtig[3]	1. Angemessen[3]	1. Verständlich[3]	*[3]	*[3]	*[3]	Preis/Betrieb vorhanden[3]	*[3]	*[3]	*[3]	*[3]	Pro B[3]	Contra C[3]	_	_	Hauptteil[9]	2. Data[16]	
5-16	618-631	Akkumulatoren	1. Richtig[3]	1. Angemessen[3]	1. Verständlich[3]	*[3]	*[3]	*[3]	Preis/Betrieb vorhanden[3]	*[3]	*[3]	*[3]	*[3]	Pro B[3]	Contra C[3]	_	_	Hauptteil[9]	2. Data[16]	
5-17	631-632	,	1. Richtig[3]	1. Angemessen[3]	1. Verständlich[3]	*[3]	*[3]	*[3]	Preis/Betrieb vorhanden[3]	*[3]	*[3]	*[3]	*[3]	Pro B[3]	Contra C[3]	_	_	Hauptteil[9]	2. Data[16]	
5-18	633-640	ähnlich	1. Richtig[3]	1. Angemessen[3]	1. Verständlich[3]	*[3]	*[3]	*[3]	Preis/Betrieb vorhanden[3]	*[3]	*[3]	*[3]	*[3]	Pro B[3]	Contra C[3]	_	_	Hauptteil[9]	2. Data[16]	
5-19	641-645	lang	1. Richtig[3]	1. Angemessen[3]	1. Verständlich[3]	*[3]	*[3]	*[3]	Preis/Betrieb vorhanden[3]	*[3]	*[3]	*[3]	*[3]	Pro B[3]	Contra C[3]	_	_	Hauptteil[9]	2. Data[16]	
5-20	646-649	wie	1. Richtig[3]	1. Angemessen[3]	1. Verständlich[3]	*[3]	*[3]	*[3]	Preis/Betrieb vorhanden[3]	*[3]	*[3]	*[3]	*[3]	Pro B[3]	Contra C[3]	_	_	Hauptteil[9]	2. Data[16]	
5-21	650-653	bei	1. Richtig[3]	1. Angemessen[3]	1. Verständlich[3]	*[3]	*[3]	*[3]	Preis/Betrieb vorhanden[3]	*[3]	*[3]	*[3]	*[3]	Pro B[3]	Contra C[3]	_	_	Hauptteil[9]	2. Data[16]	
5-22	654-671	benzinbetriebenen	1. Richtig[3]	1. Angemessen[3]	1. Verständlich[3]	*[3]	*[3]	*[3]	Preis/Betrieb vorhanden[3]	*[3]	*[3]	*[3]	*[3]	Pro B[3]	Contra C[3]	_	_	Hauptteil[9]	2. Data[16]	
5-23	672-682	Fahrzeugen	1. Richtig[3]	1. Angemessen[3]	1. Verständlich[3]	*[3]	*[3]	*[3]	Preis/Betrieb vorhanden[3]	*[3]	*[3]	*[3]	*[3]	Pro B[3]	Contra C[3]	_	_	Hauptteil[9]	2. Data[16]	
5-24	683-686	ist	1. Richtig[3]	1. Angemessen[3]	1. Verständlich[3]	*[3]	*[3]	*[3]	Preis/Betrieb vorhanden[3]	*[3]	*[3]	*[3]	*[3]	Pro B[3]	Contra C[3]	_	_	Hauptteil[9]	2. Data[16]	
5-25	686-687	.	1. Richtig[3]	1. Angemessen[3]	1. Verständlich[3]	*[3]	*[3]	*[3]	Preis/Betrieb vorhanden[3]	*[3]	*[3]	*[3]	*[3]	Pro B[3]	Contra C[3]	_	_	Hauptteil[9]	2. Data[16]	

6-1	689-692	Das	1. Richtig[3]	1. Angemessen[3]	1. Verständlich[3]	*[3]	*[3]	*[3]	Preis/Betrieb vorhanden[3]	*[3]	*[3]	*[3]	*[3]	Pro B[3]	Contra C[3]	_	_	Hauptteil[9]	3. Warrant[17]	
6-2	693-696	ist	1. Richtig[3]	1. Angemessen[3]	1. Verständlich[3]	*[3]	*[3]	*[3]	Preis/Betrieb vorhanden[3]	*[3]	*[3]	*[3]	*[3]	Pro B[3]	Contra C[3]	_	_	Hauptteil[9]	3. Warrant[17]	
6-3	697-703	gerade	1. Richtig[3]	1. Angemessen[3]	1. Verständlich[3]	*[3]	*[3]	*[3]	Preis/Betrieb vorhanden[3]	*[3]	*[3]	*[3]	*[3]	Pro B[3]	Contra C[3]	_	_	Hauptteil[9]	3. Warrant[17]	
6-4	704-706	in	1. Richtig[3]	1. Angemessen[3]	1. Verständlich[3]	*[3]	*[3]	*[3]	Preis/Betrieb vorhanden[3]	*[3]	*[3]	*[3]	*[3]	Pro B[3]	Contra C[3]	_	_	Hauptteil[9]	3. Warrant[17]	
6-5	707-712	einer	1. Richtig[3]	1. Angemessen[3]	1. Verständlich[3]	*[3]	*[3]	*[3]	Preis/Betrieb vorhanden[3]	*[3]	*[3]	*[3]	*[3]	Pro B[3]	Contra C[3]	_	_	Hauptteil[9]	3. Warrant[17]	
6-6	713-717	Zeit	1. Richtig[3]	1. Angemessen[3]	1. Verständlich[3]	*[3]	*[3]	*[3]	Preis/Betrieb vorhanden[3]	*[3]	*[3]	*[3]	*[3]	Pro B[3]	Contra C[3]	_	_	Hauptteil[9]	3. Warrant[17]	
6-7	717-718	,	1. Richtig[3]	1. Angemessen[3]	1. Verständlich[3]	*[3]	*[3]	*[3]	Preis/Betrieb vorhanden[3]	*[3]	*[3]	*[3]	*[3]	Pro B[3]	Contra C[3]	_	_	Hauptteil[9]	3. Warrant[17]	
6-8	719-721	in	1. Richtig[3]	1. Angemessen[3]	1. Verständlich[3]	*[3]	*[3]	*[3]	Preis/Betrieb vorhanden[3]	*[3]	*[3]	*[3]	*[3]	Pro B[3]	Contra C[3]	_	_	Hauptteil[9]	3. Warrant[17]	
6-9	722-725	der	1. Richtig[3]	1. Angemessen[3]	1. Verständlich[3]	*[3]	*[3]	*[3]	Preis/Betrieb vorhanden[3]	*[3]	*[3]	*[3]	*[3]	Pro B[3]	Contra C[3]	_	_	Hauptteil[9]	3. Warrant[17]	
6-10	726-730	Zeit	1. Richtig[3]	1. Angemessen[3]	1. Verständlich[3]	*[3]	*[3]	*[3]	Preis/Betrieb vorhanden[3]	*[3]	*[3]	*[3]	*[3]	Pro B[3]	Contra C[3]	_	_	Hauptteil[9]	3. Warrant[17]	
6-11	731-734	rar	1. Richtig[3]	1. Angemessen[3]	1. Verständlich[3]	*[3]	*[3]	*[3]	Preis/Betrieb vorhanden[3]	*[3]	*[3]	*[3]	*[3]	Pro B[3]	Contra C[3]	_	_	Hauptteil[9]	3. Warrant[17]	
6-12	735-738	ist	1. Richtig[3]	1. Angemessen[3]	1. Verständlich[3]	*[3]	*[3]	*[3]	Preis/Betrieb vorhanden[3]	*[3]	*[3]	*[3]	*[3]	Pro B[3]	Contra C[3]	_	_	Hauptteil[9]	3. Warrant[17]	
6-13	738-739	,	1. Richtig[3]	1. Angemessen[3]	1. Verständlich[3]	*[3]	*[3]	*[3]	Preis/Betrieb vorhanden[3]	*[3]	*[3]	*[3]	*[3]	Pro B[3]	Contra C[3]	_	_	Hauptteil[9]	3. Warrant[17]	
6-14	740-743	von	1. Richtig[3]	1. Angemessen[3]	1. Verständlich[3]	*[3]	*[3]	*[3]	Preis/Betrieb vorhanden[3]	*[3]	*[3]	*[3]	*[3]	Pro B[3]	Contra C[3]	_	_	Hauptteil[9]	3. Warrant[17]	
6-15	744-753	Bedeutung	1. Richtig[3]	1. Angemessen[3]	1. Verständlich[3]	*[3]	*[3]	*[3]	Preis/Betrieb vorhanden[3]	*[3]	*[3]	*[3]	*[3]	Pro B[3]	Contra C[3]	_	_	Hauptteil[9]	3. Warrant[17]	
6-16	753-754	.	1. Richtig[3]	1. Angemessen[3]	1. Verständlich[3]	*[3]	*[3]	*[3]	Preis/Betrieb vorhanden[3]	*[3]	*[3]	*[3]	*[3]	Pro B[3]	Contra C[3]	_	_	Hauptteil[9]	3. Warrant[17]	

7-1	756-759	Der	3. Nicht zutreffend[4]	3. Nicht zutreffend[4]	1. Verständlich[4]	*[4]	*[4]	Emissionen vorhanden[4]	*[4]	*[4]	*[4]	*[4]	*[4]	Pro B[4]	Pro C[4]	_	_	Hauptteil[9]	2. Data[18]	
7-2	760-764	beim	3. Nicht zutreffend[4]	3. Nicht zutreffend[4]	1. Verständlich[4]	*[4]	*[4]	Emissionen vorhanden[4]	*[4]	*[4]	*[4]	*[4]	*[4]	Pro B[4]	Pro C[4]	_	_	Hauptteil[9]	2. Data[18]	
7-3	765-771	Fahren	3. Nicht zutreffend[4]	3. Nicht zutreffend[4]	1. Verständlich[4]	*[4]	*[4]	Emissionen vorhanden[4]	*[4]	*[4]	*[4]	*[4]	*[4]	Pro B[4]	Pro C[4]	_	_	Hauptteil[9]	2. Data[18]	
7-4	772-780	erzeugte	3. Nicht zutreffend[4]	3. Nicht zutreffend[4]	1. Verständlich[4]	*[4]	*[4]	Emissionen vorhanden[4]	*[4]	*[4]	*[4]	*[4]	*[4]	Pro B[4]	Pro C[4]	_	_	Hauptteil[9]	2. Data[18]	
7-5	781-794	Geräuschpegel	3. Nicht zutreffend[4]	3. Nicht zutreffend[4]	1. Verständlich[4]	*[4]	*[4]	Emissionen vorhanden[4]	*[4]	*[4]	*[4]	*[4]	*[4]	Pro B[4]	Pro C[4]	_	_	Hauptteil[9]	2. Data[18]	
7-6	795-798	ist	3. Nicht zutreffend[4]	3. Nicht zutreffend[4]	1. Verständlich[4]	*[4]	*[4]	Emissionen vorhanden[4]	*[4]	*[4]	*[4]	*[4]	*[4]	Pro B[4]	Pro C[4]	_	_	Hauptteil[9]	2. Data[18]	
7-7	799-804	zudem	3. Nicht zutreffend[4]	3. Nicht zutreffend[4]	1. Verständlich[4]	*[4]	*[4]	Emissionen vorhanden[4]	*[4]	*[4]	*[4]	*[4]	*[4]	Pro B[4]	Pro C[4]	_	_	Hauptteil[9]	2. Data[18]	
7-8	805-812	ähnlich	3. Nicht zutreffend[4]	3. Nicht zutreffend[4]	1. Verständlich[4]	*[4]	*[4]	Emissionen vorhanden[4]	*[4]	*[4]	*[4]	*[4]	*[4]	Pro B[4]	Pro C[4]	_	_	Hauptteil[9]	2. Data[18]	
7-9	813-815	zu	3. Nicht zutreffend[4]	3. Nicht zutreffend[4]	1. Verständlich[4]	*[4]	*[4]	Emissionen vorhanden[4]	*[4]	*[4]	*[4]	*[4]	*[4]	Pro B[4]	Pro C[4]	_	_	Hauptteil[9]	2. Data[18]	
7-10	816-819	dem	3. Nicht zutreffend[4]	3. Nicht zutreffend[4]	1. Verständlich[4]	*[4]	*[4]	Emissionen vorhanden[4]	*[4]	*[4]	*[4]	*[4]	*[4]	Pro B[4]	Pro C[4]	_	_	Hauptteil[9]	2. Data[18]	
7-11	820-825	eines	3. Nicht zutreffend[4]	3. Nicht zutreffend[4]	1. Verständlich[4]	*[4]	*[4]	Emissionen vorhanden[4]	*[4]	*[4]	*[4]	*[4]	*[4]	Pro B[4]	Pro C[4]	_	_	Hauptteil[9]	2. Data[18]	
7-12	826-833	E-Autos	3. Nicht zutreffend[4]	3. Nicht zutreffend[4]	1. Verständlich[4]	*[4]	*[4]	Emissionen vorhanden[4]	*[4]	*[4]	*[4]	*[4]	*[4]	Pro B[4]	Pro C[4]	_	_	Hauptteil[9]	2. Data[18]	
7-13	834-837	und	3. Nicht zutreffend[4]	3. Nicht zutreffend[4]	1. Verständlich[4]	*[4]	*[4]	Emissionen vorhanden[4]	*[4]	*[4]	*[4]	*[4]	*[4]	Pro B[4]	Pro C[4]	_	_	Hauptteil[9]	1. Claim[19]	
7-14	838-843	liegt	3. Nicht zutreffend[4]	3. Nicht zutreffend[4]	1. Verständlich[4]	*[4]	*[4]	Emissionen vorhanden[4]	*[4]	*[4]	*[4]	*[4]	*[4]	Pro B[4]	Pro C[4]	_	_	Hauptteil[9]	1. Claim[19]	
7-15	844-849	unter	3. Nicht zutreffend[4]	3. Nicht zutreffend[4]	1. Verständlich[4]	*[4]	*[4]	Emissionen vorhanden[4]	*[4]	*[4]	*[4]	*[4]	*[4]	Pro B[4]	Pro C[4]	_	_	Hauptteil[9]	1. Claim[19]	
7-16	850-853	dem	3. Nicht zutreffend[4]	3. Nicht zutreffend[4]	1. Verständlich[4]	*[4]	*[4]	Emissionen vorhanden[4]	*[4]	*[4]	*[4]	*[4]	*[4]	Pro B[4]	Pro C[4]	_	_	Hauptteil[9]	1. Claim[19]	
7-17	854-859	eines	3. Nicht zutreffend[4]	3. Nicht zutreffend[4]	1. Verständlich[4]	*[4]	*[4]	Emissionen vorhanden[4]	*[4]	*[4]	*[4]	*[4]	*[4]	Pro B[4]	Pro C[4]	_	_	Hauptteil[9]	1. Claim[19]	
7-18	860-868	normalen	3. Nicht zutreffend[4]	3. Nicht zutreffend[4]	1. Verständlich[4]	*[4]	*[4]	Emissionen vorhanden[4]	*[4]	*[4]	*[4]	*[4]	*[4]	Pro B[4]	Pro C[4]	_	_	Hauptteil[9]	1. Claim[19]	
7-19	869-880	Verbrenners	3. Nicht zutreffend[4]	3. Nicht zutreffend[4]	1. Verständlich[4]	*[4]	*[4]	Emissionen vorhanden[4]	*[4]	*[4]	*[4]	*[4]	*[4]	Pro B[4]	Pro C[4]	_	_	Hauptteil[9]	1. Claim[19]	
7-20	880-881	.	3. Nicht zutreffend[4]	3. Nicht zutreffend[4]	1. Verständlich[4]	*[4]	*[4]	Emissionen vorhanden[4]	*[4]	*[4]	*[4]	*[4]	*[4]	Pro B[4]	Pro C[4]	_	_	Hauptteil[9]	1. Claim[19]	

8-1	883-886	Man	3. Nicht zutreffend[5]	1. Angemessen[5]	1. Verständlich[5]	*[5]	*[5]	*[5]	*[5]	Sonstiges vorhanden[5]	*[5]	Wirkungsgrad vorhanden[5]	*[5]	Unklar B[5]	*[5]	_	_	Hauptteil[9]	1. Claim[20]	
8-2	887-893	sollte	3. Nicht zutreffend[5]	1. Angemessen[5]	1. Verständlich[5]	*[5]	*[5]	*[5]	*[5]	Sonstiges vorhanden[5]	*[5]	Wirkungsgrad vorhanden[5]	*[5]	Unklar B[5]	*[5]	_	_	Hauptteil[9]	1. Claim[20]	
8-3	894-902	außerdem	3. Nicht zutreffend[5]	1. Angemessen[5]	1. Verständlich[5]	*[5]	*[5]	*[5]	*[5]	Sonstiges vorhanden[5]	*[5]	Wirkungsgrad vorhanden[5]	*[5]	Unklar B[5]	*[5]	_	_	Hauptteil[9]	1. Claim[20]	
8-4	903-918	berücksichtigen	3. Nicht zutreffend[5]	1. Angemessen[5]	1. Verständlich[5]	*[5]	*[5]	*[5]	*[5]	Sonstiges vorhanden[5]	*[5]	Wirkungsgrad vorhanden[5]	*[5]	Unklar B[5]	*[5]	_	_	Hauptteil[9]	1. Claim[20]	
8-5	918-919	,	3. Nicht zutreffend[5]	1. Angemessen[5]	1. Verständlich[5]	*[5]	*[5]	*[5]	*[5]	Sonstiges vorhanden[5]	*[5]	Wirkungsgrad vorhanden[5]	*[5]	Unklar B[5]	*[5]	_	_	Hauptteil[9]	1. Claim[20]	
8-6	920-924	dass	3. Nicht zutreffend[5]	1. Angemessen[5]	1. Verständlich[5]	*[5]	*[5]	*[5]	*[5]	Sonstiges vorhanden[5]	*[5]	Wirkungsgrad vorhanden[5]	*[5]	Unklar B[5]	*[5]	_	_	Hauptteil[9]	1. Claim[20]	
8-7	925-928	die	3. Nicht zutreffend[5]	1. Angemessen[5]	1. Verständlich[5]	*[5]	*[5]	*[5]	*[5]	Sonstiges vorhanden[5]	*[5]	Wirkungsgrad vorhanden[5]	*[5]	Unklar B[5]	*[5]	_	_	Hauptteil[9]	1. Claim[20]	
8-8	929-938	Forschung	3. Nicht zutreffend[5]	1. Angemessen[5]	1. Verständlich[5]	*[5]	*[5]	*[5]	*[5]	Sonstiges vorhanden[5]	*[5]	Wirkungsgrad vorhanden[5]	*[5]	Unklar B[5]	*[5]	_	_	Hauptteil[9]	1. Claim[20]	
8-9	939-949	sicherlich	3. Nicht zutreffend[5]	1. Angemessen[5]	1. Verständlich[5]	*[5]	*[5]	*[5]	*[5]	Sonstiges vorhanden[5]	*[5]	Wirkungsgrad vorhanden[5]	*[5]	Unklar B[5]	*[5]	_	_	Hauptteil[9]	1. Claim[20]	
8-10	950-954	noch	3. Nicht zutreffend[5]	1. Angemessen[5]	1. Verständlich[5]	*[5]	*[5]	*[5]	*[5]	Sonstiges vorhanden[5]	*[5]	Wirkungsgrad vorhanden[5]	*[5]	Unklar B[5]	*[5]	_	_	Hauptteil[9]	1. Claim[20]	
8-11	955-967	Fortschritte	3. Nicht zutreffend[5]	1. Angemessen[5]	1. Verständlich[5]	*[5]	*[5]	*[5]	*[5]	Sonstiges vorhanden[5]	*[5]	Wirkungsgrad vorhanden[5]	*[5]	Unklar B[5]	*[5]	_	_	Hauptteil[9]	1. Claim[20]	
8-12	968-974	machen	3. Nicht zutreffend[5]	1. Angemessen[5]	1. Verständlich[5]	*[5]	*[5]	*[5]	*[5]	Sonstiges vorhanden[5]	*[5]	Wirkungsgrad vorhanden[5]	*[5]	Unklar B[5]	*[5]	_	_	Hauptteil[9]	1. Claim[20]	
8-13	975-979	wird	3. Nicht zutreffend[5]	1. Angemessen[5]	1. Verständlich[5]	*[5]	*[5]	*[5]	*[5]	Sonstiges vorhanden[5]	*[5]	Wirkungsgrad vorhanden[5]	*[5]	Unklar B[5]	*[5]	_	_	Hauptteil[9]	1. Claim[20]	
8-14	979-980	,	3. Nicht zutreffend[5]	1. Angemessen[5]	1. Verständlich[5]	*[5]	*[5]	*[5]	*[5]	Sonstiges vorhanden[5]	*[5]	Wirkungsgrad vorhanden[5]	*[5]	Unklar B[5]	*[5]	_	_	Hauptteil[9]	1. Claim[20]	
8-15	981-983	um	3. Nicht zutreffend[5]	1. Angemessen[5]	1. Verständlich[5]	*[5]	*[5]	*[5]	*[5]	Sonstiges vorhanden[5]	*[5]	Wirkungsgrad vorhanden[5]	*[5]	Unklar B[5]	*[5]	_	_	Hauptteil[9]	1. Claim[20]	
8-16	984-986	so	3. Nicht zutreffend[5]	1. Angemessen[5]	1. Verständlich[5]	*[5]	*[5]	*[5]	*[5]	Sonstiges vorhanden[5]	*[5]	Wirkungsgrad vorhanden[5]	*[5]	Unklar B[5]	*[5]	_	_	Hauptteil[9]	1. Claim[20]	
8-17	987-990	den	3. Nicht zutreffend[5]	1. Angemessen[5]	1. Verständlich[5]	*[5]	*[5]	*[5]	*[5]	Sonstiges vorhanden[5]	*[5]	Wirkungsgrad vorhanden[5]	*[5]	Unklar B[5]	*[5]	_	_	Hauptteil[9]	1. Claim[20]	
8-18	991-1003	Wirkungsgrad	3. Nicht zutreffend[5]	1. Angemessen[5]	1. Verständlich[5]	*[5]	*[5]	*[5]	*[5]	Sonstiges vorhanden[5]	*[5]	Wirkungsgrad vorhanden[5]	*[5]	Unklar B[5]	*[5]	_	_	Hauptteil[9]	1. Claim[20]	
8-19	1004-1007	von	3. Nicht zutreffend[5]	1. Angemessen[5]	1. Verständlich[5]	*[5]	*[5]	*[5]	*[5]	Sonstiges vorhanden[5]	*[5]	Wirkungsgrad vorhanden[5]	*[5]	Unklar B[5]	*[5]	_	_	Hauptteil[9]	1. Claim[20]	
8-20	1008-1015	E-Fuels	3. Nicht zutreffend[5]	1. Angemessen[5]	1. Verständlich[5]	*[5]	*[5]	*[5]	*[5]	Sonstiges vorhanden[5]	*[5]	Wirkungsgrad vorhanden[5]	*[5]	Unklar B[5]	*[5]	_	_	Hauptteil[9]	1. Claim[20]	
8-21	1016-1018	zu	3. Nicht zutreffend[5]	1. Angemessen[5]	1. Verständlich[5]	*[5]	*[5]	*[5]	*[5]	Sonstiges vorhanden[5]	*[5]	Wirkungsgrad vorhanden[5]	*[5]	Unklar B[5]	*[5]	_	_	Hauptteil[9]	1. Claim[20]	
8-22	1019-1027	steigern	3. Nicht zutreffend[5]	1. Angemessen[5]	1. Verständlich[5]	*[5]	*[5]	*[5]	*[5]	Sonstiges vorhanden[5]	*[5]	Wirkungsgrad vorhanden[5]	*[5]	Unklar B[5]	*[5]	_	_	Hauptteil[9]	1. Claim[20]	
8-23	1027-1028	.	3. Nicht zutreffend[5]	1. Angemessen[5]	1. Verständlich[5]	*[5]	*[5]	*[5]	*[5]	Sonstiges vorhanden[5]	*[5]	Wirkungsgrad vorhanden[5]	*[5]	Unklar B[5]	*[5]	_	_	Hauptteil[9]	1. Claim[20]	

9-1	1030-1034	Wenn	1. Richtig[6]	1. Angemessen[6]	1. Verständlich[6]	*[6]	Lebensdauer/Verfügbarkeit vorhanden[6]	*[6]	*[6]	Sonstiges vorhanden[6]	*[6]	*[6]	Contra A[6]	Pro B[6]	*[6]	_	_	Hauptteil[9]	1. Claim[21]	
9-2	1035-1038	man	1. Richtig[6]	1. Angemessen[6]	1. Verständlich[6]	*[6]	Lebensdauer/Verfügbarkeit vorhanden[6]	*[6]	*[6]	Sonstiges vorhanden[6]	*[6]	*[6]	Contra A[6]	Pro B[6]	*[6]	_	_	Hauptteil[9]	1. Claim[21]	
9-3	1039-1045	diesen	1. Richtig[6]	1. Angemessen[6]	1. Verständlich[6]	*[6]	Lebensdauer/Verfügbarkeit vorhanden[6]	*[6]	*[6]	Sonstiges vorhanden[6]	*[6]	*[6]	Contra A[6]	Pro B[6]	*[6]	_	_	Hauptteil[9]	1. Claim[21]	
9-4	1046-1056	Standpunkt	1. Richtig[6]	1. Angemessen[6]	1. Verständlich[6]	*[6]	Lebensdauer/Verfügbarkeit vorhanden[6]	*[6]	*[6]	Sonstiges vorhanden[6]	*[6]	*[6]	Contra A[6]	Pro B[6]	*[6]	_	_	Hauptteil[9]	1. Claim[21]	
9-5	1057-1065	einnimmt	1. Richtig[6]	1. Angemessen[6]	1. Verständlich[6]	*[6]	Lebensdauer/Verfügbarkeit vorhanden[6]	*[6]	*[6]	Sonstiges vorhanden[6]	*[6]	*[6]	Contra A[6]	Pro B[6]	*[6]	_	_	Hauptteil[9]	1. Claim[21]	
9-6	1066-1072	könnte	1. Richtig[6]	1. Angemessen[6]	1. Verständlich[6]	*[6]	Lebensdauer/Verfügbarkeit vorhanden[6]	*[6]	*[6]	Sonstiges vorhanden[6]	*[6]	*[6]	Contra A[6]	Pro B[6]	*[6]	_	_	Hauptteil[9]	1. Claim[21]	
9-7	1073-1077	aber	1. Richtig[6]	1. Angemessen[6]	1. Verständlich[6]	*[6]	Lebensdauer/Verfügbarkeit vorhanden[6]	*[6]	*[6]	Sonstiges vorhanden[6]	*[6]	*[6]	Contra A[6]	Pro B[6]	*[6]	_	_	Hauptteil[9]	1. Claim[21]	
9-8	1078-1082	auch	1. Richtig[6]	1. Angemessen[6]	1. Verständlich[6]	*[6]	Lebensdauer/Verfügbarkeit vorhanden[6]	*[6]	*[6]	Sonstiges vorhanden[6]	*[6]	*[6]	Contra A[6]	Pro B[6]	*[6]	_	_	Hauptteil[9]	1. Claim[21]	
9-9	1083-1086	die	1. Richtig[6]	1. Angemessen[6]	1. Verständlich[6]	*[6]	Lebensdauer/Verfügbarkeit vorhanden[6]	*[6]	*[6]	Sonstiges vorhanden[6]	*[6]	*[6]	Contra A[6]	Pro B[6]	*[6]	_	_	Hauptteil[9]	1. Claim[21]	
9-10	1087-1100	Verfügbarkeit	1. Richtig[6]	1. Angemessen[6]	1. Verständlich[6]	*[6]	Lebensdauer/Verfügbarkeit vorhanden[6]	*[6]	*[6]	Sonstiges vorhanden[6]	*[6]	*[6]	Contra A[6]	Pro B[6]	*[6]	_	_	Hauptteil[9]	1. Claim[21]	
9-11	1101-1104	von	1. Richtig[6]	1. Angemessen[6]	1. Verständlich[6]	*[6]	Lebensdauer/Verfügbarkeit vorhanden[6]	*[6]	*[6]	Sonstiges vorhanden[6]	*[6]	*[6]	Contra A[6]	Pro B[6]	*[6]	_	_	Hauptteil[9]	1. Claim[21]	
9-12	1105-1116	Wasserstoff	1. Richtig[6]	1. Angemessen[6]	1. Verständlich[6]	*[6]	Lebensdauer/Verfügbarkeit vorhanden[6]	*[6]	*[6]	Sonstiges vorhanden[6]	*[6]	*[6]	Contra A[6]	Pro B[6]	*[6]	_	_	Hauptteil[9]	1. Claim[21]	
9-13	1117-1119	in	1. Richtig[6]	1. Angemessen[6]	1. Verständlich[6]	*[6]	Lebensdauer/Verfügbarkeit vorhanden[6]	*[6]	*[6]	Sonstiges vorhanden[6]	*[6]	*[6]	Contra A[6]	Pro B[6]	*[6]	_	_	Hauptteil[9]	1. Claim[21]	
9-14	1120-1127	Zukunft	1. Richtig[6]	1. Angemessen[6]	1. Verständlich[6]	*[6]	Lebensdauer/Verfügbarkeit vorhanden[6]	*[6]	*[6]	Sonstiges vorhanden[6]	*[6]	*[6]	Contra A[6]	Pro B[6]	*[6]	_	_	Hauptteil[9]	1. Claim[21]	
9-15	1128-1138	verbessert	1. Richtig[6]	1. Angemessen[6]	1. Verständlich[6]	*[6]	Lebensdauer/Verfügbarkeit vorhanden[6]	*[6]	*[6]	Sonstiges vorhanden[6]	*[6]	*[6]	Contra A[6]	Pro B[6]	*[6]	_	_	Hauptteil[9]	1. Claim[21]	
9-16	1139-1145	werden	1. Richtig[6]	1. Angemessen[6]	1. Verständlich[6]	*[6]	Lebensdauer/Verfügbarkeit vorhanden[6]	*[6]	*[6]	Sonstiges vorhanden[6]	*[6]	*[6]	Contra A[6]	Pro B[6]	*[6]	_	_	Hauptteil[9]	1. Claim[21]	
9-17	1145-1146	,	1. Richtig[6]	1. Angemessen[6]	1. Verständlich[6]	*[6]	Lebensdauer/Verfügbarkeit vorhanden[6]	*[6]	*[6]	Sonstiges vorhanden[6]	*[6]	*[6]	Contra A[6]	Pro B[6]	*[6]	_	_	Hauptteil[9]	1. Claim[21]	
9-18	1147-1151	doch	1. Richtig[6]	1. Angemessen[6]	1. Verständlich[6]	*[6]	Lebensdauer/Verfügbarkeit vorhanden[6]	*[6]	*[6]	Sonstiges vorhanden[6]	*[6]	*[6]	Contra A[6]	Pro B[6]	*[6]	_	_	Hauptteil[9]	4. Rebuttal[22]	
9-19	1152-1154	da	1. Richtig[6]	1. Angemessen[6]	1. Verständlich[6]	*[6]	Lebensdauer/Verfügbarkeit vorhanden[6]	*[6]	*[6]	Sonstiges vorhanden[6]	*[6]	*[6]	Contra A[6]	Pro B[6]	*[6]	_	_	Hauptteil[9]	4. Rebuttal[22]	
9-20	1155-1158	dem	1. Richtig[6]	1. Angemessen[6]	1. Verständlich[6]	*[6]	Lebensdauer/Verfügbarkeit vorhanden[6]	*[6]	*[6]	Sonstiges vorhanden[6]	*[6]	*[6]	Contra A[6]	Pro B[6]	*[6]	_	_	Hauptteil[9]	4. Rebuttal[22]	
9-21	1159-1163	noch	1. Richtig[6]	1. Angemessen[6]	1. Verständlich[6]	*[6]	Lebensdauer/Verfügbarkeit vorhanden[6]	*[6]	*[6]	Sonstiges vorhanden[6]	*[6]	*[6]	Contra A[6]	Pro B[6]	*[6]	_	_	Hauptteil[9]	4. Rebuttal[22]	
9-22	1164-1169	nicht	1. Richtig[6]	1. Angemessen[6]	1. Verständlich[6]	*[6]	Lebensdauer/Verfügbarkeit vorhanden[6]	*[6]	*[6]	Sonstiges vorhanden[6]	*[6]	*[6]	Contra A[6]	Pro B[6]	*[6]	_	_	Hauptteil[9]	4. Rebuttal[22]	
9-23	1170-1172	so	1. Richtig[6]	1. Angemessen[6]	1. Verständlich[6]	*[6]	Lebensdauer/Verfügbarkeit vorhanden[6]	*[6]	*[6]	Sonstiges vorhanden[6]	*[6]	*[6]	Contra A[6]	Pro B[6]	*[6]	_	_	Hauptteil[9]	4. Rebuttal[22]	
9-24	1173-1176	ist	1. Richtig[6]	1. Angemessen[6]	1. Verständlich[6]	*[6]	Lebensdauer/Verfügbarkeit vorhanden[6]	*[6]	*[6]	Sonstiges vorhanden[6]	*[6]	*[6]	Contra A[6]	Pro B[6]	*[6]	_	_	Hauptteil[9]	4. Rebuttal[22]	
9-25	1177-1182	komme	1. Richtig[6]	1. Angemessen[6]	1. Verständlich[6]	*[6]	Lebensdauer/Verfügbarkeit vorhanden[6]	*[6]	*[6]	Sonstiges vorhanden[6]	*[6]	*[6]	Contra A[6]	Pro B[6]	*[6]	_	_	Hauptteil[9]	4. Rebuttal[22]	
9-26	1183-1186	ich	1. Richtig[6]	1. Angemessen[6]	1. Verständlich[6]	*[6]	Lebensdauer/Verfügbarkeit vorhanden[6]	*[6]	*[6]	Sonstiges vorhanden[6]	*[6]	*[6]	Contra A[6]	Pro B[6]	*[6]	_	_	Hauptteil[9]	4. Rebuttal[22]	
9-27	1187-1189	zu	1. Richtig[6]	1. Angemessen[6]	1. Verständlich[6]	*[6]	Lebensdauer/Verfügbarkeit vorhanden[6]	*[6]	*[6]	Sonstiges vorhanden[6]	*[6]	*[6]	Contra A[6]	Pro B[6]	*[6]	_	_	Hauptteil[9]	4. Rebuttal[22]	
9-28	1190-1193	dem	1. Richtig[6]	1. Angemessen[6]	1. Verständlich[6]	*[6]	Lebensdauer/Verfügbarkeit vorhanden[6]	*[6]	*[6]	Sonstiges vorhanden[6]	*[6]	*[6]	Contra A[6]	Pro B[6]	*[6]	_	_	Hauptteil[9]	4. Rebuttal[22]	
9-29	1194-1201	Schluss	1. Richtig[6]	1. Angemessen[6]	1. Verständlich[6]	*[6]	Lebensdauer/Verfügbarkeit vorhanden[6]	*[6]	*[6]	Sonstiges vorhanden[6]	*[6]	*[6]	Contra A[6]	Pro B[6]	*[6]	_	_	Hauptteil[9]	4. Rebuttal[22]	
9-30	1201-1202	,	1. Richtig[6]	1. Angemessen[6]	1. Verständlich[6]	*[6]	Lebensdauer/Verfügbarkeit vorhanden[6]	*[6]	*[6]	Sonstiges vorhanden[6]	*[6]	*[6]	Contra A[6]	Pro B[6]	*[6]	_	_	Hauptteil[9]	4. Rebuttal[22]	
9-31	1203-1207	dass	1. Richtig[6]	1. Angemessen[6]	1. Verständlich[6]	*[6]	Lebensdauer/Verfügbarkeit vorhanden[6]	*[6]	*[6]	Sonstiges vorhanden[6]	*[6]	*[6]	Contra A[6]	Pro B[6]	*[6]	_	_	Hauptteil[9]	4. Rebuttal[22]	
9-32	1208-1215	E-Fuels	1. Richtig[6]	1. Angemessen[6]	1. Verständlich[6]	*[6]	Lebensdauer/Verfügbarkeit vorhanden[6]	*[6]	*[6]	Sonstiges vorhanden[6]	*[6]	*[6]	Contra A[6]	Pro B[6]	*[6]	_	_	Hauptteil[9]	4. Rebuttal[22]	
9-33	1216-1220	eine	1. Richtig[6]	1. Angemessen[6]	1. Verständlich[6]	*[6]	Lebensdauer/Verfügbarkeit vorhanden[6]	*[6]	*[6]	Sonstiges vorhanden[6]	*[6]	*[6]	Contra A[6]	Pro B[6]	*[6]	_	_	Hauptteil[9]	4. Rebuttal[22]	
9-34	1221-1225	gute	1. Richtig[6]	1. Angemessen[6]	1. Verständlich[6]	*[6]	Lebensdauer/Verfügbarkeit vorhanden[6]	*[6]	*[6]	Sonstiges vorhanden[6]	*[6]	*[6]	Contra A[6]	Pro B[6]	*[6]	_	_	Hauptteil[9]	4. Rebuttal[22]	
9-35	1226-1230	Wahl	1. Richtig[6]	1. Angemessen[6]	1. Verständlich[6]	*[6]	Lebensdauer/Verfügbarkeit vorhanden[6]	*[6]	*[6]	Sonstiges vorhanden[6]	*[6]	*[6]	Contra A[6]	Pro B[6]	*[6]	_	_	Hauptteil[9]	4. Rebuttal[22]	
9-36	1231-1235	sind	1. Richtig[6]	1. Angemessen[6]	1. Verständlich[6]	*[6]	Lebensdauer/Verfügbarkeit vorhanden[6]	*[6]	*[6]	Sonstiges vorhanden[6]	*[6]	*[6]	Contra A[6]	Pro B[6]	*[6]	_	_	Hauptteil[9]	4. Rebuttal[22]	
9-37	1235-1236	.	1. Richtig[6]	1. Angemessen[6]	1. Verständlich[6]	*[6]	Lebensdauer/Verfügbarkeit vorhanden[6]	*[6]	*[6]	Sonstiges vorhanden[6]	*[6]	*[6]	Contra A[6]	Pro B[6]	*[6]	_	_	Hauptteil[9]	4. Rebuttal[22]	
