#FORMAT=WebAnno TSV 3.3
#T_SP=webanno.custom.Argument|Accuracy|Adequacy|Clarity|KriteriumJahresertragEnergiedichte|KriteriumLebensdauerVerfgbarkeit|KriteriumLokaleEmissionenGeruschemissionen|KriteriumPreisBetrieb|KriteriumSonstiges|KriteriumTreibhausgasemissionen|KriteriumWirkungsgrad|OptionA|OptionB|OptionC
#T_SP=webanno.custom.DecisionMakingStrategies|Decision|Gesamtthese
#T_SP=webanno.custom.Struktur|Struktur
#T_SP=webanno.custom.StrukturTAP|TAPArgumente


1-1	0-2	In	_	_	_	_	_	_	_	_	_	_	_	_	_	_	_	Einleitung[9]	_	
1-2	3-9	dieser	_	_	_	_	_	_	_	_	_	_	_	_	_	_	_	Einleitung[9]	_	
1-3	10-23	Argumentation	_	_	_	_	_	_	_	_	_	_	_	_	_	_	_	Einleitung[9]	_	
1-4	24-29	werde	_	_	_	_	_	_	_	_	_	_	_	_	_	_	_	Einleitung[9]	_	
1-5	30-33	ich	_	_	_	_	_	_	_	_	_	_	_	_	_	_	_	Einleitung[9]	_	
1-6	34-40	darauf	_	_	_	_	_	_	_	_	_	_	_	_	_	_	_	Einleitung[9]	_	
1-7	41-49	eingezen	_	_	_	_	_	_	_	_	_	_	_	_	_	_	_	Einleitung[9]	_	
1-8	49-50	,	_	_	_	_	_	_	_	_	_	_	_	_	_	_	_	Einleitung[9]	_	
1-9	51-57	welche	_	_	_	_	_	_	_	_	_	_	_	_	_	_	_	Einleitung[9]	_	
1-10	58-61	der	_	_	_	_	_	_	_	_	_	_	_	_	_	_	_	Einleitung[9]	_	
1-11	62-75	Möglichkeiten	_	_	_	_	_	_	_	_	_	_	_	_	_	_	_	Einleitung[9]	_	
1-12	76-80	sich	_	_	_	_	_	_	_	_	_	_	_	_	_	_	_	Einleitung[9]	_	
1-13	81-83	am	_	_	_	_	_	_	_	_	_	_	_	_	_	_	_	Einleitung[9]	_	
1-14	84-90	besten	_	_	_	_	_	_	_	_	_	_	_	_	_	_	_	Einleitung[9]	_	
1-15	91-97	eignet	_	_	_	_	_	_	_	_	_	_	_	_	_	_	_	Einleitung[9]	_	
1-16	98-101	und	_	_	_	_	_	_	_	_	_	_	_	_	_	_	_	Einleitung[9]	_	
1-17	102-108	welche	_	_	_	_	_	_	_	_	_	_	_	_	_	_	_	Einleitung[9]	_	
1-18	109-112	ich	_	_	_	_	_	_	_	_	_	_	_	_	_	_	_	Einleitung[9]	_	
1-19	113-118	daher	_	_	_	_	_	_	_	_	_	_	_	_	_	_	_	Einleitung[9]	_	
1-20	119-130	vorschlagen	_	_	_	_	_	_	_	_	_	_	_	_	_	_	_	Einleitung[9]	_	
1-21	131-136	würde	_	_	_	_	_	_	_	_	_	_	_	_	_	_	_	Einleitung[9]	_	
1-22	136-137	.	_	_	_	_	_	_	_	_	_	_	_	_	_	_	_	Einleitung[9]	_	

2-1	139-142	Ich	_	_	_	_	_	_	_	_	_	_	_	_	_	3. Unbegründet[7]	Gesamtthese[7]	Einleitung[9]	_	
2-2	143-148	denke	_	_	_	_	_	_	_	_	_	_	_	_	_	3. Unbegründet[7]	Gesamtthese[7]	Einleitung[9]	_	
2-3	148-149	,	_	_	_	_	_	_	_	_	_	_	_	_	_	3. Unbegründet[7]	Gesamtthese[7]	Einleitung[9]	_	
2-4	150-154	dass	_	_	_	_	_	_	_	_	_	_	_	_	_	3. Unbegründet[7]	Gesamtthese[7]	Einleitung[9]	_	
2-5	155-157	es	_	_	_	_	_	_	_	_	_	_	_	_	_	3. Unbegründet[7]	Gesamtthese[7]	Einleitung[9]	_	
2-6	158-160	am	_	_	_	_	_	_	_	_	_	_	_	_	_	3. Unbegründet[7]	Gesamtthese[7]	Einleitung[9]	_	
2-7	161-167	besten	_	_	_	_	_	_	_	_	_	_	_	_	_	3. Unbegründet[7]	Gesamtthese[7]	Einleitung[9]	_	
2-8	168-172	wäre	_	_	_	_	_	_	_	_	_	_	_	_	_	3. Unbegründet[7]	Gesamtthese[7]	Einleitung[9]	_	
2-9	172-173	,	_	_	_	_	_	_	_	_	_	_	_	_	_	3. Unbegründet[7]	Gesamtthese[7]	Einleitung[9]	_	
2-10	174-178	eine	_	_	_	_	_	_	_	_	_	_	_	_	_	3. Unbegründet[7]	Gesamtthese[7]	Einleitung[9]	_	
2-11	179-196	Wasserkraftanlage	_	_	_	_	_	_	_	_	_	_	_	_	_	3. Unbegründet[7]	Gesamtthese[7]	Einleitung[9]	_	
2-12	197-199	zu	_	_	_	_	_	_	_	_	_	_	_	_	_	3. Unbegründet[7]	Gesamtthese[7]	Einleitung[9]	_	
2-13	200-205	bauen	_	_	_	_	_	_	_	_	_	_	_	_	_	3. Unbegründet[7]	Gesamtthese[7]	Einleitung[9]	_	
2-14	205-206	.	_	_	_	_	_	_	_	_	_	_	_	_	_	3. Unbegründet[7]	Gesamtthese[7]	Einleitung[9]	_	

3-1	208-214	Diesen	1. Richtig[1]	1. Angemessen[1]	1. Verständlich[1]	Jahresertrag/Energiedichte Vorhanden[1]	Lebensdauer/Verfügbarkeit vorhanden[1]	*[1]	*[1]	*[1]	*[1]	Wirkungsgrad vorhanden[1]	Pro A[1]	Contra B[1]	Contra C[1]	_	_	Hauptteil[10]	1. Claim[12]	
3-2	215-225	Standpunkt	1. Richtig[1]	1. Angemessen[1]	1. Verständlich[1]	Jahresertrag/Energiedichte Vorhanden[1]	Lebensdauer/Verfügbarkeit vorhanden[1]	*[1]	*[1]	*[1]	*[1]	Wirkungsgrad vorhanden[1]	Pro A[1]	Contra B[1]	Contra C[1]	_	_	Hauptteil[10]	1. Claim[12]	
3-3	226-234	vertrete	1. Richtig[1]	1. Angemessen[1]	1. Verständlich[1]	Jahresertrag/Energiedichte Vorhanden[1]	Lebensdauer/Verfügbarkeit vorhanden[1]	*[1]	*[1]	*[1]	*[1]	Wirkungsgrad vorhanden[1]	Pro A[1]	Contra B[1]	Contra C[1]	_	_	Hauptteil[10]	1. Claim[12]	
3-4	235-238	ich	1. Richtig[1]	1. Angemessen[1]	1. Verständlich[1]	Jahresertrag/Energiedichte Vorhanden[1]	Lebensdauer/Verfügbarkeit vorhanden[1]	*[1]	*[1]	*[1]	*[1]	Wirkungsgrad vorhanden[1]	Pro A[1]	Contra B[1]	Contra C[1]	_	_	Hauptteil[10]	1. Claim[12]	
3-5	238-239	,	1. Richtig[1]	1. Angemessen[1]	1. Verständlich[1]	Jahresertrag/Energiedichte Vorhanden[1]	Lebensdauer/Verfügbarkeit vorhanden[1]	*[1]	*[1]	*[1]	*[1]	Wirkungsgrad vorhanden[1]	Pro A[1]	Contra B[1]	Contra C[1]	_	_	Hauptteil[10]	1. Claim[12]	
3-6	240-242	da	1. Richtig[1]	1. Angemessen[1]	1. Verständlich[1]	Jahresertrag/Energiedichte Vorhanden[1]	Lebensdauer/Verfügbarkeit vorhanden[1]	*[1]	*[1]	*[1]	*[1]	Wirkungsgrad vorhanden[1]	Pro A[1]	Contra B[1]	Contra C[1]	_	_	Hauptteil[10]	1. Claim[12]	
3-7	243-246	der	1. Richtig[1]	1. Angemessen[1]	1. Verständlich[1]	Jahresertrag/Energiedichte Vorhanden[1]	Lebensdauer/Verfügbarkeit vorhanden[1]	*[1]	*[1]	*[1]	*[1]	Wirkungsgrad vorhanden[1]	Pro A[1]	Contra B[1]	Contra C[1]	_	_	Hauptteil[10]	1. Claim[12]	
3-8	247-259	Wirkungsgrad	1. Richtig[1]	1. Angemessen[1]	1. Verständlich[1]	Jahresertrag/Energiedichte Vorhanden[1]	Lebensdauer/Verfügbarkeit vorhanden[1]	*[1]	*[1]	*[1]	*[1]	Wirkungsgrad vorhanden[1]	Pro A[1]	Contra B[1]	Contra C[1]	_	_	Hauptteil[10]	1. Claim[12]	
3-9	260-265	einer	1. Richtig[1]	1. Angemessen[1]	1. Verständlich[1]	Jahresertrag/Energiedichte Vorhanden[1]	Lebensdauer/Verfügbarkeit vorhanden[1]	*[1]	*[1]	*[1]	*[1]	Wirkungsgrad vorhanden[1]	Pro A[1]	Contra B[1]	Contra C[1]	_	_	Hauptteil[10]	1. Claim[12]	
3-10	266-283	Wasserkraftanlage	1. Richtig[1]	1. Angemessen[1]	1. Verständlich[1]	Jahresertrag/Energiedichte Vorhanden[1]	Lebensdauer/Verfügbarkeit vorhanden[1]	*[1]	*[1]	*[1]	*[1]	Wirkungsgrad vorhanden[1]	Pro A[1]	Contra B[1]	Contra C[1]	_	_	Hauptteil[10]	1. Claim[12]	
3-11	283-284	,	1. Richtig[1]	1. Angemessen[1]	1. Verständlich[1]	Jahresertrag/Energiedichte Vorhanden[1]	Lebensdauer/Verfügbarkeit vorhanden[1]	*[1]	*[1]	*[1]	*[1]	Wirkungsgrad vorhanden[1]	Pro A[1]	Contra B[1]	Contra C[1]	_	_	Hauptteil[10]	1. Claim[12]	
3-12	285-289	also	1. Richtig[1]	1. Angemessen[1]	1. Verständlich[1]	Jahresertrag/Energiedichte Vorhanden[1]	Lebensdauer/Verfügbarkeit vorhanden[1]	*[1]	*[1]	*[1]	*[1]	Wirkungsgrad vorhanden[1]	Pro A[1]	Contra B[1]	Contra C[1]	_	_	Hauptteil[10]	3. Warrant[13]	
3-13	290-293	die	1. Richtig[1]	1. Angemessen[1]	1. Verständlich[1]	Jahresertrag/Energiedichte Vorhanden[1]	Lebensdauer/Verfügbarkeit vorhanden[1]	*[1]	*[1]	*[1]	*[1]	Wirkungsgrad vorhanden[1]	Pro A[1]	Contra B[1]	Contra C[1]	_	_	Hauptteil[10]	3. Warrant[13]	
3-14	294-305	tatsächlich	1. Richtig[1]	1. Angemessen[1]	1. Verständlich[1]	Jahresertrag/Energiedichte Vorhanden[1]	Lebensdauer/Verfügbarkeit vorhanden[1]	*[1]	*[1]	*[1]	*[1]	Wirkungsgrad vorhanden[1]	Pro A[1]	Contra B[1]	Contra C[1]	_	_	Hauptteil[10]	3. Warrant[13]	
3-15	306-313	nutzbar	1. Richtig[1]	1. Angemessen[1]	1. Verständlich[1]	Jahresertrag/Energiedichte Vorhanden[1]	Lebensdauer/Verfügbarkeit vorhanden[1]	*[1]	*[1]	*[1]	*[1]	Wirkungsgrad vorhanden[1]	Pro A[1]	Contra B[1]	Contra C[1]	_	_	Hauptteil[10]	3. Warrant[13]	
3-16	314-326	umgewandelte	1. Richtig[1]	1. Angemessen[1]	1. Verständlich[1]	Jahresertrag/Energiedichte Vorhanden[1]	Lebensdauer/Verfügbarkeit vorhanden[1]	*[1]	*[1]	*[1]	*[1]	Wirkungsgrad vorhanden[1]	Pro A[1]	Contra B[1]	Contra C[1]	_	_	Hauptteil[10]	3. Warrant[13]	
3-17	327-334	Energie	1. Richtig[1]	1. Angemessen[1]	1. Verständlich[1]	Jahresertrag/Energiedichte Vorhanden[1]	Lebensdauer/Verfügbarkeit vorhanden[1]	*[1]	*[1]	*[1]	*[1]	Wirkungsgrad vorhanden[1]	Pro A[1]	Contra B[1]	Contra C[1]	_	_	Hauptteil[10]	3. Warrant[13]	
3-18	334-335	,	1. Richtig[1]	1. Angemessen[1]	1. Verständlich[1]	Jahresertrag/Energiedichte Vorhanden[1]	Lebensdauer/Verfügbarkeit vorhanden[1]	*[1]	*[1]	*[1]	*[1]	Wirkungsgrad vorhanden[1]	Pro A[1]	Contra B[1]	Contra C[1]	_	_	Hauptteil[10]	3. Warrant[13]	
3-19	336-338	in	1. Richtig[1]	1. Angemessen[1]	1. Verständlich[1]	Jahresertrag/Energiedichte Vorhanden[1]	Lebensdauer/Verfügbarkeit vorhanden[1]	*[1]	*[1]	*[1]	*[1]	Wirkungsgrad vorhanden[1]	Pro A[1]	Contra B[1]	Contra C[1]	_	_	Hauptteil[10]	1. Claim[14]	
3-20	339-349	Verbindung	1. Richtig[1]	1. Angemessen[1]	1. Verständlich[1]	Jahresertrag/Energiedichte Vorhanden[1]	Lebensdauer/Verfügbarkeit vorhanden[1]	*[1]	*[1]	*[1]	*[1]	Wirkungsgrad vorhanden[1]	Pro A[1]	Contra B[1]	Contra C[1]	_	_	Hauptteil[10]	1. Claim[14]	
3-21	350-353	mit	1. Richtig[1]	1. Angemessen[1]	1. Verständlich[1]	Jahresertrag/Energiedichte Vorhanden[1]	Lebensdauer/Verfügbarkeit vorhanden[1]	*[1]	*[1]	*[1]	*[1]	Wirkungsgrad vorhanden[1]	Pro A[1]	Contra B[1]	Contra C[1]	_	_	Hauptteil[10]	1. Claim[14]	
3-22	354-365	Lebensdauer	1. Richtig[1]	1. Angemessen[1]	1. Verständlich[1]	Jahresertrag/Energiedichte Vorhanden[1]	Lebensdauer/Verfügbarkeit vorhanden[1]	*[1]	*[1]	*[1]	*[1]	Wirkungsgrad vorhanden[1]	Pro A[1]	Contra B[1]	Contra C[1]	_	_	Hauptteil[10]	1. Claim[14]	
3-23	366-369	und	1. Richtig[1]	1. Angemessen[1]	1. Verständlich[1]	Jahresertrag/Energiedichte Vorhanden[1]	Lebensdauer/Verfügbarkeit vorhanden[1]	*[1]	*[1]	*[1]	*[1]	Wirkungsgrad vorhanden[1]	Pro A[1]	Contra B[1]	Contra C[1]	_	_	Hauptteil[10]	1. Claim[14]	
3-24	370-382	Jahresertrag	1. Richtig[1]	1. Angemessen[1]	1. Verständlich[1]	Jahresertrag/Energiedichte Vorhanden[1]	Lebensdauer/Verfügbarkeit vorhanden[1]	*[1]	*[1]	*[1]	*[1]	Wirkungsgrad vorhanden[1]	Pro A[1]	Contra B[1]	Contra C[1]	_	_	Hauptteil[10]	1. Claim[14]	
3-25	383-388	einer	1. Richtig[1]	1. Angemessen[1]	1. Verständlich[1]	Jahresertrag/Energiedichte Vorhanden[1]	Lebensdauer/Verfügbarkeit vorhanden[1]	*[1]	*[1]	*[1]	*[1]	Wirkungsgrad vorhanden[1]	Pro A[1]	Contra B[1]	Contra C[1]	_	_	Hauptteil[10]	1. Claim[14]	
3-26	389-406	Wasserkraftanlage	1. Richtig[1]	1. Angemessen[1]	1. Verständlich[1]	Jahresertrag/Energiedichte Vorhanden[1]	Lebensdauer/Verfügbarkeit vorhanden[1]	*[1]	*[1]	*[1]	*[1]	Wirkungsgrad vorhanden[1]	Pro A[1]	Contra B[1]	Contra C[1]	_	_	Hauptteil[10]	1. Claim[14]	
3-27	406-407	,	1. Richtig[1]	1. Angemessen[1]	1. Verständlich[1]	Jahresertrag/Energiedichte Vorhanden[1]	Lebensdauer/Verfügbarkeit vorhanden[1]	*[1]	*[1]	*[1]	*[1]	Wirkungsgrad vorhanden[1]	Pro A[1]	Contra B[1]	Contra C[1]	_	_	Hauptteil[10]	1. Claim[14]	
3-28	408-414	sowohl	1. Richtig[1]	1. Angemessen[1]	1. Verständlich[1]	Jahresertrag/Energiedichte Vorhanden[1]	Lebensdauer/Verfügbarkeit vorhanden[1]	*[1]	*[1]	*[1]	*[1]	Wirkungsgrad vorhanden[1]	Pro A[1]	Contra B[1]	Contra C[1]	_	_	Hauptteil[10]	1. Claim[14]	
3-29	415-418	die	1. Richtig[1]	1. Angemessen[1]	1. Verständlich[1]	Jahresertrag/Energiedichte Vorhanden[1]	Lebensdauer/Verfügbarkeit vorhanden[1]	*[1]	*[1]	*[1]	*[1]	Wirkungsgrad vorhanden[1]	Pro A[1]	Contra B[1]	Contra C[1]	_	_	Hauptteil[10]	1. Claim[14]	
3-30	419-428	Windkraft	1. Richtig[1]	1. Angemessen[1]	1. Verständlich[1]	Jahresertrag/Energiedichte Vorhanden[1]	Lebensdauer/Verfügbarkeit vorhanden[1]	*[1]	*[1]	*[1]	*[1]	Wirkungsgrad vorhanden[1]	Pro A[1]	Contra B[1]	Contra C[1]	_	_	Hauptteil[10]	1. Claim[14]	
3-31	428-429	,	1. Richtig[1]	1. Angemessen[1]	1. Verständlich[1]	Jahresertrag/Energiedichte Vorhanden[1]	Lebensdauer/Verfügbarkeit vorhanden[1]	*[1]	*[1]	*[1]	*[1]	Wirkungsgrad vorhanden[1]	Pro A[1]	Contra B[1]	Contra C[1]	_	_	Hauptteil[10]	1. Claim[14]	
3-32	430-433	als	1. Richtig[1]	1. Angemessen[1]	1. Verständlich[1]	Jahresertrag/Energiedichte Vorhanden[1]	Lebensdauer/Verfügbarkeit vorhanden[1]	*[1]	*[1]	*[1]	*[1]	Wirkungsgrad vorhanden[1]	Pro A[1]	Contra B[1]	Contra C[1]	_	_	Hauptteil[10]	1. Claim[14]	
3-33	434-438	auch	1. Richtig[1]	1. Angemessen[1]	1. Verständlich[1]	Jahresertrag/Energiedichte Vorhanden[1]	Lebensdauer/Verfügbarkeit vorhanden[1]	*[1]	*[1]	*[1]	*[1]	Wirkungsgrad vorhanden[1]	Pro A[1]	Contra B[1]	Contra C[1]	_	_	Hauptteil[10]	1. Claim[14]	
3-34	439-442	die	1. Richtig[1]	1. Angemessen[1]	1. Verständlich[1]	Jahresertrag/Energiedichte Vorhanden[1]	Lebensdauer/Verfügbarkeit vorhanden[1]	*[1]	*[1]	*[1]	*[1]	Wirkungsgrad vorhanden[1]	Pro A[1]	Contra B[1]	Contra C[1]	_	_	Hauptteil[10]	1. Claim[14]	
3-35	443-455	Solarenergie	1. Richtig[1]	1. Angemessen[1]	1. Verständlich[1]	Jahresertrag/Energiedichte Vorhanden[1]	Lebensdauer/Verfügbarkeit vorhanden[1]	*[1]	*[1]	*[1]	*[1]	Wirkungsgrad vorhanden[1]	Pro A[1]	Contra B[1]	Contra C[1]	_	_	Hauptteil[10]	1. Claim[14]	
3-36	456-463	schlägt	1. Richtig[1]	1. Angemessen[1]	1. Verständlich[1]	Jahresertrag/Energiedichte Vorhanden[1]	Lebensdauer/Verfügbarkeit vorhanden[1]	*[1]	*[1]	*[1]	*[1]	Wirkungsgrad vorhanden[1]	Pro A[1]	Contra B[1]	Contra C[1]	_	_	Hauptteil[10]	1. Claim[14]	
3-37	463-464	.	1. Richtig[1]	1. Angemessen[1]	1. Verständlich[1]	Jahresertrag/Energiedichte Vorhanden[1]	Lebensdauer/Verfügbarkeit vorhanden[1]	*[1]	*[1]	*[1]	*[1]	Wirkungsgrad vorhanden[1]	Pro A[1]	Contra B[1]	Contra C[1]	_	_	Hauptteil[10]	1. Claim[14]	

4-1	466-475	Natürlich	1. Richtig[2]	1. Angemessen[2]	1. Verständlich[2]	*[2]	Lebensdauer/Verfügbarkeit vorhanden[2]	*[2]	Preis/Betrieb vorhanden[2]	Sonstiges vorhanden[2]	*[2]	*[2]	Pro A[2]	Contra B[2]	Contra C[2]	_	_	Hauptteil[10]	2. Data[15]	
4-2	476-479	ist	1. Richtig[2]	1. Angemessen[2]	1. Verständlich[2]	*[2]	Lebensdauer/Verfügbarkeit vorhanden[2]	*[2]	Preis/Betrieb vorhanden[2]	Sonstiges vorhanden[2]	*[2]	*[2]	Pro A[2]	Contra B[2]	Contra C[2]	_	_	Hauptteil[10]	2. Data[15]	
4-3	480-482	es	1. Richtig[2]	1. Angemessen[2]	1. Verständlich[2]	*[2]	Lebensdauer/Verfügbarkeit vorhanden[2]	*[2]	Preis/Betrieb vorhanden[2]	Sonstiges vorhanden[2]	*[2]	*[2]	Pro A[2]	Contra B[2]	Contra C[2]	_	_	Hauptteil[10]	2. Data[15]	
4-4	483-498	kostengünstiger	1. Richtig[2]	1. Angemessen[2]	1. Verständlich[2]	*[2]	Lebensdauer/Verfügbarkeit vorhanden[2]	*[2]	Preis/Betrieb vorhanden[2]	Sonstiges vorhanden[2]	*[2]	*[2]	Pro A[2]	Contra B[2]	Contra C[2]	_	_	Hauptteil[10]	2. Data[15]	
4-5	499-508	innerhalb	1. Richtig[2]	1. Angemessen[2]	1. Verständlich[2]	*[2]	Lebensdauer/Verfügbarkeit vorhanden[2]	*[2]	Preis/Betrieb vorhanden[2]	Sonstiges vorhanden[2]	*[2]	*[2]	Pro A[2]	Contra B[2]	Contra C[2]	_	_	Hauptteil[10]	2. Data[15]	
4-6	509-512	der	1. Richtig[2]	1. Angemessen[2]	1. Verständlich[2]	*[2]	Lebensdauer/Verfügbarkeit vorhanden[2]	*[2]	Preis/Betrieb vorhanden[2]	Sonstiges vorhanden[2]	*[2]	*[2]	Pro A[2]	Contra B[2]	Contra C[2]	_	_	Hauptteil[10]	2. Data[15]	
4-7	513-515	80	1. Richtig[2]	1. Angemessen[2]	1. Verständlich[2]	*[2]	Lebensdauer/Verfügbarkeit vorhanden[2]	*[2]	Preis/Betrieb vorhanden[2]	Sonstiges vorhanden[2]	*[2]	*[2]	Pro A[2]	Contra B[2]	Contra C[2]	_	_	Hauptteil[10]	2. Data[15]	
4-8	516-521	Jahre	1. Richtig[2]	1. Angemessen[2]	1. Verständlich[2]	*[2]	Lebensdauer/Verfügbarkeit vorhanden[2]	*[2]	Preis/Betrieb vorhanden[2]	Sonstiges vorhanden[2]	*[2]	*[2]	Pro A[2]	Contra B[2]	Contra C[2]	_	_	Hauptteil[10]	2. Data[15]	
4-9	522-533	Lebensdauer	1. Richtig[2]	1. Angemessen[2]	1. Verständlich[2]	*[2]	Lebensdauer/Verfügbarkeit vorhanden[2]	*[2]	Preis/Betrieb vorhanden[2]	Sonstiges vorhanden[2]	*[2]	*[2]	Pro A[2]	Contra B[2]	Contra C[2]	_	_	Hauptteil[10]	2. Data[15]	
4-10	534-539	einer	1. Richtig[2]	1. Angemessen[2]	1. Verständlich[2]	*[2]	Lebensdauer/Verfügbarkeit vorhanden[2]	*[2]	Preis/Betrieb vorhanden[2]	Sonstiges vorhanden[2]	*[2]	*[2]	Pro A[2]	Contra B[2]	Contra C[2]	_	_	Hauptteil[10]	2. Data[15]	
4-11	540-557	Wasserkraftanlage	1. Richtig[2]	1. Angemessen[2]	1. Verständlich[2]	*[2]	Lebensdauer/Verfügbarkeit vorhanden[2]	*[2]	Preis/Betrieb vorhanden[2]	Sonstiges vorhanden[2]	*[2]	*[2]	Pro A[2]	Contra B[2]	Contra C[2]	_	_	Hauptteil[10]	2. Data[15]	
4-12	558-563	immer	1. Richtig[2]	1. Angemessen[2]	1. Verständlich[2]	*[2]	Lebensdauer/Verfügbarkeit vorhanden[2]	*[2]	Preis/Betrieb vorhanden[2]	Sonstiges vorhanden[2]	*[2]	*[2]	Pro A[2]	Contra B[2]	Contra C[2]	_	_	Hauptteil[10]	2. Data[15]	
4-13	564-570	wieder	1. Richtig[2]	1. Angemessen[2]	1. Verständlich[2]	*[2]	Lebensdauer/Verfügbarkeit vorhanden[2]	*[2]	Preis/Betrieb vorhanden[2]	Sonstiges vorhanden[2]	*[2]	*[2]	Pro A[2]	Contra B[2]	Contra C[2]	_	_	Hauptteil[10]	2. Data[15]	
4-14	571-574	den	1. Richtig[2]	1. Angemessen[2]	1. Verständlich[2]	*[2]	Lebensdauer/Verfügbarkeit vorhanden[2]	*[2]	Preis/Betrieb vorhanden[2]	Sonstiges vorhanden[2]	*[2]	*[2]	Pro A[2]	Contra B[2]	Contra C[2]	_	_	Hauptteil[10]	2. Data[15]	
4-15	575-583	Windpark	1. Richtig[2]	1. Angemessen[2]	1. Verständlich[2]	*[2]	Lebensdauer/Verfügbarkeit vorhanden[2]	*[2]	Preis/Betrieb vorhanden[2]	Sonstiges vorhanden[2]	*[2]	*[2]	Pro A[2]	Contra B[2]	Contra C[2]	_	_	Hauptteil[10]	2. Data[15]	
4-16	584-586	zu	1. Richtig[2]	1. Angemessen[2]	1. Verständlich[2]	*[2]	Lebensdauer/Verfügbarkeit vorhanden[2]	*[2]	Preis/Betrieb vorhanden[2]	Sonstiges vorhanden[2]	*[2]	*[2]	Pro A[2]	Contra B[2]	Contra C[2]	_	_	Hauptteil[10]	2. Data[15]	
4-17	587-595	erneuern	1. Richtig[2]	1. Angemessen[2]	1. Verständlich[2]	*[2]	Lebensdauer/Verfügbarkeit vorhanden[2]	*[2]	Preis/Betrieb vorhanden[2]	Sonstiges vorhanden[2]	*[2]	*[2]	Pro A[2]	Contra B[2]	Contra C[2]	_	_	Hauptteil[10]	2. Data[15]	
4-18	595-596	,	1. Richtig[2]	1. Angemessen[2]	1. Verständlich[2]	*[2]	Lebensdauer/Verfügbarkeit vorhanden[2]	*[2]	Preis/Betrieb vorhanden[2]	Sonstiges vorhanden[2]	*[2]	*[2]	Pro A[2]	Contra B[2]	Contra C[2]	_	_	Hauptteil[10]	2. Data[15]	
4-19	597-601	doch	1. Richtig[2]	1. Angemessen[2]	1. Verständlich[2]	*[2]	Lebensdauer/Verfügbarkeit vorhanden[2]	*[2]	Preis/Betrieb vorhanden[2]	Sonstiges vorhanden[2]	*[2]	*[2]	Pro A[2]	Contra B[2]	Contra C[2]	_	_	Hauptteil[10]	4. Rebuttal[16]	
4-20	602-605	das	1. Richtig[2]	1. Angemessen[2]	1. Verständlich[2]	*[2]	Lebensdauer/Verfügbarkeit vorhanden[2]	*[2]	Preis/Betrieb vorhanden[2]	Sonstiges vorhanden[2]	*[2]	*[2]	Pro A[2]	Contra B[2]	Contra C[2]	_	_	Hauptteil[10]	4. Rebuttal[16]	
4-21	606-617	beansprucht	1. Richtig[2]	1. Angemessen[2]	1. Verständlich[2]	*[2]	Lebensdauer/Verfügbarkeit vorhanden[2]	*[2]	Preis/Betrieb vorhanden[2]	Sonstiges vorhanden[2]	*[2]	*[2]	Pro A[2]	Contra B[2]	Contra C[2]	_	_	Hauptteil[10]	4. Rebuttal[16]	
4-22	618-623	immer	1. Richtig[2]	1. Angemessen[2]	1. Verständlich[2]	*[2]	Lebensdauer/Verfügbarkeit vorhanden[2]	*[2]	Preis/Betrieb vorhanden[2]	Sonstiges vorhanden[2]	*[2]	*[2]	Pro A[2]	Contra B[2]	Contra C[2]	_	_	Hauptteil[10]	4. Rebuttal[16]	
4-23	624-630	wieder	1. Richtig[2]	1. Angemessen[2]	1. Verständlich[2]	*[2]	Lebensdauer/Verfügbarkeit vorhanden[2]	*[2]	Preis/Betrieb vorhanden[2]	Sonstiges vorhanden[2]	*[2]	*[2]	Pro A[2]	Contra B[2]	Contra C[2]	_	_	Hauptteil[10]	4. Rebuttal[16]	
4-24	631-632	-	1. Richtig[2]	1. Angemessen[2]	1. Verständlich[2]	*[2]	Lebensdauer/Verfügbarkeit vorhanden[2]	*[2]	Preis/Betrieb vorhanden[2]	Sonstiges vorhanden[2]	*[2]	*[2]	Pro A[2]	Contra B[2]	Contra C[2]	_	_	Hauptteil[10]	4. Rebuttal[16]	
4-25	633-637	auch	1. Richtig[2]	1. Angemessen[2]	1. Verständlich[2]	*[2]	Lebensdauer/Verfügbarkeit vorhanden[2]	*[2]	Preis/Betrieb vorhanden[2]	Sonstiges vorhanden[2]	*[2]	*[2]	Pro A[2]	Contra B[2]	Contra C[2]	_	_	Hauptteil[10]	4. Rebuttal[16]	
4-26	638-642	beim	1. Richtig[2]	1. Angemessen[2]	1. Verständlich[2]	*[2]	Lebensdauer/Verfügbarkeit vorhanden[2]	*[2]	Preis/Betrieb vorhanden[2]	Sonstiges vorhanden[2]	*[2]	*[2]	Pro A[2]	Contra B[2]	Contra C[2]	_	_	Hauptteil[10]	4. Rebuttal[16]	
4-27	643-652	Solarpark	1. Richtig[2]	1. Angemessen[2]	1. Verständlich[2]	*[2]	Lebensdauer/Verfügbarkeit vorhanden[2]	*[2]	Preis/Betrieb vorhanden[2]	Sonstiges vorhanden[2]	*[2]	*[2]	Pro A[2]	Contra B[2]	Contra C[2]	_	_	Hauptteil[10]	4. Rebuttal[16]	
4-28	653-654	-	1. Richtig[2]	1. Angemessen[2]	1. Verständlich[2]	*[2]	Lebensdauer/Verfügbarkeit vorhanden[2]	*[2]	Preis/Betrieb vorhanden[2]	Sonstiges vorhanden[2]	*[2]	*[2]	Pro A[2]	Contra B[2]	Contra C[2]	_	_	Hauptteil[10]	4. Rebuttal[16]	
4-29	655-665	Ressourcen	1. Richtig[2]	1. Angemessen[2]	1. Verständlich[2]	*[2]	Lebensdauer/Verfügbarkeit vorhanden[2]	*[2]	Preis/Betrieb vorhanden[2]	Sonstiges vorhanden[2]	*[2]	*[2]	Pro A[2]	Contra B[2]	Contra C[2]	_	_	Hauptteil[10]	4. Rebuttal[16]	
4-30	665-666	,	1. Richtig[2]	1. Angemessen[2]	1. Verständlich[2]	*[2]	Lebensdauer/Verfügbarkeit vorhanden[2]	*[2]	Preis/Betrieb vorhanden[2]	Sonstiges vorhanden[2]	*[2]	*[2]	Pro A[2]	Contra B[2]	Contra C[2]	_	_	Hauptteil[10]	4. Rebuttal[16]	
4-31	667-673	sowohl	1. Richtig[2]	1. Angemessen[2]	1. Verständlich[2]	*[2]	Lebensdauer/Verfügbarkeit vorhanden[2]	*[2]	Preis/Betrieb vorhanden[2]	Sonstiges vorhanden[2]	*[2]	*[2]	Pro A[2]	Contra B[2]	Contra C[2]	_	_	Hauptteil[10]	4. Rebuttal[16]	
4-32	674-676	in	1. Richtig[2]	1. Angemessen[2]	1. Verständlich[2]	*[2]	Lebensdauer/Verfügbarkeit vorhanden[2]	*[2]	Preis/Betrieb vorhanden[2]	Sonstiges vorhanden[2]	*[2]	*[2]	Pro A[2]	Contra B[2]	Contra C[2]	_	_	Hauptteil[10]	4. Rebuttal[16]	
4-33	677-680	der	1. Richtig[2]	1. Angemessen[2]	1. Verständlich[2]	*[2]	Lebensdauer/Verfügbarkeit vorhanden[2]	*[2]	Preis/Betrieb vorhanden[2]	Sonstiges vorhanden[2]	*[2]	*[2]	Pro A[2]	Contra B[2]	Contra C[2]	_	_	Hauptteil[10]	4. Rebuttal[16]	
4-34	681-689	Hinsicht	1. Richtig[2]	1. Angemessen[2]	1. Verständlich[2]	*[2]	Lebensdauer/Verfügbarkeit vorhanden[2]	*[2]	Preis/Betrieb vorhanden[2]	Sonstiges vorhanden[2]	*[2]	*[2]	Pro A[2]	Contra B[2]	Contra C[2]	_	_	Hauptteil[10]	4. Rebuttal[16]	
4-35	690-693	auf	1. Richtig[2]	1. Angemessen[2]	1. Verständlich[2]	*[2]	Lebensdauer/Verfügbarkeit vorhanden[2]	*[2]	Preis/Betrieb vorhanden[2]	Sonstiges vorhanden[2]	*[2]	*[2]	Pro A[2]	Contra B[2]	Contra C[2]	_	_	Hauptteil[10]	4. Rebuttal[16]	
4-36	694-704	Materialen	1. Richtig[2]	1. Angemessen[2]	1. Verständlich[2]	*[2]	Lebensdauer/Verfügbarkeit vorhanden[2]	*[2]	Preis/Betrieb vorhanden[2]	Sonstiges vorhanden[2]	*[2]	*[2]	Pro A[2]	Contra B[2]	Contra C[2]	_	_	Hauptteil[10]	4. Rebuttal[16]	
4-37	704-705	,	1. Richtig[2]	1. Angemessen[2]	1. Verständlich[2]	*[2]	Lebensdauer/Verfügbarkeit vorhanden[2]	*[2]	Preis/Betrieb vorhanden[2]	Sonstiges vorhanden[2]	*[2]	*[2]	Pro A[2]	Contra B[2]	Contra C[2]	_	_	Hauptteil[10]	4. Rebuttal[16]	
4-38	706-709	als	1. Richtig[2]	1. Angemessen[2]	1. Verständlich[2]	*[2]	Lebensdauer/Verfügbarkeit vorhanden[2]	*[2]	Preis/Betrieb vorhanden[2]	Sonstiges vorhanden[2]	*[2]	*[2]	Pro A[2]	Contra B[2]	Contra C[2]	_	_	Hauptteil[10]	4. Rebuttal[16]	
4-39	710-714	auch	1. Richtig[2]	1. Angemessen[2]	1. Verständlich[2]	*[2]	Lebensdauer/Verfügbarkeit vorhanden[2]	*[2]	Preis/Betrieb vorhanden[2]	Sonstiges vorhanden[2]	*[2]	*[2]	Pro A[2]	Contra B[2]	Contra C[2]	_	_	Hauptteil[10]	4. Rebuttal[16]	
4-40	715-717	in	1. Richtig[2]	1. Angemessen[2]	1. Verständlich[2]	*[2]	Lebensdauer/Verfügbarkeit vorhanden[2]	*[2]	Preis/Betrieb vorhanden[2]	Sonstiges vorhanden[2]	*[2]	*[2]	Pro A[2]	Contra B[2]	Contra C[2]	_	_	Hauptteil[10]	4. Rebuttal[16]	
4-41	718-721	der	1. Richtig[2]	1. Angemessen[2]	1. Verständlich[2]	*[2]	Lebensdauer/Verfügbarkeit vorhanden[2]	*[2]	Preis/Betrieb vorhanden[2]	Sonstiges vorhanden[2]	*[2]	*[2]	Pro A[2]	Contra B[2]	Contra C[2]	_	_	Hauptteil[10]	4. Rebuttal[16]	
4-42	722-730	Hinsicht	1. Richtig[2]	1. Angemessen[2]	1. Verständlich[2]	*[2]	Lebensdauer/Verfügbarkeit vorhanden[2]	*[2]	Preis/Betrieb vorhanden[2]	Sonstiges vorhanden[2]	*[2]	*[2]	Pro A[2]	Contra B[2]	Contra C[2]	_	_	Hauptteil[10]	4. Rebuttal[16]	
4-43	731-734	auf	1. Richtig[2]	1. Angemessen[2]	1. Verständlich[2]	*[2]	Lebensdauer/Verfügbarkeit vorhanden[2]	*[2]	Preis/Betrieb vorhanden[2]	Sonstiges vorhanden[2]	*[2]	*[2]	Pro A[2]	Contra B[2]	Contra C[2]	_	_	Hauptteil[10]	4. Rebuttal[16]	
4-44	735-748	Arbeitskräfte	1. Richtig[2]	1. Angemessen[2]	1. Verständlich[2]	*[2]	Lebensdauer/Verfügbarkeit vorhanden[2]	*[2]	Preis/Betrieb vorhanden[2]	Sonstiges vorhanden[2]	*[2]	*[2]	Pro A[2]	Contra B[2]	Contra C[2]	_	_	Hauptteil[10]	4. Rebuttal[16]	
4-45	748-749	.	1. Richtig[2]	1. Angemessen[2]	1. Verständlich[2]	*[2]	Lebensdauer/Verfügbarkeit vorhanden[2]	*[2]	Preis/Betrieb vorhanden[2]	Sonstiges vorhanden[2]	*[2]	*[2]	Pro A[2]	Contra B[2]	Contra C[2]	_	_	Hauptteil[10]	4. Rebuttal[16]	

5-1	751-754	Des	3. Nicht zutreffend[3]	3. Nicht zutreffend[3]	1. Verständlich[3]	Jahresertrag/Energiedichte Vorhanden[3]	*[3]	Emissionen vorhanden[3]	*[3]	Sonstiges vorhanden[3]	*[3]	*[3]	Pro A[3]	Contra B[3]	*[3]	_	_	Hauptteil[10]	1. Claim[17]	
5-2	755-763	weiteren	3. Nicht zutreffend[3]	3. Nicht zutreffend[3]	1. Verständlich[3]	Jahresertrag/Energiedichte Vorhanden[3]	*[3]	Emissionen vorhanden[3]	*[3]	Sonstiges vorhanden[3]	*[3]	*[3]	Pro A[3]	Contra B[3]	*[3]	_	_	Hauptteil[10]	1. Claim[17]	
5-3	764-772	benötigt	3. Nicht zutreffend[3]	3. Nicht zutreffend[3]	1. Verständlich[3]	Jahresertrag/Energiedichte Vorhanden[3]	*[3]	Emissionen vorhanden[3]	*[3]	Sonstiges vorhanden[3]	*[3]	*[3]	Pro A[3]	Contra B[3]	*[3]	_	_	Hauptteil[10]	1. Claim[17]	
5-4	773-776	ein	3. Nicht zutreffend[3]	3. Nicht zutreffend[3]	1. Verständlich[3]	Jahresertrag/Energiedichte Vorhanden[3]	*[3]	Emissionen vorhanden[3]	*[3]	Sonstiges vorhanden[3]	*[3]	*[3]	Pro A[3]	Contra B[3]	*[3]	_	_	Hauptteil[10]	1. Claim[17]	
5-5	777-792	Wasserkraftwerk	3. Nicht zutreffend[3]	3. Nicht zutreffend[3]	1. Verständlich[3]	Jahresertrag/Energiedichte Vorhanden[3]	*[3]	Emissionen vorhanden[3]	*[3]	Sonstiges vorhanden[3]	*[3]	*[3]	Pro A[3]	Contra B[3]	*[3]	_	_	Hauptteil[10]	1. Claim[17]	
5-6	793-800	weniger	3. Nicht zutreffend[3]	3. Nicht zutreffend[3]	1. Verständlich[3]	Jahresertrag/Energiedichte Vorhanden[3]	*[3]	Emissionen vorhanden[3]	*[3]	Sonstiges vorhanden[3]	*[3]	*[3]	Pro A[3]	Contra B[3]	*[3]	_	_	Hauptteil[10]	1. Claim[17]	
5-7	801-807	Fläche	3. Nicht zutreffend[3]	3. Nicht zutreffend[3]	1. Verständlich[3]	Jahresertrag/Energiedichte Vorhanden[3]	*[3]	Emissionen vorhanden[3]	*[3]	Sonstiges vorhanden[3]	*[3]	*[3]	Pro A[3]	Contra B[3]	*[3]	_	_	Hauptteil[10]	1. Claim[17]	
5-8	808-811	als	3. Nicht zutreffend[3]	3. Nicht zutreffend[3]	1. Verständlich[3]	Jahresertrag/Energiedichte Vorhanden[3]	*[3]	Emissionen vorhanden[3]	*[3]	Sonstiges vorhanden[3]	*[3]	*[3]	Pro A[3]	Contra B[3]	*[3]	_	_	Hauptteil[10]	1. Claim[17]	
5-9	812-815	zum	3. Nicht zutreffend[3]	3. Nicht zutreffend[3]	1. Verständlich[3]	Jahresertrag/Energiedichte Vorhanden[3]	*[3]	Emissionen vorhanden[3]	*[3]	Sonstiges vorhanden[3]	*[3]	*[3]	Pro A[3]	Contra B[3]	*[3]	_	_	Hauptteil[10]	1. Claim[17]	
5-10	816-824	Beispiel	3. Nicht zutreffend[3]	3. Nicht zutreffend[3]	1. Verständlich[3]	Jahresertrag/Energiedichte Vorhanden[3]	*[3]	Emissionen vorhanden[3]	*[3]	Sonstiges vorhanden[3]	*[3]	*[3]	Pro A[3]	Contra B[3]	*[3]	_	_	Hauptteil[10]	1. Claim[17]	
5-11	825-828	ein	3. Nicht zutreffend[3]	3. Nicht zutreffend[3]	1. Verständlich[3]	Jahresertrag/Energiedichte Vorhanden[3]	*[3]	Emissionen vorhanden[3]	*[3]	Sonstiges vorhanden[3]	*[3]	*[3]	Pro A[3]	Contra B[3]	*[3]	_	_	Hauptteil[10]	1. Claim[17]	
5-12	829-838	Solarpark	3. Nicht zutreffend[3]	3. Nicht zutreffend[3]	1. Verständlich[3]	Jahresertrag/Energiedichte Vorhanden[3]	*[3]	Emissionen vorhanden[3]	*[3]	Sonstiges vorhanden[3]	*[3]	*[3]	Pro A[3]	Contra B[3]	*[3]	_	_	Hauptteil[10]	1. Claim[17]	
5-13	839-842	und	3. Nicht zutreffend[3]	3. Nicht zutreffend[3]	1. Verständlich[3]	Jahresertrag/Energiedichte Vorhanden[3]	*[3]	Emissionen vorhanden[3]	*[3]	Sonstiges vorhanden[3]	*[3]	*[3]	Pro A[3]	Contra B[3]	*[3]	_	_	Hauptteil[10]	1. Claim[18]	
5-14	843-846	ist	3. Nicht zutreffend[3]	3. Nicht zutreffend[3]	1. Verständlich[3]	Jahresertrag/Energiedichte Vorhanden[3]	*[3]	Emissionen vorhanden[3]	*[3]	Sonstiges vorhanden[3]	*[3]	*[3]	Pro A[3]	Contra B[3]	*[3]	_	_	Hauptteil[10]	1. Claim[18]	
5-15	847-851	auch	3. Nicht zutreffend[3]	3. Nicht zutreffend[3]	1. Verständlich[3]	Jahresertrag/Energiedichte Vorhanden[3]	*[3]	Emissionen vorhanden[3]	*[3]	Sonstiges vorhanden[3]	*[3]	*[3]	Pro A[3]	Contra B[3]	*[3]	_	_	Hauptteil[10]	1. Claim[18]	
5-16	852-853	"	3. Nicht zutreffend[3]	3. Nicht zutreffend[3]	1. Verständlich[3]	Jahresertrag/Energiedichte Vorhanden[3]	*[3]	Emissionen vorhanden[3]	*[3]	Sonstiges vorhanden[3]	*[3]	*[3]	Pro A[3]	Contra B[3]	*[3]	_	_	Hauptteil[10]	1. Claim[18]	
5-17	853-859	sozial	3. Nicht zutreffend[3]	3. Nicht zutreffend[3]	1. Verständlich[3]	Jahresertrag/Energiedichte Vorhanden[3]	*[3]	Emissionen vorhanden[3]	*[3]	Sonstiges vorhanden[3]	*[3]	*[3]	Pro A[3]	Contra B[3]	*[3]	_	_	Hauptteil[10]	1. Claim[18]	
5-18	860-873	verträglicher	3. Nicht zutreffend[3]	3. Nicht zutreffend[3]	1. Verständlich[3]	Jahresertrag/Energiedichte Vorhanden[3]	*[3]	Emissionen vorhanden[3]	*[3]	Sonstiges vorhanden[3]	*[3]	*[3]	Pro A[3]	Contra B[3]	*[3]	_	_	Hauptteil[10]	1. Claim[18]	
5-19	873-874	"	3. Nicht zutreffend[3]	3. Nicht zutreffend[3]	1. Verständlich[3]	Jahresertrag/Energiedichte Vorhanden[3]	*[3]	Emissionen vorhanden[3]	*[3]	Sonstiges vorhanden[3]	*[3]	*[3]	Pro A[3]	Contra B[3]	*[3]	_	_	Hauptteil[10]	1. Claim[18]	
5-20	874-875	,	3. Nicht zutreffend[3]	3. Nicht zutreffend[3]	1. Verständlich[3]	Jahresertrag/Energiedichte Vorhanden[3]	*[3]	Emissionen vorhanden[3]	*[3]	Sonstiges vorhanden[3]	*[3]	*[3]	Pro A[3]	Contra B[3]	*[3]	_	_	Hauptteil[10]	1. Claim[18]	
5-21	876-880	denn	3. Nicht zutreffend[3]	3. Nicht zutreffend[3]	1. Verständlich[3]	Jahresertrag/Energiedichte Vorhanden[3]	*[3]	Emissionen vorhanden[3]	*[3]	Sonstiges vorhanden[3]	*[3]	*[3]	Pro A[3]	Contra B[3]	*[3]	_	_	Hauptteil[10]	1. Claim[19]	
5-22	881-883	es	3. Nicht zutreffend[3]	3. Nicht zutreffend[3]	1. Verständlich[3]	Jahresertrag/Energiedichte Vorhanden[3]	*[3]	Emissionen vorhanden[3]	*[3]	Sonstiges vorhanden[3]	*[3]	*[3]	Pro A[3]	Contra B[3]	*[3]	_	_	Hauptteil[10]	1. Claim[19]	
5-23	884-893	behindert	3. Nicht zutreffend[3]	3. Nicht zutreffend[3]	1. Verständlich[3]	Jahresertrag/Energiedichte Vorhanden[3]	*[3]	Emissionen vorhanden[3]	*[3]	Sonstiges vorhanden[3]	*[3]	*[3]	Pro A[3]	Contra B[3]	*[3]	_	_	Hauptteil[10]	1. Claim[19]	
5-24	894-899	weder	3. Nicht zutreffend[3]	3. Nicht zutreffend[3]	1. Verständlich[3]	Jahresertrag/Energiedichte Vorhanden[3]	*[3]	Emissionen vorhanden[3]	*[3]	Sonstiges vorhanden[3]	*[3]	*[3]	Pro A[3]	Contra B[3]	*[3]	_	_	Hauptteil[10]	1. Claim[19]	
5-25	900-903	die	3. Nicht zutreffend[3]	3. Nicht zutreffend[3]	1. Verständlich[3]	Jahresertrag/Energiedichte Vorhanden[3]	*[3]	Emissionen vorhanden[3]	*[3]	Sonstiges vorhanden[3]	*[3]	*[3]	Pro A[3]	Contra B[3]	*[3]	_	_	Hauptteil[10]	1. Claim[19]	
5-26	904-909	Sicht	3. Nicht zutreffend[3]	3. Nicht zutreffend[3]	1. Verständlich[3]	Jahresertrag/Energiedichte Vorhanden[3]	*[3]	Emissionen vorhanden[3]	*[3]	Sonstiges vorhanden[3]	*[3]	*[3]	Pro A[3]	Contra B[3]	*[3]	_	_	Hauptteil[10]	1. Claim[19]	
5-27	909-910	,	3. Nicht zutreffend[3]	3. Nicht zutreffend[3]	1. Verständlich[3]	Jahresertrag/Energiedichte Vorhanden[3]	*[3]	Emissionen vorhanden[3]	*[3]	Sonstiges vorhanden[3]	*[3]	*[3]	Pro A[3]	Contra B[3]	*[3]	_	_	Hauptteil[10]	1. Claim[19]	
5-28	911-915	noch	3. Nicht zutreffend[3]	3. Nicht zutreffend[3]	1. Verständlich[3]	Jahresertrag/Energiedichte Vorhanden[3]	*[3]	Emissionen vorhanden[3]	*[3]	Sonstiges vorhanden[3]	*[3]	*[3]	Pro A[3]	Contra B[3]	*[3]	_	_	Hauptteil[10]	1. Claim[20]	
5-29	916-921	nimmt	3. Nicht zutreffend[3]	3. Nicht zutreffend[3]	1. Verständlich[3]	Jahresertrag/Energiedichte Vorhanden[3]	*[3]	Emissionen vorhanden[3]	*[3]	Sonstiges vorhanden[3]	*[3]	*[3]	Pro A[3]	Contra B[3]	*[3]	_	_	Hauptteil[10]	1. Claim[20]	
5-30	922-924	es	3. Nicht zutreffend[3]	3. Nicht zutreffend[3]	1. Verständlich[3]	Jahresertrag/Energiedichte Vorhanden[3]	*[3]	Emissionen vorhanden[3]	*[3]	Sonstiges vorhanden[3]	*[3]	*[3]	Pro A[3]	Contra B[3]	*[3]	_	_	Hauptteil[10]	1. Claim[20]	
5-31	925-929	viel	3. Nicht zutreffend[3]	3. Nicht zutreffend[3]	1. Verständlich[3]	Jahresertrag/Energiedichte Vorhanden[3]	*[3]	Emissionen vorhanden[3]	*[3]	Sonstiges vorhanden[3]	*[3]	*[3]	Pro A[3]	Contra B[3]	*[3]	_	_	Hauptteil[10]	1. Claim[20]	
5-32	930-936	Fläche	3. Nicht zutreffend[3]	3. Nicht zutreffend[3]	1. Verständlich[3]	Jahresertrag/Energiedichte Vorhanden[3]	*[3]	Emissionen vorhanden[3]	*[3]	Sonstiges vorhanden[3]	*[3]	*[3]	Pro A[3]	Contra B[3]	*[3]	_	_	Hauptteil[10]	1. Claim[20]	
5-33	937-940	ein	3. Nicht zutreffend[3]	3. Nicht zutreffend[3]	1. Verständlich[3]	Jahresertrag/Energiedichte Vorhanden[3]	*[3]	Emissionen vorhanden[3]	*[3]	Sonstiges vorhanden[3]	*[3]	*[3]	Pro A[3]	Contra B[3]	*[3]	_	_	Hauptteil[10]	1. Claim[20]	
5-34	941-944	und	3. Nicht zutreffend[3]	3. Nicht zutreffend[3]	1. Verständlich[3]	Jahresertrag/Energiedichte Vorhanden[3]	*[3]	Emissionen vorhanden[3]	*[3]	Sonstiges vorhanden[3]	*[3]	*[3]	Pro A[3]	Contra B[3]	*[3]	_	_	Hauptteil[10]	2. Data[21]	
5-35	945-947	je	3. Nicht zutreffend[3]	3. Nicht zutreffend[3]	1. Verständlich[3]	Jahresertrag/Energiedichte Vorhanden[3]	*[3]	Emissionen vorhanden[3]	*[3]	Sonstiges vorhanden[3]	*[3]	*[3]	Pro A[3]	Contra B[3]	*[3]	_	_	Hauptteil[10]	2. Data[21]	
5-36	948-952	nach	3. Nicht zutreffend[3]	3. Nicht zutreffend[3]	1. Verständlich[3]	Jahresertrag/Energiedichte Vorhanden[3]	*[3]	Emissionen vorhanden[3]	*[3]	Sonstiges vorhanden[3]	*[3]	*[3]	Pro A[3]	Contra B[3]	*[3]	_	_	Hauptteil[10]	2. Data[21]	
5-37	953-957	Lage	3. Nicht zutreffend[3]	3. Nicht zutreffend[3]	1. Verständlich[3]	Jahresertrag/Energiedichte Vorhanden[3]	*[3]	Emissionen vorhanden[3]	*[3]	Sonstiges vorhanden[3]	*[3]	*[3]	Pro A[3]	Contra B[3]	*[3]	_	_	Hauptteil[10]	2. Data[21]	
5-38	958-963	stört	3. Nicht zutreffend[3]	3. Nicht zutreffend[3]	1. Verständlich[3]	Jahresertrag/Energiedichte Vorhanden[3]	*[3]	Emissionen vorhanden[3]	*[3]	Sonstiges vorhanden[3]	*[3]	*[3]	Pro A[3]	Contra B[3]	*[3]	_	_	Hauptteil[10]	2. Data[21]	
5-39	964-967	der	3. Nicht zutreffend[3]	3. Nicht zutreffend[3]	1. Verständlich[3]	Jahresertrag/Energiedichte Vorhanden[3]	*[3]	Emissionen vorhanden[3]	*[3]	Sonstiges vorhanden[3]	*[3]	*[3]	Pro A[3]	Contra B[3]	*[3]	_	_	Hauptteil[10]	2. Data[21]	
5-40	968-981	Geräuschpegel	3. Nicht zutreffend[3]	3. Nicht zutreffend[3]	1. Verständlich[3]	Jahresertrag/Energiedichte Vorhanden[3]	*[3]	Emissionen vorhanden[3]	*[3]	Sonstiges vorhanden[3]	*[3]	*[3]	Pro A[3]	Contra B[3]	*[3]	_	_	Hauptteil[10]	2. Data[21]	
5-41	982-986	auch	3. Nicht zutreffend[3]	3. Nicht zutreffend[3]	1. Verständlich[3]	Jahresertrag/Energiedichte Vorhanden[3]	*[3]	Emissionen vorhanden[3]	*[3]	Sonstiges vorhanden[3]	*[3]	*[3]	Pro A[3]	Contra B[3]	*[3]	_	_	Hauptteil[10]	2. Data[21]	
5-42	987-992	nicht	3. Nicht zutreffend[3]	3. Nicht zutreffend[3]	1. Verständlich[3]	Jahresertrag/Energiedichte Vorhanden[3]	*[3]	Emissionen vorhanden[3]	*[3]	Sonstiges vorhanden[3]	*[3]	*[3]	Pro A[3]	Contra B[3]	*[3]	_	_	Hauptteil[10]	2. Data[21]	
5-43	993-994	(	3. Nicht zutreffend[3]	3. Nicht zutreffend[3]	1. Verständlich[3]	Jahresertrag/Energiedichte Vorhanden[3]	*[3]	Emissionen vorhanden[3]	*[3]	Sonstiges vorhanden[3]	*[3]	*[3]	Pro A[3]	Contra B[3]	*[3]	_	_	Hauptteil[10]	2. Data[21]	
5-44	994-996	so	3. Nicht zutreffend[3]	3. Nicht zutreffend[3]	1. Verständlich[3]	Jahresertrag/Energiedichte Vorhanden[3]	*[3]	Emissionen vorhanden[3]	*[3]	Sonstiges vorhanden[3]	*[3]	*[3]	Pro A[3]	Contra B[3]	*[3]	_	_	Hauptteil[10]	2. Data[21]	
5-45	997-1002	stark	3. Nicht zutreffend[3]	3. Nicht zutreffend[3]	1. Verständlich[3]	Jahresertrag/Energiedichte Vorhanden[3]	*[3]	Emissionen vorhanden[3]	*[3]	Sonstiges vorhanden[3]	*[3]	*[3]	Pro A[3]	Contra B[3]	*[3]	_	_	Hauptteil[10]	2. Data[21]	
5-46	1002-1003	)	3. Nicht zutreffend[3]	3. Nicht zutreffend[3]	1. Verständlich[3]	Jahresertrag/Energiedichte Vorhanden[3]	*[3]	Emissionen vorhanden[3]	*[3]	Sonstiges vorhanden[3]	*[3]	*[3]	Pro A[3]	Contra B[3]	*[3]	_	_	Hauptteil[10]	2. Data[21]	
5-47	1003-1004	.	3. Nicht zutreffend[3]	3. Nicht zutreffend[3]	1. Verständlich[3]	Jahresertrag/Energiedichte Vorhanden[3]	*[3]	Emissionen vorhanden[3]	*[3]	Sonstiges vorhanden[3]	*[3]	*[3]	Pro A[3]	Contra B[3]	*[3]	_	_	Hauptteil[10]	2. Data[21]	

6-1	1006-1009	Man	3. Nicht zutreffend[3]	3. Nicht zutreffend[3]	1. Verständlich[3]	Jahresertrag/Energiedichte Vorhanden[3]	*[3]	Emissionen vorhanden[3]	*[3]	Sonstiges vorhanden[3]	*[3]	*[3]	Pro A[3]	Contra B[3]	*[3]	_	_	Hauptteil[10]	1. Claim[22]	
6-2	1010-1014	kann	3. Nicht zutreffend[3]	3. Nicht zutreffend[3]	1. Verständlich[3]	Jahresertrag/Energiedichte Vorhanden[3]	*[3]	Emissionen vorhanden[3]	*[3]	Sonstiges vorhanden[3]	*[3]	*[3]	Pro A[3]	Contra B[3]	*[3]	_	_	Hauptteil[10]	1. Claim[22]	
6-3	1015-1018	die	3. Nicht zutreffend[3]	3. Nicht zutreffend[3]	1. Verständlich[3]	Jahresertrag/Energiedichte Vorhanden[3]	*[3]	Emissionen vorhanden[3]	*[3]	Sonstiges vorhanden[3]	*[3]	*[3]	Pro A[3]	Contra B[3]	*[3]	_	_	Hauptteil[10]	1. Claim[22]	
6-4	1019-1036	Wasserkraftanlage	3. Nicht zutreffend[3]	3. Nicht zutreffend[3]	1. Verständlich[3]	Jahresertrag/Energiedichte Vorhanden[3]	*[3]	Emissionen vorhanden[3]	*[3]	Sonstiges vorhanden[3]	*[3]	*[3]	Pro A[3]	Contra B[3]	*[3]	_	_	Hauptteil[10]	1. Claim[22]	
6-5	1037-1041	auch	3. Nicht zutreffend[3]	3. Nicht zutreffend[3]	1. Verständlich[3]	Jahresertrag/Energiedichte Vorhanden[3]	*[3]	Emissionen vorhanden[3]	*[3]	Sonstiges vorhanden[3]	*[3]	*[3]	Pro A[3]	Contra B[3]	*[3]	_	_	Hauptteil[10]	1. Claim[22]	
6-6	1042-1045	mit	3. Nicht zutreffend[3]	3. Nicht zutreffend[3]	1. Verständlich[3]	Jahresertrag/Energiedichte Vorhanden[3]	*[3]	Emissionen vorhanden[3]	*[3]	Sonstiges vorhanden[3]	*[3]	*[3]	Pro A[3]	Contra B[3]	*[3]	_	_	Hauptteil[10]	1. Claim[22]	
6-7	1046-1051	einer	3. Nicht zutreffend[3]	3. Nicht zutreffend[3]	1. Verständlich[3]	Jahresertrag/Energiedichte Vorhanden[3]	*[3]	Emissionen vorhanden[3]	*[3]	Sonstiges vorhanden[3]	*[3]	*[3]	Pro A[3]	Contra B[3]	*[3]	_	_	Hauptteil[10]	1. Claim[22]	
6-8	1052-1059	kleinen	3. Nicht zutreffend[3]	3. Nicht zutreffend[3]	1. Verständlich[3]	Jahresertrag/Energiedichte Vorhanden[3]	*[3]	Emissionen vorhanden[3]	*[3]	Sonstiges vorhanden[3]	*[3]	*[3]	Pro A[3]	Contra B[3]	*[3]	_	_	Hauptteil[10]	1. Claim[22]	
6-9	1060-1071	Solaranlage	3. Nicht zutreffend[3]	3. Nicht zutreffend[3]	1. Verständlich[3]	Jahresertrag/Energiedichte Vorhanden[3]	*[3]	Emissionen vorhanden[3]	*[3]	Sonstiges vorhanden[3]	*[3]	*[3]	Pro A[3]	Contra B[3]	*[3]	_	_	Hauptteil[10]	1. Claim[22]	
6-10	1072-1083	kombinieren	3. Nicht zutreffend[3]	3. Nicht zutreffend[3]	1. Verständlich[3]	Jahresertrag/Energiedichte Vorhanden[3]	*[3]	Emissionen vorhanden[3]	*[3]	Sonstiges vorhanden[3]	*[3]	*[3]	Pro A[3]	Contra B[3]	*[3]	_	_	Hauptteil[10]	1. Claim[22]	
6-11	1084-1087	und	3. Nicht zutreffend[3]	3. Nicht zutreffend[3]	1. Verständlich[3]	Jahresertrag/Energiedichte Vorhanden[3]	*[3]	Emissionen vorhanden[3]	*[3]	Sonstiges vorhanden[3]	*[3]	*[3]	Pro A[3]	Contra B[3]	*[3]	_	_	Hauptteil[10]	1. Claim[22]	
6-12	1088-1090	so	3. Nicht zutreffend[3]	3. Nicht zutreffend[3]	1. Verständlich[3]	Jahresertrag/Energiedichte Vorhanden[3]	*[3]	Emissionen vorhanden[3]	*[3]	Sonstiges vorhanden[3]	*[3]	*[3]	Pro A[3]	Contra B[3]	*[3]	_	_	Hauptteil[10]	1. Claim[22]	
6-13	1091-1094	den	3. Nicht zutreffend[3]	3. Nicht zutreffend[3]	1. Verständlich[3]	Jahresertrag/Energiedichte Vorhanden[3]	*[3]	Emissionen vorhanden[3]	*[3]	Sonstiges vorhanden[3]	*[3]	*[3]	Pro A[3]	Contra B[3]	*[3]	_	_	Hauptteil[10]	1. Claim[22]	
6-14	1095-1101	Ertrag	3. Nicht zutreffend[3]	3. Nicht zutreffend[3]	1. Verständlich[3]	Jahresertrag/Energiedichte Vorhanden[3]	*[3]	Emissionen vorhanden[3]	*[3]	Sonstiges vorhanden[3]	*[3]	*[3]	Pro A[3]	Contra B[3]	*[3]	_	_	Hauptteil[10]	1. Claim[22]	
6-15	1102-1104	an	3. Nicht zutreffend[3]	3. Nicht zutreffend[3]	1. Verständlich[3]	Jahresertrag/Energiedichte Vorhanden[3]	*[3]	Emissionen vorhanden[3]	*[3]	Sonstiges vorhanden[3]	*[3]	*[3]	Pro A[3]	Contra B[3]	*[3]	_	_	Hauptteil[10]	1. Claim[22]	
6-16	1105-1112	Energie	3. Nicht zutreffend[3]	3. Nicht zutreffend[3]	1. Verständlich[3]	Jahresertrag/Energiedichte Vorhanden[3]	*[3]	Emissionen vorhanden[3]	*[3]	Sonstiges vorhanden[3]	*[3]	*[3]	Pro A[3]	Contra B[3]	*[3]	_	_	Hauptteil[10]	1. Claim[22]	
6-17	1113-1119	weiter	3. Nicht zutreffend[3]	3. Nicht zutreffend[3]	1. Verständlich[3]	Jahresertrag/Energiedichte Vorhanden[3]	*[3]	Emissionen vorhanden[3]	*[3]	Sonstiges vorhanden[3]	*[3]	*[3]	Pro A[3]	Contra B[3]	*[3]	_	_	Hauptteil[10]	1. Claim[22]	
6-18	1120-1128	steigern	3. Nicht zutreffend[3]	3. Nicht zutreffend[3]	1. Verständlich[3]	Jahresertrag/Energiedichte Vorhanden[3]	*[3]	Emissionen vorhanden[3]	*[3]	Sonstiges vorhanden[3]	*[3]	*[3]	Pro A[3]	Contra B[3]	*[3]	_	_	Hauptteil[10]	1. Claim[22]	
6-19	1128-1129	,	3. Nicht zutreffend[3]	3. Nicht zutreffend[3]	1. Verständlich[3]	Jahresertrag/Energiedichte Vorhanden[3]	*[3]	Emissionen vorhanden[3]	*[3]	Sonstiges vorhanden[3]	*[3]	*[3]	Pro A[3]	Contra B[3]	*[3]	_	_	Hauptteil[10]	1. Claim[22]	
6-20	1130-1134	ohne	3. Nicht zutreffend[3]	3. Nicht zutreffend[3]	1. Verständlich[3]	Jahresertrag/Energiedichte Vorhanden[3]	*[3]	Emissionen vorhanden[3]	*[3]	Sonstiges vorhanden[3]	*[3]	*[3]	Pro A[3]	Contra B[3]	*[3]	_	_	Hauptteil[10]	1. Claim[22]	
6-21	1135-1147	zusätzlichen	3. Nicht zutreffend[3]	3. Nicht zutreffend[3]	1. Verständlich[3]	Jahresertrag/Energiedichte Vorhanden[3]	*[3]	Emissionen vorhanden[3]	*[3]	Sonstiges vorhanden[3]	*[3]	*[3]	Pro A[3]	Contra B[3]	*[3]	_	_	Hauptteil[10]	1. Claim[22]	
6-22	1148-1153	Platz	3. Nicht zutreffend[3]	3. Nicht zutreffend[3]	1. Verständlich[3]	Jahresertrag/Energiedichte Vorhanden[3]	*[3]	Emissionen vorhanden[3]	*[3]	Sonstiges vorhanden[3]	*[3]	*[3]	Pro A[3]	Contra B[3]	*[3]	_	_	Hauptteil[10]	1. Claim[22]	
6-23	1154-1156	zu	3. Nicht zutreffend[3]	3. Nicht zutreffend[3]	1. Verständlich[3]	Jahresertrag/Energiedichte Vorhanden[3]	*[3]	Emissionen vorhanden[3]	*[3]	Sonstiges vorhanden[3]	*[3]	*[3]	Pro A[3]	Contra B[3]	*[3]	_	_	Hauptteil[10]	1. Claim[22]	
6-24	1157-1169	beanspruchen	3. Nicht zutreffend[3]	3. Nicht zutreffend[3]	1. Verständlich[3]	Jahresertrag/Energiedichte Vorhanden[3]	*[3]	Emissionen vorhanden[3]	*[3]	Sonstiges vorhanden[3]	*[3]	*[3]	Pro A[3]	Contra B[3]	*[3]	_	_	Hauptteil[10]	1. Claim[22]	
6-25	1169-1170	.	3. Nicht zutreffend[3]	3. Nicht zutreffend[3]	1. Verständlich[3]	Jahresertrag/Energiedichte Vorhanden[3]	*[3]	Emissionen vorhanden[3]	*[3]	Sonstiges vorhanden[3]	*[3]	*[3]	Pro A[3]	Contra B[3]	*[3]	_	_	Hauptteil[10]	1. Claim[22]	

7-1	1172-1175	Ein	1. Richtig[4]	1. Angemessen[4]	1. Verständlich[4]	*[4]	*[4]	*[4]	*[4]	*[4]	Treibhausgasemissionen vorhanden[4]	*[4]	Pro A[4]	Contra B[4]	*[4]	_	_	Hauptteil[10]	5. Nicht zutreffend[23]	
7-2	1176-1184	weiterer	1. Richtig[4]	1. Angemessen[4]	1. Verständlich[4]	*[4]	*[4]	*[4]	*[4]	*[4]	Treibhausgasemissionen vorhanden[4]	*[4]	Pro A[4]	Contra B[4]	*[4]	_	_	Hauptteil[10]	5. Nicht zutreffend[23]	
7-3	1185-1191	Aspekt	1. Richtig[4]	1. Angemessen[4]	1. Verständlich[4]	*[4]	*[4]	*[4]	*[4]	*[4]	Treibhausgasemissionen vorhanden[4]	*[4]	Pro A[4]	Contra B[4]	*[4]	_	_	Hauptteil[10]	5. Nicht zutreffend[23]	
7-4	1192-1195	ist	1. Richtig[4]	1. Angemessen[4]	1. Verständlich[4]	*[4]	*[4]	*[4]	*[4]	*[4]	Treibhausgasemissionen vorhanden[4]	*[4]	Pro A[4]	Contra B[4]	*[4]	_	_	Hauptteil[10]	5. Nicht zutreffend[23]	
7-5	1195-1196	,	1. Richtig[4]	1. Angemessen[4]	1. Verständlich[4]	*[4]	*[4]	*[4]	*[4]	*[4]	Treibhausgasemissionen vorhanden[4]	*[4]	Pro A[4]	Contra B[4]	*[4]	_	_	Hauptteil[10]	5. Nicht zutreffend[23]	
7-6	1197-1201	dass	1. Richtig[4]	1. Angemessen[4]	1. Verständlich[4]	*[4]	*[4]	*[4]	*[4]	*[4]	Treibhausgasemissionen vorhanden[4]	*[4]	Pro A[4]	Contra B[4]	*[4]	_	_	Hauptteil[10]	2. Data[24]	
7-7	1202-1206	eine	1. Richtig[4]	1. Angemessen[4]	1. Verständlich[4]	*[4]	*[4]	*[4]	*[4]	*[4]	Treibhausgasemissionen vorhanden[4]	*[4]	Pro A[4]	Contra B[4]	*[4]	_	_	Hauptteil[10]	2. Data[24]	
7-8	1207-1224	Wasserkraftanlage	1. Richtig[4]	1. Angemessen[4]	1. Verständlich[4]	*[4]	*[4]	*[4]	*[4]	*[4]	Treibhausgasemissionen vorhanden[4]	*[4]	Pro A[4]	Contra B[4]	*[4]	_	_	Hauptteil[10]	2. Data[24]	
7-9	1225-1232	weniger	1. Richtig[4]	1. Angemessen[4]	1. Verständlich[4]	*[4]	*[4]	*[4]	*[4]	*[4]	Treibhausgasemissionen vorhanden[4]	*[4]	Pro A[4]	Contra B[4]	*[4]	_	_	Hauptteil[10]	2. Data[24]	
7-10	1233-1255	Treibhausgasemissionen	1. Richtig[4]	1. Angemessen[4]	1. Verständlich[4]	*[4]	*[4]	*[4]	*[4]	*[4]	Treibhausgasemissionen vorhanden[4]	*[4]	Pro A[4]	Contra B[4]	*[4]	_	_	Hauptteil[10]	2. Data[24]	
7-11	1255-1256	,	1. Richtig[4]	1. Angemessen[4]	1. Verständlich[4]	*[4]	*[4]	*[4]	*[4]	*[4]	Treibhausgasemissionen vorhanden[4]	*[4]	Pro A[4]	Contra B[4]	*[4]	_	_	Hauptteil[10]	2. Data[24]	
7-12	1257-1260	das	1. Richtig[4]	1. Angemessen[4]	1. Verständlich[4]	*[4]	*[4]	*[4]	*[4]	*[4]	Treibhausgasemissionen vorhanden[4]	*[4]	Pro A[4]	Contra B[4]	*[4]	_	_	Hauptteil[10]	2. Data[24]	
7-13	1261-1266	heißt	1. Richtig[4]	1. Angemessen[4]	1. Verständlich[4]	*[4]	*[4]	*[4]	*[4]	*[4]	Treibhausgasemissionen vorhanden[4]	*[4]	Pro A[4]	Contra B[4]	*[4]	_	_	Hauptteil[10]	2. Data[24]	
7-14	1267-1274	weniger	1. Richtig[4]	1. Angemessen[4]	1. Verständlich[4]	*[4]	*[4]	*[4]	*[4]	*[4]	Treibhausgasemissionen vorhanden[4]	*[4]	Pro A[4]	Contra B[4]	*[4]	_	_	Hauptteil[10]	2. Data[24]	
7-15	1275-1287	ausgestoßene	1. Richtig[4]	1. Angemessen[4]	1. Verständlich[4]	*[4]	*[4]	*[4]	*[4]	*[4]	Treibhausgasemissionen vorhanden[4]	*[4]	Pro A[4]	Contra B[4]	*[4]	_	_	Hauptteil[10]	2. Data[24]	
7-16	1288-1301	Teribhausgase	1. Richtig[4]	1. Angemessen[4]	1. Verständlich[4]	*[4]	*[4]	*[4]	*[4]	*[4]	Treibhausgasemissionen vorhanden[4]	*[4]	Pro A[4]	Contra B[4]	*[4]	_	_	Hauptteil[10]	2. Data[24]	
7-17	1301-1302	,	1. Richtig[4]	1. Angemessen[4]	1. Verständlich[4]	*[4]	*[4]	*[4]	*[4]	*[4]	Treibhausgasemissionen vorhanden[4]	*[4]	Pro A[4]	Contra B[4]	*[4]	_	_	Hauptteil[10]	2. Data[24]	
7-18	1303-1310	erzeugt	1. Richtig[4]	1. Angemessen[4]	1. Verständlich[4]	*[4]	*[4]	*[4]	*[4]	*[4]	Treibhausgasemissionen vorhanden[4]	*[4]	Pro A[4]	Contra B[4]	*[4]	_	_	Hauptteil[10]	2. Data[24]	
7-19	1311-1314	als	1. Richtig[4]	1. Angemessen[4]	1. Verständlich[4]	*[4]	*[4]	*[4]	*[4]	*[4]	Treibhausgasemissionen vorhanden[4]	*[4]	Pro A[4]	Contra B[4]	*[4]	_	_	Hauptteil[10]	2. Data[24]	
7-20	1315-1329	beispielsweise	1. Richtig[4]	1. Angemessen[4]	1. Verständlich[4]	*[4]	*[4]	*[4]	*[4]	*[4]	Treibhausgasemissionen vorhanden[4]	*[4]	Pro A[4]	Contra B[4]	*[4]	_	_	Hauptteil[10]	2. Data[24]	
7-21	1330-1333	ein	1. Richtig[4]	1. Angemessen[4]	1. Verständlich[4]	*[4]	*[4]	*[4]	*[4]	*[4]	Treibhausgasemissionen vorhanden[4]	*[4]	Pro A[4]	Contra B[4]	*[4]	_	_	Hauptteil[10]	2. Data[24]	
7-22	1334-1343	Solarpark	1. Richtig[4]	1. Angemessen[4]	1. Verständlich[4]	*[4]	*[4]	*[4]	*[4]	*[4]	Treibhausgasemissionen vorhanden[4]	*[4]	Pro A[4]	Contra B[4]	*[4]	_	_	Hauptteil[10]	2. Data[24]	
7-23	1343-1344	,	1. Richtig[4]	1. Angemessen[4]	1. Verständlich[4]	*[4]	*[4]	*[4]	*[4]	*[4]	Treibhausgasemissionen vorhanden[4]	*[4]	Pro A[4]	Contra B[4]	*[4]	_	_	Hauptteil[10]	2. Data[24]	
7-24	1345-1348	was	1. Richtig[4]	1. Angemessen[4]	1. Verständlich[4]	*[4]	*[4]	*[4]	*[4]	*[4]	Treibhausgasemissionen vorhanden[4]	*[4]	Pro A[4]	Contra B[4]	*[4]	_	_	Hauptteil[10]	1. Claim[25]	
7-25	1349-1353	auch	1. Richtig[4]	1. Angemessen[4]	1. Verständlich[4]	*[4]	*[4]	*[4]	*[4]	*[4]	Treibhausgasemissionen vorhanden[4]	*[4]	Pro A[4]	Contra B[4]	*[4]	_	_	Hauptteil[10]	1. Claim[25]	
7-26	1354-1357	für	1. Richtig[4]	1. Angemessen[4]	1. Verständlich[4]	*[4]	*[4]	*[4]	*[4]	*[4]	Treibhausgasemissionen vorhanden[4]	*[4]	Pro A[4]	Contra B[4]	*[4]	_	_	Hauptteil[10]	1. Claim[25]	
7-27	1358-1361	sie	1. Richtig[4]	1. Angemessen[4]	1. Verständlich[4]	*[4]	*[4]	*[4]	*[4]	*[4]	Treibhausgasemissionen vorhanden[4]	*[4]	Pro A[4]	Contra B[4]	*[4]	_	_	Hauptteil[10]	1. Claim[25]	
7-28	1362-1369	spricht	1. Richtig[4]	1. Angemessen[4]	1. Verständlich[4]	*[4]	*[4]	*[4]	*[4]	*[4]	Treibhausgasemissionen vorhanden[4]	*[4]	Pro A[4]	Contra B[4]	*[4]	_	_	Hauptteil[10]	1. Claim[25]	
7-29	1369-1370	.	1. Richtig[4]	1. Angemessen[4]	1. Verständlich[4]	*[4]	*[4]	*[4]	*[4]	*[4]	Treibhausgasemissionen vorhanden[4]	*[4]	Pro A[4]	Contra B[4]	*[4]	_	_	Hauptteil[10]	1. Claim[25]	

8-1	1372-1374	Um	1. Richtig[5]	1. Angemessen[5]	1. Verständlich[5]	*[5]	*[5]	*[5]	*[5]	*[5]	*[5]	Wirkungsgrad vorhanden[5]	Pro A[5]	Contra B[5]	Contra C[5]	_	_	Hauptteil[10]	5. Nicht zutreffend[26]	
8-2	1375-1379	noch	1. Richtig[5]	1. Angemessen[5]	1. Verständlich[5]	*[5]	*[5]	*[5]	*[5]	*[5]	*[5]	Wirkungsgrad vorhanden[5]	Pro A[5]	Contra B[5]	Contra C[5]	_	_	Hauptteil[10]	5. Nicht zutreffend[26]	
8-3	1380-1386	einmal	1. Richtig[5]	1. Angemessen[5]	1. Verständlich[5]	*[5]	*[5]	*[5]	*[5]	*[5]	*[5]	Wirkungsgrad vorhanden[5]	Pro A[5]	Contra B[5]	Contra C[5]	_	_	Hauptteil[10]	5. Nicht zutreffend[26]	
8-4	1387-1390	auf	1. Richtig[5]	1. Angemessen[5]	1. Verständlich[5]	*[5]	*[5]	*[5]	*[5]	*[5]	*[5]	Wirkungsgrad vorhanden[5]	Pro A[5]	Contra B[5]	Contra C[5]	_	_	Hauptteil[10]	5. Nicht zutreffend[26]	
8-5	1391-1394	den	1. Richtig[5]	1. Angemessen[5]	1. Verständlich[5]	*[5]	*[5]	*[5]	*[5]	*[5]	*[5]	Wirkungsgrad vorhanden[5]	Pro A[5]	Contra B[5]	Contra C[5]	_	_	Hauptteil[10]	5. Nicht zutreffend[26]	
8-6	1395-1407	Wirkungsgrad	1. Richtig[5]	1. Angemessen[5]	1. Verständlich[5]	*[5]	*[5]	*[5]	*[5]	*[5]	*[5]	Wirkungsgrad vorhanden[5]	Pro A[5]	Contra B[5]	Contra C[5]	_	_	Hauptteil[10]	5. Nicht zutreffend[26]	
8-7	1408-1410	zu	1. Richtig[5]	1. Angemessen[5]	1. Verständlich[5]	*[5]	*[5]	*[5]	*[5]	*[5]	*[5]	Wirkungsgrad vorhanden[5]	Pro A[5]	Contra B[5]	Contra C[5]	_	_	Hauptteil[10]	5. Nicht zutreffend[26]	
8-8	1411-1419	sprechen	1. Richtig[5]	1. Angemessen[5]	1. Verständlich[5]	*[5]	*[5]	*[5]	*[5]	*[5]	*[5]	Wirkungsgrad vorhanden[5]	Pro A[5]	Contra B[5]	Contra C[5]	_	_	Hauptteil[10]	5. Nicht zutreffend[26]	
8-9	1420-1422	zu	1. Richtig[5]	1. Angemessen[5]	1. Verständlich[5]	*[5]	*[5]	*[5]	*[5]	*[5]	*[5]	Wirkungsgrad vorhanden[5]	Pro A[5]	Contra B[5]	Contra C[5]	_	_	Hauptteil[10]	5. Nicht zutreffend[26]	
8-10	1423-1429	kommen	1. Richtig[5]	1. Angemessen[5]	1. Verständlich[5]	*[5]	*[5]	*[5]	*[5]	*[5]	*[5]	Wirkungsgrad vorhanden[5]	Pro A[5]	Contra B[5]	Contra C[5]	_	_	Hauptteil[10]	5. Nicht zutreffend[26]	
8-11	1429-1430	,	1. Richtig[5]	1. Angemessen[5]	1. Verständlich[5]	*[5]	*[5]	*[5]	*[5]	*[5]	*[5]	Wirkungsgrad vorhanden[5]	Pro A[5]	Contra B[5]	Contra C[5]	_	_	Hauptteil[10]	5. Nicht zutreffend[26]	
8-12	1431-1433	so	1. Richtig[5]	1. Angemessen[5]	1. Verständlich[5]	*[5]	*[5]	*[5]	*[5]	*[5]	*[5]	Wirkungsgrad vorhanden[5]	Pro A[5]	Contra B[5]	Contra C[5]	_	_	Hauptteil[10]	2. Data[27]	
8-13	1434-1437	hat	1. Richtig[5]	1. Angemessen[5]	1. Verständlich[5]	*[5]	*[5]	*[5]	*[5]	*[5]	*[5]	Wirkungsgrad vorhanden[5]	Pro A[5]	Contra B[5]	Contra C[5]	_	_	Hauptteil[10]	2. Data[27]	
8-14	1438-1441	die	1. Richtig[5]	1. Angemessen[5]	1. Verständlich[5]	*[5]	*[5]	*[5]	*[5]	*[5]	*[5]	Wirkungsgrad vorhanden[5]	Pro A[5]	Contra B[5]	Contra C[5]	_	_	Hauptteil[10]	2. Data[27]	
8-15	1442-1459	Wasserkraftanlage	1. Richtig[5]	1. Angemessen[5]	1. Verständlich[5]	*[5]	*[5]	*[5]	*[5]	*[5]	*[5]	Wirkungsgrad vorhanden[5]	Pro A[5]	Contra B[5]	Contra C[5]	_	_	Hauptteil[10]	2. Data[27]	
8-16	1460-1465	einen	1. Richtig[5]	1. Angemessen[5]	1. Verständlich[5]	*[5]	*[5]	*[5]	*[5]	*[5]	*[5]	Wirkungsgrad vorhanden[5]	Pro A[5]	Contra B[5]	Contra C[5]	_	_	Hauptteil[10]	2. Data[27]	
8-17	1466-1478	Wirkungsgrad	1. Richtig[5]	1. Angemessen[5]	1. Verständlich[5]	*[5]	*[5]	*[5]	*[5]	*[5]	*[5]	Wirkungsgrad vorhanden[5]	Pro A[5]	Contra B[5]	Contra C[5]	_	_	Hauptteil[10]	2. Data[27]	
8-18	1478-1479	,	1. Richtig[5]	1. Angemessen[5]	1. Verständlich[5]	*[5]	*[5]	*[5]	*[5]	*[5]	*[5]	Wirkungsgrad vorhanden[5]	Pro A[5]	Contra B[5]	Contra C[5]	_	_	Hauptteil[10]	2. Data[27]	
8-19	1480-1483	der	1. Richtig[5]	1. Angemessen[5]	1. Verständlich[5]	*[5]	*[5]	*[5]	*[5]	*[5]	*[5]	Wirkungsgrad vorhanden[5]	Pro A[5]	Contra B[5]	Contra C[5]	_	_	Hauptteil[10]	2. Data[27]	
8-20	1484-1490	größer	1. Richtig[5]	1. Angemessen[5]	1. Verständlich[5]	*[5]	*[5]	*[5]	*[5]	*[5]	*[5]	Wirkungsgrad vorhanden[5]	Pro A[5]	Contra B[5]	Contra C[5]	_	_	Hauptteil[10]	2. Data[27]	
8-21	1491-1494	ist	1. Richtig[5]	1. Angemessen[5]	1. Verständlich[5]	*[5]	*[5]	*[5]	*[5]	*[5]	*[5]	Wirkungsgrad vorhanden[5]	Pro A[5]	Contra B[5]	Contra C[5]	_	_	Hauptteil[10]	2. Data[27]	
8-22	1495-1498	als	1. Richtig[5]	1. Angemessen[5]	1. Verständlich[5]	*[5]	*[5]	*[5]	*[5]	*[5]	*[5]	Wirkungsgrad vorhanden[5]	Pro A[5]	Contra B[5]	Contra C[5]	_	_	Hauptteil[10]	2. Data[27]	
8-23	1499-1502	der	1. Richtig[5]	1. Angemessen[5]	1. Verständlich[5]	*[5]	*[5]	*[5]	*[5]	*[5]	*[5]	Wirkungsgrad vorhanden[5]	Pro A[5]	Contra B[5]	Contra C[5]	_	_	Hauptteil[10]	2. Data[27]	
8-24	1503-1506	des	1. Richtig[5]	1. Angemessen[5]	1. Verständlich[5]	*[5]	*[5]	*[5]	*[5]	*[5]	*[5]	Wirkungsgrad vorhanden[5]	Pro A[5]	Contra B[5]	Contra C[5]	_	_	Hauptteil[10]	2. Data[27]	
8-25	1507-1516	Windparks	1. Richtig[5]	1. Angemessen[5]	1. Verständlich[5]	*[5]	*[5]	*[5]	*[5]	*[5]	*[5]	Wirkungsgrad vorhanden[5]	Pro A[5]	Contra B[5]	Contra C[5]	_	_	Hauptteil[10]	2. Data[27]	
8-26	1517-1520	und	1. Richtig[5]	1. Angemessen[5]	1. Verständlich[5]	*[5]	*[5]	*[5]	*[5]	*[5]	*[5]	Wirkungsgrad vorhanden[5]	Pro A[5]	Contra B[5]	Contra C[5]	_	_	Hauptteil[10]	2. Data[27]	
8-27	1521-1524	der	1. Richtig[5]	1. Angemessen[5]	1. Verständlich[5]	*[5]	*[5]	*[5]	*[5]	*[5]	*[5]	Wirkungsgrad vorhanden[5]	Pro A[5]	Contra B[5]	Contra C[5]	_	_	Hauptteil[10]	2. Data[27]	
8-28	1525-1536	Solaranlage	1. Richtig[5]	1. Angemessen[5]	1. Verständlich[5]	*[5]	*[5]	*[5]	*[5]	*[5]	*[5]	Wirkungsgrad vorhanden[5]	Pro A[5]	Contra B[5]	Contra C[5]	_	_	Hauptteil[10]	2. Data[27]	
8-29	1537-1545	zusammen	1. Richtig[5]	1. Angemessen[5]	1. Verständlich[5]	*[5]	*[5]	*[5]	*[5]	*[5]	*[5]	Wirkungsgrad vorhanden[5]	Pro A[5]	Contra B[5]	Contra C[5]	_	_	Hauptteil[10]	2. Data[27]	
8-30	1545-1546	.	1. Richtig[5]	1. Angemessen[5]	1. Verständlich[5]	*[5]	*[5]	*[5]	*[5]	*[5]	*[5]	Wirkungsgrad vorhanden[5]	Pro A[5]	Contra B[5]	Contra C[5]	_	_	Hauptteil[10]	2. Data[27]	

9-1	1548-1551	Die	1. Richtig[6]	1. Angemessen[6]	1. Verständlich[6]	Jahresertrag/Energiedichte Vorhanden[6]	*[6]	*[6]	*[6]	*[6]	*[6]	*[6]	Pro A[6]	Contra B[6]	Contra C[6]	_	_	Hauptteil[10]	2. Data[28]	
9-2	1552-1569	Wasserkraftanlage	1. Richtig[6]	1. Angemessen[6]	1. Verständlich[6]	Jahresertrag/Energiedichte Vorhanden[6]	*[6]	*[6]	*[6]	*[6]	*[6]	*[6]	Pro A[6]	Contra B[6]	Contra C[6]	_	_	Hauptteil[10]	2. Data[28]	
9-3	1570-1573	ist	1. Richtig[6]	1. Angemessen[6]	1. Verständlich[6]	Jahresertrag/Energiedichte Vorhanden[6]	*[6]	*[6]	*[6]	*[6]	*[6]	*[6]	Pro A[6]	Contra B[6]	Contra C[6]	_	_	Hauptteil[10]	2. Data[28]	
9-4	1574-1582	außerdem	1. Richtig[6]	1. Angemessen[6]	1. Verständlich[6]	Jahresertrag/Energiedichte Vorhanden[6]	*[6]	*[6]	*[6]	*[6]	*[6]	*[6]	Pro A[6]	Contra B[6]	Contra C[6]	_	_	Hauptteil[10]	2. Data[28]	
9-5	1583-1588	nicht	1. Richtig[6]	1. Angemessen[6]	1. Verständlich[6]	Jahresertrag/Energiedichte Vorhanden[6]	*[6]	*[6]	*[6]	*[6]	*[6]	*[6]	Pro A[6]	Contra B[6]	Contra C[6]	_	_	Hauptteil[10]	2. Data[28]	
9-6	1589-1591	so	1. Richtig[6]	1. Angemessen[6]	1. Verständlich[6]	Jahresertrag/Energiedichte Vorhanden[6]	*[6]	*[6]	*[6]	*[6]	*[6]	*[6]	Pro A[6]	Contra B[6]	Contra C[6]	_	_	Hauptteil[10]	2. Data[28]	
9-7	1592-1597	stark	1. Richtig[6]	1. Angemessen[6]	1. Verständlich[6]	Jahresertrag/Energiedichte Vorhanden[6]	*[6]	*[6]	*[6]	*[6]	*[6]	*[6]	Pro A[6]	Contra B[6]	Contra C[6]	_	_	Hauptteil[10]	2. Data[28]	
9-8	1598-1601	vom	1. Richtig[6]	1. Angemessen[6]	1. Verständlich[6]	Jahresertrag/Energiedichte Vorhanden[6]	*[6]	*[6]	*[6]	*[6]	*[6]	*[6]	Pro A[6]	Contra B[6]	Contra C[6]	_	_	Hauptteil[10]	2. Data[28]	
9-9	1602-1608	Wetter	1. Richtig[6]	1. Angemessen[6]	1. Verständlich[6]	Jahresertrag/Energiedichte Vorhanden[6]	*[6]	*[6]	*[6]	*[6]	*[6]	*[6]	Pro A[6]	Contra B[6]	Contra C[6]	_	_	Hauptteil[10]	2. Data[28]	
9-10	1609-1617	abhängig	1. Richtig[6]	1. Angemessen[6]	1. Verständlich[6]	Jahresertrag/Energiedichte Vorhanden[6]	*[6]	*[6]	*[6]	*[6]	*[6]	*[6]	Pro A[6]	Contra B[6]	Contra C[6]	_	_	Hauptteil[10]	2. Data[28]	
9-11	1617-1618	,	1. Richtig[6]	1. Angemessen[6]	1. Verständlich[6]	Jahresertrag/Energiedichte Vorhanden[6]	*[6]	*[6]	*[6]	*[6]	*[6]	*[6]	Pro A[6]	Contra B[6]	Contra C[6]	_	_	Hauptteil[10]	2. Data[28]	
9-12	1619-1622	wie	1. Richtig[6]	1. Angemessen[6]	1. Verständlich[6]	Jahresertrag/Energiedichte Vorhanden[6]	*[6]	*[6]	*[6]	*[6]	*[6]	*[6]	Pro A[6]	Contra B[6]	Contra C[6]	_	_	Hauptteil[10]	2. Data[28]	
9-13	1623-1632	Windkraft	1. Richtig[6]	1. Angemessen[6]	1. Verständlich[6]	Jahresertrag/Energiedichte Vorhanden[6]	*[6]	*[6]	*[6]	*[6]	*[6]	*[6]	Pro A[6]	Contra B[6]	Contra C[6]	_	_	Hauptteil[10]	2. Data[28]	
9-14	1633-1636	und	1. Richtig[6]	1. Angemessen[6]	1. Verständlich[6]	Jahresertrag/Energiedichte Vorhanden[6]	*[6]	*[6]	*[6]	*[6]	*[6]	*[6]	Pro A[6]	Contra B[6]	Contra C[6]	_	_	Hauptteil[10]	2. Data[28]	
9-15	1637-1649	Solarenergie	1. Richtig[6]	1. Angemessen[6]	1. Verständlich[6]	Jahresertrag/Energiedichte Vorhanden[6]	*[6]	*[6]	*[6]	*[6]	*[6]	*[6]	Pro A[6]	Contra B[6]	Contra C[6]	_	_	Hauptteil[10]	2. Data[28]	
9-16	1649-1650	.	1. Richtig[6]	1. Angemessen[6]	1. Verständlich[6]	Jahresertrag/Energiedichte Vorhanden[6]	*[6]	*[6]	*[6]	*[6]	*[6]	*[6]	Pro A[6]	Contra B[6]	Contra C[6]	_	_	Hauptteil[10]	2. Data[28]	

10-1	1652-1658	Einzig	1. Richtig[6]	1. Angemessen[6]	1. Verständlich[6]	Jahresertrag/Energiedichte Vorhanden[6]	*[6]	*[6]	*[6]	*[6]	*[6]	*[6]	Pro A[6]	Contra B[6]	Contra C[6]	_	_	Hauptteil[10]	3. Warrant[29]	
10-2	1659-1664	lange	1. Richtig[6]	1. Angemessen[6]	1. Verständlich[6]	Jahresertrag/Energiedichte Vorhanden[6]	*[6]	*[6]	*[6]	*[6]	*[6]	*[6]	Pro A[6]	Contra B[6]	Contra C[6]	_	_	Hauptteil[10]	3. Warrant[29]	
10-3	1665-1680	Trockenperioden	1. Richtig[6]	1. Angemessen[6]	1. Verständlich[6]	Jahresertrag/Energiedichte Vorhanden[6]	*[6]	*[6]	*[6]	*[6]	*[6]	*[6]	Pro A[6]	Contra B[6]	Contra C[6]	_	_	Hauptteil[10]	3. Warrant[29]	
10-4	1680-1681	,	1. Richtig[6]	1. Angemessen[6]	1. Verständlich[6]	Jahresertrag/Energiedichte Vorhanden[6]	*[6]	*[6]	*[6]	*[6]	*[6]	*[6]	Pro A[6]	Contra B[6]	Contra C[6]	_	_	Hauptteil[10]	3. Warrant[29]	
10-5	1682-1685	die	1. Richtig[6]	1. Angemessen[6]	1. Verständlich[6]	Jahresertrag/Energiedichte Vorhanden[6]	*[6]	*[6]	*[6]	*[6]	*[6]	*[6]	Pro A[6]	Contra B[6]	Contra C[6]	_	_	Hauptteil[10]	3. Warrant[29]	
10-6	1686-1689	den	1. Richtig[6]	1. Angemessen[6]	1. Verständlich[6]	Jahresertrag/Energiedichte Vorhanden[6]	*[6]	*[6]	*[6]	*[6]	*[6]	*[6]	Pro A[6]	Contra B[6]	Contra C[6]	_	_	Hauptteil[10]	3. Warrant[29]	
10-7	1690-1700	Pegelstand	1. Richtig[6]	1. Angemessen[6]	1. Verständlich[6]	Jahresertrag/Energiedichte Vorhanden[6]	*[6]	*[6]	*[6]	*[6]	*[6]	*[6]	Pro A[6]	Contra B[6]	Contra C[6]	_	_	Hauptteil[10]	3. Warrant[29]	
10-8	1701-1707	sinken	1. Richtig[6]	1. Angemessen[6]	1. Verständlich[6]	Jahresertrag/Energiedichte Vorhanden[6]	*[6]	*[6]	*[6]	*[6]	*[6]	*[6]	Pro A[6]	Contra B[6]	Contra C[6]	_	_	Hauptteil[10]	3. Warrant[29]	
10-9	1708-1714	lassen	1. Richtig[6]	1. Angemessen[6]	1. Verständlich[6]	Jahresertrag/Energiedichte Vorhanden[6]	*[6]	*[6]	*[6]	*[6]	*[6]	*[6]	Pro A[6]	Contra B[6]	Contra C[6]	_	_	Hauptteil[10]	3. Warrant[29]	
10-10	1714-1715	,	1. Richtig[6]	1. Angemessen[6]	1. Verständlich[6]	Jahresertrag/Energiedichte Vorhanden[6]	*[6]	*[6]	*[6]	*[6]	*[6]	*[6]	Pro A[6]	Contra B[6]	Contra C[6]	_	_	Hauptteil[10]	3. Warrant[29]	
10-11	1716-1722	können	1. Richtig[6]	1. Angemessen[6]	1. Verständlich[6]	Jahresertrag/Energiedichte Vorhanden[6]	*[6]	*[6]	*[6]	*[6]	*[6]	*[6]	Pro A[6]	Contra B[6]	Contra C[6]	_	_	Hauptteil[10]	3. Warrant[29]	
10-12	1723-1725	zu	1. Richtig[6]	1. Angemessen[6]	1. Verständlich[6]	Jahresertrag/Energiedichte Vorhanden[6]	*[6]	*[6]	*[6]	*[6]	*[6]	*[6]	Pro A[6]	Contra B[6]	Contra C[6]	_	_	Hauptteil[10]	3. Warrant[29]	
10-13	1726-1731	einem	1. Richtig[6]	1. Angemessen[6]	1. Verständlich[6]	Jahresertrag/Energiedichte Vorhanden[6]	*[6]	*[6]	*[6]	*[6]	*[6]	*[6]	Pro A[6]	Contra B[6]	Contra C[6]	_	_	Hauptteil[10]	3. Warrant[29]	
10-14	1732-1747	Leistungsabfall	1. Richtig[6]	1. Angemessen[6]	1. Verständlich[6]	Jahresertrag/Energiedichte Vorhanden[6]	*[6]	*[6]	*[6]	*[6]	*[6]	*[6]	Pro A[6]	Contra B[6]	Contra C[6]	_	_	Hauptteil[10]	3. Warrant[29]	
10-15	1748-1754	führen	1. Richtig[6]	1. Angemessen[6]	1. Verständlich[6]	Jahresertrag/Energiedichte Vorhanden[6]	*[6]	*[6]	*[6]	*[6]	*[6]	*[6]	Pro A[6]	Contra B[6]	Contra C[6]	_	_	Hauptteil[10]	3. Warrant[29]	
10-16	1754-1755	.	1. Richtig[6]	1. Angemessen[6]	1. Verständlich[6]	Jahresertrag/Energiedichte Vorhanden[6]	*[6]	*[6]	*[6]	*[6]	*[6]	*[6]	Pro A[6]	Contra B[6]	Contra C[6]	_	_	Hauptteil[10]	3. Warrant[29]	

11-1	1757-1760	Ein	1. Richtig[6]	1. Angemessen[6]	1. Verständlich[6]	Jahresertrag/Energiedichte Vorhanden[6]	*[6]	*[6]	*[6]	*[6]	*[6]	*[6]	Pro A[6]	Contra B[6]	Contra C[6]	_	_	Hauptteil[10]	1. Claim[30]	
11-2	1761-1769	weiterer	1. Richtig[6]	1. Angemessen[6]	1. Verständlich[6]	Jahresertrag/Energiedichte Vorhanden[6]	*[6]	*[6]	*[6]	*[6]	*[6]	*[6]	Pro A[6]	Contra B[6]	Contra C[6]	_	_	Hauptteil[10]	1. Claim[30]	
11-3	1770-1775	Punkt	1. Richtig[6]	1. Angemessen[6]	1. Verständlich[6]	Jahresertrag/Energiedichte Vorhanden[6]	*[6]	*[6]	*[6]	*[6]	*[6]	*[6]	Pro A[6]	Contra B[6]	Contra C[6]	_	_	Hauptteil[10]	1. Claim[30]	
11-4	1775-1776	,	1. Richtig[6]	1. Angemessen[6]	1. Verständlich[6]	Jahresertrag/Energiedichte Vorhanden[6]	*[6]	*[6]	*[6]	*[6]	*[6]	*[6]	Pro A[6]	Contra B[6]	Contra C[6]	_	_	Hauptteil[10]	1. Claim[30]	
11-5	1777-1780	der	1. Richtig[6]	1. Angemessen[6]	1. Verständlich[6]	Jahresertrag/Energiedichte Vorhanden[6]	*[6]	*[6]	*[6]	*[6]	*[6]	*[6]	Pro A[6]	Contra B[6]	Contra C[6]	_	_	Hauptteil[10]	1. Claim[30]	
11-6	1781-1784	für	1. Richtig[6]	1. Angemessen[6]	1. Verständlich[6]	Jahresertrag/Energiedichte Vorhanden[6]	*[6]	*[6]	*[6]	*[6]	*[6]	*[6]	Pro A[6]	Contra B[6]	Contra C[6]	_	_	Hauptteil[10]	1. Claim[30]	
11-7	1785-1788	die	1. Richtig[6]	1. Angemessen[6]	1. Verständlich[6]	Jahresertrag/Energiedichte Vorhanden[6]	*[6]	*[6]	*[6]	*[6]	*[6]	*[6]	Pro A[6]	Contra B[6]	Contra C[6]	_	_	Hauptteil[10]	1. Claim[30]	
11-8	1789-1806	Wasserkraftanlage	1. Richtig[6]	1. Angemessen[6]	1. Verständlich[6]	Jahresertrag/Energiedichte Vorhanden[6]	*[6]	*[6]	*[6]	*[6]	*[6]	*[6]	Pro A[6]	Contra B[6]	Contra C[6]	_	_	Hauptteil[10]	1. Claim[30]	
11-9	1807-1814	spricht	1. Richtig[6]	1. Angemessen[6]	1. Verständlich[6]	Jahresertrag/Energiedichte Vorhanden[6]	*[6]	*[6]	*[6]	*[6]	*[6]	*[6]	Pro A[6]	Contra B[6]	Contra C[6]	_	_	Hauptteil[10]	1. Claim[30]	
11-10	1814-1815	.	1. Richtig[6]	1. Angemessen[6]	1. Verständlich[6]	Jahresertrag/Energiedichte Vorhanden[6]	*[6]	*[6]	*[6]	*[6]	*[6]	*[6]	Pro A[6]	Contra B[6]	Contra C[6]	_	_	Hauptteil[10]	1. Claim[30]	

12-1	1817-1820	Ich	_	_	_	_	_	_	_	_	_	_	_	_	_	3. Unbegründet[8]	Gesamtthese[8]	Schluss[11]	_	
12-2	1821-1826	komme	_	_	_	_	_	_	_	_	_	_	_	_	_	3. Unbegründet[8]	Gesamtthese[8]	Schluss[11]	_	
12-3	1827-1834	deshalb	_	_	_	_	_	_	_	_	_	_	_	_	_	3. Unbegründet[8]	Gesamtthese[8]	Schluss[11]	_	
12-4	1835-1837	zu	_	_	_	_	_	_	_	_	_	_	_	_	_	3. Unbegründet[8]	Gesamtthese[8]	Schluss[11]	_	
12-5	1838-1841	dem	_	_	_	_	_	_	_	_	_	_	_	_	_	3. Unbegründet[8]	Gesamtthese[8]	Schluss[11]	_	
12-6	1842-1850	Ergebnis	_	_	_	_	_	_	_	_	_	_	_	_	_	3. Unbegründet[8]	Gesamtthese[8]	Schluss[11]	_	
12-7	1850-1851	,	_	_	_	_	_	_	_	_	_	_	_	_	_	3. Unbegründet[8]	Gesamtthese[8]	Schluss[11]	_	
12-8	1852-1856	dass	_	_	_	_	_	_	_	_	_	_	_	_	_	3. Unbegründet[8]	Gesamtthese[8]	Schluss[11]	_	
12-9	1857-1860	man	_	_	_	_	_	_	_	_	_	_	_	_	_	3. Unbegründet[8]	Gesamtthese[8]	Schluss[11]	_	
12-10	1861-1863	am	_	_	_	_	_	_	_	_	_	_	_	_	_	3. Unbegründet[8]	Gesamtthese[8]	Schluss[11]	_	
12-11	1864-1870	besten	_	_	_	_	_	_	_	_	_	_	_	_	_	3. Unbegründet[8]	Gesamtthese[8]	Schluss[11]	_	
12-12	1871-1875	eine	_	_	_	_	_	_	_	_	_	_	_	_	_	3. Unbegründet[8]	Gesamtthese[8]	Schluss[11]	_	
12-13	1876-1893	Wasserkraftanlage	_	_	_	_	_	_	_	_	_	_	_	_	_	3. Unbegründet[8]	Gesamtthese[8]	Schluss[11]	_	
12-14	1894-1903	errichten	_	_	_	_	_	_	_	_	_	_	_	_	_	3. Unbegründet[8]	Gesamtthese[8]	Schluss[11]	_	
12-15	1904-1910	sollte	_	_	_	_	_	_	_	_	_	_	_	_	_	3. Unbegründet[8]	Gesamtthese[8]	Schluss[11]	_	
12-16	1910-1911	.	_	_	_	_	_	_	_	_	_	_	_	_	_	3. Unbegründet[8]	Gesamtthese[8]	Schluss[11]	_	

13-1	1913-1923	Allerdings	_	_	_	_	_	_	_	_	_	_	_	_	_	_	_	Schluss[11]	_	
13-2	1924-1928	muss	_	_	_	_	_	_	_	_	_	_	_	_	_	_	_	Schluss[11]	_	
13-3	1929-1932	man	_	_	_	_	_	_	_	_	_	_	_	_	_	_	_	Schluss[11]	_	
13-4	1933-1937	auch	_	_	_	_	_	_	_	_	_	_	_	_	_	_	_	Schluss[11]	_	
13-5	1938-1941	die	_	_	_	_	_	_	_	_	_	_	_	_	_	_	_	Schluss[11]	_	
13-6	1942-1962	Umgebungsbedingungen	_	_	_	_	_	_	_	_	_	_	_	_	_	_	_	Schluss[11]	_	
13-7	1963-1978	berücksichtigen	_	_	_	_	_	_	_	_	_	_	_	_	_	_	_	Schluss[11]	_	
13-8	1978-1979	.	_	_	_	_	_	_	_	_	_	_	_	_	_	_	_	Schluss[11]	_	
