#FORMAT=WebAnno TSV 3.3
#T_SP=webanno.custom.Argument|Accuracy|Adequacy|Clarity|KriteriumJahresertragEnergiedichte|KriteriumLebensdauerVerfgbarkeit|KriteriumLokaleEmissionenGeruschemissionen|KriteriumPreisBetrieb|KriteriumSonstiges|KriteriumTreibhausgasemissionen|KriteriumWirkungsgrad|OptionA|OptionB|OptionC
#T_SP=webanno.custom.Struktur|Struktur
#T_SP=webanno.custom.StrukturTAP|TAPArgumente


1-1	0-11	Klimawandel	_	_	_	_	_	_	_	_	_	_	_	_	_	Einleitung[4]	_	
1-2	12-15	ist	_	_	_	_	_	_	_	_	_	_	_	_	_	Einleitung[4]	_	
1-3	16-19	ein	_	_	_	_	_	_	_	_	_	_	_	_	_	Einleitung[4]	_	
1-4	20-29	wichtiges	_	_	_	_	_	_	_	_	_	_	_	_	_	Einleitung[4]	_	
1-5	30-35	Thema	_	_	_	_	_	_	_	_	_	_	_	_	_	Einleitung[4]	_	
1-6	36-39	für	_	_	_	_	_	_	_	_	_	_	_	_	_	Einleitung[4]	_	
1-7	40-43	uns	_	_	_	_	_	_	_	_	_	_	_	_	_	Einleitung[4]	_	
1-8	44-48	alle	_	_	_	_	_	_	_	_	_	_	_	_	_	Einleitung[4]	_	
1-9	48-49	.	_	_	_	_	_	_	_	_	_	_	_	_	_	Einleitung[4]	_	

2-1	51-62	Deutschland	_	_	_	_	_	_	_	_	_	_	_	_	_	Einleitung[4]	_	
2-2	63-67	will	_	_	_	_	_	_	_	_	_	_	_	_	_	Einleitung[4]	_	
2-3	68-71	vor	_	_	_	_	_	_	_	_	_	_	_	_	_	Einleitung[4]	_	
2-4	72-76	2045	_	_	_	_	_	_	_	_	_	_	_	_	_	Einleitung[4]	_	
2-5	77-93	Klimaneutralität	_	_	_	_	_	_	_	_	_	_	_	_	_	Einleitung[4]	_	
2-6	93-94	,	_	_	_	_	_	_	_	_	_	_	_	_	_	Einleitung[4]	_	
2-7	95-98	mit	_	_	_	_	_	_	_	_	_	_	_	_	_	Einleitung[4]	_	
2-8	99-104	einem	_	_	_	_	_	_	_	_	_	_	_	_	_	Einleitung[4]	_	
2-9	105-111	Benzin	_	_	_	_	_	_	_	_	_	_	_	_	_	Einleitung[4]	_	
2-10	111-112	-	_	_	_	_	_	_	_	_	_	_	_	_	_	Einleitung[4]	_	
2-11	113-116	und	_	_	_	_	_	_	_	_	_	_	_	_	_	Einleitung[4]	_	
2-12	117-123	Diesel	_	_	_	_	_	_	_	_	_	_	_	_	_	Einleitung[4]	_	
2-13	124-130	verbot	_	_	_	_	_	_	_	_	_	_	_	_	_	Einleitung[4]	_	
2-14	131-133	ab	_	_	_	_	_	_	_	_	_	_	_	_	_	Einleitung[4]	_	
2-15	134-138	2035	_	_	_	_	_	_	_	_	_	_	_	_	_	Einleitung[4]	_	
2-16	138-139	,	_	_	_	_	_	_	_	_	_	_	_	_	_	Einleitung[4]	_	
2-17	140-149	erreichen	_	_	_	_	_	_	_	_	_	_	_	_	_	Einleitung[4]	_	
2-18	149-150	.	_	_	_	_	_	_	_	_	_	_	_	_	_	Einleitung[4]	_	

3-1	152-165	Akkumulatoren	_	_	_	_	_	_	_	_	_	_	_	_	_	Einleitung[4]	_	
3-2	165-166	,	_	_	_	_	_	_	_	_	_	_	_	_	_	Einleitung[4]	_	
3-3	167-178	Wasserstoff	_	_	_	_	_	_	_	_	_	_	_	_	_	Einleitung[4]	_	
3-4	179-182	und	_	_	_	_	_	_	_	_	_	_	_	_	_	Einleitung[4]	_	
3-5	183-184	E	_	_	_	_	_	_	_	_	_	_	_	_	_	Einleitung[4]	_	
3-6	185-190	Feuls	_	_	_	_	_	_	_	_	_	_	_	_	_	Einleitung[4]	_	
3-7	190-191	(	_	_	_	_	_	_	_	_	_	_	_	_	_	Einleitung[4]	_	
3-8	191-203	synthetische	_	_	_	_	_	_	_	_	_	_	_	_	_	Einleitung[4]	_	
3-9	204-215	Kraftstoffe	_	_	_	_	_	_	_	_	_	_	_	_	_	Einleitung[4]	_	
3-10	215-216	)	_	_	_	_	_	_	_	_	_	_	_	_	_	Einleitung[4]	_	
3-11	217-221	sind	_	_	_	_	_	_	_	_	_	_	_	_	_	Einleitung[4]	_	
3-12	222-225	die	_	_	_	_	_	_	_	_	_	_	_	_	_	Einleitung[4]	_	
3-13	226-239	Energieträger	_	_	_	_	_	_	_	_	_	_	_	_	_	Einleitung[4]	_	
3-14	239-240	,	_	_	_	_	_	_	_	_	_	_	_	_	_	Einleitung[4]	_	
3-15	241-244	die	_	_	_	_	_	_	_	_	_	_	_	_	_	Einleitung[4]	_	
3-16	245-248	für	_	_	_	_	_	_	_	_	_	_	_	_	_	Einleitung[4]	_	
3-17	249-256	unseren	_	_	_	_	_	_	_	_	_	_	_	_	_	Einleitung[4]	_	
3-18	257-262	Autos	_	_	_	_	_	_	_	_	_	_	_	_	_	Einleitung[4]	_	
3-19	263-271	benutzen	_	_	_	_	_	_	_	_	_	_	_	_	_	Einleitung[4]	_	
3-20	272-278	können	_	_	_	_	_	_	_	_	_	_	_	_	_	Einleitung[4]	_	
3-21	278-279	,	_	_	_	_	_	_	_	_	_	_	_	_	_	Einleitung[4]	_	
3-22	280-282	um	_	_	_	_	_	_	_	_	_	_	_	_	_	Einleitung[4]	_	
3-23	283-294	Kilmaneutal	_	_	_	_	_	_	_	_	_	_	_	_	_	Einleitung[4]	_	
3-24	295-297	zu	_	_	_	_	_	_	_	_	_	_	_	_	_	Einleitung[4]	_	
3-25	298-305	bleiben	_	_	_	_	_	_	_	_	_	_	_	_	_	Einleitung[4]	_	
3-26	305-306	.	_	_	_	_	_	_	_	_	_	_	_	_	_	Einleitung[4]	_	

4-1	308-321	Akkumulatoren	3. Nicht zutreffend[1]	3. Nicht zutreffend[1]	1. Verständlich[1]	*[1]	Lebensdauer/Verfügbarkeit vorhanden[1]	*[1]	*[1]	Sonstiges vorhanden[1]	*[1]	*[1]	*[1]	*[1]	Contra C[1]	Hauptteil[5]	2. Data[6]	
4-2	322-325	ist	3. Nicht zutreffend[1]	3. Nicht zutreffend[1]	1. Verständlich[1]	*[1]	Lebensdauer/Verfügbarkeit vorhanden[1]	*[1]	*[1]	Sonstiges vorhanden[1]	*[1]	*[1]	*[1]	*[1]	Contra C[1]	Hauptteil[5]	2. Data[6]	
4-3	326-328	zu	3. Nicht zutreffend[1]	3. Nicht zutreffend[1]	1. Verständlich[1]	*[1]	Lebensdauer/Verfügbarkeit vorhanden[1]	*[1]	*[1]	Sonstiges vorhanden[1]	*[1]	*[1]	*[1]	*[1]	Contra C[1]	Hauptteil[5]	2. Data[6]	
4-4	329-332	der	3. Nicht zutreffend[1]	3. Nicht zutreffend[1]	1. Verständlich[1]	*[1]	Lebensdauer/Verfügbarkeit vorhanden[1]	*[1]	*[1]	Sonstiges vorhanden[1]	*[1]	*[1]	*[1]	*[1]	Contra C[1]	Hauptteil[5]	2. Data[6]	
4-5	333-337	zeit	3. Nicht zutreffend[1]	3. Nicht zutreffend[1]	1. Verständlich[1]	*[1]	Lebensdauer/Verfügbarkeit vorhanden[1]	*[1]	*[1]	Sonstiges vorhanden[1]	*[1]	*[1]	*[1]	*[1]	Contra C[1]	Hauptteil[5]	2. Data[6]	
4-6	338-343	schon	3. Nicht zutreffend[1]	3. Nicht zutreffend[1]	1. Verständlich[1]	*[1]	Lebensdauer/Verfügbarkeit vorhanden[1]	*[1]	*[1]	Sonstiges vorhanden[1]	*[1]	*[1]	*[1]	*[1]	Contra C[1]	Hauptteil[5]	2. Data[6]	
4-7	344-353	verfügbar	3. Nicht zutreffend[1]	3. Nicht zutreffend[1]	1. Verständlich[1]	*[1]	Lebensdauer/Verfügbarkeit vorhanden[1]	*[1]	*[1]	Sonstiges vorhanden[1]	*[1]	*[1]	*[1]	*[1]	Contra C[1]	Hauptteil[5]	2. Data[6]	
4-8	354-357	und	3. Nicht zutreffend[1]	3. Nicht zutreffend[1]	1. Verständlich[1]	*[1]	Lebensdauer/Verfügbarkeit vorhanden[1]	*[1]	*[1]	Sonstiges vorhanden[1]	*[1]	*[1]	*[1]	*[1]	Contra C[1]	Hauptteil[5]	1. Claim[7]	
4-9	358-364	billig	3. Nicht zutreffend[1]	3. Nicht zutreffend[1]	1. Verständlich[1]	*[1]	Lebensdauer/Verfügbarkeit vorhanden[1]	*[1]	*[1]	Sonstiges vorhanden[1]	*[1]	*[1]	*[1]	*[1]	Contra C[1]	Hauptteil[5]	1. Claim[7]	
4-10	365-369	aber	3. Nicht zutreffend[1]	3. Nicht zutreffend[1]	1. Verständlich[1]	*[1]	Lebensdauer/Verfügbarkeit vorhanden[1]	*[1]	*[1]	Sonstiges vorhanden[1]	*[1]	*[1]	*[1]	*[1]	Contra C[1]	Hauptteil[5]	4. Rebuttal[8]	
4-11	370-372	da	3. Nicht zutreffend[1]	3. Nicht zutreffend[1]	1. Verständlich[1]	*[1]	Lebensdauer/Verfügbarkeit vorhanden[1]	*[1]	*[1]	Sonstiges vorhanden[1]	*[1]	*[1]	*[1]	*[1]	Contra C[1]	Hauptteil[5]	4. Rebuttal[8]	
4-12	373-379	werden	3. Nicht zutreffend[1]	3. Nicht zutreffend[1]	1. Verständlich[1]	*[1]	Lebensdauer/Verfügbarkeit vorhanden[1]	*[1]	*[1]	Sonstiges vorhanden[1]	*[1]	*[1]	*[1]	*[1]	Contra C[1]	Hauptteil[5]	4. Rebuttal[8]	
4-13	380-382	zu	3. Nicht zutreffend[1]	3. Nicht zutreffend[1]	1. Verständlich[1]	*[1]	Lebensdauer/Verfügbarkeit vorhanden[1]	*[1]	*[1]	Sonstiges vorhanden[1]	*[1]	*[1]	*[1]	*[1]	Contra C[1]	Hauptteil[5]	4. Rebuttal[8]	
4-14	383-388	viele	3. Nicht zutreffend[1]	3. Nicht zutreffend[1]	1. Verständlich[1]	*[1]	Lebensdauer/Verfügbarkeit vorhanden[1]	*[1]	*[1]	Sonstiges vorhanden[1]	*[1]	*[1]	*[1]	*[1]	Contra C[1]	Hauptteil[5]	4. Rebuttal[8]	
4-15	389-402	schadstofffen	3. Nicht zutreffend[1]	3. Nicht zutreffend[1]	1. Verständlich[1]	*[1]	Lebensdauer/Verfügbarkeit vorhanden[1]	*[1]	*[1]	Sonstiges vorhanden[1]	*[1]	*[1]	*[1]	*[1]	Contra C[1]	Hauptteil[5]	4. Rebuttal[8]	
4-16	403-410	benutzt	3. Nicht zutreffend[1]	3. Nicht zutreffend[1]	1. Verständlich[1]	*[1]	Lebensdauer/Verfügbarkeit vorhanden[1]	*[1]	*[1]	Sonstiges vorhanden[1]	*[1]	*[1]	*[1]	*[1]	Contra C[1]	Hauptteil[5]	4. Rebuttal[8]	
4-17	411-414	bei	3. Nicht zutreffend[1]	3. Nicht zutreffend[1]	1. Verständlich[1]	*[1]	Lebensdauer/Verfügbarkeit vorhanden[1]	*[1]	*[1]	Sonstiges vorhanden[1]	*[1]	*[1]	*[1]	*[1]	Contra C[1]	Hauptteil[5]	4. Rebuttal[8]	
4-18	415-418	der	3. Nicht zutreffend[1]	3. Nicht zutreffend[1]	1. Verständlich[1]	*[1]	Lebensdauer/Verfügbarkeit vorhanden[1]	*[1]	*[1]	Sonstiges vorhanden[1]	*[1]	*[1]	*[1]	*[1]	Contra C[1]	Hauptteil[5]	4. Rebuttal[8]	
4-19	419-431	Hertstellung	3. Nicht zutreffend[1]	3. Nicht zutreffend[1]	1. Verständlich[1]	*[1]	Lebensdauer/Verfügbarkeit vorhanden[1]	*[1]	*[1]	Sonstiges vorhanden[1]	*[1]	*[1]	*[1]	*[1]	Contra C[1]	Hauptteil[5]	4. Rebuttal[8]	
4-20	431-432	.	3. Nicht zutreffend[1]	3. Nicht zutreffend[1]	1. Verständlich[1]	*[1]	Lebensdauer/Verfügbarkeit vorhanden[1]	*[1]	*[1]	Sonstiges vorhanden[1]	*[1]	*[1]	*[1]	*[1]	Contra C[1]	Hauptteil[5]	4. Rebuttal[8]	

5-1	434-437	Die	3. Nicht zutreffend[1]	3. Nicht zutreffend[1]	1. Verständlich[1]	*[1]	Lebensdauer/Verfügbarkeit vorhanden[1]	*[1]	*[1]	Sonstiges vorhanden[1]	*[1]	*[1]	*[1]	*[1]	Contra C[1]	Hauptteil[5]	1. Claim[9]	
5-2	438-451	Akkumulatoren	3. Nicht zutreffend[1]	3. Nicht zutreffend[1]	1. Verständlich[1]	*[1]	Lebensdauer/Verfügbarkeit vorhanden[1]	*[1]	*[1]	Sonstiges vorhanden[1]	*[1]	*[1]	*[1]	*[1]	Contra C[1]	Hauptteil[5]	1. Claim[9]	
5-3	452-464	funktioniern	3. Nicht zutreffend[1]	3. Nicht zutreffend[1]	1. Verständlich[1]	*[1]	Lebensdauer/Verfügbarkeit vorhanden[1]	*[1]	*[1]	Sonstiges vorhanden[1]	*[1]	*[1]	*[1]	*[1]	Contra C[1]	Hauptteil[5]	1. Claim[9]	
5-4	465-469	auch	3. Nicht zutreffend[1]	3. Nicht zutreffend[1]	1. Verständlich[1]	*[1]	Lebensdauer/Verfügbarkeit vorhanden[1]	*[1]	*[1]	Sonstiges vorhanden[1]	*[1]	*[1]	*[1]	*[1]	Contra C[1]	Hauptteil[5]	1. Claim[9]	
5-5	470-473	nur	3. Nicht zutreffend[1]	3. Nicht zutreffend[1]	1. Verständlich[1]	*[1]	Lebensdauer/Verfügbarkeit vorhanden[1]	*[1]	*[1]	Sonstiges vorhanden[1]	*[1]	*[1]	*[1]	*[1]	Contra C[1]	Hauptteil[5]	1. Claim[9]	
5-6	474-475	4	3. Nicht zutreffend[1]	3. Nicht zutreffend[1]	1. Verständlich[1]	*[1]	Lebensdauer/Verfügbarkeit vorhanden[1]	*[1]	*[1]	Sonstiges vorhanden[1]	*[1]	*[1]	*[1]	*[1]	Contra C[1]	Hauptteil[5]	1. Claim[9]	
5-7	476-479	bis	3. Nicht zutreffend[1]	3. Nicht zutreffend[1]	1. Verständlich[1]	*[1]	Lebensdauer/Verfügbarkeit vorhanden[1]	*[1]	*[1]	Sonstiges vorhanden[1]	*[1]	*[1]	*[1]	*[1]	Contra C[1]	Hauptteil[5]	1. Claim[9]	
5-8	480-481	5	3. Nicht zutreffend[1]	3. Nicht zutreffend[1]	1. Verständlich[1]	*[1]	Lebensdauer/Verfügbarkeit vorhanden[1]	*[1]	*[1]	Sonstiges vorhanden[1]	*[1]	*[1]	*[1]	*[1]	Contra C[1]	Hauptteil[5]	1. Claim[9]	
5-9	482-487	jahre	3. Nicht zutreffend[1]	3. Nicht zutreffend[1]	1. Verständlich[1]	*[1]	Lebensdauer/Verfügbarkeit vorhanden[1]	*[1]	*[1]	Sonstiges vorhanden[1]	*[1]	*[1]	*[1]	*[1]	Contra C[1]	Hauptteil[5]	1. Claim[9]	
5-10	488-491	und	3. Nicht zutreffend[1]	3. Nicht zutreffend[1]	1. Verständlich[1]	*[1]	Lebensdauer/Verfügbarkeit vorhanden[1]	*[1]	*[1]	Sonstiges vorhanden[1]	*[1]	*[1]	*[1]	*[1]	Contra C[1]	Hauptteil[5]	1. Claim[9]	
5-11	492-495	wir	3. Nicht zutreffend[1]	3. Nicht zutreffend[1]	1. Verständlich[1]	*[1]	Lebensdauer/Verfügbarkeit vorhanden[1]	*[1]	*[1]	Sonstiges vorhanden[1]	*[1]	*[1]	*[1]	*[1]	Contra C[1]	Hauptteil[5]	1. Claim[9]	
5-12	496-500	kein	3. Nicht zutreffend[1]	3. Nicht zutreffend[1]	1. Verständlich[1]	*[1]	Lebensdauer/Verfügbarkeit vorhanden[1]	*[1]	*[1]	Sonstiges vorhanden[1]	*[1]	*[1]	*[1]	*[1]	Contra C[1]	Hauptteil[5]	1. Claim[9]	
5-13	501-504	weg	3. Nicht zutreffend[1]	3. Nicht zutreffend[1]	1. Verständlich[1]	*[1]	Lebensdauer/Verfügbarkeit vorhanden[1]	*[1]	*[1]	Sonstiges vorhanden[1]	*[1]	*[1]	*[1]	*[1]	Contra C[1]	Hauptteil[5]	1. Claim[9]	
5-14	505-507	es	3. Nicht zutreffend[1]	3. Nicht zutreffend[1]	1. Verständlich[1]	*[1]	Lebensdauer/Verfügbarkeit vorhanden[1]	*[1]	*[1]	Sonstiges vorhanden[1]	*[1]	*[1]	*[1]	*[1]	Contra C[1]	Hauptteil[5]	1. Claim[9]	
5-15	508-510	zu	3. Nicht zutreffend[1]	3. Nicht zutreffend[1]	1. Verständlich[1]	*[1]	Lebensdauer/Verfügbarkeit vorhanden[1]	*[1]	*[1]	Sonstiges vorhanden[1]	*[1]	*[1]	*[1]	*[1]	Contra C[1]	Hauptteil[5]	1. Claim[9]	
5-16	511-519	recyclen	3. Nicht zutreffend[1]	3. Nicht zutreffend[1]	1. Verständlich[1]	*[1]	Lebensdauer/Verfügbarkeit vorhanden[1]	*[1]	*[1]	Sonstiges vorhanden[1]	*[1]	*[1]	*[1]	*[1]	Contra C[1]	Hauptteil[5]	1. Claim[9]	
5-17	519-520	,	3. Nicht zutreffend[1]	3. Nicht zutreffend[1]	1. Verständlich[1]	*[1]	Lebensdauer/Verfügbarkeit vorhanden[1]	*[1]	*[1]	Sonstiges vorhanden[1]	*[1]	*[1]	*[1]	*[1]	Contra C[1]	Hauptteil[5]	1. Claim[9]	
5-18	521-523	da	3. Nicht zutreffend[1]	3. Nicht zutreffend[1]	1. Verständlich[1]	*[1]	Lebensdauer/Verfügbarkeit vorhanden[1]	*[1]	*[1]	Sonstiges vorhanden[1]	*[1]	*[1]	*[1]	*[1]	Contra C[1]	Hauptteil[5]	1. Claim[9]	
5-19	524-526	es	3. Nicht zutreffend[1]	3. Nicht zutreffend[1]	1. Verständlich[1]	*[1]	Lebensdauer/Verfügbarkeit vorhanden[1]	*[1]	*[1]	Sonstiges vorhanden[1]	*[1]	*[1]	*[1]	*[1]	Contra C[1]	Hauptteil[5]	1. Claim[9]	
5-20	527-529	zu	3. Nicht zutreffend[1]	3. Nicht zutreffend[1]	1. Verständlich[1]	*[1]	Lebensdauer/Verfügbarkeit vorhanden[1]	*[1]	*[1]	Sonstiges vorhanden[1]	*[1]	*[1]	*[1]	*[1]	Contra C[1]	Hauptteil[5]	1. Claim[9]	
5-21	530-535	viele	3. Nicht zutreffend[1]	3. Nicht zutreffend[1]	1. Verständlich[1]	*[1]	Lebensdauer/Verfügbarkeit vorhanden[1]	*[1]	*[1]	Sonstiges vorhanden[1]	*[1]	*[1]	*[1]	*[1]	Contra C[1]	Hauptteil[5]	1. Claim[9]	
5-22	536-541	schad	3. Nicht zutreffend[1]	3. Nicht zutreffend[1]	1. Verständlich[1]	*[1]	Lebensdauer/Verfügbarkeit vorhanden[1]	*[1]	*[1]	Sonstiges vorhanden[1]	*[1]	*[1]	*[1]	*[1]	Contra C[1]	Hauptteil[5]	1. Claim[9]	
5-23	542-548	stoffe	3. Nicht zutreffend[1]	3. Nicht zutreffend[1]	1. Verständlich[1]	*[1]	Lebensdauer/Verfügbarkeit vorhanden[1]	*[1]	*[1]	Sonstiges vorhanden[1]	*[1]	*[1]	*[1]	*[1]	Contra C[1]	Hauptteil[5]	1. Claim[9]	
5-24	549-556	enthält	3. Nicht zutreffend[1]	3. Nicht zutreffend[1]	1. Verständlich[1]	*[1]	Lebensdauer/Verfügbarkeit vorhanden[1]	*[1]	*[1]	Sonstiges vorhanden[1]	*[1]	*[1]	*[1]	*[1]	Contra C[1]	Hauptteil[5]	1. Claim[9]	
5-25	556-557	.	3. Nicht zutreffend[1]	3. Nicht zutreffend[1]	1. Verständlich[1]	*[1]	Lebensdauer/Verfügbarkeit vorhanden[1]	*[1]	*[1]	Sonstiges vorhanden[1]	*[1]	*[1]	*[1]	*[1]	Contra C[1]	Hauptteil[5]	1. Claim[9]	

6-1	559-570	Wasserstoff	3. Nicht zutreffend[2]	3. Nicht zutreffend[2]	1. Verständlich[2]	*[2]	*[2]	*[2]	*[2]	Sonstiges vorhanden[2]	*[2]	*[2]	Unklar A[2]	*[2]	Contra C[2]	Hauptteil[5]	1. Claim[10]	
6-2	571-574	als	3. Nicht zutreffend[2]	3. Nicht zutreffend[2]	1. Verständlich[2]	*[2]	*[2]	*[2]	*[2]	Sonstiges vorhanden[2]	*[2]	*[2]	Unklar A[2]	*[2]	Contra C[2]	Hauptteil[5]	1. Claim[10]	
6-3	575-588	Energieträger	3. Nicht zutreffend[2]	3. Nicht zutreffend[2]	1. Verständlich[2]	*[2]	*[2]	*[2]	*[2]	Sonstiges vorhanden[2]	*[2]	*[2]	Unklar A[2]	*[2]	Contra C[2]	Hauptteil[5]	1. Claim[10]	
6-4	589-592	ist	3. Nicht zutreffend[2]	3. Nicht zutreffend[2]	1. Verständlich[2]	*[2]	*[2]	*[2]	*[2]	Sonstiges vorhanden[2]	*[2]	*[2]	Unklar A[2]	*[2]	Contra C[2]	Hauptteil[5]	1. Claim[10]	
6-5	593-597	auch	3. Nicht zutreffend[2]	3. Nicht zutreffend[2]	1. Verständlich[2]	*[2]	*[2]	*[2]	*[2]	Sonstiges vorhanden[2]	*[2]	*[2]	Unklar A[2]	*[2]	Contra C[2]	Hauptteil[5]	1. Claim[10]	
6-6	598-602	sehr	3. Nicht zutreffend[2]	3. Nicht zutreffend[2]	1. Verständlich[2]	*[2]	*[2]	*[2]	*[2]	Sonstiges vorhanden[2]	*[2]	*[2]	Unklar A[2]	*[2]	Contra C[2]	Hauptteil[5]	1. Claim[10]	
6-7	603-612	praktisch	3. Nicht zutreffend[2]	3. Nicht zutreffend[2]	1. Verständlich[2]	*[2]	*[2]	*[2]	*[2]	Sonstiges vorhanden[2]	*[2]	*[2]	Unklar A[2]	*[2]	Contra C[2]	Hauptteil[5]	1. Claim[10]	
6-8	612-613	,	3. Nicht zutreffend[2]	3. Nicht zutreffend[2]	1. Verständlich[2]	*[2]	*[2]	*[2]	*[2]	Sonstiges vorhanden[2]	*[2]	*[2]	Unklar A[2]	*[2]	Contra C[2]	Hauptteil[5]	1. Claim[10]	
6-9	614-618	weil	3. Nicht zutreffend[2]	3. Nicht zutreffend[2]	1. Verständlich[2]	*[2]	*[2]	*[2]	*[2]	Sonstiges vorhanden[2]	*[2]	*[2]	Unklar A[2]	*[2]	Contra C[2]	Hauptteil[5]	1. Claim[10]	
6-10	619-622	wir	3. Nicht zutreffend[2]	3. Nicht zutreffend[2]	1. Verständlich[2]	*[2]	*[2]	*[2]	*[2]	Sonstiges vorhanden[2]	*[2]	*[2]	Unklar A[2]	*[2]	Contra C[2]	Hauptteil[5]	1. Claim[10]	
6-11	623-631	weltweit	3. Nicht zutreffend[2]	3. Nicht zutreffend[2]	1. Verständlich[2]	*[2]	*[2]	*[2]	*[2]	Sonstiges vorhanden[2]	*[2]	*[2]	Unklar A[2]	*[2]	Contra C[2]	Hauptteil[5]	1. Claim[10]	
6-12	632-635	ein	3. Nicht zutreffend[2]	3. Nicht zutreffend[2]	1. Verständlich[2]	*[2]	*[2]	*[2]	*[2]	Sonstiges vorhanden[2]	*[2]	*[2]	Unklar A[2]	*[2]	Contra C[2]	Hauptteil[5]	1. Claim[10]	
6-13	636-642	wasser	3. Nicht zutreffend[2]	3. Nicht zutreffend[2]	1. Verständlich[2]	*[2]	*[2]	*[2]	*[2]	Sonstiges vorhanden[2]	*[2]	*[2]	Unklar A[2]	*[2]	Contra C[2]	Hauptteil[5]	1. Claim[10]	
6-14	643-649	mangel	3. Nicht zutreffend[2]	3. Nicht zutreffend[2]	1. Verständlich[2]	*[2]	*[2]	*[2]	*[2]	Sonstiges vorhanden[2]	*[2]	*[2]	Unklar A[2]	*[2]	Contra C[2]	Hauptteil[5]	1. Claim[10]	
6-15	650-655	haben	3. Nicht zutreffend[2]	3. Nicht zutreffend[2]	1. Verständlich[2]	*[2]	*[2]	*[2]	*[2]	Sonstiges vorhanden[2]	*[2]	*[2]	Unklar A[2]	*[2]	Contra C[2]	Hauptteil[5]	1. Claim[10]	
6-16	655-656	.	3. Nicht zutreffend[2]	3. Nicht zutreffend[2]	1. Verständlich[2]	*[2]	*[2]	*[2]	*[2]	Sonstiges vorhanden[2]	*[2]	*[2]	Unklar A[2]	*[2]	Contra C[2]	Hauptteil[5]	1. Claim[10]	

7-1	658-666	Trotzdem	3. Nicht zutreffend[2]	3. Nicht zutreffend[2]	1. Verständlich[2]	*[2]	*[2]	*[2]	*[2]	Sonstiges vorhanden[2]	*[2]	*[2]	Unklar A[2]	*[2]	Contra C[2]	Hauptteil[5]	4. Rebuttal[11]	
7-2	667-670	ist	3. Nicht zutreffend[2]	3. Nicht zutreffend[2]	1. Verständlich[2]	*[2]	*[2]	*[2]	*[2]	Sonstiges vorhanden[2]	*[2]	*[2]	Unklar A[2]	*[2]	Contra C[2]	Hauptteil[5]	4. Rebuttal[11]	
7-3	671-681	Wassertoff	3. Nicht zutreffend[2]	3. Nicht zutreffend[2]	1. Verständlich[2]	*[2]	*[2]	*[2]	*[2]	Sonstiges vorhanden[2]	*[2]	*[2]	Unklar A[2]	*[2]	Contra C[2]	Hauptteil[5]	4. Rebuttal[11]	
7-4	682-685	als	3. Nicht zutreffend[2]	3. Nicht zutreffend[2]	1. Verständlich[2]	*[2]	*[2]	*[2]	*[2]	Sonstiges vorhanden[2]	*[2]	*[2]	Unklar A[2]	*[2]	Contra C[2]	Hauptteil[5]	4. Rebuttal[11]	
7-5	686-699	Energieträger	3. Nicht zutreffend[2]	3. Nicht zutreffend[2]	1. Verständlich[2]	*[2]	*[2]	*[2]	*[2]	Sonstiges vorhanden[2]	*[2]	*[2]	Unklar A[2]	*[2]	Contra C[2]	Hauptteil[5]	4. Rebuttal[11]	
7-6	700-704	mehr	3. Nicht zutreffend[2]	3. Nicht zutreffend[2]	1. Verständlich[2]	*[2]	*[2]	*[2]	*[2]	Sonstiges vorhanden[2]	*[2]	*[2]	Unklar A[2]	*[2]	Contra C[2]	Hauptteil[5]	4. Rebuttal[11]	
7-7	705-717	klimaneutral	3. Nicht zutreffend[2]	3. Nicht zutreffend[2]	1. Verständlich[2]	*[2]	*[2]	*[2]	*[2]	Sonstiges vorhanden[2]	*[2]	*[2]	Unklar A[2]	*[2]	Contra C[2]	Hauptteil[5]	4. Rebuttal[11]	
7-8	718-721	als	3. Nicht zutreffend[2]	3. Nicht zutreffend[2]	1. Verständlich[2]	*[2]	*[2]	*[2]	*[2]	Sonstiges vorhanden[2]	*[2]	*[2]	Unklar A[2]	*[2]	Contra C[2]	Hauptteil[5]	4. Rebuttal[11]	
7-9	722-735	Akkumulatoren	3. Nicht zutreffend[2]	3. Nicht zutreffend[2]	1. Verständlich[2]	*[2]	*[2]	*[2]	*[2]	Sonstiges vorhanden[2]	*[2]	*[2]	Unklar A[2]	*[2]	Contra C[2]	Hauptteil[5]	4. Rebuttal[11]	
7-10	735-736	.	3. Nicht zutreffend[2]	3. Nicht zutreffend[2]	1. Verständlich[2]	*[2]	*[2]	*[2]	*[2]	Sonstiges vorhanden[2]	*[2]	*[2]	Unklar A[2]	*[2]	Contra C[2]	Hauptteil[5]	4. Rebuttal[11]	

8-1	738-744	E-Fuel	3. Nicht zutreffend[3]	3. Nicht zutreffend[3]	3. Unverständlich[3]	*[3]	*[3]	*[3]	*[3]	Sonstiges vorhanden[3]	*[3]	*[3]	*[3]	Unklar B[3]	*[3]	Hauptteil[5]	2. Data[12]	
8-2	745-749	wird	3. Nicht zutreffend[3]	3. Nicht zutreffend[3]	3. Unverständlich[3]	*[3]	*[3]	*[3]	*[3]	Sonstiges vorhanden[3]	*[3]	*[3]	*[3]	Unklar B[3]	*[3]	Hauptteil[5]	2. Data[12]	
8-3	750-752	in	3. Nicht zutreffend[3]	3. Nicht zutreffend[3]	3. Unverständlich[3]	*[3]	*[3]	*[3]	*[3]	Sonstiges vorhanden[3]	*[3]	*[3]	*[3]	Unklar B[3]	*[3]	Hauptteil[5]	2. Data[12]	
8-4	753-758	Autos	3. Nicht zutreffend[3]	3. Nicht zutreffend[3]	3. Unverständlich[3]	*[3]	*[3]	*[3]	*[3]	Sonstiges vorhanden[3]	*[3]	*[3]	*[3]	Unklar B[3]	*[3]	Hauptteil[5]	2. Data[12]	
8-5	759-762	mit	3. Nicht zutreffend[3]	3. Nicht zutreffend[3]	3. Unverständlich[3]	*[3]	*[3]	*[3]	*[3]	Sonstiges vorhanden[3]	*[3]	*[3]	*[3]	Unklar B[3]	*[3]	Hauptteil[5]	2. Data[12]	
8-6	763-779	verbrennungmotor	3. Nicht zutreffend[3]	3. Nicht zutreffend[3]	3. Unverständlich[3]	*[3]	*[3]	*[3]	*[3]	Sonstiges vorhanden[3]	*[3]	*[3]	*[3]	Unklar B[3]	*[3]	Hauptteil[5]	2. Data[12]	
8-7	780-787	benutzt	3. Nicht zutreffend[3]	3. Nicht zutreffend[3]	3. Unverständlich[3]	*[3]	*[3]	*[3]	*[3]	Sonstiges vorhanden[3]	*[3]	*[3]	*[3]	Unklar B[3]	*[3]	Hauptteil[5]	2. Data[12]	
8-8	787-788	.	3. Nicht zutreffend[3]	3. Nicht zutreffend[3]	3. Unverständlich[3]	*[3]	*[3]	*[3]	*[3]	Sonstiges vorhanden[3]	*[3]	*[3]	*[3]	Unklar B[3]	*[3]	Hauptteil[5]	2. Data[12]	

9-1	790-797	E-Fuels	3. Nicht zutreffend[3]	3. Nicht zutreffend[3]	3. Unverständlich[3]	*[3]	*[3]	*[3]	*[3]	Sonstiges vorhanden[3]	*[3]	*[3]	*[3]	Unklar B[3]	*[3]	Hauptteil[5]	2. Data[13]	
9-2	798-801	ist	3. Nicht zutreffend[3]	3. Nicht zutreffend[3]	3. Unverständlich[3]	*[3]	*[3]	*[3]	*[3]	Sonstiges vorhanden[3]	*[3]	*[3]	*[3]	Unklar B[3]	*[3]	Hauptteil[5]	2. Data[13]	
9-3	802-805	ein	3. Nicht zutreffend[3]	3. Nicht zutreffend[3]	3. Unverständlich[3]	*[3]	*[3]	*[3]	*[3]	Sonstiges vorhanden[3]	*[3]	*[3]	*[3]	Unklar B[3]	*[3]	Hauptteil[5]	2. Data[13]	
9-4	806-819	Stoffgemische	3. Nicht zutreffend[3]	3. Nicht zutreffend[3]	3. Unverständlich[3]	*[3]	*[3]	*[3]	*[3]	Sonstiges vorhanden[3]	*[3]	*[3]	*[3]	Unklar B[3]	*[3]	Hauptteil[5]	2. Data[13]	
9-5	820-823	aus	3. Nicht zutreffend[3]	3. Nicht zutreffend[3]	3. Unverständlich[3]	*[3]	*[3]	*[3]	*[3]	Sonstiges vorhanden[3]	*[3]	*[3]	*[3]	Unklar B[3]	*[3]	Hauptteil[5]	2. Data[13]	
9-6	824-843	Kohlenwasserstoffen	3. Nicht zutreffend[3]	3. Nicht zutreffend[3]	3. Unverständlich[3]	*[3]	*[3]	*[3]	*[3]	Sonstiges vorhanden[3]	*[3]	*[3]	*[3]	Unklar B[3]	*[3]	Hauptteil[5]	2. Data[13]	
9-7	843-844	,	3. Nicht zutreffend[3]	3. Nicht zutreffend[3]	3. Unverständlich[3]	*[3]	*[3]	*[3]	*[3]	Sonstiges vorhanden[3]	*[3]	*[3]	*[3]	Unklar B[3]	*[3]	Hauptteil[5]	2. Data[13]	
9-8	845-848	die	3. Nicht zutreffend[3]	3. Nicht zutreffend[3]	3. Unverständlich[3]	*[3]	*[3]	*[3]	*[3]	Sonstiges vorhanden[3]	*[3]	*[3]	*[3]	Unklar B[3]	*[3]	Hauptteil[5]	5. Nicht zutreffend[14]	
9-9	849-854	durch	3. Nicht zutreffend[3]	3. Nicht zutreffend[3]	3. Unverständlich[3]	*[3]	*[3]	*[3]	*[3]	Sonstiges vorhanden[3]	*[3]	*[3]	*[3]	Unklar B[3]	*[3]	Hauptteil[5]	5. Nicht zutreffend[14]	
9-10	855-863	entsteht	3. Nicht zutreffend[3]	3. Nicht zutreffend[3]	3. Unverständlich[3]	*[3]	*[3]	*[3]	*[3]	Sonstiges vorhanden[3]	*[3]	*[3]	*[3]	Unklar B[3]	*[3]	Hauptteil[5]	5. Nicht zutreffend[14]	
9-11	864-867	aus	3. Nicht zutreffend[3]	3. Nicht zutreffend[3]	3. Unverständlich[3]	*[3]	*[3]	*[3]	*[3]	Sonstiges vorhanden[3]	*[3]	*[3]	*[3]	Unklar B[3]	*[3]	Hauptteil[5]	5. Nicht zutreffend[14]	
9-12	868-879	Wasserstoff	3. Nicht zutreffend[3]	3. Nicht zutreffend[3]	3. Unverständlich[3]	*[3]	*[3]	*[3]	*[3]	Sonstiges vorhanden[3]	*[3]	*[3]	*[3]	Unklar B[3]	*[3]	Hauptteil[5]	5. Nicht zutreffend[14]	
9-13	880-883	und	3. Nicht zutreffend[3]	3. Nicht zutreffend[3]	3. Unverständlich[3]	*[3]	*[3]	*[3]	*[3]	Sonstiges vorhanden[3]	*[3]	*[3]	*[3]	Unklar B[3]	*[3]	Hauptteil[5]	5. Nicht zutreffend[14]	
9-14	884-885	K	3. Nicht zutreffend[3]	3. Nicht zutreffend[3]	3. Unverständlich[3]	*[3]	*[3]	*[3]	*[3]	Sonstiges vorhanden[3]	*[3]	*[3]	*[3]	Unklar B[3]	*[3]	Hauptteil[5]	5. Nicht zutreffend[14]	
