#FORMAT=WebAnno TSV 3.3
#T_SP=webanno.custom.Argument|Accuracy|Adequacy|Clarity|KriteriumJahresertragEnergiedichte|KriteriumLebensdauerVerfgbarkeit|KriteriumLokaleEmissionenGeruschemissionen|KriteriumPreisBetrieb|KriteriumSonstiges|KriteriumTreibhausgasemissionen|KriteriumWirkungsgrad|OptionA|OptionB|OptionC
#T_SP=webanno.custom.DecisionMakingStrategies|Decision|Gesamtthese
#T_SP=webanno.custom.Struktur|Struktur
#T_SP=webanno.custom.StrukturTAP|TAPArgumente


1-1	0-17	Umweltfreundliche	_	_	_	_	_	_	_	_	_	_	_	_	_	_	_	Einleitung[9]	_	
1-2	18-29	Kraftstoffe	_	_	_	_	_	_	_	_	_	_	_	_	_	_	_	Einleitung[9]	_	
1-3	30-33	und	_	_	_	_	_	_	_	_	_	_	_	_	_	_	_	Einleitung[9]	_	
1-4	34-47	Antriebsarten	_	_	_	_	_	_	_	_	_	_	_	_	_	_	_	Einleitung[9]	_	
1-5	48-51	für	_	_	_	_	_	_	_	_	_	_	_	_	_	_	_	Einleitung[9]	_	
1-6	52-66	Kraftfahrzeuge	_	_	_	_	_	_	_	_	_	_	_	_	_	_	_	Einleitung[9]	_	
1-7	66-67	,	_	_	_	_	_	_	_	_	_	_	_	_	_	_	_	Einleitung[9]	_	
1-8	68-80	insbesondere	_	_	_	_	_	_	_	_	_	_	_	_	_	_	_	Einleitung[9]	_	
1-9	81-84	PKW	_	_	_	_	_	_	_	_	_	_	_	_	_	_	_	Einleitung[9]	_	
1-10	84-85	,	_	_	_	_	_	_	_	_	_	_	_	_	_	_	_	Einleitung[9]	_	
1-11	86-92	werden	_	_	_	_	_	_	_	_	_	_	_	_	_	_	_	Einleitung[9]	_	
1-12	93-101	momentan	_	_	_	_	_	_	_	_	_	_	_	_	_	_	_	Einleitung[9]	_	
1-13	102-106	heiß	_	_	_	_	_	_	_	_	_	_	_	_	_	_	_	Einleitung[9]	_	
1-14	107-117	diskutiert	_	_	_	_	_	_	_	_	_	_	_	_	_	_	_	Einleitung[9]	_	
1-15	117-118	.	_	_	_	_	_	_	_	_	_	_	_	_	_	_	_	Einleitung[9]	_	

2-1	120-124	Doch	_	_	_	_	_	_	_	_	_	_	_	_	_	_	_	Einleitung[9]	_	
2-2	125-129	sind	_	_	_	_	_	_	_	_	_	_	_	_	_	_	_	Einleitung[9]	_	
2-3	130-143	Akkumulatoren	_	_	_	_	_	_	_	_	_	_	_	_	_	_	_	Einleitung[9]	_	
2-4	143-144	,	_	_	_	_	_	_	_	_	_	_	_	_	_	_	_	Einleitung[9]	_	
2-5	145-156	Wasserstoff	_	_	_	_	_	_	_	_	_	_	_	_	_	_	_	Einleitung[9]	_	
2-6	157-161	oder	_	_	_	_	_	_	_	_	_	_	_	_	_	_	_	Einleitung[9]	_	
2-7	162-169	E-Fuels	_	_	_	_	_	_	_	_	_	_	_	_	_	_	_	Einleitung[9]	_	
2-8	170-172	am	_	_	_	_	_	_	_	_	_	_	_	_	_	_	_	Einleitung[9]	_	
2-9	173-179	besten	_	_	_	_	_	_	_	_	_	_	_	_	_	_	_	Einleitung[9]	_	
2-10	180-188	geeignet	_	_	_	_	_	_	_	_	_	_	_	_	_	_	_	Einleitung[9]	_	
2-11	188-189	?	_	_	_	_	_	_	_	_	_	_	_	_	_	_	_	Einleitung[9]	_	

3-1	190-195	Diese	_	_	_	_	_	_	_	_	_	_	_	_	_	_	_	Einleitung[9]	_	
3-2	196-201	Frage	_	_	_	_	_	_	_	_	_	_	_	_	_	_	_	Einleitung[9]	_	
3-3	202-208	möchte	_	_	_	_	_	_	_	_	_	_	_	_	_	_	_	Einleitung[9]	_	
3-4	209-212	ich	_	_	_	_	_	_	_	_	_	_	_	_	_	_	_	Einleitung[9]	_	
3-5	213-224	nachfolgend	_	_	_	_	_	_	_	_	_	_	_	_	_	_	_	Einleitung[9]	_	
3-6	225-236	beantworten	_	_	_	_	_	_	_	_	_	_	_	_	_	_	_	Einleitung[9]	_	
3-7	236-237	.	_	_	_	_	_	_	_	_	_	_	_	_	_	_	_	Einleitung[9]	_	

4-1	239-242	Bei	3. Nicht zutreffend[1]	3. Nicht zutreffend[1]	1. Verständlich[1]	*[1]	*[1]	*[1]	*[1]	Sonstiges vorhanden[1]	*[1]	*[1]	Unklar A[1]	Unklar B[1]	Unklar C[1]	_	_	Hauptteil[10]	2. Data[11]	
4-2	243-256	Akkumulatoren	3. Nicht zutreffend[1]	3. Nicht zutreffend[1]	1. Verständlich[1]	*[1]	*[1]	*[1]	*[1]	Sonstiges vorhanden[1]	*[1]	*[1]	Unklar A[1]	Unklar B[1]	Unklar C[1]	_	_	Hauptteil[10]	2. Data[11]	
4-3	257-263	andelt	3. Nicht zutreffend[1]	3. Nicht zutreffend[1]	1. Verständlich[1]	*[1]	*[1]	*[1]	*[1]	Sonstiges vorhanden[1]	*[1]	*[1]	Unklar A[1]	Unklar B[1]	Unklar C[1]	_	_	Hauptteil[10]	2. Data[11]	
4-4	264-266	es	3. Nicht zutreffend[1]	3. Nicht zutreffend[1]	1. Verständlich[1]	*[1]	*[1]	*[1]	*[1]	Sonstiges vorhanden[1]	*[1]	*[1]	Unklar A[1]	Unklar B[1]	Unklar C[1]	_	_	Hauptteil[10]	2. Data[11]	
4-5	267-271	sich	3. Nicht zutreffend[1]	3. Nicht zutreffend[1]	1. Verständlich[1]	*[1]	*[1]	*[1]	*[1]	Sonstiges vorhanden[1]	*[1]	*[1]	Unklar A[1]	Unklar B[1]	Unklar C[1]	_	_	Hauptteil[10]	2. Data[11]	
4-6	272-277	quasi	3. Nicht zutreffend[1]	3. Nicht zutreffend[1]	1. Verständlich[1]	*[1]	*[1]	*[1]	*[1]	Sonstiges vorhanden[1]	*[1]	*[1]	Unklar A[1]	Unklar B[1]	Unklar C[1]	_	_	Hauptteil[10]	2. Data[11]	
4-7	278-280	um	3. Nicht zutreffend[1]	3. Nicht zutreffend[1]	1. Verständlich[1]	*[1]	*[1]	*[1]	*[1]	Sonstiges vorhanden[1]	*[1]	*[1]	Unklar A[1]	Unklar B[1]	Unklar C[1]	_	_	Hauptteil[10]	2. Data[11]	
4-8	281-298	Lithium-Batterien	3. Nicht zutreffend[1]	3. Nicht zutreffend[1]	1. Verständlich[1]	*[1]	*[1]	*[1]	*[1]	Sonstiges vorhanden[1]	*[1]	*[1]	Unklar A[1]	Unklar B[1]	Unklar C[1]	_	_	Hauptteil[10]	2. Data[11]	
4-9	298-299	,	3. Nicht zutreffend[1]	3. Nicht zutreffend[1]	1. Verständlich[1]	*[1]	*[1]	*[1]	*[1]	Sonstiges vorhanden[1]	*[1]	*[1]	Unklar A[1]	Unklar B[1]	Unklar C[1]	_	_	Hauptteil[10]	2. Data[11]	
4-10	300-303	die	3. Nicht zutreffend[1]	3. Nicht zutreffend[1]	1. Verständlich[1]	*[1]	*[1]	*[1]	*[1]	Sonstiges vorhanden[1]	*[1]	*[1]	Unklar A[1]	Unklar B[1]	Unklar C[1]	_	_	Hauptteil[10]	2. Data[11]	
4-11	304-309	durch	3. Nicht zutreffend[1]	3. Nicht zutreffend[1]	1. Verständlich[1]	*[1]	*[1]	*[1]	*[1]	Sonstiges vorhanden[1]	*[1]	*[1]	Unklar A[1]	Unklar B[1]	Unklar C[1]	_	_	Hauptteil[10]	2. Data[11]	
4-12	310-313	ein	3. Nicht zutreffend[1]	3. Nicht zutreffend[1]	1. Verständlich[1]	*[1]	*[1]	*[1]	*[1]	Sonstiges vorhanden[1]	*[1]	*[1]	Unklar A[1]	Unklar B[1]	Unklar C[1]	_	_	Hauptteil[10]	2. Data[11]	
4-13	314-324	chemisches	3. Nicht zutreffend[1]	3. Nicht zutreffend[1]	1. Verständlich[1]	*[1]	*[1]	*[1]	*[1]	Sonstiges vorhanden[1]	*[1]	*[1]	Unklar A[1]	Unklar B[1]	Unklar C[1]	_	_	Hauptteil[10]	2. Data[11]	
4-14	325-334	Verfahren	3. Nicht zutreffend[1]	3. Nicht zutreffend[1]	1. Verständlich[1]	*[1]	*[1]	*[1]	*[1]	Sonstiges vorhanden[1]	*[1]	*[1]	Unklar A[1]	Unklar B[1]	Unklar C[1]	_	_	Hauptteil[10]	2. Data[11]	
4-15	335-346	elektrische	3. Nicht zutreffend[1]	3. Nicht zutreffend[1]	1. Verständlich[1]	*[1]	*[1]	*[1]	*[1]	Sonstiges vorhanden[1]	*[1]	*[1]	Unklar A[1]	Unklar B[1]	Unklar C[1]	_	_	Hauptteil[10]	2. Data[11]	
4-16	347-354	Energie	3. Nicht zutreffend[1]	3. Nicht zutreffend[1]	1. Verständlich[1]	*[1]	*[1]	*[1]	*[1]	Sonstiges vorhanden[1]	*[1]	*[1]	Unklar A[1]	Unklar B[1]	Unklar C[1]	_	_	Hauptteil[10]	2. Data[11]	
4-17	355-364	speichern	3. Nicht zutreffend[1]	3. Nicht zutreffend[1]	1. Verständlich[1]	*[1]	*[1]	*[1]	*[1]	Sonstiges vorhanden[1]	*[1]	*[1]	Unklar A[1]	Unklar B[1]	Unklar C[1]	_	_	Hauptteil[10]	2. Data[11]	
4-18	365-368	und	3. Nicht zutreffend[1]	3. Nicht zutreffend[1]	1. Verständlich[1]	*[1]	*[1]	*[1]	*[1]	Sonstiges vorhanden[1]	*[1]	*[1]	Unklar A[1]	Unklar B[1]	Unklar C[1]	_	_	Hauptteil[10]	2. Data[11]	
4-19	369-375	wieder	3. Nicht zutreffend[1]	3. Nicht zutreffend[1]	1. Verständlich[1]	*[1]	*[1]	*[1]	*[1]	Sonstiges vorhanden[1]	*[1]	*[1]	Unklar A[1]	Unklar B[1]	Unklar C[1]	_	_	Hauptteil[10]	2. Data[11]	
4-20	376-385	freigeben	3. Nicht zutreffend[1]	3. Nicht zutreffend[1]	1. Verständlich[1]	*[1]	*[1]	*[1]	*[1]	Sonstiges vorhanden[1]	*[1]	*[1]	Unklar A[1]	Unklar B[1]	Unklar C[1]	_	_	Hauptteil[10]	2. Data[11]	
4-21	386-392	können	3. Nicht zutreffend[1]	3. Nicht zutreffend[1]	1. Verständlich[1]	*[1]	*[1]	*[1]	*[1]	Sonstiges vorhanden[1]	*[1]	*[1]	Unklar A[1]	Unklar B[1]	Unklar C[1]	_	_	Hauptteil[10]	2. Data[11]	
4-22	392-393	.	3. Nicht zutreffend[1]	3. Nicht zutreffend[1]	1. Verständlich[1]	*[1]	*[1]	*[1]	*[1]	Sonstiges vorhanden[1]	*[1]	*[1]	Unklar A[1]	Unklar B[1]	Unklar C[1]	_	_	Hauptteil[10]	2. Data[11]	

5-1	395-406	Wasserstoff	3. Nicht zutreffend[1]	3. Nicht zutreffend[1]	1. Verständlich[1]	*[1]	*[1]	*[1]	*[1]	Sonstiges vorhanden[1]	*[1]	*[1]	Unklar A[1]	Unklar B[1]	Unklar C[1]	_	_	Hauptteil[10]	2. Data[12]	
5-2	407-410	ist	3. Nicht zutreffend[1]	3. Nicht zutreffend[1]	1. Verständlich[1]	*[1]	*[1]	*[1]	*[1]	Sonstiges vorhanden[1]	*[1]	*[1]	Unklar A[1]	Unklar B[1]	Unklar C[1]	_	_	Hauptteil[10]	2. Data[12]	
5-3	411-414	ein	3. Nicht zutreffend[1]	3. Nicht zutreffend[1]	1. Verständlich[1]	*[1]	*[1]	*[1]	*[1]	Sonstiges vorhanden[1]	*[1]	*[1]	Unklar A[1]	Unklar B[1]	Unklar C[1]	_	_	Hauptteil[10]	2. Data[12]	
5-4	415-425	chemisches	3. Nicht zutreffend[1]	3. Nicht zutreffend[1]	1. Verständlich[1]	*[1]	*[1]	*[1]	*[1]	Sonstiges vorhanden[1]	*[1]	*[1]	Unklar A[1]	Unklar B[1]	Unklar C[1]	_	_	Hauptteil[10]	2. Data[12]	
5-5	426-433	Element	3. Nicht zutreffend[1]	3. Nicht zutreffend[1]	1. Verständlich[1]	*[1]	*[1]	*[1]	*[1]	Sonstiges vorhanden[1]	*[1]	*[1]	Unklar A[1]	Unklar B[1]	Unklar C[1]	_	_	Hauptteil[10]	2. Data[12]	
5-6	433-434	,	3. Nicht zutreffend[1]	3. Nicht zutreffend[1]	1. Verständlich[1]	*[1]	*[1]	*[1]	*[1]	Sonstiges vorhanden[1]	*[1]	*[1]	Unklar A[1]	Unklar B[1]	Unklar C[1]	_	_	Hauptteil[10]	2. Data[12]	
5-7	435-438	das	3. Nicht zutreffend[1]	3. Nicht zutreffend[1]	1. Verständlich[1]	*[1]	*[1]	*[1]	*[1]	Sonstiges vorhanden[1]	*[1]	*[1]	Unklar A[1]	Unklar B[1]	Unklar C[1]	_	_	Hauptteil[10]	2. Data[12]	
5-8	439-442	bei	3. Nicht zutreffend[1]	3. Nicht zutreffend[1]	1. Verständlich[1]	*[1]	*[1]	*[1]	*[1]	Sonstiges vorhanden[1]	*[1]	*[1]	Unklar A[1]	Unklar B[1]	Unklar C[1]	_	_	Hauptteil[10]	2. Data[12]	
5-9	443-457	Raumtemperatur	3. Nicht zutreffend[1]	3. Nicht zutreffend[1]	1. Verständlich[1]	*[1]	*[1]	*[1]	*[1]	Sonstiges vorhanden[1]	*[1]	*[1]	Unklar A[1]	Unklar B[1]	Unklar C[1]	_	_	Hauptteil[10]	2. Data[12]	
5-10	458-467	gasförmig	3. Nicht zutreffend[1]	3. Nicht zutreffend[1]	1. Verständlich[1]	*[1]	*[1]	*[1]	*[1]	Sonstiges vorhanden[1]	*[1]	*[1]	Unklar A[1]	Unklar B[1]	Unklar C[1]	_	_	Hauptteil[10]	2. Data[12]	
5-11	468-471	ist	3. Nicht zutreffend[1]	3. Nicht zutreffend[1]	1. Verständlich[1]	*[1]	*[1]	*[1]	*[1]	Sonstiges vorhanden[1]	*[1]	*[1]	Unklar A[1]	Unklar B[1]	Unklar C[1]	_	_	Hauptteil[10]	2. Data[12]	
5-12	471-472	.	3. Nicht zutreffend[1]	3. Nicht zutreffend[1]	1. Verständlich[1]	*[1]	*[1]	*[1]	*[1]	Sonstiges vorhanden[1]	*[1]	*[1]	Unklar A[1]	Unklar B[1]	Unklar C[1]	_	_	Hauptteil[10]	2. Data[12]	

6-1	474-486	Wasser-stoff	3. Nicht zutreffend[1]	3. Nicht zutreffend[1]	1. Verständlich[1]	*[1]	*[1]	*[1]	*[1]	Sonstiges vorhanden[1]	*[1]	*[1]	Unklar A[1]	Unklar B[1]	Unklar C[1]	_	_	Hauptteil[10]	2. Data[13]	
6-2	487-491	kann	3. Nicht zutreffend[1]	3. Nicht zutreffend[1]	1. Verständlich[1]	*[1]	*[1]	*[1]	*[1]	Sonstiges vorhanden[1]	*[1]	*[1]	Unklar A[1]	Unklar B[1]	Unklar C[1]	_	_	Hauptteil[10]	2. Data[13]	
6-3	492-494	in	3. Nicht zutreffend[1]	3. Nicht zutreffend[1]	1. Verständlich[1]	*[1]	*[1]	*[1]	*[1]	Sonstiges vorhanden[1]	*[1]	*[1]	Unklar A[1]	Unklar B[1]	Unklar C[1]	_	_	Hauptteil[10]	2. Data[13]	
6-4	495-500	einer	3. Nicht zutreffend[1]	3. Nicht zutreffend[1]	1. Verständlich[1]	*[1]	*[1]	*[1]	*[1]	Sonstiges vorhanden[1]	*[1]	*[1]	Unklar A[1]	Unklar B[1]	Unklar C[1]	_	_	Hauptteil[10]	2. Data[13]	
6-5	501-511	chemischen	3. Nicht zutreffend[1]	3. Nicht zutreffend[1]	1. Verständlich[1]	*[1]	*[1]	*[1]	*[1]	Sonstiges vorhanden[1]	*[1]	*[1]	Unklar A[1]	Unklar B[1]	Unklar C[1]	_	_	Hauptteil[10]	2. Data[13]	
6-6	512-520	Reaktion	3. Nicht zutreffend[1]	3. Nicht zutreffend[1]	1. Verständlich[1]	*[1]	*[1]	*[1]	*[1]	Sonstiges vorhanden[1]	*[1]	*[1]	Unklar A[1]	Unklar B[1]	Unklar C[1]	_	_	Hauptteil[10]	2. Data[13]	
6-7	521-524	mit	3. Nicht zutreffend[1]	3. Nicht zutreffend[1]	1. Verständlich[1]	*[1]	*[1]	*[1]	*[1]	Sonstiges vorhanden[1]	*[1]	*[1]	Unklar A[1]	Unklar B[1]	Unklar C[1]	_	_	Hauptteil[10]	2. Data[13]	
6-8	525-535	Sauerstoff	3. Nicht zutreffend[1]	3. Nicht zutreffend[1]	1. Verständlich[1]	*[1]	*[1]	*[1]	*[1]	Sonstiges vorhanden[1]	*[1]	*[1]	Unklar A[1]	Unklar B[1]	Unklar C[1]	_	_	Hauptteil[10]	2. Data[13]	
6-9	536-544	versetzt	3. Nicht zutreffend[1]	3. Nicht zutreffend[1]	1. Verständlich[1]	*[1]	*[1]	*[1]	*[1]	Sonstiges vorhanden[1]	*[1]	*[1]	Unklar A[1]	Unklar B[1]	Unklar C[1]	_	_	Hauptteil[10]	2. Data[13]	
6-10	544-545	,	3. Nicht zutreffend[1]	3. Nicht zutreffend[1]	1. Verständlich[1]	*[1]	*[1]	*[1]	*[1]	Sonstiges vorhanden[1]	*[1]	*[1]	Unklar A[1]	Unklar B[1]	Unklar C[1]	_	_	Hauptteil[10]	2. Data[13]	
6-11	546-550	also	3. Nicht zutreffend[1]	3. Nicht zutreffend[1]	1. Verständlich[1]	*[1]	*[1]	*[1]	*[1]	Sonstiges vorhanden[1]	*[1]	*[1]	Unklar A[1]	Unklar B[1]	Unklar C[1]	_	_	Hauptteil[10]	2. Data[13]	
6-12	551-552	"	3. Nicht zutreffend[1]	3. Nicht zutreffend[1]	1. Verständlich[1]	*[1]	*[1]	*[1]	*[1]	Sonstiges vorhanden[1]	*[1]	*[1]	Unklar A[1]	Unklar B[1]	Unklar C[1]	_	_	Hauptteil[10]	2. Data[13]	
6-13	552-561	verbrannt	3. Nicht zutreffend[1]	3. Nicht zutreffend[1]	1. Verständlich[1]	*[1]	*[1]	*[1]	*[1]	Sonstiges vorhanden[1]	*[1]	*[1]	Unklar A[1]	Unklar B[1]	Unklar C[1]	_	_	Hauptteil[10]	2. Data[13]	
6-14	561-562	"	3. Nicht zutreffend[1]	3. Nicht zutreffend[1]	1. Verständlich[1]	*[1]	*[1]	*[1]	*[1]	Sonstiges vorhanden[1]	*[1]	*[1]	Unklar A[1]	Unklar B[1]	Unklar C[1]	_	_	Hauptteil[10]	2. Data[13]	
6-15	563-569	werden	3. Nicht zutreffend[1]	3. Nicht zutreffend[1]	1. Verständlich[1]	*[1]	*[1]	*[1]	*[1]	Sonstiges vorhanden[1]	*[1]	*[1]	Unklar A[1]	Unklar B[1]	Unklar C[1]	_	_	Hauptteil[10]	2. Data[13]	
6-16	569-570	,	3. Nicht zutreffend[1]	3. Nicht zutreffend[1]	1. Verständlich[1]	*[1]	*[1]	*[1]	*[1]	Sonstiges vorhanden[1]	*[1]	*[1]	Unklar A[1]	Unklar B[1]	Unklar C[1]	_	_	Hauptteil[10]	2. Data[13]	
6-17	571-576	wobei	3. Nicht zutreffend[1]	3. Nicht zutreffend[1]	1. Verständlich[1]	*[1]	*[1]	*[1]	*[1]	Sonstiges vorhanden[1]	*[1]	*[1]	Unklar A[1]	Unklar B[1]	Unklar C[1]	_	_	Hauptteil[10]	2. Data[13]	
6-18	577-580	als	3. Nicht zutreffend[1]	3. Nicht zutreffend[1]	1. Verständlich[1]	*[1]	*[1]	*[1]	*[1]	Sonstiges vorhanden[1]	*[1]	*[1]	Unklar A[1]	Unklar B[1]	Unklar C[1]	_	_	Hauptteil[10]	2. Data[13]	
6-19	581-596	Ausgangsprodukt	3. Nicht zutreffend[1]	3. Nicht zutreffend[1]	1. Verständlich[1]	*[1]	*[1]	*[1]	*[1]	Sonstiges vorhanden[1]	*[1]	*[1]	Unklar A[1]	Unklar B[1]	Unklar C[1]	_	_	Hauptteil[10]	2. Data[13]	
6-20	597-603	Wasser	3. Nicht zutreffend[1]	3. Nicht zutreffend[1]	1. Verständlich[1]	*[1]	*[1]	*[1]	*[1]	Sonstiges vorhanden[1]	*[1]	*[1]	Unklar A[1]	Unklar B[1]	Unklar C[1]	_	_	Hauptteil[10]	2. Data[13]	
6-21	604-612	entsteht	3. Nicht zutreffend[1]	3. Nicht zutreffend[1]	1. Verständlich[1]	*[1]	*[1]	*[1]	*[1]	Sonstiges vorhanden[1]	*[1]	*[1]	Unklar A[1]	Unklar B[1]	Unklar C[1]	_	_	Hauptteil[10]	2. Data[13]	
6-22	612-613	.	3. Nicht zutreffend[1]	3. Nicht zutreffend[1]	1. Verständlich[1]	*[1]	*[1]	*[1]	*[1]	Sonstiges vorhanden[1]	*[1]	*[1]	Unklar A[1]	Unklar B[1]	Unklar C[1]	_	_	Hauptteil[10]	2. Data[13]	

7-1	615-618	Bei	3. Nicht zutreffend[1]	3. Nicht zutreffend[1]	1. Verständlich[1]	*[1]	*[1]	*[1]	*[1]	Sonstiges vorhanden[1]	*[1]	*[1]	Unklar A[1]	Unklar B[1]	Unklar C[1]	_	_	Hauptteil[10]	2. Data[14]	
7-2	619-626	E-Fuels	3. Nicht zutreffend[1]	3. Nicht zutreffend[1]	1. Verständlich[1]	*[1]	*[1]	*[1]	*[1]	Sonstiges vorhanden[1]	*[1]	*[1]	Unklar A[1]	Unklar B[1]	Unklar C[1]	_	_	Hauptteil[10]	2. Data[14]	
7-3	627-634	handelt	3. Nicht zutreffend[1]	3. Nicht zutreffend[1]	1. Verständlich[1]	*[1]	*[1]	*[1]	*[1]	Sonstiges vorhanden[1]	*[1]	*[1]	Unklar A[1]	Unklar B[1]	Unklar C[1]	_	_	Hauptteil[10]	2. Data[14]	
7-4	635-637	es	3. Nicht zutreffend[1]	3. Nicht zutreffend[1]	1. Verständlich[1]	*[1]	*[1]	*[1]	*[1]	Sonstiges vorhanden[1]	*[1]	*[1]	Unklar A[1]	Unklar B[1]	Unklar C[1]	_	_	Hauptteil[10]	2. Data[14]	
7-5	638-642	sich	3. Nicht zutreffend[1]	3. Nicht zutreffend[1]	1. Verständlich[1]	*[1]	*[1]	*[1]	*[1]	Sonstiges vorhanden[1]	*[1]	*[1]	Unklar A[1]	Unklar B[1]	Unklar C[1]	_	_	Hauptteil[10]	2. Data[14]	
7-6	643-645	um	3. Nicht zutreffend[1]	3. Nicht zutreffend[1]	1. Verständlich[1]	*[1]	*[1]	*[1]	*[1]	Sonstiges vorhanden[1]	*[1]	*[1]	Unklar A[1]	Unklar B[1]	Unklar C[1]	_	_	Hauptteil[10]	2. Data[14]	
7-7	646-657	Kraftstoffe	3. Nicht zutreffend[1]	3. Nicht zutreffend[1]	1. Verständlich[1]	*[1]	*[1]	*[1]	*[1]	Sonstiges vorhanden[1]	*[1]	*[1]	Unklar A[1]	Unklar B[1]	Unklar C[1]	_	_	Hauptteil[10]	2. Data[14]	
7-8	657-658	,	3. Nicht zutreffend[1]	3. Nicht zutreffend[1]	1. Verständlich[1]	*[1]	*[1]	*[1]	*[1]	Sonstiges vorhanden[1]	*[1]	*[1]	Unklar A[1]	Unklar B[1]	Unklar C[1]	_	_	Hauptteil[10]	2. Data[14]	
7-9	659-666	ähnlich	3. Nicht zutreffend[1]	3. Nicht zutreffend[1]	1. Verständlich[1]	*[1]	*[1]	*[1]	*[1]	Sonstiges vorhanden[1]	*[1]	*[1]	Unklar A[1]	Unklar B[1]	Unklar C[1]	_	_	Hauptteil[10]	2. Data[14]	
7-10	667-670	des	3. Nicht zutreffend[1]	3. Nicht zutreffend[1]	1. Verständlich[1]	*[1]	*[1]	*[1]	*[1]	Sonstiges vorhanden[1]	*[1]	*[1]	Unklar A[1]	Unklar B[1]	Unklar C[1]	_	_	Hauptteil[10]	2. Data[14]	
7-11	671-677	bisher	3. Nicht zutreffend[1]	3. Nicht zutreffend[1]	1. Verständlich[1]	*[1]	*[1]	*[1]	*[1]	Sonstiges vorhanden[1]	*[1]	*[1]	Unklar A[1]	Unklar B[1]	Unklar C[1]	_	_	Hauptteil[10]	2. Data[14]	
7-12	678-688	verwandten	3. Nicht zutreffend[1]	3. Nicht zutreffend[1]	1. Verständlich[1]	*[1]	*[1]	*[1]	*[1]	Sonstiges vorhanden[1]	*[1]	*[1]	Unklar A[1]	Unklar B[1]	Unklar C[1]	_	_	Hauptteil[10]	2. Data[14]	
7-13	689-696	Benzins	3. Nicht zutreffend[1]	3. Nicht zutreffend[1]	1. Verständlich[1]	*[1]	*[1]	*[1]	*[1]	Sonstiges vorhanden[1]	*[1]	*[1]	Unklar A[1]	Unklar B[1]	Unklar C[1]	_	_	Hauptteil[10]	2. Data[14]	
7-14	697-701	oder	3. Nicht zutreffend[1]	3. Nicht zutreffend[1]	1. Verständlich[1]	*[1]	*[1]	*[1]	*[1]	Sonstiges vorhanden[1]	*[1]	*[1]	Unklar A[1]	Unklar B[1]	Unklar C[1]	_	_	Hauptteil[10]	2. Data[14]	
7-15	702-708	Diesel	3. Nicht zutreffend[1]	3. Nicht zutreffend[1]	1. Verständlich[1]	*[1]	*[1]	*[1]	*[1]	Sonstiges vorhanden[1]	*[1]	*[1]	Unklar A[1]	Unklar B[1]	Unklar C[1]	_	_	Hauptteil[10]	2. Data[14]	
7-16	708-709	,	3. Nicht zutreffend[1]	3. Nicht zutreffend[1]	1. Verständlich[1]	*[1]	*[1]	*[1]	*[1]	Sonstiges vorhanden[1]	*[1]	*[1]	Unklar A[1]	Unklar B[1]	Unklar C[1]	_	_	Hauptteil[10]	2. Data[14]	
7-17	710-713	die	3. Nicht zutreffend[1]	3. Nicht zutreffend[1]	1. Verständlich[1]	*[1]	*[1]	*[1]	*[1]	Sonstiges vorhanden[1]	*[1]	*[1]	Unklar A[1]	Unklar B[1]	Unklar C[1]	_	_	Hauptteil[10]	2. Data[14]	
7-18	714-716	in	3. Nicht zutreffend[1]	3. Nicht zutreffend[1]	1. Verständlich[1]	*[1]	*[1]	*[1]	*[1]	Sonstiges vorhanden[1]	*[1]	*[1]	Unklar A[1]	Unklar B[1]	Unklar C[1]	_	_	Hauptteil[10]	2. Data[14]	
7-19	717-722	einem	3. Nicht zutreffend[1]	3. Nicht zutreffend[1]	1. Verständlich[1]	*[1]	*[1]	*[1]	*[1]	Sonstiges vorhanden[1]	*[1]	*[1]	Unklar A[1]	Unklar B[1]	Unklar C[1]	_	_	Hauptteil[10]	2. Data[14]	
7-20	723-731	normalen	3. Nicht zutreffend[1]	3. Nicht zutreffend[1]	1. Verständlich[1]	*[1]	*[1]	*[1]	*[1]	Sonstiges vorhanden[1]	*[1]	*[1]	Unklar A[1]	Unklar B[1]	Unklar C[1]	_	_	Hauptteil[10]	2. Data[14]	
7-21	732-747	Verbrennermotor	3. Nicht zutreffend[1]	3. Nicht zutreffend[1]	1. Verständlich[1]	*[1]	*[1]	*[1]	*[1]	Sonstiges vorhanden[1]	*[1]	*[1]	Unklar A[1]	Unklar B[1]	Unklar C[1]	_	_	Hauptteil[10]	2. Data[14]	
7-22	748-755	genutzt	3. Nicht zutreffend[1]	3. Nicht zutreffend[1]	1. Verständlich[1]	*[1]	*[1]	*[1]	*[1]	Sonstiges vorhanden[1]	*[1]	*[1]	Unklar A[1]	Unklar B[1]	Unklar C[1]	_	_	Hauptteil[10]	2. Data[14]	
7-23	756-762	werden	3. Nicht zutreffend[1]	3. Nicht zutreffend[1]	1. Verständlich[1]	*[1]	*[1]	*[1]	*[1]	Sonstiges vorhanden[1]	*[1]	*[1]	Unklar A[1]	Unklar B[1]	Unklar C[1]	_	_	Hauptteil[10]	2. Data[14]	
7-24	763-769	können	3. Nicht zutreffend[1]	3. Nicht zutreffend[1]	1. Verständlich[1]	*[1]	*[1]	*[1]	*[1]	Sonstiges vorhanden[1]	*[1]	*[1]	Unklar A[1]	Unklar B[1]	Unklar C[1]	_	_	Hauptteil[10]	2. Data[14]	
7-25	769-770	,	3. Nicht zutreffend[1]	3. Nicht zutreffend[1]	1. Verständlich[1]	*[1]	*[1]	*[1]	*[1]	Sonstiges vorhanden[1]	*[1]	*[1]	Unklar A[1]	Unklar B[1]	Unklar C[1]	_	_	Hauptteil[10]	2. Data[14]	
7-26	771-781	allerdings	3. Nicht zutreffend[1]	3. Nicht zutreffend[1]	1. Verständlich[1]	*[1]	*[1]	*[1]	*[1]	Sonstiges vorhanden[1]	*[1]	*[1]	Unklar A[1]	Unklar B[1]	Unklar C[1]	_	_	Hauptteil[10]	2. Data[14]	
7-27	782-796	klimaneutraler	3. Nicht zutreffend[1]	3. Nicht zutreffend[1]	1. Verständlich[1]	*[1]	*[1]	*[1]	*[1]	Sonstiges vorhanden[1]	*[1]	*[1]	Unklar A[1]	Unklar B[1]	Unklar C[1]	_	_	Hauptteil[10]	2. Data[14]	
7-28	797-808	hergestellt	3. Nicht zutreffend[1]	3. Nicht zutreffend[1]	1. Verständlich[1]	*[1]	*[1]	*[1]	*[1]	Sonstiges vorhanden[1]	*[1]	*[1]	Unklar A[1]	Unklar B[1]	Unklar C[1]	_	_	Hauptteil[10]	2. Data[14]	
7-29	809-815	werden	3. Nicht zutreffend[1]	3. Nicht zutreffend[1]	1. Verständlich[1]	*[1]	*[1]	*[1]	*[1]	Sonstiges vorhanden[1]	*[1]	*[1]	Unklar A[1]	Unklar B[1]	Unklar C[1]	_	_	Hauptteil[10]	2. Data[14]	
7-30	815-816	,	3. Nicht zutreffend[1]	3. Nicht zutreffend[1]	1. Verständlich[1]	*[1]	*[1]	*[1]	*[1]	Sonstiges vorhanden[1]	*[1]	*[1]	Unklar A[1]	Unklar B[1]	Unklar C[1]	_	_	Hauptteil[10]	2. Data[14]	
7-31	817-820	als	3. Nicht zutreffend[1]	3. Nicht zutreffend[1]	1. Verständlich[1]	*[1]	*[1]	*[1]	*[1]	Sonstiges vorhanden[1]	*[1]	*[1]	Unklar A[1]	Unklar B[1]	Unklar C[1]	_	_	Hauptteil[10]	2. Data[14]	
7-32	821-834	herkömmlicher	3. Nicht zutreffend[1]	3. Nicht zutreffend[1]	1. Verständlich[1]	*[1]	*[1]	*[1]	*[1]	Sonstiges vorhanden[1]	*[1]	*[1]	Unklar A[1]	Unklar B[1]	Unklar C[1]	_	_	Hauptteil[10]	2. Data[14]	
7-33	835-845	Kraftstoff	3. Nicht zutreffend[1]	3. Nicht zutreffend[1]	1. Verständlich[1]	*[1]	*[1]	*[1]	*[1]	Sonstiges vorhanden[1]	*[1]	*[1]	Unklar A[1]	Unklar B[1]	Unklar C[1]	_	_	Hauptteil[10]	2. Data[14]	
7-34	845-846	,	3. Nicht zutreffend[1]	3. Nicht zutreffend[1]	1. Verständlich[1]	*[1]	*[1]	*[1]	*[1]	Sonstiges vorhanden[1]	*[1]	*[1]	Unklar A[1]	Unklar B[1]	Unklar C[1]	_	_	Hauptteil[10]	2. Data[14]	
7-35	847-849	da	3. Nicht zutreffend[1]	3. Nicht zutreffend[1]	1. Verständlich[1]	*[1]	*[1]	*[1]	*[1]	Sonstiges vorhanden[1]	*[1]	*[1]	Unklar A[1]	Unklar B[1]	Unklar C[1]	_	_	Hauptteil[10]	2. Data[14]	
7-36	850-853	bei	3. Nicht zutreffend[1]	3. Nicht zutreffend[1]	1. Verständlich[1]	*[1]	*[1]	*[1]	*[1]	Sonstiges vorhanden[1]	*[1]	*[1]	Unklar A[1]	Unklar B[1]	Unklar C[1]	_	_	Hauptteil[10]	2. Data[14]	
7-37	854-857	der	3. Nicht zutreffend[1]	3. Nicht zutreffend[1]	1. Verständlich[1]	*[1]	*[1]	*[1]	*[1]	Sonstiges vorhanden[1]	*[1]	*[1]	Unklar A[1]	Unklar B[1]	Unklar C[1]	_	_	Hauptteil[10]	2. Data[14]	
7-38	858-869	Herstellung	3. Nicht zutreffend[1]	3. Nicht zutreffend[1]	1. Verständlich[1]	*[1]	*[1]	*[1]	*[1]	Sonstiges vorhanden[1]	*[1]	*[1]	Unklar A[1]	Unklar B[1]	Unklar C[1]	_	_	Hauptteil[10]	2. Data[14]	
7-39	870-873	der	3. Nicht zutreffend[1]	3. Nicht zutreffend[1]	1. Verständlich[1]	*[1]	*[1]	*[1]	*[1]	Sonstiges vorhanden[1]	*[1]	*[1]	Unklar A[1]	Unklar B[1]	Unklar C[1]	_	_	Hauptteil[10]	2. Data[14]	
7-40	874-884	Atmosphäre	3. Nicht zutreffend[1]	3. Nicht zutreffend[1]	1. Verständlich[1]	*[1]	*[1]	*[1]	*[1]	Sonstiges vorhanden[1]	*[1]	*[1]	Unklar A[1]	Unklar B[1]	Unklar C[1]	_	_	Hauptteil[10]	2. Data[14]	
7-41	885-888	CO2	3. Nicht zutreffend[1]	3. Nicht zutreffend[1]	1. Verständlich[1]	*[1]	*[1]	*[1]	*[1]	Sonstiges vorhanden[1]	*[1]	*[1]	Unklar A[1]	Unklar B[1]	Unklar C[1]	_	_	Hauptteil[10]	2. Data[14]	
7-42	889-898	entnommen	3. Nicht zutreffend[1]	3. Nicht zutreffend[1]	1. Verständlich[1]	*[1]	*[1]	*[1]	*[1]	Sonstiges vorhanden[1]	*[1]	*[1]	Unklar A[1]	Unklar B[1]	Unklar C[1]	_	_	Hauptteil[10]	2. Data[14]	
7-43	899-903	wird	3. Nicht zutreffend[1]	3. Nicht zutreffend[1]	1. Verständlich[1]	*[1]	*[1]	*[1]	*[1]	Sonstiges vorhanden[1]	*[1]	*[1]	Unklar A[1]	Unklar B[1]	Unklar C[1]	_	_	Hauptteil[10]	2. Data[14]	
7-44	903-904	.	3. Nicht zutreffend[1]	3. Nicht zutreffend[1]	1. Verständlich[1]	*[1]	*[1]	*[1]	*[1]	Sonstiges vorhanden[1]	*[1]	*[1]	Unklar A[1]	Unklar B[1]	Unklar C[1]	_	_	Hauptteil[10]	2. Data[14]	

8-1	906-909	Bei	3. Nicht zutreffend[1]	3. Nicht zutreffend[1]	1. Verständlich[1]	*[1]	*[1]	*[1]	*[1]	Sonstiges vorhanden[1]	*[1]	*[1]	Unklar A[1]	Unklar B[1]	Unklar C[1]	_	_	Hauptteil[10]	2. Data[15]	
8-2	910-913	der	3. Nicht zutreffend[1]	3. Nicht zutreffend[1]	1. Verständlich[1]	*[1]	*[1]	*[1]	*[1]	Sonstiges vorhanden[1]	*[1]	*[1]	Unklar A[1]	Unklar B[1]	Unklar C[1]	_	_	Hauptteil[10]	2. Data[15]	
8-3	914-925	Verbrennung	3. Nicht zutreffend[1]	3. Nicht zutreffend[1]	1. Verständlich[1]	*[1]	*[1]	*[1]	*[1]	Sonstiges vorhanden[1]	*[1]	*[1]	Unklar A[1]	Unklar B[1]	Unklar C[1]	_	_	Hauptteil[10]	2. Data[15]	
8-4	926-929	der	3. Nicht zutreffend[1]	3. Nicht zutreffend[1]	1. Verständlich[1]	*[1]	*[1]	*[1]	*[1]	Sonstiges vorhanden[1]	*[1]	*[1]	Unklar A[1]	Unklar B[1]	Unklar C[1]	_	_	Hauptteil[10]	2. Data[15]	
8-5	930-937	E-Fuels	3. Nicht zutreffend[1]	3. Nicht zutreffend[1]	1. Verständlich[1]	*[1]	*[1]	*[1]	*[1]	Sonstiges vorhanden[1]	*[1]	*[1]	Unklar A[1]	Unklar B[1]	Unklar C[1]	_	_	Hauptteil[10]	2. Data[15]	
8-6	938-942	wird	3. Nicht zutreffend[1]	3. Nicht zutreffend[1]	1. Verständlich[1]	*[1]	*[1]	*[1]	*[1]	Sonstiges vorhanden[1]	*[1]	*[1]	Unklar A[1]	Unklar B[1]	Unklar C[1]	_	_	Hauptteil[10]	2. Data[15]	
8-7	943-950	genauso	3. Nicht zutreffend[1]	3. Nicht zutreffend[1]	1. Verständlich[1]	*[1]	*[1]	*[1]	*[1]	Sonstiges vorhanden[1]	*[1]	*[1]	Unklar A[1]	Unklar B[1]	Unklar C[1]	_	_	Hauptteil[10]	2. Data[15]	
8-8	951-955	viel	3. Nicht zutreffend[1]	3. Nicht zutreffend[1]	1. Verständlich[1]	*[1]	*[1]	*[1]	*[1]	Sonstiges vorhanden[1]	*[1]	*[1]	Unklar A[1]	Unklar B[1]	Unklar C[1]	_	_	Hauptteil[10]	2. Data[15]	
8-9	956-959	CO2	3. Nicht zutreffend[1]	3. Nicht zutreffend[1]	1. Verständlich[1]	*[1]	*[1]	*[1]	*[1]	Sonstiges vorhanden[1]	*[1]	*[1]	Unklar A[1]	Unklar B[1]	Unklar C[1]	_	_	Hauptteil[10]	2. Data[15]	
8-10	960-964	frei	3. Nicht zutreffend[1]	3. Nicht zutreffend[1]	1. Verständlich[1]	*[1]	*[1]	*[1]	*[1]	Sonstiges vorhanden[1]	*[1]	*[1]	Unklar A[1]	Unklar B[1]	Unklar C[1]	_	_	Hauptteil[10]	2. Data[15]	
8-11	964-965	,	3. Nicht zutreffend[1]	3. Nicht zutreffend[1]	1. Verständlich[1]	*[1]	*[1]	*[1]	*[1]	Sonstiges vorhanden[1]	*[1]	*[1]	Unklar A[1]	Unklar B[1]	Unklar C[1]	_	_	Hauptteil[10]	2. Data[15]	
8-12	966-969	wie	3. Nicht zutreffend[1]	3. Nicht zutreffend[1]	1. Verständlich[1]	*[1]	*[1]	*[1]	*[1]	Sonstiges vorhanden[1]	*[1]	*[1]	Unklar A[1]	Unklar B[1]	Unklar C[1]	_	_	Hauptteil[10]	2. Data[15]	
8-13	970-973	bei	3. Nicht zutreffend[1]	3. Nicht zutreffend[1]	1. Verständlich[1]	*[1]	*[1]	*[1]	*[1]	Sonstiges vorhanden[1]	*[1]	*[1]	Unklar A[1]	Unklar B[1]	Unklar C[1]	_	_	Hauptteil[10]	2. Data[15]	
8-14	974-977	der	3. Nicht zutreffend[1]	3. Nicht zutreffend[1]	1. Verständlich[1]	*[1]	*[1]	*[1]	*[1]	Sonstiges vorhanden[1]	*[1]	*[1]	Unklar A[1]	Unklar B[1]	Unklar C[1]	_	_	Hauptteil[10]	2. Data[15]	
8-15	978-989	Herstellung	3. Nicht zutreffend[1]	3. Nicht zutreffend[1]	1. Verständlich[1]	*[1]	*[1]	*[1]	*[1]	Sonstiges vorhanden[1]	*[1]	*[1]	Unklar A[1]	Unklar B[1]	Unklar C[1]	_	_	Hauptteil[10]	2. Data[15]	
8-16	990-993	der	3. Nicht zutreffend[1]	3. Nicht zutreffend[1]	1. Verständlich[1]	*[1]	*[1]	*[1]	*[1]	Sonstiges vorhanden[1]	*[1]	*[1]	Unklar A[1]	Unklar B[1]	Unklar C[1]	_	_	Hauptteil[10]	2. Data[15]	
8-17	994-1004	Atmosphäre	3. Nicht zutreffend[1]	3. Nicht zutreffend[1]	1. Verständlich[1]	*[1]	*[1]	*[1]	*[1]	Sonstiges vorhanden[1]	*[1]	*[1]	Unklar A[1]	Unklar B[1]	Unklar C[1]	_	_	Hauptteil[10]	2. Data[15]	
8-18	1005-1013	entzogen	3. Nicht zutreffend[1]	3. Nicht zutreffend[1]	1. Verständlich[1]	*[1]	*[1]	*[1]	*[1]	Sonstiges vorhanden[1]	*[1]	*[1]	Unklar A[1]	Unklar B[1]	Unklar C[1]	_	_	Hauptteil[10]	2. Data[15]	
8-19	1014-1019	wurde	3. Nicht zutreffend[1]	3. Nicht zutreffend[1]	1. Verständlich[1]	*[1]	*[1]	*[1]	*[1]	Sonstiges vorhanden[1]	*[1]	*[1]	Unklar A[1]	Unklar B[1]	Unklar C[1]	_	_	Hauptteil[10]	2. Data[15]	
8-20	1019-1020	.	3. Nicht zutreffend[1]	3. Nicht zutreffend[1]	1. Verständlich[1]	*[1]	*[1]	*[1]	*[1]	Sonstiges vorhanden[1]	*[1]	*[1]	Unklar A[1]	Unklar B[1]	Unklar C[1]	_	_	Hauptteil[10]	2. Data[15]	

9-1	1022-1025	Die	2. Falsch[2]	2. Unangemessen[2]	1. Verständlich[2]	Jahresertrag/Energiedichte Vorhanden[2]	*[2]	*[2]	*[2]	*[2]	*[2]	*[2]	Contra A[2]	Pro B[2]	Contra C[2]	_	_	Hauptteil[10]	1. Claim[16]	
9-2	1026-1033	höchste	2. Falsch[2]	2. Unangemessen[2]	1. Verständlich[2]	Jahresertrag/Energiedichte Vorhanden[2]	*[2]	*[2]	*[2]	*[2]	*[2]	*[2]	Contra A[2]	Pro B[2]	Contra C[2]	_	_	Hauptteil[10]	1. Claim[16]	
9-3	1034-1047	massebezogene	2. Falsch[2]	2. Unangemessen[2]	1. Verständlich[2]	Jahresertrag/Energiedichte Vorhanden[2]	*[2]	*[2]	*[2]	*[2]	*[2]	*[2]	Contra A[2]	Pro B[2]	Contra C[2]	_	_	Hauptteil[10]	1. Claim[16]	
9-4	1048-1061	Energiedichte	2. Falsch[2]	2. Unangemessen[2]	1. Verständlich[2]	Jahresertrag/Energiedichte Vorhanden[2]	*[2]	*[2]	*[2]	*[2]	*[2]	*[2]	Contra A[2]	Pro B[2]	Contra C[2]	_	_	Hauptteil[10]	1. Claim[16]	
9-5	1062-1067	haben	2. Falsch[2]	2. Unangemessen[2]	1. Verständlich[2]	Jahresertrag/Energiedichte Vorhanden[2]	*[2]	*[2]	*[2]	*[2]	*[2]	*[2]	Contra A[2]	Pro B[2]	Contra C[2]	_	_	Hauptteil[10]	1. Claim[16]	
9-6	1067-1068	,	2. Falsch[2]	2. Unangemessen[2]	1. Verständlich[2]	Jahresertrag/Energiedichte Vorhanden[2]	*[2]	*[2]	*[2]	*[2]	*[2]	*[2]	Contra A[2]	Pro B[2]	Contra C[2]	_	_	Hauptteil[10]	1. Claim[16]	
9-7	1069-1072	mit	2. Falsch[2]	2. Unangemessen[2]	1. Verständlich[2]	Jahresertrag/Energiedichte Vorhanden[2]	*[2]	*[2]	*[2]	*[2]	*[2]	*[2]	Contra A[2]	Pro B[2]	Contra C[2]	_	_	Hauptteil[10]	1. Claim[16]	
9-8	1073-1077	46,4	2. Falsch[2]	2. Unangemessen[2]	1. Verständlich[2]	Jahresertrag/Energiedichte Vorhanden[2]	*[2]	*[2]	*[2]	*[2]	*[2]	*[2]	Contra A[2]	Pro B[2]	Contra C[2]	_	_	Hauptteil[10]	1. Claim[16]	
9-9	1078-1080	MJ	2. Falsch[2]	2. Unangemessen[2]	1. Verständlich[2]	Jahresertrag/Energiedichte Vorhanden[2]	*[2]	*[2]	*[2]	*[2]	*[2]	*[2]	Contra A[2]	Pro B[2]	Contra C[2]	_	_	Hauptteil[10]	1. Claim[16]	
9-10	1080-1081	/	2. Falsch[2]	2. Unangemessen[2]	1. Verständlich[2]	Jahresertrag/Energiedichte Vorhanden[2]	*[2]	*[2]	*[2]	*[2]	*[2]	*[2]	Contra A[2]	Pro B[2]	Contra C[2]	_	_	Hauptteil[10]	1. Claim[16]	
9-11	1081-1083	kg	2. Falsch[2]	2. Unangemessen[2]	1. Verständlich[2]	Jahresertrag/Energiedichte Vorhanden[2]	*[2]	*[2]	*[2]	*[2]	*[2]	*[2]	Contra A[2]	Pro B[2]	Contra C[2]	_	_	Hauptteil[10]	1. Claim[16]	
9-12	1083-1084	,	2. Falsch[2]	2. Unangemessen[2]	1. Verständlich[2]	Jahresertrag/Energiedichte Vorhanden[2]	*[2]	*[2]	*[2]	*[2]	*[2]	*[2]	Contra A[2]	Pro B[2]	Contra C[2]	_	_	Hauptteil[10]	1. Claim[16]	
9-13	1085-1088	die	2. Falsch[2]	2. Unangemessen[2]	1. Verständlich[2]	Jahresertrag/Energiedichte Vorhanden[2]	*[2]	*[2]	*[2]	*[2]	*[2]	*[2]	Contra A[2]	Pro B[2]	Contra C[2]	_	_	Hauptteil[10]	1. Claim[16]	
9-14	1089-1096	E-Fuels	2. Falsch[2]	2. Unangemessen[2]	1. Verständlich[2]	Jahresertrag/Energiedichte Vorhanden[2]	*[2]	*[2]	*[2]	*[2]	*[2]	*[2]	Contra A[2]	Pro B[2]	Contra C[2]	_	_	Hauptteil[10]	1. Claim[16]	
9-15	1096-1097	.	2. Falsch[2]	2. Unangemessen[2]	1. Verständlich[2]	Jahresertrag/Energiedichte Vorhanden[2]	*[2]	*[2]	*[2]	*[2]	*[2]	*[2]	Contra A[2]	Pro B[2]	Contra C[2]	_	_	Hauptteil[10]	1. Claim[16]	

10-1	1099-1110	Wasserstoff	2. Falsch[2]	2. Unangemessen[2]	1. Verständlich[2]	Jahresertrag/Energiedichte Vorhanden[2]	*[2]	*[2]	*[2]	*[2]	*[2]	*[2]	Contra A[2]	Pro B[2]	Contra C[2]	_	_	Hauptteil[10]	1. Claim[17]	
10-2	1111-1114	hat	2. Falsch[2]	2. Unangemessen[2]	1. Verständlich[2]	Jahresertrag/Energiedichte Vorhanden[2]	*[2]	*[2]	*[2]	*[2]	*[2]	*[2]	Contra A[2]	Pro B[2]	Contra C[2]	_	_	Hauptteil[10]	1. Claim[17]	
10-3	1115-1124	lediglich	2. Falsch[2]	2. Unangemessen[2]	1. Verständlich[2]	Jahresertrag/Energiedichte Vorhanden[2]	*[2]	*[2]	*[2]	*[2]	*[2]	*[2]	Contra A[2]	Pro B[2]	Contra C[2]	_	_	Hauptteil[10]	1. Claim[17]	
10-4	1125-1128	120	2. Falsch[2]	2. Unangemessen[2]	1. Verständlich[2]	Jahresertrag/Energiedichte Vorhanden[2]	*[2]	*[2]	*[2]	*[2]	*[2]	*[2]	Contra A[2]	Pro B[2]	Contra C[2]	_	_	Hauptteil[10]	1. Claim[17]	
10-5	1129-1132	und	2. Falsch[2]	2. Unangemessen[2]	1. Verständlich[2]	Jahresertrag/Energiedichte Vorhanden[2]	*[2]	*[2]	*[2]	*[2]	*[2]	*[2]	Contra A[2]	Pro B[2]	Contra C[2]	_	_	Hauptteil[10]	2. Data[18]	
10-6	1133-1146	Akkumulatoren	2. Falsch[2]	2. Unangemessen[2]	1. Verständlich[2]	Jahresertrag/Energiedichte Vorhanden[2]	*[2]	*[2]	*[2]	*[2]	*[2]	*[2]	Contra A[2]	Pro B[2]	Contra C[2]	_	_	Hauptteil[10]	2. Data[18]	
10-7	1147-1150	nur	2. Falsch[2]	2. Unangemessen[2]	1. Verständlich[2]	Jahresertrag/Energiedichte Vorhanden[2]	*[2]	*[2]	*[2]	*[2]	*[2]	*[2]	Contra A[2]	Pro B[2]	Contra C[2]	_	_	Hauptteil[10]	2. Data[18]	
10-8	1151-1155	0,88	2. Falsch[2]	2. Unangemessen[2]	1. Verständlich[2]	Jahresertrag/Energiedichte Vorhanden[2]	*[2]	*[2]	*[2]	*[2]	*[2]	*[2]	Contra A[2]	Pro B[2]	Contra C[2]	_	_	Hauptteil[10]	2. Data[18]	
10-9	1156-1158	MJ	2. Falsch[2]	2. Unangemessen[2]	1. Verständlich[2]	Jahresertrag/Energiedichte Vorhanden[2]	*[2]	*[2]	*[2]	*[2]	*[2]	*[2]	Contra A[2]	Pro B[2]	Contra C[2]	_	_	Hauptteil[10]	2. Data[18]	
10-10	1158-1159	/	2. Falsch[2]	2. Unangemessen[2]	1. Verständlich[2]	Jahresertrag/Energiedichte Vorhanden[2]	*[2]	*[2]	*[2]	*[2]	*[2]	*[2]	Contra A[2]	Pro B[2]	Contra C[2]	_	_	Hauptteil[10]	2. Data[18]	
10-11	1159-1161	kg	2. Falsch[2]	2. Unangemessen[2]	1. Verständlich[2]	Jahresertrag/Energiedichte Vorhanden[2]	*[2]	*[2]	*[2]	*[2]	*[2]	*[2]	Contra A[2]	Pro B[2]	Contra C[2]	_	_	Hauptteil[10]	2. Data[18]	
10-12	1161-1162	.	2. Falsch[2]	2. Unangemessen[2]	1. Verständlich[2]	Jahresertrag/Energiedichte Vorhanden[2]	*[2]	*[2]	*[2]	*[2]	*[2]	*[2]	Contra A[2]	Pro B[2]	Contra C[2]	_	_	Hauptteil[10]	2. Data[18]	

11-1	1164-1167	Das	2. Falsch[2]	2. Unangemessen[2]	1. Verständlich[2]	Jahresertrag/Energiedichte Vorhanden[2]	*[2]	*[2]	*[2]	*[2]	*[2]	*[2]	Contra A[2]	Pro B[2]	Contra C[2]	_	_	Hauptteil[10]	3. Warrant[19]	
11-2	1168-1176	bedeutet	2. Falsch[2]	2. Unangemessen[2]	1. Verständlich[2]	Jahresertrag/Energiedichte Vorhanden[2]	*[2]	*[2]	*[2]	*[2]	*[2]	*[2]	Contra A[2]	Pro B[2]	Contra C[2]	_	_	Hauptteil[10]	3. Warrant[19]	
11-3	1176-1177	,	2. Falsch[2]	2. Unangemessen[2]	1. Verständlich[2]	Jahresertrag/Energiedichte Vorhanden[2]	*[2]	*[2]	*[2]	*[2]	*[2]	*[2]	Contra A[2]	Pro B[2]	Contra C[2]	_	_	Hauptteil[10]	3. Warrant[19]	
11-4	1178-1181	das	2. Falsch[2]	2. Unangemessen[2]	1. Verständlich[2]	Jahresertrag/Energiedichte Vorhanden[2]	*[2]	*[2]	*[2]	*[2]	*[2]	*[2]	Contra A[2]	Pro B[2]	Contra C[2]	_	_	Hauptteil[10]	3. Warrant[19]	
11-5	1182-1186	sich	2. Falsch[2]	2. Unangemessen[2]	1. Verständlich[2]	Jahresertrag/Energiedichte Vorhanden[2]	*[2]	*[2]	*[2]	*[2]	*[2]	*[2]	Contra A[2]	Pro B[2]	Contra C[2]	_	_	Hauptteil[10]	3. Warrant[19]	
11-6	1187-1190	aus	2. Falsch[2]	2. Unangemessen[2]	1. Verständlich[2]	Jahresertrag/Energiedichte Vorhanden[2]	*[2]	*[2]	*[2]	*[2]	*[2]	*[2]	Contra A[2]	Pro B[2]	Contra C[2]	_	_	Hauptteil[10]	3. Warrant[19]	
11-7	1191-1194	den	2. Falsch[2]	2. Unangemessen[2]	1. Verständlich[2]	Jahresertrag/Energiedichte Vorhanden[2]	*[2]	*[2]	*[2]	*[2]	*[2]	*[2]	Contra A[2]	Pro B[2]	Contra C[2]	_	_	Hauptteil[10]	3. Warrant[19]	
11-8	1195-1202	E-Fuels	2. Falsch[2]	2. Unangemessen[2]	1. Verständlich[2]	Jahresertrag/Energiedichte Vorhanden[2]	*[2]	*[2]	*[2]	*[2]	*[2]	*[2]	Contra A[2]	Pro B[2]	Contra C[2]	_	_	Hauptteil[10]	3. Warrant[19]	
11-9	1203-1206	die	2. Falsch[2]	2. Unangemessen[2]	1. Verständlich[2]	Jahresertrag/Energiedichte Vorhanden[2]	*[2]	*[2]	*[2]	*[2]	*[2]	*[2]	Contra A[2]	Pro B[2]	Contra C[2]	_	_	Hauptteil[10]	3. Warrant[19]	
11-10	1207-1213	meiste	2. Falsch[2]	2. Unangemessen[2]	1. Verständlich[2]	Jahresertrag/Energiedichte Vorhanden[2]	*[2]	*[2]	*[2]	*[2]	*[2]	*[2]	Contra A[2]	Pro B[2]	Contra C[2]	_	_	Hauptteil[10]	3. Warrant[19]	
11-11	1214-1221	Energie	2. Falsch[2]	2. Unangemessen[2]	1. Verständlich[2]	Jahresertrag/Energiedichte Vorhanden[2]	*[2]	*[2]	*[2]	*[2]	*[2]	*[2]	Contra A[2]	Pro B[2]	Contra C[2]	_	_	Hauptteil[10]	3. Warrant[19]	
11-12	1222-1223	"	2. Falsch[2]	2. Unangemessen[2]	1. Verständlich[2]	Jahresertrag/Energiedichte Vorhanden[2]	*[2]	*[2]	*[2]	*[2]	*[2]	*[2]	Contra A[2]	Pro B[2]	Contra C[2]	_	_	Hauptteil[10]	3. Warrant[19]	
11-13	1223-1231	gewinnen	2. Falsch[2]	2. Unangemessen[2]	1. Verständlich[2]	Jahresertrag/Energiedichte Vorhanden[2]	*[2]	*[2]	*[2]	*[2]	*[2]	*[2]	Contra A[2]	Pro B[2]	Contra C[2]	_	_	Hauptteil[10]	3. Warrant[19]	
11-14	1231-1232	"	2. Falsch[2]	2. Unangemessen[2]	1. Verständlich[2]	Jahresertrag/Energiedichte Vorhanden[2]	*[2]	*[2]	*[2]	*[2]	*[2]	*[2]	Contra A[2]	Pro B[2]	Contra C[2]	_	_	Hauptteil[10]	3. Warrant[19]	
11-15	1233-1238	lässt	2. Falsch[2]	2. Unangemessen[2]	1. Verständlich[2]	Jahresertrag/Energiedichte Vorhanden[2]	*[2]	*[2]	*[2]	*[2]	*[2]	*[2]	Contra A[2]	Pro B[2]	Contra C[2]	_	_	Hauptteil[10]	3. Warrant[19]	
11-16	1238-1239	.	2. Falsch[2]	2. Unangemessen[2]	1. Verständlich[2]	Jahresertrag/Energiedichte Vorhanden[2]	*[2]	*[2]	*[2]	*[2]	*[2]	*[2]	Contra A[2]	Pro B[2]	Contra C[2]	_	_	Hauptteil[10]	3. Warrant[19]	

12-1	1241-1244	Der	1. Richtig[3]	1. Angemessen[3]	1. Verständlich[3]	*[3]	*[3]	*[3]	*[3]	*[3]	*[3]	Wirkungsgrad vorhanden[3]	Contra A[3]	Contra B[3]	Pro C[3]	_	_	Hauptteil[10]	2. Data[20]	
12-2	1245-1263	Gesamtwirkungsgrad	1. Richtig[3]	1. Angemessen[3]	1. Verständlich[3]	*[3]	*[3]	*[3]	*[3]	*[3]	*[3]	Wirkungsgrad vorhanden[3]	Contra A[3]	Contra B[3]	Pro C[3]	_	_	Hauptteil[10]	2. Data[20]	
12-3	1264-1267	ist	1. Richtig[3]	1. Angemessen[3]	1. Verständlich[3]	*[3]	*[3]	*[3]	*[3]	*[3]	*[3]	Wirkungsgrad vorhanden[3]	Contra A[3]	Contra B[3]	Pro C[3]	_	_	Hauptteil[10]	2. Data[20]	
12-4	1268-1271	mit	1. Richtig[3]	1. Angemessen[3]	1. Verständlich[3]	*[3]	*[3]	*[3]	*[3]	*[3]	*[3]	Wirkungsgrad vorhanden[3]	Contra A[3]	Contra B[3]	Pro C[3]	_	_	Hauptteil[10]	2. Data[20]	
12-5	1272-1275	70%	1. Richtig[3]	1. Angemessen[3]	1. Verständlich[3]	*[3]	*[3]	*[3]	*[3]	*[3]	*[3]	Wirkungsgrad vorhanden[3]	Contra A[3]	Contra B[3]	Pro C[3]	_	_	Hauptteil[10]	2. Data[20]	
12-6	1276-1279	bei	1. Richtig[3]	1. Angemessen[3]	1. Verständlich[3]	*[3]	*[3]	*[3]	*[3]	*[3]	*[3]	Wirkungsgrad vorhanden[3]	Contra A[3]	Contra B[3]	Pro C[3]	_	_	Hauptteil[10]	2. Data[20]	
12-7	1280-1283	den	1. Richtig[3]	1. Angemessen[3]	1. Verständlich[3]	*[3]	*[3]	*[3]	*[3]	*[3]	*[3]	Wirkungsgrad vorhanden[3]	Contra A[3]	Contra B[3]	Pro C[3]	_	_	Hauptteil[10]	2. Data[20]	
12-8	1284-1297	Akkumulatoren	1. Richtig[3]	1. Angemessen[3]	1. Verständlich[3]	*[3]	*[3]	*[3]	*[3]	*[3]	*[3]	Wirkungsgrad vorhanden[3]	Contra A[3]	Contra B[3]	Pro C[3]	_	_	Hauptteil[10]	2. Data[20]	
12-9	1298-1300	am	1. Richtig[3]	1. Angemessen[3]	1. Verständlich[3]	*[3]	*[3]	*[3]	*[3]	*[3]	*[3]	Wirkungsgrad vorhanden[3]	Contra A[3]	Contra B[3]	Pro C[3]	_	_	Hauptteil[10]	2. Data[20]	
12-10	1301-1309	höchsten	1. Richtig[3]	1. Angemessen[3]	1. Verständlich[3]	*[3]	*[3]	*[3]	*[3]	*[3]	*[3]	Wirkungsgrad vorhanden[3]	Contra A[3]	Contra B[3]	Pro C[3]	_	_	Hauptteil[10]	2. Data[20]	
12-11	1309-1310	.	1. Richtig[3]	1. Angemessen[3]	1. Verständlich[3]	*[3]	*[3]	*[3]	*[3]	*[3]	*[3]	Wirkungsgrad vorhanden[3]	Contra A[3]	Contra B[3]	Pro C[3]	_	_	Hauptteil[10]	2. Data[20]	

13-1	1312-1315	Der	1. Richtig[3]	1. Angemessen[3]	1. Verständlich[3]	*[3]	*[3]	*[3]	*[3]	*[3]	*[3]	Wirkungsgrad vorhanden[3]	Contra A[3]	Contra B[3]	Pro C[3]	_	_	Hauptteil[10]	2. Data[21]	
13-2	1316-1334	Gesamtwirkungsgrad	1. Richtig[3]	1. Angemessen[3]	1. Verständlich[3]	*[3]	*[3]	*[3]	*[3]	*[3]	*[3]	Wirkungsgrad vorhanden[3]	Contra A[3]	Contra B[3]	Pro C[3]	_	_	Hauptteil[10]	2. Data[21]	
13-3	1335-1338	von	1. Richtig[3]	1. Angemessen[3]	1. Verständlich[3]	*[3]	*[3]	*[3]	*[3]	*[3]	*[3]	Wirkungsgrad vorhanden[3]	Contra A[3]	Contra B[3]	Pro C[3]	_	_	Hauptteil[10]	2. Data[21]	
13-4	1339-1350	Wasserstoff	1. Richtig[3]	1. Angemessen[3]	1. Verständlich[3]	*[3]	*[3]	*[3]	*[3]	*[3]	*[3]	Wirkungsgrad vorhanden[3]	Contra A[3]	Contra B[3]	Pro C[3]	_	_	Hauptteil[10]	2. Data[21]	
13-5	1351-1356	liegt	1. Richtig[3]	1. Angemessen[3]	1. Verständlich[3]	*[3]	*[3]	*[3]	*[3]	*[3]	*[3]	Wirkungsgrad vorhanden[3]	Contra A[3]	Contra B[3]	Pro C[3]	_	_	Hauptteil[10]	2. Data[21]	
13-6	1357-1360	bei	1. Richtig[3]	1. Angemessen[3]	1. Verständlich[3]	*[3]	*[3]	*[3]	*[3]	*[3]	*[3]	Wirkungsgrad vorhanden[3]	Contra A[3]	Contra B[3]	Pro C[3]	_	_	Hauptteil[10]	2. Data[21]	
13-7	1361-1363	25	1. Richtig[3]	1. Angemessen[3]	1. Verständlich[3]	*[3]	*[3]	*[3]	*[3]	*[3]	*[3]	Wirkungsgrad vorhanden[3]	Contra A[3]	Contra B[3]	Pro C[3]	_	_	Hauptteil[10]	2. Data[21]	
13-8	1363-1364	-	1. Richtig[3]	1. Angemessen[3]	1. Verständlich[3]	*[3]	*[3]	*[3]	*[3]	*[3]	*[3]	Wirkungsgrad vorhanden[3]	Contra A[3]	Contra B[3]	Pro C[3]	_	_	Hauptteil[10]	2. Data[21]	
13-9	1364-1367	28%	1. Richtig[3]	1. Angemessen[3]	1. Verständlich[3]	*[3]	*[3]	*[3]	*[3]	*[3]	*[3]	Wirkungsgrad vorhanden[3]	Contra A[3]	Contra B[3]	Pro C[3]	_	_	Hauptteil[10]	2. Data[21]	
13-10	1367-1368	,	1. Richtig[3]	1. Angemessen[3]	1. Verständlich[3]	*[3]	*[3]	*[3]	*[3]	*[3]	*[3]	Wirkungsgrad vorhanden[3]	Contra A[3]	Contra B[3]	Pro C[3]	_	_	Hauptteil[10]	2. Data[21]	
13-11	1369-1372	der	1. Richtig[3]	1. Angemessen[3]	1. Verständlich[3]	*[3]	*[3]	*[3]	*[3]	*[3]	*[3]	Wirkungsgrad vorhanden[3]	Contra A[3]	Contra B[3]	Pro C[3]	_	_	Hauptteil[10]	2. Data[21]	
13-12	1373-1376	von	1. Richtig[3]	1. Angemessen[3]	1. Verständlich[3]	*[3]	*[3]	*[3]	*[3]	*[3]	*[3]	Wirkungsgrad vorhanden[3]	Contra A[3]	Contra B[3]	Pro C[3]	_	_	Hauptteil[10]	2. Data[21]	
13-13	1377-1384	E-Fuels	1. Richtig[3]	1. Angemessen[3]	1. Verständlich[3]	*[3]	*[3]	*[3]	*[3]	*[3]	*[3]	Wirkungsgrad vorhanden[3]	Contra A[3]	Contra B[3]	Pro C[3]	_	_	Hauptteil[10]	2. Data[21]	
13-14	1385-1388	bei	1. Richtig[3]	1. Angemessen[3]	1. Verständlich[3]	*[3]	*[3]	*[3]	*[3]	*[3]	*[3]	Wirkungsgrad vorhanden[3]	Contra A[3]	Contra B[3]	Pro C[3]	_	_	Hauptteil[10]	2. Data[21]	
13-15	1389-1395	gerade	1. Richtig[3]	1. Angemessen[3]	1. Verständlich[3]	*[3]	*[3]	*[3]	*[3]	*[3]	*[3]	Wirkungsgrad vorhanden[3]	Contra A[3]	Contra B[3]	Pro C[3]	_	_	Hauptteil[10]	2. Data[21]	
13-16	1396-1402	einmal	1. Richtig[3]	1. Angemessen[3]	1. Verständlich[3]	*[3]	*[3]	*[3]	*[3]	*[3]	*[3]	Wirkungsgrad vorhanden[3]	Contra A[3]	Contra B[3]	Pro C[3]	_	_	Hauptteil[10]	2. Data[21]	
13-17	1403-1405	15	1. Richtig[3]	1. Angemessen[3]	1. Verständlich[3]	*[3]	*[3]	*[3]	*[3]	*[3]	*[3]	Wirkungsgrad vorhanden[3]	Contra A[3]	Contra B[3]	Pro C[3]	_	_	Hauptteil[10]	2. Data[21]	
13-18	1405-1406	-	1. Richtig[3]	1. Angemessen[3]	1. Verständlich[3]	*[3]	*[3]	*[3]	*[3]	*[3]	*[3]	Wirkungsgrad vorhanden[3]	Contra A[3]	Contra B[3]	Pro C[3]	_	_	Hauptteil[10]	2. Data[21]	
13-19	1406-1409	20%	1. Richtig[3]	1. Angemessen[3]	1. Verständlich[3]	*[3]	*[3]	*[3]	*[3]	*[3]	*[3]	Wirkungsgrad vorhanden[3]	Contra A[3]	Contra B[3]	Pro C[3]	_	_	Hauptteil[10]	2. Data[21]	
13-20	1409-1410	.	1. Richtig[3]	1. Angemessen[3]	1. Verständlich[3]	*[3]	*[3]	*[3]	*[3]	*[3]	*[3]	Wirkungsgrad vorhanden[3]	Contra A[3]	Contra B[3]	Pro C[3]	_	_	Hauptteil[10]	2. Data[21]	

14-1	1412-1415	Der	1. Richtig[3]	1. Angemessen[3]	1. Verständlich[3]	*[3]	*[3]	*[3]	*[3]	*[3]	*[3]	Wirkungsgrad vorhanden[3]	Contra A[3]	Contra B[3]	Pro C[3]	_	_	Hauptteil[10]	1. Claim[22]	
14-2	1416-1434	Gesmatwirkungsgrad	1. Richtig[3]	1. Angemessen[3]	1. Verständlich[3]	*[3]	*[3]	*[3]	*[3]	*[3]	*[3]	Wirkungsgrad vorhanden[3]	Contra A[3]	Contra B[3]	Pro C[3]	_	_	Hauptteil[10]	1. Claim[22]	
14-3	1435-1445	beschreibt	1. Richtig[3]	1. Angemessen[3]	1. Verständlich[3]	*[3]	*[3]	*[3]	*[3]	*[3]	*[3]	Wirkungsgrad vorhanden[3]	Contra A[3]	Contra B[3]	Pro C[3]	_	_	Hauptteil[10]	1. Claim[22]	
14-4	1446-1449	die	1. Richtig[3]	1. Angemessen[3]	1. Verständlich[3]	*[3]	*[3]	*[3]	*[3]	*[3]	*[3]	Wirkungsgrad vorhanden[3]	Contra A[3]	Contra B[3]	Pro C[3]	_	_	Hauptteil[10]	1. Claim[22]	
14-5	1450-1451	"	1. Richtig[3]	1. Angemessen[3]	1. Verständlich[3]	*[3]	*[3]	*[3]	*[3]	*[3]	*[3]	Wirkungsgrad vorhanden[3]	Contra A[3]	Contra B[3]	Pro C[3]	_	_	Hauptteil[10]	1. Claim[22]	
14-6	1451-1463	Effektivität	1. Richtig[3]	1. Angemessen[3]	1. Verständlich[3]	*[3]	*[3]	*[3]	*[3]	*[3]	*[3]	Wirkungsgrad vorhanden[3]	Contra A[3]	Contra B[3]	Pro C[3]	_	_	Hauptteil[10]	1. Claim[22]	
14-7	1463-1464	"	1. Richtig[3]	1. Angemessen[3]	1. Verständlich[3]	*[3]	*[3]	*[3]	*[3]	*[3]	*[3]	Wirkungsgrad vorhanden[3]	Contra A[3]	Contra B[3]	Pro C[3]	_	_	Hauptteil[10]	1. Claim[22]	
14-8	1464-1465	.	1. Richtig[3]	1. Angemessen[3]	1. Verständlich[3]	*[3]	*[3]	*[3]	*[3]	*[3]	*[3]	Wirkungsgrad vorhanden[3]	Contra A[3]	Contra B[3]	Pro C[3]	_	_	Hauptteil[10]	1. Claim[22]	

15-1	1467-1470	Das	1. Richtig[3]	1. Angemessen[3]	1. Verständlich[3]	*[3]	*[3]	*[3]	*[3]	*[3]	*[3]	Wirkungsgrad vorhanden[3]	Contra A[3]	Contra B[3]	Pro C[3]	_	_	Hauptteil[10]	3. Warrant[23]	
15-2	1471-1479	bedeutet	1. Richtig[3]	1. Angemessen[3]	1. Verständlich[3]	*[3]	*[3]	*[3]	*[3]	*[3]	*[3]	Wirkungsgrad vorhanden[3]	Contra A[3]	Contra B[3]	Pro C[3]	_	_	Hauptteil[10]	3. Warrant[23]	
15-3	1480-1482	am	1. Richtig[3]	1. Angemessen[3]	1. Verständlich[3]	*[3]	*[3]	*[3]	*[3]	*[3]	*[3]	Wirkungsgrad vorhanden[3]	Contra A[3]	Contra B[3]	Pro C[3]	_	_	Hauptteil[10]	3. Warrant[23]	
15-4	1483-1501	Gesamtwirkungsgrad	1. Richtig[3]	1. Angemessen[3]	1. Verständlich[3]	*[3]	*[3]	*[3]	*[3]	*[3]	*[3]	Wirkungsgrad vorhanden[3]	Contra A[3]	Contra B[3]	Pro C[3]	_	_	Hauptteil[10]	3. Warrant[23]	
15-5	1502-1507	lässt	1. Richtig[3]	1. Angemessen[3]	1. Verständlich[3]	*[3]	*[3]	*[3]	*[3]	*[3]	*[3]	Wirkungsgrad vorhanden[3]	Contra A[3]	Contra B[3]	Pro C[3]	_	_	Hauptteil[10]	3. Warrant[23]	
15-6	1508-1512	sich	1. Richtig[3]	1. Angemessen[3]	1. Verständlich[3]	*[3]	*[3]	*[3]	*[3]	*[3]	*[3]	Wirkungsgrad vorhanden[3]	Contra A[3]	Contra B[3]	Pro C[3]	_	_	Hauptteil[10]	3. Warrant[23]	
15-7	1513-1521	erkennen	1. Richtig[3]	1. Angemessen[3]	1. Verständlich[3]	*[3]	*[3]	*[3]	*[3]	*[3]	*[3]	Wirkungsgrad vorhanden[3]	Contra A[3]	Contra B[3]	Pro C[3]	_	_	Hauptteil[10]	3. Warrant[23]	
15-8	1521-1522	,	1. Richtig[3]	1. Angemessen[3]	1. Verständlich[3]	*[3]	*[3]	*[3]	*[3]	*[3]	*[3]	Wirkungsgrad vorhanden[3]	Contra A[3]	Contra B[3]	Pro C[3]	_	_	Hauptteil[10]	3. Warrant[23]	
15-9	1523-1526	wie	1. Richtig[3]	1. Angemessen[3]	1. Verständlich[3]	*[3]	*[3]	*[3]	*[3]	*[3]	*[3]	Wirkungsgrad vorhanden[3]	Contra A[3]	Contra B[3]	Pro C[3]	_	_	Hauptteil[10]	3. Warrant[23]	
15-10	1527-1530	das	1. Richtig[3]	1. Angemessen[3]	1. Verständlich[3]	*[3]	*[3]	*[3]	*[3]	*[3]	*[3]	Wirkungsgrad vorhanden[3]	Contra A[3]	Contra B[3]	Pro C[3]	_	_	Hauptteil[10]	3. Warrant[23]	
15-11	1531-1541	Verhältnis	1. Richtig[3]	1. Angemessen[3]	1. Verständlich[3]	*[3]	*[3]	*[3]	*[3]	*[3]	*[3]	Wirkungsgrad vorhanden[3]	Contra A[3]	Contra B[3]	Pro C[3]	_	_	Hauptteil[10]	3. Warrant[23]	
15-12	1542-1550	zwischen	1. Richtig[3]	1. Angemessen[3]	1. Verständlich[3]	*[3]	*[3]	*[3]	*[3]	*[3]	*[3]	Wirkungsgrad vorhanden[3]	Contra A[3]	Contra B[3]	Pro C[3]	_	_	Hauptteil[10]	3. Warrant[23]	
15-13	1551-1554	der	1. Richtig[3]	1. Angemessen[3]	1. Verständlich[3]	*[3]	*[3]	*[3]	*[3]	*[3]	*[3]	Wirkungsgrad vorhanden[3]	Contra A[3]	Contra B[3]	Pro C[3]	_	_	Hauptteil[10]	3. Warrant[23]	
15-14	1555-1568	aufgewendeten	1. Richtig[3]	1. Angemessen[3]	1. Verständlich[3]	*[3]	*[3]	*[3]	*[3]	*[3]	*[3]	Wirkungsgrad vorhanden[3]	Contra A[3]	Contra B[3]	Pro C[3]	_	_	Hauptteil[10]	3. Warrant[23]	
15-15	1569-1576	Energie	1. Richtig[3]	1. Angemessen[3]	1. Verständlich[3]	*[3]	*[3]	*[3]	*[3]	*[3]	*[3]	Wirkungsgrad vorhanden[3]	Contra A[3]	Contra B[3]	Pro C[3]	_	_	Hauptteil[10]	3. Warrant[23]	
15-16	1577-1580	und	1. Richtig[3]	1. Angemessen[3]	1. Verständlich[3]	*[3]	*[3]	*[3]	*[3]	*[3]	*[3]	Wirkungsgrad vorhanden[3]	Contra A[3]	Contra B[3]	Pro C[3]	_	_	Hauptteil[10]	3. Warrant[23]	
15-17	1581-1584	der	1. Richtig[3]	1. Angemessen[3]	1. Verständlich[3]	*[3]	*[3]	*[3]	*[3]	*[3]	*[3]	Wirkungsgrad vorhanden[3]	Contra A[3]	Contra B[3]	Pro C[3]	_	_	Hauptteil[10]	3. Warrant[23]	
15-18	1585-1594	nutzbaren	1. Richtig[3]	1. Angemessen[3]	1. Verständlich[3]	*[3]	*[3]	*[3]	*[3]	*[3]	*[3]	Wirkungsgrad vorhanden[3]	Contra A[3]	Contra B[3]	Pro C[3]	_	_	Hauptteil[10]	3. Warrant[23]	
15-19	1595-1602	Energie	1. Richtig[3]	1. Angemessen[3]	1. Verständlich[3]	*[3]	*[3]	*[3]	*[3]	*[3]	*[3]	Wirkungsgrad vorhanden[3]	Contra A[3]	Contra B[3]	Pro C[3]	_	_	Hauptteil[10]	3. Warrant[23]	
15-20	1603-1606	ist	1. Richtig[3]	1. Angemessen[3]	1. Verständlich[3]	*[3]	*[3]	*[3]	*[3]	*[3]	*[3]	Wirkungsgrad vorhanden[3]	Contra A[3]	Contra B[3]	Pro C[3]	_	_	Hauptteil[10]	3. Warrant[23]	
15-21	1606-1607	.	1. Richtig[3]	1. Angemessen[3]	1. Verständlich[3]	*[3]	*[3]	*[3]	*[3]	*[3]	*[3]	Wirkungsgrad vorhanden[3]	Contra A[3]	Contra B[3]	Pro C[3]	_	_	Hauptteil[10]	3. Warrant[23]	

16-1	1609-1612	Die	1. Richtig[4]	1. Angemessen[4]	1. Verständlich[4]	*[4]	*[4]	*[4]	*[4]	*[4]	Treibhausgasemissionen vorhanden[4]	*[4]	Contra A[4]	Pro B[4]	Contra C[4]	_	_	Hauptteil[10]	2. Data[24]	
16-2	1613-1622	gernigste	1. Richtig[4]	1. Angemessen[4]	1. Verständlich[4]	*[4]	*[4]	*[4]	*[4]	*[4]	Treibhausgasemissionen vorhanden[4]	*[4]	Contra A[4]	Pro B[4]	Contra C[4]	_	_	Hauptteil[10]	2. Data[24]	
16-3	1623-1643	Treibhausgasemmision	1. Richtig[4]	1. Angemessen[4]	1. Verständlich[4]	*[4]	*[4]	*[4]	*[4]	*[4]	Treibhausgasemissionen vorhanden[4]	*[4]	Contra A[4]	Pro B[4]	Contra C[4]	_	_	Hauptteil[10]	2. Data[24]	
16-4	1644-1647	bei	1. Richtig[4]	1. Angemessen[4]	1. Verständlich[4]	*[4]	*[4]	*[4]	*[4]	*[4]	Treibhausgasemissionen vorhanden[4]	*[4]	Contra A[4]	Pro B[4]	Contra C[4]	_	_	Hauptteil[10]	2. Data[24]	
16-5	1648-1651	der	1. Richtig[4]	1. Angemessen[4]	1. Verständlich[4]	*[4]	*[4]	*[4]	*[4]	*[4]	Treibhausgasemissionen vorhanden[4]	*[4]	Contra A[4]	Pro B[4]	Contra C[4]	_	_	Hauptteil[10]	2. Data[24]	
16-6	1652-1662	Produktion	1. Richtig[4]	1. Angemessen[4]	1. Verständlich[4]	*[4]	*[4]	*[4]	*[4]	*[4]	Treibhausgasemissionen vorhanden[4]	*[4]	Contra A[4]	Pro B[4]	Contra C[4]	_	_	Hauptteil[10]	2. Data[24]	
16-7	1663-1668	haben	1. Richtig[4]	1. Angemessen[4]	1. Verständlich[4]	*[4]	*[4]	*[4]	*[4]	*[4]	Treibhausgasemissionen vorhanden[4]	*[4]	Contra A[4]	Pro B[4]	Contra C[4]	_	_	Hauptteil[10]	2. Data[24]	
16-8	1668-1669	,	1. Richtig[4]	1. Angemessen[4]	1. Verständlich[4]	*[4]	*[4]	*[4]	*[4]	*[4]	Treibhausgasemissionen vorhanden[4]	*[4]	Contra A[4]	Pro B[4]	Contra C[4]	_	_	Hauptteil[10]	2. Data[24]	
16-9	1670-1673	mit	1. Richtig[4]	1. Angemessen[4]	1. Verständlich[4]	*[4]	*[4]	*[4]	*[4]	*[4]	Treibhausgasemissionen vorhanden[4]	*[4]	Contra A[4]	Pro B[4]	Contra C[4]	_	_	Hauptteil[10]	2. Data[24]	
16-10	1674-1677	7,8	1. Richtig[4]	1. Angemessen[4]	1. Verständlich[4]	*[4]	*[4]	*[4]	*[4]	*[4]	Treibhausgasemissionen vorhanden[4]	*[4]	Contra A[4]	Pro B[4]	Contra C[4]	_	_	Hauptteil[10]	2. Data[24]	
16-11	1678-1679	t	1. Richtig[4]	1. Angemessen[4]	1. Verständlich[4]	*[4]	*[4]	*[4]	*[4]	*[4]	Treibhausgasemissionen vorhanden[4]	*[4]	Contra A[4]	Pro B[4]	Contra C[4]	_	_	Hauptteil[10]	2. Data[24]	
16-12	1680-1683	CO2	1. Richtig[4]	1. Angemessen[4]	1. Verständlich[4]	*[4]	*[4]	*[4]	*[4]	*[4]	Treibhausgasemissionen vorhanden[4]	*[4]	Contra A[4]	Pro B[4]	Contra C[4]	_	_	Hauptteil[10]	2. Data[24]	
16-13	1683-1684	-	1. Richtig[4]	1. Angemessen[4]	1. Verständlich[4]	*[4]	*[4]	*[4]	*[4]	*[4]	Treibhausgasemissionen vorhanden[4]	*[4]	Contra A[4]	Pro B[4]	Contra C[4]	_	_	Hauptteil[10]	2. Data[24]	
16-14	1684-1694	Äquivalent	1. Richtig[4]	1. Angemessen[4]	1. Verständlich[4]	*[4]	*[4]	*[4]	*[4]	*[4]	Treibhausgasemissionen vorhanden[4]	*[4]	Contra A[4]	Pro B[4]	Contra C[4]	_	_	Hauptteil[10]	2. Data[24]	
16-15	1695-1698	die	1. Richtig[4]	1. Angemessen[4]	1. Verständlich[4]	*[4]	*[4]	*[4]	*[4]	*[4]	Treibhausgasemissionen vorhanden[4]	*[4]	Contra A[4]	Pro B[4]	Contra C[4]	_	_	Hauptteil[10]	2. Data[24]	
16-16	1699-1706	E-Fuels	1. Richtig[4]	1. Angemessen[4]	1. Verständlich[4]	*[4]	*[4]	*[4]	*[4]	*[4]	Treibhausgasemissionen vorhanden[4]	*[4]	Contra A[4]	Pro B[4]	Contra C[4]	_	_	Hauptteil[10]	2. Data[24]	
16-17	1706-1707	.	1. Richtig[4]	1. Angemessen[4]	1. Verständlich[4]	*[4]	*[4]	*[4]	*[4]	*[4]	Treibhausgasemissionen vorhanden[4]	*[4]	Contra A[4]	Pro B[4]	Contra C[4]	_	_	Hauptteil[10]	2. Data[24]	

17-1	1709-1722	Akkumulatoren	1. Richtig[4]	1. Angemessen[4]	1. Verständlich[4]	*[4]	*[4]	*[4]	*[4]	*[4]	Treibhausgasemissionen vorhanden[4]	*[4]	Contra A[4]	Pro B[4]	Contra C[4]	_	_	Hauptteil[10]	2. Data[25]	
17-2	1723-1726	und	1. Richtig[4]	1. Angemessen[4]	1. Verständlich[4]	*[4]	*[4]	*[4]	*[4]	*[4]	Treibhausgasemissionen vorhanden[4]	*[4]	Contra A[4]	Pro B[4]	Contra C[4]	_	_	Hauptteil[10]	2. Data[25]	
17-3	1727-1738	Wasserstoff	1. Richtig[4]	1. Angemessen[4]	1. Verständlich[4]	*[4]	*[4]	*[4]	*[4]	*[4]	Treibhausgasemissionen vorhanden[4]	*[4]	Contra A[4]	Pro B[4]	Contra C[4]	_	_	Hauptteil[10]	2. Data[25]	
17-4	1739-1745	liegen	1. Richtig[4]	1. Angemessen[4]	1. Verständlich[4]	*[4]	*[4]	*[4]	*[4]	*[4]	Treibhausgasemissionen vorhanden[4]	*[4]	Contra A[4]	Pro B[4]	Contra C[4]	_	_	Hauptteil[10]	2. Data[25]	
17-5	1746-1749	mit	1. Richtig[4]	1. Angemessen[4]	1. Verständlich[4]	*[4]	*[4]	*[4]	*[4]	*[4]	Treibhausgasemissionen vorhanden[4]	*[4]	Contra A[4]	Pro B[4]	Contra C[4]	_	_	Hauptteil[10]	2. Data[25]	
17-6	1750-1754	13,1	1. Richtig[4]	1. Angemessen[4]	1. Verständlich[4]	*[4]	*[4]	*[4]	*[4]	*[4]	Treibhausgasemissionen vorhanden[4]	*[4]	Contra A[4]	Pro B[4]	Contra C[4]	_	_	Hauptteil[10]	2. Data[25]	
17-7	1755-1758	und	1. Richtig[4]	1. Angemessen[4]	1. Verständlich[4]	*[4]	*[4]	*[4]	*[4]	*[4]	Treibhausgasemissionen vorhanden[4]	*[4]	Contra A[4]	Pro B[4]	Contra C[4]	_	_	Hauptteil[10]	2. Data[25]	
17-8	1759-1763	13,6	1. Richtig[4]	1. Angemessen[4]	1. Verständlich[4]	*[4]	*[4]	*[4]	*[4]	*[4]	Treibhausgasemissionen vorhanden[4]	*[4]	Contra A[4]	Pro B[4]	Contra C[4]	_	_	Hauptteil[10]	2. Data[25]	
17-9	1764-1765	t	1. Richtig[4]	1. Angemessen[4]	1. Verständlich[4]	*[4]	*[4]	*[4]	*[4]	*[4]	Treibhausgasemissionen vorhanden[4]	*[4]	Contra A[4]	Pro B[4]	Contra C[4]	_	_	Hauptteil[10]	2. Data[25]	
17-10	1766-1774	deutlich	1. Richtig[4]	1. Angemessen[4]	1. Verständlich[4]	*[4]	*[4]	*[4]	*[4]	*[4]	Treibhausgasemissionen vorhanden[4]	*[4]	Contra A[4]	Pro B[4]	Contra C[4]	_	_	Hauptteil[10]	2. Data[25]	
17-11	1775-1780	höher	1. Richtig[4]	1. Angemessen[4]	1. Verständlich[4]	*[4]	*[4]	*[4]	*[4]	*[4]	Treibhausgasemissionen vorhanden[4]	*[4]	Contra A[4]	Pro B[4]	Contra C[4]	_	_	Hauptteil[10]	2. Data[25]	
17-12	1780-1781	.	1. Richtig[4]	1. Angemessen[4]	1. Verständlich[4]	*[4]	*[4]	*[4]	*[4]	*[4]	Treibhausgasemissionen vorhanden[4]	*[4]	Contra A[4]	Pro B[4]	Contra C[4]	_	_	Hauptteil[10]	2. Data[25]	

18-1	1783-1786	Bei	1. Richtig[4]	1. Angemessen[4]	1. Verständlich[4]	*[4]	*[4]	*[4]	*[4]	*[4]	Treibhausgasemissionen vorhanden[4]	*[4]	Contra A[4]	Pro B[4]	Contra C[4]	_	_	Hauptteil[10]	3. Warrant[26]	
18-2	1787-1790	der	1. Richtig[4]	1. Angemessen[4]	1. Verständlich[4]	*[4]	*[4]	*[4]	*[4]	*[4]	Treibhausgasemissionen vorhanden[4]	*[4]	Contra A[4]	Pro B[4]	Contra C[4]	_	_	Hauptteil[10]	3. Warrant[26]	
18-3	1791-1801	Produktion	1. Richtig[4]	1. Angemessen[4]	1. Verständlich[4]	*[4]	*[4]	*[4]	*[4]	*[4]	Treibhausgasemissionen vorhanden[4]	*[4]	Contra A[4]	Pro B[4]	Contra C[4]	_	_	Hauptteil[10]	3. Warrant[26]	
18-4	1801-1802	,	1. Richtig[4]	1. Angemessen[4]	1. Verständlich[4]	*[4]	*[4]	*[4]	*[4]	*[4]	Treibhausgasemissionen vorhanden[4]	*[4]	Contra A[4]	Pro B[4]	Contra C[4]	_	_	Hauptteil[10]	3. Warrant[26]	
18-5	1803-1806	der	1. Richtig[4]	1. Angemessen[4]	1. Verständlich[4]	*[4]	*[4]	*[4]	*[4]	*[4]	Treibhausgasemissionen vorhanden[4]	*[4]	Contra A[4]	Pro B[4]	Contra C[4]	_	_	Hauptteil[10]	3. Warrant[26]	
18-6	1807-1814	E-Fuels	1. Richtig[4]	1. Angemessen[4]	1. Verständlich[4]	*[4]	*[4]	*[4]	*[4]	*[4]	Treibhausgasemissionen vorhanden[4]	*[4]	Contra A[4]	Pro B[4]	Contra C[4]	_	_	Hauptteil[10]	3. Warrant[26]	
18-7	1815-1821	werden	1. Richtig[4]	1. Angemessen[4]	1. Verständlich[4]	*[4]	*[4]	*[4]	*[4]	*[4]	Treibhausgasemissionen vorhanden[4]	*[4]	Contra A[4]	Pro B[4]	Contra C[4]	_	_	Hauptteil[10]	3. Warrant[26]	
18-8	1822-1826	also	1. Richtig[4]	1. Angemessen[4]	1. Verständlich[4]	*[4]	*[4]	*[4]	*[4]	*[4]	Treibhausgasemissionen vorhanden[4]	*[4]	Contra A[4]	Pro B[4]	Contra C[4]	_	_	Hauptteil[10]	3. Warrant[26]	
18-9	1827-1830	die	1. Richtig[4]	1. Angemessen[4]	1. Verständlich[4]	*[4]	*[4]	*[4]	*[4]	*[4]	Treibhausgasemissionen vorhanden[4]	*[4]	Contra A[4]	Pro B[4]	Contra C[4]	_	_	Hauptteil[10]	3. Warrant[26]	
18-10	1831-1840	wenigsten	1. Richtig[4]	1. Angemessen[4]	1. Verständlich[4]	*[4]	*[4]	*[4]	*[4]	*[4]	Treibhausgasemissionen vorhanden[4]	*[4]	Contra A[4]	Pro B[4]	Contra C[4]	_	_	Hauptteil[10]	3. Warrant[26]	
18-11	1841-1858	klimaschäd-lichen	1. Richtig[4]	1. Angemessen[4]	1. Verständlich[4]	*[4]	*[4]	*[4]	*[4]	*[4]	Treibhausgasemissionen vorhanden[4]	*[4]	Contra A[4]	Pro B[4]	Contra C[4]	_	_	Hauptteil[10]	3. Warrant[26]	
18-12	1859-1863	Gase	1. Richtig[4]	1. Angemessen[4]	1. Verständlich[4]	*[4]	*[4]	*[4]	*[4]	*[4]	Treibhausgasemissionen vorhanden[4]	*[4]	Contra A[4]	Pro B[4]	Contra C[4]	_	_	Hauptteil[10]	3. Warrant[26]	
18-13	1864-1875	ausgestoßen	1. Richtig[4]	1. Angemessen[4]	1. Verständlich[4]	*[4]	*[4]	*[4]	*[4]	*[4]	Treibhausgasemissionen vorhanden[4]	*[4]	Contra A[4]	Pro B[4]	Contra C[4]	_	_	Hauptteil[10]	3. Warrant[26]	
18-14	1875-1876	.	1. Richtig[4]	1. Angemessen[4]	1. Verständlich[4]	*[4]	*[4]	*[4]	*[4]	*[4]	Treibhausgasemissionen vorhanden[4]	*[4]	Contra A[4]	Pro B[4]	Contra C[4]	_	_	Hauptteil[10]	3. Warrant[26]	

19-1	1878-1889	Desweiteren	1. Richtig[5]	1. Angemessen[5]	1. Verständlich[5]	*[5]	*[5]	*[5]	Preis/Betrieb vorhanden[5]	*[5]	*[5]	*[5]	Pro A[5]	Pro B[5]	Contra C[5]	_	_	Hauptteil[10]	1. Claim[27]	
19-2	1890-1893	ist	1. Richtig[5]	1. Angemessen[5]	1. Verständlich[5]	*[5]	*[5]	*[5]	Preis/Betrieb vorhanden[5]	*[5]	*[5]	*[5]	Pro A[5]	Pro B[5]	Contra C[5]	_	_	Hauptteil[10]	1. Claim[27]	
19-3	1894-1897	die	1. Richtig[5]	1. Angemessen[5]	1. Verständlich[5]	*[5]	*[5]	*[5]	Preis/Betrieb vorhanden[5]	*[5]	*[5]	*[5]	Pro A[5]	Pro B[5]	Contra C[5]	_	_	Hauptteil[10]	1. Claim[27]	
19-4	1898-1907	Tankdauer	1. Richtig[5]	1. Angemessen[5]	1. Verständlich[5]	*[5]	*[5]	*[5]	Preis/Betrieb vorhanden[5]	*[5]	*[5]	*[5]	Pro A[5]	Pro B[5]	Contra C[5]	_	_	Hauptteil[10]	1. Claim[27]	
19-5	1908-1911	und	1. Richtig[5]	1. Angemessen[5]	1. Verständlich[5]	*[5]	*[5]	*[5]	Preis/Betrieb vorhanden[5]	*[5]	*[5]	*[5]	Pro A[5]	Pro B[5]	Contra C[5]	_	_	Hauptteil[10]	1. Claim[27]	
19-6	1912-1915	die	1. Richtig[5]	1. Angemessen[5]	1. Verständlich[5]	*[5]	*[5]	*[5]	Preis/Betrieb vorhanden[5]	*[5]	*[5]	*[5]	Pro A[5]	Pro B[5]	Contra C[5]	_	_	Hauptteil[10]	1. Claim[27]	
19-7	1916-1926	Reichweite	1. Richtig[5]	1. Angemessen[5]	1. Verständlich[5]	*[5]	*[5]	*[5]	Preis/Betrieb vorhanden[5]	*[5]	*[5]	*[5]	Pro A[5]	Pro B[5]	Contra C[5]	_	_	Hauptteil[10]	1. Claim[27]	
19-8	1927-1930	der	1. Richtig[5]	1. Angemessen[5]	1. Verständlich[5]	*[5]	*[5]	*[5]	Preis/Betrieb vorhanden[5]	*[5]	*[5]	*[5]	Pro A[5]	Pro B[5]	Contra C[5]	_	_	Hauptteil[10]	1. Claim[27]	
19-9	1931-1938	E-Fuels	1. Richtig[5]	1. Angemessen[5]	1. Verständlich[5]	*[5]	*[5]	*[5]	Preis/Betrieb vorhanden[5]	*[5]	*[5]	*[5]	Pro A[5]	Pro B[5]	Contra C[5]	_	_	Hauptteil[10]	1. Claim[27]	
19-10	1939-1948	zumindest	1. Richtig[5]	1. Angemessen[5]	1. Verständlich[5]	*[5]	*[5]	*[5]	Preis/Betrieb vorhanden[5]	*[5]	*[5]	*[5]	Pro A[5]	Pro B[5]	Contra C[5]	_	_	Hauptteil[10]	1. Claim[27]	
19-11	1949-1958	gegenüber	1. Richtig[5]	1. Angemessen[5]	1. Verständlich[5]	*[5]	*[5]	*[5]	Preis/Betrieb vorhanden[5]	*[5]	*[5]	*[5]	Pro A[5]	Pro B[5]	Contra C[5]	_	_	Hauptteil[10]	1. Claim[27]	
19-12	1959-1962	der	1. Richtig[5]	1. Angemessen[5]	1. Verständlich[5]	*[5]	*[5]	*[5]	Preis/Betrieb vorhanden[5]	*[5]	*[5]	*[5]	Pro A[5]	Pro B[5]	Contra C[5]	_	_	Hauptteil[10]	1. Claim[27]	
19-13	1963-1976	Akkumulatoren	1. Richtig[5]	1. Angemessen[5]	1. Verständlich[5]	*[5]	*[5]	*[5]	Preis/Betrieb vorhanden[5]	*[5]	*[5]	*[5]	Pro A[5]	Pro B[5]	Contra C[5]	_	_	Hauptteil[10]	1. Claim[27]	
19-14	1977-1979	am	1. Richtig[5]	1. Angemessen[5]	1. Verständlich[5]	*[5]	*[5]	*[5]	Preis/Betrieb vorhanden[5]	*[5]	*[5]	*[5]	Pro A[5]	Pro B[5]	Contra C[5]	_	_	Hauptteil[10]	1. Claim[27]	
19-15	1980-1986	besten	1. Richtig[5]	1. Angemessen[5]	1. Verständlich[5]	*[5]	*[5]	*[5]	Preis/Betrieb vorhanden[5]	*[5]	*[5]	*[5]	Pro A[5]	Pro B[5]	Contra C[5]	_	_	Hauptteil[10]	1. Claim[27]	
19-16	1986-1987	.	1. Richtig[5]	1. Angemessen[5]	1. Verständlich[5]	*[5]	*[5]	*[5]	Preis/Betrieb vorhanden[5]	*[5]	*[5]	*[5]	Pro A[5]	Pro B[5]	Contra C[5]	_	_	Hauptteil[10]	1. Claim[27]	

20-1	1989-1992	Die	1. Richtig[5]	1. Angemessen[5]	1. Verständlich[5]	*[5]	*[5]	*[5]	Preis/Betrieb vorhanden[5]	*[5]	*[5]	*[5]	Pro A[5]	Pro B[5]	Contra C[5]	_	_	Hauptteil[10]	2. Data[28]	
20-2	1993-2003	Reichweite	1. Richtig[5]	1. Angemessen[5]	1. Verständlich[5]	*[5]	*[5]	*[5]	Preis/Betrieb vorhanden[5]	*[5]	*[5]	*[5]	Pro A[5]	Pro B[5]	Contra C[5]	_	_	Hauptteil[10]	2. Data[28]	
20-3	2004-2007	von	1. Richtig[5]	1. Angemessen[5]	1. Verständlich[5]	*[5]	*[5]	*[5]	Preis/Betrieb vorhanden[5]	*[5]	*[5]	*[5]	Pro A[5]	Pro B[5]	Contra C[5]	_	_	Hauptteil[10]	2. Data[28]	
20-4	2008-2015	E-Fuels	1. Richtig[5]	1. Angemessen[5]	1. Verständlich[5]	*[5]	*[5]	*[5]	Preis/Betrieb vorhanden[5]	*[5]	*[5]	*[5]	Pro A[5]	Pro B[5]	Contra C[5]	_	_	Hauptteil[10]	2. Data[28]	
20-5	2016-2019	und	1. Richtig[5]	1. Angemessen[5]	1. Verständlich[5]	*[5]	*[5]	*[5]	Preis/Betrieb vorhanden[5]	*[5]	*[5]	*[5]	Pro A[5]	Pro B[5]	Contra C[5]	_	_	Hauptteil[10]	2. Data[28]	
20-6	2020-2031	Wasserstoff	1. Richtig[5]	1. Angemessen[5]	1. Verständlich[5]	*[5]	*[5]	*[5]	Preis/Betrieb vorhanden[5]	*[5]	*[5]	*[5]	Pro A[5]	Pro B[5]	Contra C[5]	_	_	Hauptteil[10]	2. Data[28]	
20-7	2032-2037	liegt	1. Richtig[5]	1. Angemessen[5]	1. Verständlich[5]	*[5]	*[5]	*[5]	Preis/Betrieb vorhanden[5]	*[5]	*[5]	*[5]	Pro A[5]	Pro B[5]	Contra C[5]	_	_	Hauptteil[10]	2. Data[28]	
20-8	2038-2041	bei	1. Richtig[5]	1. Angemessen[5]	1. Verständlich[5]	*[5]	*[5]	*[5]	Preis/Betrieb vorhanden[5]	*[5]	*[5]	*[5]	Pro A[5]	Pro B[5]	Contra C[5]	_	_	Hauptteil[10]	2. Data[28]	
20-9	2042-2049	jeweils	1. Richtig[5]	1. Angemessen[5]	1. Verständlich[5]	*[5]	*[5]	*[5]	Preis/Betrieb vorhanden[5]	*[5]	*[5]	*[5]	Pro A[5]	Pro B[5]	Contra C[5]	_	_	Hauptteil[10]	2. Data[28]	
20-10	2050-2053	700	1. Richtig[5]	1. Angemessen[5]	1. Verständlich[5]	*[5]	*[5]	*[5]	Preis/Betrieb vorhanden[5]	*[5]	*[5]	*[5]	Pro A[5]	Pro B[5]	Contra C[5]	_	_	Hauptteil[10]	2. Data[28]	
20-11	2054-2056	km	1. Richtig[5]	1. Angemessen[5]	1. Verständlich[5]	*[5]	*[5]	*[5]	Preis/Betrieb vorhanden[5]	*[5]	*[5]	*[5]	Pro A[5]	Pro B[5]	Contra C[5]	_	_	Hauptteil[10]	2. Data[28]	
20-12	2056-2057	,	1. Richtig[5]	1. Angemessen[5]	1. Verständlich[5]	*[5]	*[5]	*[5]	Preis/Betrieb vorhanden[5]	*[5]	*[5]	*[5]	Pro A[5]	Pro B[5]	Contra C[5]	_	_	Hauptteil[10]	2. Data[28]	
20-13	2058-2061	bei	1. Richtig[5]	1. Angemessen[5]	1. Verständlich[5]	*[5]	*[5]	*[5]	Preis/Betrieb vorhanden[5]	*[5]	*[5]	*[5]	Pro A[5]	Pro B[5]	Contra C[5]	_	_	Hauptteil[10]	2. Data[28]	
20-14	2062-2067	einer	1. Richtig[5]	1. Angemessen[5]	1. Verständlich[5]	*[5]	*[5]	*[5]	Preis/Betrieb vorhanden[5]	*[5]	*[5]	*[5]	Pro A[5]	Pro B[5]	Contra C[5]	_	_	Hauptteil[10]	2. Data[28]	
20-15	2068-2077	Tankdauer	1. Richtig[5]	1. Angemessen[5]	1. Verständlich[5]	*[5]	*[5]	*[5]	Preis/Betrieb vorhanden[5]	*[5]	*[5]	*[5]	Pro A[5]	Pro B[5]	Contra C[5]	_	_	Hauptteil[10]	2. Data[28]	
20-16	2078-2081	von	1. Richtig[5]	1. Angemessen[5]	1. Verständlich[5]	*[5]	*[5]	*[5]	Preis/Betrieb vorhanden[5]	*[5]	*[5]	*[5]	Pro A[5]	Pro B[5]	Contra C[5]	_	_	Hauptteil[10]	2. Data[28]	
20-17	2082-2083	3	1. Richtig[5]	1. Angemessen[5]	1. Verständlich[5]	*[5]	*[5]	*[5]	Preis/Betrieb vorhanden[5]	*[5]	*[5]	*[5]	Pro A[5]	Pro B[5]	Contra C[5]	_	_	Hauptteil[10]	2. Data[28]	
20-18	2084-2087	min	1. Richtig[5]	1. Angemessen[5]	1. Verständlich[5]	*[5]	*[5]	*[5]	Preis/Betrieb vorhanden[5]	*[5]	*[5]	*[5]	Pro A[5]	Pro B[5]	Contra C[5]	_	_	Hauptteil[10]	2. Data[28]	
20-19	2087-2088	,	1. Richtig[5]	1. Angemessen[5]	1. Verständlich[5]	*[5]	*[5]	*[5]	Preis/Betrieb vorhanden[5]	*[5]	*[5]	*[5]	Pro A[5]	Pro B[5]	Contra C[5]	_	_	Hauptteil[10]	2. Data[28]	
20-20	2089-2096	während	1. Richtig[5]	1. Angemessen[5]	1. Verständlich[5]	*[5]	*[5]	*[5]	Preis/Betrieb vorhanden[5]	*[5]	*[5]	*[5]	Pro A[5]	Pro B[5]	Contra C[5]	_	_	Hauptteil[10]	2. Data[28]	
20-21	2097-2100	die	1. Richtig[5]	1. Angemessen[5]	1. Verständlich[5]	*[5]	*[5]	*[5]	Preis/Betrieb vorhanden[5]	*[5]	*[5]	*[5]	Pro A[5]	Pro B[5]	Contra C[5]	_	_	Hauptteil[10]	2. Data[28]	
20-22	2101-2114	Akkumulatoren	1. Richtig[5]	1. Angemessen[5]	1. Verständlich[5]	*[5]	*[5]	*[5]	Preis/Betrieb vorhanden[5]	*[5]	*[5]	*[5]	Pro A[5]	Pro B[5]	Contra C[5]	_	_	Hauptteil[10]	2. Data[28]	
20-23	2115-2117	30	1. Richtig[5]	1. Angemessen[5]	1. Verständlich[5]	*[5]	*[5]	*[5]	Preis/Betrieb vorhanden[5]	*[5]	*[5]	*[5]	Pro A[5]	Pro B[5]	Contra C[5]	_	_	Hauptteil[10]	2. Data[28]	
20-24	2118-2121	min	1. Richtig[5]	1. Angemessen[5]	1. Verständlich[5]	*[5]	*[5]	*[5]	Preis/Betrieb vorhanden[5]	*[5]	*[5]	*[5]	Pro A[5]	Pro B[5]	Contra C[5]	_	_	Hauptteil[10]	2. Data[28]	
20-25	2122-2125	zum	1. Richtig[5]	1. Angemessen[5]	1. Verständlich[5]	*[5]	*[5]	*[5]	Preis/Betrieb vorhanden[5]	*[5]	*[5]	*[5]	Pro A[5]	Pro B[5]	Contra C[5]	_	_	Hauptteil[10]	2. Data[28]	
20-26	2126-2134	Aufladen	1. Richtig[5]	1. Angemessen[5]	1. Verständlich[5]	*[5]	*[5]	*[5]	Preis/Betrieb vorhanden[5]	*[5]	*[5]	*[5]	Pro A[5]	Pro B[5]	Contra C[5]	_	_	Hauptteil[10]	2. Data[28]	
20-27	2135-2143	brauchen	1. Richtig[5]	1. Angemessen[5]	1. Verständlich[5]	*[5]	*[5]	*[5]	Preis/Betrieb vorhanden[5]	*[5]	*[5]	*[5]	Pro A[5]	Pro B[5]	Contra C[5]	_	_	Hauptteil[10]	2. Data[28]	
20-28	2144-2147	und	1. Richtig[5]	1. Angemessen[5]	1. Verständlich[5]	*[5]	*[5]	*[5]	Preis/Betrieb vorhanden[5]	*[5]	*[5]	*[5]	Pro A[5]	Pro B[5]	Contra C[5]	_	_	Hauptteil[10]	2. Data[28]	
20-29	2148-2152	eine	1. Richtig[5]	1. Angemessen[5]	1. Verständlich[5]	*[5]	*[5]	*[5]	Preis/Betrieb vorhanden[5]	*[5]	*[5]	*[5]	Pro A[5]	Pro B[5]	Contra C[5]	_	_	Hauptteil[10]	2. Data[28]	
20-30	2153-2163	Reichweite	1. Richtig[5]	1. Angemessen[5]	1. Verständlich[5]	*[5]	*[5]	*[5]	Preis/Betrieb vorhanden[5]	*[5]	*[5]	*[5]	Pro A[5]	Pro B[5]	Contra C[5]	_	_	Hauptteil[10]	2. Data[28]	
20-31	2164-2167	von	1. Richtig[5]	1. Angemessen[5]	1. Verständlich[5]	*[5]	*[5]	*[5]	Preis/Betrieb vorhanden[5]	*[5]	*[5]	*[5]	Pro A[5]	Pro B[5]	Contra C[5]	_	_	Hauptteil[10]	2. Data[28]	
20-32	2168-2173	unter	1. Richtig[5]	1. Angemessen[5]	1. Verständlich[5]	*[5]	*[5]	*[5]	Preis/Betrieb vorhanden[5]	*[5]	*[5]	*[5]	Pro A[5]	Pro B[5]	Contra C[5]	_	_	Hauptteil[10]	2. Data[28]	
20-33	2174-2177	400	1. Richtig[5]	1. Angemessen[5]	1. Verständlich[5]	*[5]	*[5]	*[5]	Preis/Betrieb vorhanden[5]	*[5]	*[5]	*[5]	Pro A[5]	Pro B[5]	Contra C[5]	_	_	Hauptteil[10]	2. Data[28]	
20-34	2178-2180	km	1. Richtig[5]	1. Angemessen[5]	1. Verständlich[5]	*[5]	*[5]	*[5]	Preis/Betrieb vorhanden[5]	*[5]	*[5]	*[5]	Pro A[5]	Pro B[5]	Contra C[5]	_	_	Hauptteil[10]	2. Data[28]	
20-35	2181-2186	haben	1. Richtig[5]	1. Angemessen[5]	1. Verständlich[5]	*[5]	*[5]	*[5]	Preis/Betrieb vorhanden[5]	*[5]	*[5]	*[5]	Pro A[5]	Pro B[5]	Contra C[5]	_	_	Hauptteil[10]	2. Data[28]	
20-36	2186-2187	.	1. Richtig[5]	1. Angemessen[5]	1. Verständlich[5]	*[5]	*[5]	*[5]	Preis/Betrieb vorhanden[5]	*[5]	*[5]	*[5]	Pro A[5]	Pro B[5]	Contra C[5]	_	_	Hauptteil[10]	2. Data[28]	

21-1	2189-2192	Die	1. Richtig[6]	1. Angemessen[6]	1. Verständlich[6]	*[6]	*[6]	Emissionen vorhanden[6]	*[6]	*[6]	*[6]	*[6]	Pro A[6]	Contra B[6]	Pro C[6]	_	_	Hauptteil[10]	2. Data[29]	
21-2	2193-2211	Geräuschemmisionen	1. Richtig[6]	1. Angemessen[6]	1. Verständlich[6]	*[6]	*[6]	Emissionen vorhanden[6]	*[6]	*[6]	*[6]	*[6]	Pro A[6]	Contra B[6]	Pro C[6]	_	_	Hauptteil[10]	2. Data[29]	
21-3	2211-2212	,	1. Richtig[6]	1. Angemessen[6]	1. Verständlich[6]	*[6]	*[6]	Emissionen vorhanden[6]	*[6]	*[6]	*[6]	*[6]	Pro A[6]	Contra B[6]	Pro C[6]	_	_	Hauptteil[10]	2. Data[29]	
21-4	2213-2217	also	1. Richtig[6]	1. Angemessen[6]	1. Verständlich[6]	*[6]	*[6]	Emissionen vorhanden[6]	*[6]	*[6]	*[6]	*[6]	Pro A[6]	Contra B[6]	Pro C[6]	_	_	Hauptteil[10]	2. Data[29]	
21-5	2218-2221	die	1. Richtig[6]	1. Angemessen[6]	1. Verständlich[6]	*[6]	*[6]	Emissionen vorhanden[6]	*[6]	*[6]	*[6]	*[6]	Pro A[6]	Contra B[6]	Pro C[6]	_	_	Hauptteil[10]	2. Data[29]	
21-6	2222-2232	Lautstärke	1. Richtig[6]	1. Angemessen[6]	1. Verständlich[6]	*[6]	*[6]	Emissionen vorhanden[6]	*[6]	*[6]	*[6]	*[6]	Pro A[6]	Contra B[6]	Pro C[6]	_	_	Hauptteil[10]	2. Data[29]	
21-7	2233-2237	beim	1. Richtig[6]	1. Angemessen[6]	1. Verständlich[6]	*[6]	*[6]	Emissionen vorhanden[6]	*[6]	*[6]	*[6]	*[6]	Pro A[6]	Contra B[6]	Pro C[6]	_	_	Hauptteil[10]	2. Data[29]	
21-8	2238-2244	fahren	1. Richtig[6]	1. Angemessen[6]	1. Verständlich[6]	*[6]	*[6]	Emissionen vorhanden[6]	*[6]	*[6]	*[6]	*[6]	Pro A[6]	Contra B[6]	Pro C[6]	_	_	Hauptteil[10]	2. Data[29]	
21-9	2244-2245	,	1. Richtig[6]	1. Angemessen[6]	1. Verständlich[6]	*[6]	*[6]	Emissionen vorhanden[6]	*[6]	*[6]	*[6]	*[6]	Pro A[6]	Contra B[6]	Pro C[6]	_	_	Hauptteil[10]	2. Data[29]	
21-10	2246-2252	liegen	1. Richtig[6]	1. Angemessen[6]	1. Verständlich[6]	*[6]	*[6]	Emissionen vorhanden[6]	*[6]	*[6]	*[6]	*[6]	Pro A[6]	Contra B[6]	Pro C[6]	_	_	Hauptteil[10]	2. Data[29]	
21-11	2253-2256	bei	1. Richtig[6]	1. Angemessen[6]	1. Verständlich[6]	*[6]	*[6]	Emissionen vorhanden[6]	*[6]	*[6]	*[6]	*[6]	Pro A[6]	Contra B[6]	Pro C[6]	_	_	Hauptteil[10]	2. Data[29]	
21-12	2257-2270	Akkumulatoren	1. Richtig[6]	1. Angemessen[6]	1. Verständlich[6]	*[6]	*[6]	Emissionen vorhanden[6]	*[6]	*[6]	*[6]	*[6]	Pro A[6]	Contra B[6]	Pro C[6]	_	_	Hauptteil[10]	2. Data[29]	
21-13	2271-2274	und	1. Richtig[6]	1. Angemessen[6]	1. Verständlich[6]	*[6]	*[6]	Emissionen vorhanden[6]	*[6]	*[6]	*[6]	*[6]	Pro A[6]	Contra B[6]	Pro C[6]	_	_	Hauptteil[10]	2. Data[29]	
21-14	2275-2286	wasserstoff	1. Richtig[6]	1. Angemessen[6]	1. Verständlich[6]	*[6]	*[6]	Emissionen vorhanden[6]	*[6]	*[6]	*[6]	*[6]	Pro A[6]	Contra B[6]	Pro C[6]	_	_	Hauptteil[10]	2. Data[29]	
21-15	2287-2290	bei	1. Richtig[6]	1. Angemessen[6]	1. Verständlich[6]	*[6]	*[6]	Emissionen vorhanden[6]	*[6]	*[6]	*[6]	*[6]	Pro A[6]	Contra B[6]	Pro C[6]	_	_	Hauptteil[10]	2. Data[29]	
21-16	2291-2293	57	1. Richtig[6]	1. Angemessen[6]	1. Verständlich[6]	*[6]	*[6]	Emissionen vorhanden[6]	*[6]	*[6]	*[6]	*[6]	Pro A[6]	Contra B[6]	Pro C[6]	_	_	Hauptteil[10]	2. Data[29]	
21-17	2294-2296	dB	1. Richtig[6]	1. Angemessen[6]	1. Verständlich[6]	*[6]	*[6]	Emissionen vorhanden[6]	*[6]	*[6]	*[6]	*[6]	Pro A[6]	Contra B[6]	Pro C[6]	_	_	Hauptteil[10]	2. Data[29]	
21-18	2297-2300	bei	1. Richtig[6]	1. Angemessen[6]	1. Verständlich[6]	*[6]	*[6]	Emissionen vorhanden[6]	*[6]	*[6]	*[6]	*[6]	Pro A[6]	Contra B[6]	Pro C[6]	_	_	Hauptteil[10]	2. Data[29]	
21-19	2301-2306	einer	1. Richtig[6]	1. Angemessen[6]	1. Verständlich[6]	*[6]	*[6]	Emissionen vorhanden[6]	*[6]	*[6]	*[6]	*[6]	Pro A[6]	Contra B[6]	Pro C[6]	_	_	Hauptteil[10]	2. Data[29]	
21-20	2307-2322	Geschwindigkeit	1. Richtig[6]	1. Angemessen[6]	1. Verständlich[6]	*[6]	*[6]	Emissionen vorhanden[6]	*[6]	*[6]	*[6]	*[6]	Pro A[6]	Contra B[6]	Pro C[6]	_	_	Hauptteil[10]	2. Data[29]	
21-21	2323-2326	von	1. Richtig[6]	1. Angemessen[6]	1. Verständlich[6]	*[6]	*[6]	Emissionen vorhanden[6]	*[6]	*[6]	*[6]	*[6]	Pro A[6]	Contra B[6]	Pro C[6]	_	_	Hauptteil[10]	2. Data[29]	
21-22	2327-2329	30	1. Richtig[6]	1. Angemessen[6]	1. Verständlich[6]	*[6]	*[6]	Emissionen vorhanden[6]	*[6]	*[6]	*[6]	*[6]	Pro A[6]	Contra B[6]	Pro C[6]	_	_	Hauptteil[10]	2. Data[29]	
21-23	2330-2332	km	1. Richtig[6]	1. Angemessen[6]	1. Verständlich[6]	*[6]	*[6]	Emissionen vorhanden[6]	*[6]	*[6]	*[6]	*[6]	Pro A[6]	Contra B[6]	Pro C[6]	_	_	Hauptteil[10]	2. Data[29]	
21-24	2332-2333	/	1. Richtig[6]	1. Angemessen[6]	1. Verständlich[6]	*[6]	*[6]	Emissionen vorhanden[6]	*[6]	*[6]	*[6]	*[6]	Pro A[6]	Contra B[6]	Pro C[6]	_	_	Hauptteil[10]	2. Data[29]	
21-25	2333-2334	h	1. Richtig[6]	1. Angemessen[6]	1. Verständlich[6]	*[6]	*[6]	Emissionen vorhanden[6]	*[6]	*[6]	*[6]	*[6]	Pro A[6]	Contra B[6]	Pro C[6]	_	_	Hauptteil[10]	2. Data[29]	
21-26	2334-2335	,	1. Richtig[6]	1. Angemessen[6]	1. Verständlich[6]	*[6]	*[6]	Emissionen vorhanden[6]	*[6]	*[6]	*[6]	*[6]	Pro A[6]	Contra B[6]	Pro C[6]	_	_	Hauptteil[10]	2. Data[29]	
21-27	2336-2342	wähend	1. Richtig[6]	1. Angemessen[6]	1. Verständlich[6]	*[6]	*[6]	Emissionen vorhanden[6]	*[6]	*[6]	*[6]	*[6]	Pro A[6]	Contra B[6]	Pro C[6]	_	_	Hauptteil[10]	2. Data[29]	
21-28	2343-2346	sie	1. Richtig[6]	1. Angemessen[6]	1. Verständlich[6]	*[6]	*[6]	Emissionen vorhanden[6]	*[6]	*[6]	*[6]	*[6]	Pro A[6]	Contra B[6]	Pro C[6]	_	_	Hauptteil[10]	2. Data[29]	
21-29	2347-2350	bei	1. Richtig[6]	1. Angemessen[6]	1. Verständlich[6]	*[6]	*[6]	Emissionen vorhanden[6]	*[6]	*[6]	*[6]	*[6]	Pro A[6]	Contra B[6]	Pro C[6]	_	_	Hauptteil[10]	2. Data[29]	
21-30	2351-2354	den	1. Richtig[6]	1. Angemessen[6]	1. Verständlich[6]	*[6]	*[6]	Emissionen vorhanden[6]	*[6]	*[6]	*[6]	*[6]	Pro A[6]	Contra B[6]	Pro C[6]	_	_	Hauptteil[10]	2. Data[29]	
21-31	2355-2361	E-Fuel	1. Richtig[6]	1. Angemessen[6]	1. Verständlich[6]	*[6]	*[6]	Emissionen vorhanden[6]	*[6]	*[6]	*[6]	*[6]	Pro A[6]	Contra B[6]	Pro C[6]	_	_	Hauptteil[10]	2. Data[29]	
21-32	2362-2365	bei	1. Richtig[6]	1. Angemessen[6]	1. Verständlich[6]	*[6]	*[6]	Emissionen vorhanden[6]	*[6]	*[6]	*[6]	*[6]	Pro A[6]	Contra B[6]	Pro C[6]	_	_	Hauptteil[10]	2. Data[29]	
21-33	2366-2374	gleicher	1. Richtig[6]	1. Angemessen[6]	1. Verständlich[6]	*[6]	*[6]	Emissionen vorhanden[6]	*[6]	*[6]	*[6]	*[6]	Pro A[6]	Contra B[6]	Pro C[6]	_	_	Hauptteil[10]	2. Data[29]	
21-34	2375-2390	Geschwindigkeit	1. Richtig[6]	1. Angemessen[6]	1. Verständlich[6]	*[6]	*[6]	Emissionen vorhanden[6]	*[6]	*[6]	*[6]	*[6]	Pro A[6]	Contra B[6]	Pro C[6]	_	_	Hauptteil[10]	2. Data[29]	
21-35	2391-2392	4	1. Richtig[6]	1. Angemessen[6]	1. Verständlich[6]	*[6]	*[6]	Emissionen vorhanden[6]	*[6]	*[6]	*[6]	*[6]	Pro A[6]	Contra B[6]	Pro C[6]	_	_	Hauptteil[10]	2. Data[29]	
21-36	2393-2395	dB	1. Richtig[6]	1. Angemessen[6]	1. Verständlich[6]	*[6]	*[6]	Emissionen vorhanden[6]	*[6]	*[6]	*[6]	*[6]	Pro A[6]	Contra B[6]	Pro C[6]	_	_	Hauptteil[10]	2. Data[29]	
21-37	2396-2401	höher	1. Richtig[6]	1. Angemessen[6]	1. Verständlich[6]	*[6]	*[6]	Emissionen vorhanden[6]	*[6]	*[6]	*[6]	*[6]	Pro A[6]	Contra B[6]	Pro C[6]	_	_	Hauptteil[10]	2. Data[29]	
21-38	2401-2402	,	1. Richtig[6]	1. Angemessen[6]	1. Verständlich[6]	*[6]	*[6]	Emissionen vorhanden[6]	*[6]	*[6]	*[6]	*[6]	Pro A[6]	Contra B[6]	Pro C[6]	_	_	Hauptteil[10]	2. Data[29]	
21-39	2403-2407	also	1. Richtig[6]	1. Angemessen[6]	1. Verständlich[6]	*[6]	*[6]	Emissionen vorhanden[6]	*[6]	*[6]	*[6]	*[6]	Pro A[6]	Contra B[6]	Pro C[6]	_	_	Hauptteil[10]	2. Data[29]	
21-40	2408-2411	bei	1. Richtig[6]	1. Angemessen[6]	1. Verständlich[6]	*[6]	*[6]	Emissionen vorhanden[6]	*[6]	*[6]	*[6]	*[6]	Pro A[6]	Contra B[6]	Pro C[6]	_	_	Hauptteil[10]	2. Data[29]	
21-41	2412-2414	61	1. Richtig[6]	1. Angemessen[6]	1. Verständlich[6]	*[6]	*[6]	Emissionen vorhanden[6]	*[6]	*[6]	*[6]	*[6]	Pro A[6]	Contra B[6]	Pro C[6]	_	_	Hauptteil[10]	2. Data[29]	
21-42	2415-2417	dB	1. Richtig[6]	1. Angemessen[6]	1. Verständlich[6]	*[6]	*[6]	Emissionen vorhanden[6]	*[6]	*[6]	*[6]	*[6]	Pro A[6]	Contra B[6]	Pro C[6]	_	_	Hauptteil[10]	2. Data[29]	
21-43	2417-2418	,	1. Richtig[6]	1. Angemessen[6]	1. Verständlich[6]	*[6]	*[6]	Emissionen vorhanden[6]	*[6]	*[6]	*[6]	*[6]	Pro A[6]	Contra B[6]	Pro C[6]	_	_	Hauptteil[10]	2. Data[29]	
21-44	2419-2425	liegen	1. Richtig[6]	1. Angemessen[6]	1. Verständlich[6]	*[6]	*[6]	Emissionen vorhanden[6]	*[6]	*[6]	*[6]	*[6]	Pro A[6]	Contra B[6]	Pro C[6]	_	_	Hauptteil[10]	2. Data[29]	
21-45	2425-2426	.	1. Richtig[6]	1. Angemessen[6]	1. Verständlich[6]	*[6]	*[6]	Emissionen vorhanden[6]	*[6]	*[6]	*[6]	*[6]	Pro A[6]	Contra B[6]	Pro C[6]	_	_	Hauptteil[10]	2. Data[29]	

22-1	2428-2431	Das	1. Richtig[6]	1. Angemessen[6]	1. Verständlich[6]	*[6]	*[6]	Emissionen vorhanden[6]	*[6]	*[6]	*[6]	*[6]	Pro A[6]	Contra B[6]	Pro C[6]	_	_	Hauptteil[10]	1. Claim[30]	
22-2	2432-2437	heißt	1. Richtig[6]	1. Angemessen[6]	1. Verständlich[6]	*[6]	*[6]	Emissionen vorhanden[6]	*[6]	*[6]	*[6]	*[6]	Pro A[6]	Contra B[6]	Pro C[6]	_	_	Hauptteil[10]	1. Claim[30]	
22-3	2437-2438	,	1. Richtig[6]	1. Angemessen[6]	1. Verständlich[6]	*[6]	*[6]	Emissionen vorhanden[6]	*[6]	*[6]	*[6]	*[6]	Pro A[6]	Contra B[6]	Pro C[6]	_	_	Hauptteil[10]	1. Claim[30]	
22-4	2439-2443	dass	1. Richtig[6]	1. Angemessen[6]	1. Verständlich[6]	*[6]	*[6]	Emissionen vorhanden[6]	*[6]	*[6]	*[6]	*[6]	Pro A[6]	Contra B[6]	Pro C[6]	_	_	Hauptteil[10]	1. Claim[30]	
22-5	2444-2453	Fahrzeuge	1. Richtig[6]	1. Angemessen[6]	1. Verständlich[6]	*[6]	*[6]	Emissionen vorhanden[6]	*[6]	*[6]	*[6]	*[6]	Pro A[6]	Contra B[6]	Pro C[6]	_	_	Hauptteil[10]	1. Claim[30]	
22-6	2454-2457	die	1. Richtig[6]	1. Angemessen[6]	1. Verständlich[6]	*[6]	*[6]	Emissionen vorhanden[6]	*[6]	*[6]	*[6]	*[6]	Pro A[6]	Contra B[6]	Pro C[6]	_	_	Hauptteil[10]	1. Claim[30]	
22-7	2458-2461	mit	1. Richtig[6]	1. Angemessen[6]	1. Verständlich[6]	*[6]	*[6]	Emissionen vorhanden[6]	*[6]	*[6]	*[6]	*[6]	Pro A[6]	Contra B[6]	Pro C[6]	_	_	Hauptteil[10]	1. Claim[30]	
22-8	2462-2469	E-Fuels	1. Richtig[6]	1. Angemessen[6]	1. Verständlich[6]	*[6]	*[6]	Emissionen vorhanden[6]	*[6]	*[6]	*[6]	*[6]	Pro A[6]	Contra B[6]	Pro C[6]	_	_	Hauptteil[10]	1. Claim[30]	
22-9	2470-2476	fahren	1. Richtig[6]	1. Angemessen[6]	1. Verständlich[6]	*[6]	*[6]	Emissionen vorhanden[6]	*[6]	*[6]	*[6]	*[6]	Pro A[6]	Contra B[6]	Pro C[6]	_	_	Hauptteil[10]	1. Claim[30]	
22-10	2477-2483	lauter	1. Richtig[6]	1. Angemessen[6]	1. Verständlich[6]	*[6]	*[6]	Emissionen vorhanden[6]	*[6]	*[6]	*[6]	*[6]	Pro A[6]	Contra B[6]	Pro C[6]	_	_	Hauptteil[10]	1. Claim[30]	
22-11	2484-2488	sind	1. Richtig[6]	1. Angemessen[6]	1. Verständlich[6]	*[6]	*[6]	Emissionen vorhanden[6]	*[6]	*[6]	*[6]	*[6]	Pro A[6]	Contra B[6]	Pro C[6]	_	_	Hauptteil[10]	1. Claim[30]	
22-12	2488-2489	,	1. Richtig[6]	1. Angemessen[6]	1. Verständlich[6]	*[6]	*[6]	Emissionen vorhanden[6]	*[6]	*[6]	*[6]	*[6]	Pro A[6]	Contra B[6]	Pro C[6]	_	_	Hauptteil[10]	1. Claim[30]	
22-13	2490-2493	als	1. Richtig[6]	1. Angemessen[6]	1. Verständlich[6]	*[6]	*[6]	Emissionen vorhanden[6]	*[6]	*[6]	*[6]	*[6]	Pro A[6]	Contra B[6]	Pro C[6]	_	_	Hauptteil[10]	1. Claim[30]	
22-14	2494-2503	Fahrzeuge	1. Richtig[6]	1. Angemessen[6]	1. Verständlich[6]	*[6]	*[6]	Emissionen vorhanden[6]	*[6]	*[6]	*[6]	*[6]	Pro A[6]	Contra B[6]	Pro C[6]	_	_	Hauptteil[10]	1. Claim[30]	
22-15	2503-2504	,	1. Richtig[6]	1. Angemessen[6]	1. Verständlich[6]	*[6]	*[6]	Emissionen vorhanden[6]	*[6]	*[6]	*[6]	*[6]	Pro A[6]	Contra B[6]	Pro C[6]	_	_	Hauptteil[10]	1. Claim[30]	
22-16	2505-2508	die	1. Richtig[6]	1. Angemessen[6]	1. Verständlich[6]	*[6]	*[6]	Emissionen vorhanden[6]	*[6]	*[6]	*[6]	*[6]	Pro A[6]	Contra B[6]	Pro C[6]	_	_	Hauptteil[10]	1. Claim[30]	
22-17	2509-2512	mit	1. Richtig[6]	1. Angemessen[6]	1. Verständlich[6]	*[6]	*[6]	Emissionen vorhanden[6]	*[6]	*[6]	*[6]	*[6]	Pro A[6]	Contra B[6]	Pro C[6]	_	_	Hauptteil[10]	1. Claim[30]	
22-18	2513-2526	Akkumulatoren	1. Richtig[6]	1. Angemessen[6]	1. Verständlich[6]	*[6]	*[6]	Emissionen vorhanden[6]	*[6]	*[6]	*[6]	*[6]	Pro A[6]	Contra B[6]	Pro C[6]	_	_	Hauptteil[10]	1. Claim[30]	
22-19	2527-2531	oder	1. Richtig[6]	1. Angemessen[6]	1. Verständlich[6]	*[6]	*[6]	Emissionen vorhanden[6]	*[6]	*[6]	*[6]	*[6]	Pro A[6]	Contra B[6]	Pro C[6]	_	_	Hauptteil[10]	1. Claim[30]	
22-20	2532-2543	Wasserstoff	1. Richtig[6]	1. Angemessen[6]	1. Verständlich[6]	*[6]	*[6]	Emissionen vorhanden[6]	*[6]	*[6]	*[6]	*[6]	Pro A[6]	Contra B[6]	Pro C[6]	_	_	Hauptteil[10]	1. Claim[30]	
22-21	2544-2553	betrieben	1. Richtig[6]	1. Angemessen[6]	1. Verständlich[6]	*[6]	*[6]	Emissionen vorhanden[6]	*[6]	*[6]	*[6]	*[6]	Pro A[6]	Contra B[6]	Pro C[6]	_	_	Hauptteil[10]	1. Claim[30]	
22-22	2554-2560	werden	1. Richtig[6]	1. Angemessen[6]	1. Verständlich[6]	*[6]	*[6]	Emissionen vorhanden[6]	*[6]	*[6]	*[6]	*[6]	Pro A[6]	Contra B[6]	Pro C[6]	_	_	Hauptteil[10]	1. Claim[30]	
22-23	2560-2561	.	1. Richtig[6]	1. Angemessen[6]	1. Verständlich[6]	*[6]	*[6]	Emissionen vorhanden[6]	*[6]	*[6]	*[6]	*[6]	Pro A[6]	Contra B[6]	Pro C[6]	_	_	Hauptteil[10]	1. Claim[30]	

23-1	2563-2571	Außerdem	1. Richtig[7]	1. Angemessen[7]	1. Verständlich[7]	*[7]	Lebensdauer/Verfügbarkeit vorhanden[7]	*[7]	Preis/Betrieb vorhanden[7]	*[7]	Treibhausgasemissionen vorhanden[7]	*[7]	Contra A[7]	Pro B[7]	Pro C[7]	2. Cut-off[8]	Gesamtthese[8]	Hauptteil[10]	2. Data[31]	
23-2	2572-2578	können	1. Richtig[7]	1. Angemessen[7]	1. Verständlich[7]	*[7]	Lebensdauer/Verfügbarkeit vorhanden[7]	*[7]	Preis/Betrieb vorhanden[7]	*[7]	Treibhausgasemissionen vorhanden[7]	*[7]	Contra A[7]	Pro B[7]	Pro C[7]	2. Cut-off[8]	Gesamtthese[8]	Hauptteil[10]	2. Data[31]	
23-3	2579-2592	Akkumulatoren	1. Richtig[7]	1. Angemessen[7]	1. Verständlich[7]	*[7]	Lebensdauer/Verfügbarkeit vorhanden[7]	*[7]	Preis/Betrieb vorhanden[7]	*[7]	Treibhausgasemissionen vorhanden[7]	*[7]	Contra A[7]	Pro B[7]	Pro C[7]	2. Cut-off[8]	Gesamtthese[8]	Hauptteil[10]	2. Data[31]	
23-4	2593-2596	und	1. Richtig[7]	1. Angemessen[7]	1. Verständlich[7]	*[7]	Lebensdauer/Verfügbarkeit vorhanden[7]	*[7]	Preis/Betrieb vorhanden[7]	*[7]	Treibhausgasemissionen vorhanden[7]	*[7]	Contra A[7]	Pro B[7]	Pro C[7]	2. Cut-off[8]	Gesamtthese[8]	Hauptteil[10]	2. Data[31]	
23-5	2597-2604	E-Fuels	1. Richtig[7]	1. Angemessen[7]	1. Verständlich[7]	*[7]	Lebensdauer/Verfügbarkeit vorhanden[7]	*[7]	Preis/Betrieb vorhanden[7]	*[7]	Treibhausgasemissionen vorhanden[7]	*[7]	Contra A[7]	Pro B[7]	Pro C[7]	2. Cut-off[8]	Gesamtthese[8]	Hauptteil[10]	2. Data[31]	
23-6	2605-2607	im	1. Richtig[7]	1. Angemessen[7]	1. Verständlich[7]	*[7]	Lebensdauer/Verfügbarkeit vorhanden[7]	*[7]	Preis/Betrieb vorhanden[7]	*[7]	Treibhausgasemissionen vorhanden[7]	*[7]	Contra A[7]	Pro B[7]	Pro C[7]	2. Cut-off[8]	Gesamtthese[8]	Hauptteil[10]	2. Data[31]	
23-7	2608-2617	Gegensatz	1. Richtig[7]	1. Angemessen[7]	1. Verständlich[7]	*[7]	Lebensdauer/Verfügbarkeit vorhanden[7]	*[7]	Preis/Betrieb vorhanden[7]	*[7]	Treibhausgasemissionen vorhanden[7]	*[7]	Contra A[7]	Pro B[7]	Pro C[7]	2. Cut-off[8]	Gesamtthese[8]	Hauptteil[10]	2. Data[31]	
23-8	2618-2620	zu	1. Richtig[7]	1. Angemessen[7]	1. Verständlich[7]	*[7]	Lebensdauer/Verfügbarkeit vorhanden[7]	*[7]	Preis/Betrieb vorhanden[7]	*[7]	Treibhausgasemissionen vorhanden[7]	*[7]	Contra A[7]	Pro B[7]	Pro C[7]	2. Cut-off[8]	Gesamtthese[8]	Hauptteil[10]	2. Data[31]	
23-9	2621-2632	Wasserstoff	1. Richtig[7]	1. Angemessen[7]	1. Verständlich[7]	*[7]	Lebensdauer/Verfügbarkeit vorhanden[7]	*[7]	Preis/Betrieb vorhanden[7]	*[7]	Treibhausgasemissionen vorhanden[7]	*[7]	Contra A[7]	Pro B[7]	Pro C[7]	2. Cut-off[8]	Gesamtthese[8]	Hauptteil[10]	2. Data[31]	
23-10	2633-2635	in	1. Richtig[7]	1. Angemessen[7]	1. Verständlich[7]	*[7]	Lebensdauer/Verfügbarkeit vorhanden[7]	*[7]	Preis/Betrieb vorhanden[7]	*[7]	Treibhausgasemissionen vorhanden[7]	*[7]	Contra A[7]	Pro B[7]	Pro C[7]	2. Cut-off[8]	Gesamtthese[8]	Hauptteil[10]	2. Data[31]	
23-11	2636-2652	Massenproduktion	1. Richtig[7]	1. Angemessen[7]	1. Verständlich[7]	*[7]	Lebensdauer/Verfügbarkeit vorhanden[7]	*[7]	Preis/Betrieb vorhanden[7]	*[7]	Treibhausgasemissionen vorhanden[7]	*[7]	Contra A[7]	Pro B[7]	Pro C[7]	2. Cut-off[8]	Gesamtthese[8]	Hauptteil[10]	2. Data[31]	
23-12	2653-2662	gefertigt	1. Richtig[7]	1. Angemessen[7]	1. Verständlich[7]	*[7]	Lebensdauer/Verfügbarkeit vorhanden[7]	*[7]	Preis/Betrieb vorhanden[7]	*[7]	Treibhausgasemissionen vorhanden[7]	*[7]	Contra A[7]	Pro B[7]	Pro C[7]	2. Cut-off[8]	Gesamtthese[8]	Hauptteil[10]	2. Data[31]	
23-13	2663-2669	werden	1. Richtig[7]	1. Angemessen[7]	1. Verständlich[7]	*[7]	Lebensdauer/Verfügbarkeit vorhanden[7]	*[7]	Preis/Betrieb vorhanden[7]	*[7]	Treibhausgasemissionen vorhanden[7]	*[7]	Contra A[7]	Pro B[7]	Pro C[7]	2. Cut-off[8]	Gesamtthese[8]	Hauptteil[10]	2. Data[31]	
23-14	2670-2673	Ich	1. Richtig[7]	1. Angemessen[7]	1. Verständlich[7]	*[7]	Lebensdauer/Verfügbarkeit vorhanden[7]	*[7]	Preis/Betrieb vorhanden[7]	*[7]	Treibhausgasemissionen vorhanden[7]	*[7]	Contra A[7]	Pro B[7]	Pro C[7]	2. Cut-off[8]	Gesamtthese[8]	Hauptteil[10]	1. Claim[32]	
23-15	2674-2679	halte	1. Richtig[7]	1. Angemessen[7]	1. Verständlich[7]	*[7]	Lebensdauer/Verfügbarkeit vorhanden[7]	*[7]	Preis/Betrieb vorhanden[7]	*[7]	Treibhausgasemissionen vorhanden[7]	*[7]	Contra A[7]	Pro B[7]	Pro C[7]	2. Cut-off[8]	Gesamtthese[8]	Hauptteil[10]	1. Claim[32]	
23-16	2680-2683	die	1. Richtig[7]	1. Angemessen[7]	1. Verständlich[7]	*[7]	Lebensdauer/Verfügbarkeit vorhanden[7]	*[7]	Preis/Betrieb vorhanden[7]	*[7]	Treibhausgasemissionen vorhanden[7]	*[7]	Contra A[7]	Pro B[7]	Pro C[7]	2. Cut-off[8]	Gesamtthese[8]	Hauptteil[10]	1. Claim[32]	
23-17	2684-2691	E-Fuels	1. Richtig[7]	1. Angemessen[7]	1. Verständlich[7]	*[7]	Lebensdauer/Verfügbarkeit vorhanden[7]	*[7]	Preis/Betrieb vorhanden[7]	*[7]	Treibhausgasemissionen vorhanden[7]	*[7]	Contra A[7]	Pro B[7]	Pro C[7]	2. Cut-off[8]	Gesamtthese[8]	Hauptteil[10]	1. Claim[32]	
23-18	2692-2695	für	1. Richtig[7]	1. Angemessen[7]	1. Verständlich[7]	*[7]	Lebensdauer/Verfügbarkeit vorhanden[7]	*[7]	Preis/Betrieb vorhanden[7]	*[7]	Treibhausgasemissionen vorhanden[7]	*[7]	Contra A[7]	Pro B[7]	Pro C[7]	2. Cut-off[8]	Gesamtthese[8]	Hauptteil[10]	1. Claim[32]	
23-19	2696-2698	am	1. Richtig[7]	1. Angemessen[7]	1. Verständlich[7]	*[7]	Lebensdauer/Verfügbarkeit vorhanden[7]	*[7]	Preis/Betrieb vorhanden[7]	*[7]	Treibhausgasemissionen vorhanden[7]	*[7]	Contra A[7]	Pro B[7]	Pro C[7]	2. Cut-off[8]	Gesamtthese[8]	Hauptteil[10]	1. Claim[32]	
23-20	2699-2711	sinnvollsten	1. Richtig[7]	1. Angemessen[7]	1. Verständlich[7]	*[7]	Lebensdauer/Verfügbarkeit vorhanden[7]	*[7]	Preis/Betrieb vorhanden[7]	*[7]	Treibhausgasemissionen vorhanden[7]	*[7]	Contra A[7]	Pro B[7]	Pro C[7]	2. Cut-off[8]	Gesamtthese[8]	Hauptteil[10]	1. Claim[32]	
23-21	2711-2712	,	1. Richtig[7]	1. Angemessen[7]	1. Verständlich[7]	*[7]	Lebensdauer/Verfügbarkeit vorhanden[7]	*[7]	Preis/Betrieb vorhanden[7]	*[7]	Treibhausgasemissionen vorhanden[7]	*[7]	Contra A[7]	Pro B[7]	Pro C[7]	2. Cut-off[8]	Gesamtthese[8]	Hauptteil[10]	1. Claim[32]	
23-22	2713-2715	da	1. Richtig[7]	1. Angemessen[7]	1. Verständlich[7]	*[7]	Lebensdauer/Verfügbarkeit vorhanden[7]	*[7]	Preis/Betrieb vorhanden[7]	*[7]	Treibhausgasemissionen vorhanden[7]	*[7]	Contra A[7]	Pro B[7]	Pro C[7]	2. Cut-off[8]	Gesamtthese[8]	Hauptteil[10]	2. Data[33]	
23-23	2716-2719	sie	1. Richtig[7]	1. Angemessen[7]	1. Verständlich[7]	*[7]	Lebensdauer/Verfügbarkeit vorhanden[7]	*[7]	Preis/Betrieb vorhanden[7]	*[7]	Treibhausgasemissionen vorhanden[7]	*[7]	Contra A[7]	Pro B[7]	Pro C[7]	2. Cut-off[8]	Gesamtthese[8]	Hauptteil[10]	2. Data[33]	
23-24	2720-2722	in	1. Richtig[7]	1. Angemessen[7]	1. Verständlich[7]	*[7]	Lebensdauer/Verfügbarkeit vorhanden[7]	*[7]	Preis/Betrieb vorhanden[7]	*[7]	Treibhausgasemissionen vorhanden[7]	*[7]	Contra A[7]	Pro B[7]	Pro C[7]	2. Cut-off[8]	Gesamtthese[8]	Hauptteil[10]	2. Data[33]	
23-25	2723-2736	herkömmlichen	1. Richtig[7]	1. Angemessen[7]	1. Verständlich[7]	*[7]	Lebensdauer/Verfügbarkeit vorhanden[7]	*[7]	Preis/Betrieb vorhanden[7]	*[7]	Treibhausgasemissionen vorhanden[7]	*[7]	Contra A[7]	Pro B[7]	Pro C[7]	2. Cut-off[8]	Gesamtthese[8]	Hauptteil[10]	2. Data[33]	
23-26	2737-2747	Fahrzeugen	1. Richtig[7]	1. Angemessen[7]	1. Verständlich[7]	*[7]	Lebensdauer/Verfügbarkeit vorhanden[7]	*[7]	Preis/Betrieb vorhanden[7]	*[7]	Treibhausgasemissionen vorhanden[7]	*[7]	Contra A[7]	Pro B[7]	Pro C[7]	2. Cut-off[8]	Gesamtthese[8]	Hauptteil[10]	2. Data[33]	
23-27	2748-2755	genutzt	1. Richtig[7]	1. Angemessen[7]	1. Verständlich[7]	*[7]	Lebensdauer/Verfügbarkeit vorhanden[7]	*[7]	Preis/Betrieb vorhanden[7]	*[7]	Treibhausgasemissionen vorhanden[7]	*[7]	Contra A[7]	Pro B[7]	Pro C[7]	2. Cut-off[8]	Gesamtthese[8]	Hauptteil[10]	2. Data[33]	
23-28	2756-2762	werden	1. Richtig[7]	1. Angemessen[7]	1. Verständlich[7]	*[7]	Lebensdauer/Verfügbarkeit vorhanden[7]	*[7]	Preis/Betrieb vorhanden[7]	*[7]	Treibhausgasemissionen vorhanden[7]	*[7]	Contra A[7]	Pro B[7]	Pro C[7]	2. Cut-off[8]	Gesamtthese[8]	Hauptteil[10]	2. Data[33]	
23-29	2763-2769	können	1. Richtig[7]	1. Angemessen[7]	1. Verständlich[7]	*[7]	Lebensdauer/Verfügbarkeit vorhanden[7]	*[7]	Preis/Betrieb vorhanden[7]	*[7]	Treibhausgasemissionen vorhanden[7]	*[7]	Contra A[7]	Pro B[7]	Pro C[7]	2. Cut-off[8]	Gesamtthese[8]	Hauptteil[10]	2. Data[33]	
23-30	2769-2770	,	1. Richtig[7]	1. Angemessen[7]	1. Verständlich[7]	*[7]	Lebensdauer/Verfügbarkeit vorhanden[7]	*[7]	Preis/Betrieb vorhanden[7]	*[7]	Treibhausgasemissionen vorhanden[7]	*[7]	Contra A[7]	Pro B[7]	Pro C[7]	2. Cut-off[8]	Gesamtthese[8]	Hauptteil[10]	2. Data[33]	
23-31	2771-2774	die	1. Richtig[7]	1. Angemessen[7]	1. Verständlich[7]	*[7]	Lebensdauer/Verfügbarkeit vorhanden[7]	*[7]	Preis/Betrieb vorhanden[7]	*[7]	Treibhausgasemissionen vorhanden[7]	*[7]	Contra A[7]	Pro B[7]	Pro C[7]	2. Cut-off[8]	Gesamtthese[8]	Hauptteil[10]	2. Data[33]	
23-32	2775-2795	Treibhausgasemmision	1. Richtig[7]	1. Angemessen[7]	1. Verständlich[7]	*[7]	Lebensdauer/Verfügbarkeit vorhanden[7]	*[7]	Preis/Betrieb vorhanden[7]	*[7]	Treibhausgasemissionen vorhanden[7]	*[7]	Contra A[7]	Pro B[7]	Pro C[7]	2. Cut-off[8]	Gesamtthese[8]	Hauptteil[10]	2. Data[33]	
23-33	2796-2799	bei	1. Richtig[7]	1. Angemessen[7]	1. Verständlich[7]	*[7]	Lebensdauer/Verfügbarkeit vorhanden[7]	*[7]	Preis/Betrieb vorhanden[7]	*[7]	Treibhausgasemissionen vorhanden[7]	*[7]	Contra A[7]	Pro B[7]	Pro C[7]	2. Cut-off[8]	Gesamtthese[8]	Hauptteil[10]	2. Data[33]	
23-34	2800-2803	der	1. Richtig[7]	1. Angemessen[7]	1. Verständlich[7]	*[7]	Lebensdauer/Verfügbarkeit vorhanden[7]	*[7]	Preis/Betrieb vorhanden[7]	*[7]	Treibhausgasemissionen vorhanden[7]	*[7]	Contra A[7]	Pro B[7]	Pro C[7]	2. Cut-off[8]	Gesamtthese[8]	Hauptteil[10]	2. Data[33]	
23-35	2804-2814	Produktion	1. Richtig[7]	1. Angemessen[7]	1. Verständlich[7]	*[7]	Lebensdauer/Verfügbarkeit vorhanden[7]	*[7]	Preis/Betrieb vorhanden[7]	*[7]	Treibhausgasemissionen vorhanden[7]	*[7]	Contra A[7]	Pro B[7]	Pro C[7]	2. Cut-off[8]	Gesamtthese[8]	Hauptteil[10]	2. Data[33]	
23-36	2815-2817	am	1. Richtig[7]	1. Angemessen[7]	1. Verständlich[7]	*[7]	Lebensdauer/Verfügbarkeit vorhanden[7]	*[7]	Preis/Betrieb vorhanden[7]	*[7]	Treibhausgasemissionen vorhanden[7]	*[7]	Contra A[7]	Pro B[7]	Pro C[7]	2. Cut-off[8]	Gesamtthese[8]	Hauptteil[10]	2. Data[33]	
23-37	2818-2828	geringsten	1. Richtig[7]	1. Angemessen[7]	1. Verständlich[7]	*[7]	Lebensdauer/Verfügbarkeit vorhanden[7]	*[7]	Preis/Betrieb vorhanden[7]	*[7]	Treibhausgasemissionen vorhanden[7]	*[7]	Contra A[7]	Pro B[7]	Pro C[7]	2. Cut-off[8]	Gesamtthese[8]	Hauptteil[10]	2. Data[33]	
23-38	2829-2832	ist	1. Richtig[7]	1. Angemessen[7]	1. Verständlich[7]	*[7]	Lebensdauer/Verfügbarkeit vorhanden[7]	*[7]	Preis/Betrieb vorhanden[7]	*[7]	Treibhausgasemissionen vorhanden[7]	*[7]	Contra A[7]	Pro B[7]	Pro C[7]	2. Cut-off[8]	Gesamtthese[8]	Hauptteil[10]	2. Data[33]	
23-39	2833-2836	und	1. Richtig[7]	1. Angemessen[7]	1. Verständlich[7]	*[7]	Lebensdauer/Verfügbarkeit vorhanden[7]	*[7]	Preis/Betrieb vorhanden[7]	*[7]	Treibhausgasemissionen vorhanden[7]	*[7]	Contra A[7]	Pro B[7]	Pro C[7]	2. Cut-off[8]	Gesamtthese[8]	Hauptteil[10]	2. Data[33]	
23-40	2837-2840	die	1. Richtig[7]	1. Angemessen[7]	1. Verständlich[7]	*[7]	Lebensdauer/Verfügbarkeit vorhanden[7]	*[7]	Preis/Betrieb vorhanden[7]	*[7]	Treibhausgasemissionen vorhanden[7]	*[7]	Contra A[7]	Pro B[7]	Pro C[7]	2. Cut-off[8]	Gesamtthese[8]	Hauptteil[10]	2. Data[33]	
23-41	2841-2850	Tankdauer	1. Richtig[7]	1. Angemessen[7]	1. Verständlich[7]	*[7]	Lebensdauer/Verfügbarkeit vorhanden[7]	*[7]	Preis/Betrieb vorhanden[7]	*[7]	Treibhausgasemissionen vorhanden[7]	*[7]	Contra A[7]	Pro B[7]	Pro C[7]	2. Cut-off[8]	Gesamtthese[8]	Hauptteil[10]	2. Data[33]	
23-42	2851-2856	sowie	1. Richtig[7]	1. Angemessen[7]	1. Verständlich[7]	*[7]	Lebensdauer/Verfügbarkeit vorhanden[7]	*[7]	Preis/Betrieb vorhanden[7]	*[7]	Treibhausgasemissionen vorhanden[7]	*[7]	Contra A[7]	Pro B[7]	Pro C[7]	2. Cut-off[8]	Gesamtthese[8]	Hauptteil[10]	2. Data[33]	
23-43	2857-2860	die	1. Richtig[7]	1. Angemessen[7]	1. Verständlich[7]	*[7]	Lebensdauer/Verfügbarkeit vorhanden[7]	*[7]	Preis/Betrieb vorhanden[7]	*[7]	Treibhausgasemissionen vorhanden[7]	*[7]	Contra A[7]	Pro B[7]	Pro C[7]	2. Cut-off[8]	Gesamtthese[8]	Hauptteil[10]	2. Data[33]	
23-44	2861-2871	Reichweite	1. Richtig[7]	1. Angemessen[7]	1. Verständlich[7]	*[7]	Lebensdauer/Verfügbarkeit vorhanden[7]	*[7]	Preis/Betrieb vorhanden[7]	*[7]	Treibhausgasemissionen vorhanden[7]	*[7]	Contra A[7]	Pro B[7]	Pro C[7]	2. Cut-off[8]	Gesamtthese[8]	Hauptteil[10]	2. Data[33]	
23-45	2872-2876	auch	1. Richtig[7]	1. Angemessen[7]	1. Verständlich[7]	*[7]	Lebensdauer/Verfügbarkeit vorhanden[7]	*[7]	Preis/Betrieb vorhanden[7]	*[7]	Treibhausgasemissionen vorhanden[7]	*[7]	Contra A[7]	Pro B[7]	Pro C[7]	2. Cut-off[8]	Gesamtthese[8]	Hauptteil[10]	2. Data[33]	
23-46	2877-2879	am	1. Richtig[7]	1. Angemessen[7]	1. Verständlich[7]	*[7]	Lebensdauer/Verfügbarkeit vorhanden[7]	*[7]	Preis/Betrieb vorhanden[7]	*[7]	Treibhausgasemissionen vorhanden[7]	*[7]	Contra A[7]	Pro B[7]	Pro C[7]	2. Cut-off[8]	Gesamtthese[8]	Hauptteil[10]	2. Data[33]	
23-47	2880-2886	besten	1. Richtig[7]	1. Angemessen[7]	1. Verständlich[7]	*[7]	Lebensdauer/Verfügbarkeit vorhanden[7]	*[7]	Preis/Betrieb vorhanden[7]	*[7]	Treibhausgasemissionen vorhanden[7]	*[7]	Contra A[7]	Pro B[7]	Pro C[7]	2. Cut-off[8]	Gesamtthese[8]	Hauptteil[10]	2. Data[33]	
23-48	2887-2898	abschneiden	1. Richtig[7]	1. Angemessen[7]	1. Verständlich[7]	*[7]	Lebensdauer/Verfügbarkeit vorhanden[7]	*[7]	Preis/Betrieb vorhanden[7]	*[7]	Treibhausgasemissionen vorhanden[7]	*[7]	Contra A[7]	Pro B[7]	Pro C[7]	2. Cut-off[8]	Gesamtthese[8]	Hauptteil[10]	2. Data[33]	
23-49	2898-2899	.	1. Richtig[7]	1. Angemessen[7]	1. Verständlich[7]	*[7]	Lebensdauer/Verfügbarkeit vorhanden[7]	*[7]	Preis/Betrieb vorhanden[7]	*[7]	Treibhausgasemissionen vorhanden[7]	*[7]	Contra A[7]	Pro B[7]	Pro C[7]	2. Cut-off[8]	Gesamtthese[8]	Hauptteil[10]	2. Data[33]	
