#FORMAT=WebAnno TSV 3.3
#T_SP=webanno.custom.Argument|Accuracy|Adequacy|Clarity|KriteriumJahresertragEnergiedichte|KriteriumLebensdauerVerfgbarkeit|KriteriumLokaleEmissionenGeruschemissionen|KriteriumPreisBetrieb|KriteriumSonstiges|KriteriumTreibhausgasemissionen|KriteriumWirkungsgrad|OptionA|OptionB|OptionC
#T_SP=webanno.custom.DecisionMakingStrategies|Decision|Gesamtthese
#T_SP=webanno.custom.Struktur|Struktur
#T_SP=webanno.custom.StrukturTAP|TAPArgumente


1-1	0-2	In	_	_	_	_	_	_	_	_	_	_	_	_	_	3. Unbegründet[4]	Gesamtthese[4]	Einleitung[5]	_	
1-2	3-11	Betracht	_	_	_	_	_	_	_	_	_	_	_	_	_	3. Unbegründet[4]	Gesamtthese[4]	Einleitung[5]	_	
1-3	12-21	folgender	_	_	_	_	_	_	_	_	_	_	_	_	_	3. Unbegründet[4]	Gesamtthese[4]	Einleitung[5]	_	
1-4	22-30	Methoden	_	_	_	_	_	_	_	_	_	_	_	_	_	3. Unbegründet[4]	Gesamtthese[4]	Einleitung[5]	_	
1-5	31-34	bin	_	_	_	_	_	_	_	_	_	_	_	_	_	3. Unbegründet[4]	Gesamtthese[4]	Einleitung[5]	_	
1-6	35-38	ich	_	_	_	_	_	_	_	_	_	_	_	_	_	3. Unbegründet[4]	Gesamtthese[4]	Einleitung[5]	_	
1-7	39-41	zu	_	_	_	_	_	_	_	_	_	_	_	_	_	3. Unbegründet[4]	Gesamtthese[4]	Einleitung[5]	_	
1-8	42-45	dem	_	_	_	_	_	_	_	_	_	_	_	_	_	3. Unbegründet[4]	Gesamtthese[4]	Einleitung[5]	_	
1-9	46-56	Entschluss	_	_	_	_	_	_	_	_	_	_	_	_	_	3. Unbegründet[4]	Gesamtthese[4]	Einleitung[5]	_	
1-10	57-65	gekommen	_	_	_	_	_	_	_	_	_	_	_	_	_	3. Unbegründet[4]	Gesamtthese[4]	Einleitung[5]	_	
1-11	65-66	,	_	_	_	_	_	_	_	_	_	_	_	_	_	3. Unbegründet[4]	Gesamtthese[4]	Einleitung[5]	_	
1-12	67-71	dass	_	_	_	_	_	_	_	_	_	_	_	_	_	3. Unbegründet[4]	Gesamtthese[4]	Einleitung[5]	_	
1-13	72-75	die	_	_	_	_	_	_	_	_	_	_	_	_	_	3. Unbegründet[4]	Gesamtthese[4]	Einleitung[5]	_	
1-14	76-86	Verwendung	_	_	_	_	_	_	_	_	_	_	_	_	_	3. Unbegründet[4]	Gesamtthese[4]	Einleitung[5]	_	
1-15	87-92	eines	_	_	_	_	_	_	_	_	_	_	_	_	_	3. Unbegründet[4]	Gesamtthese[4]	Einleitung[5]	_	
1-16	93-102	Windparks	_	_	_	_	_	_	_	_	_	_	_	_	_	3. Unbegründet[4]	Gesamtthese[4]	Einleitung[5]	_	
1-17	103-105	in	_	_	_	_	_	_	_	_	_	_	_	_	_	3. Unbegründet[4]	Gesamtthese[4]	Einleitung[5]	_	
1-18	106-112	diesem	_	_	_	_	_	_	_	_	_	_	_	_	_	3. Unbegründet[4]	Gesamtthese[4]	Einleitung[5]	_	
1-19	113-120	Kontext	_	_	_	_	_	_	_	_	_	_	_	_	_	3. Unbegründet[4]	Gesamtthese[4]	Einleitung[5]	_	
1-20	121-123	am	_	_	_	_	_	_	_	_	_	_	_	_	_	3. Unbegründet[4]	Gesamtthese[4]	Einleitung[5]	_	
1-21	124-130	besten	_	_	_	_	_	_	_	_	_	_	_	_	_	3. Unbegründet[4]	Gesamtthese[4]	Einleitung[5]	_	
1-22	131-139	geeignet	_	_	_	_	_	_	_	_	_	_	_	_	_	3. Unbegründet[4]	Gesamtthese[4]	Einleitung[5]	_	
1-23	140-144	wäre	_	_	_	_	_	_	_	_	_	_	_	_	_	3. Unbegründet[4]	Gesamtthese[4]	Einleitung[5]	_	
1-24	144-145	.	_	_	_	_	_	_	_	_	_	_	_	_	_	3. Unbegründet[4]	Gesamtthese[4]	Einleitung[5]	_	

2-1	147-150	Zum	1. Richtig[1]	1. Angemessen[1]	1. Verständlich[1]	Jahresertrag/Energiedichte Vorhanden[1]	*[1]	*[1]	Preis/Betrieb vorhanden[1]	*[1]	*[1]	Wirkungsgrad vorhanden[1]	Contra A[1]	Contra B[1]	Pro C[1]	_	_	Hauptteil[6]	2. Data[7]	
2-2	151-156	einen	1. Richtig[1]	1. Angemessen[1]	1. Verständlich[1]	Jahresertrag/Energiedichte Vorhanden[1]	*[1]	*[1]	Preis/Betrieb vorhanden[1]	*[1]	*[1]	Wirkungsgrad vorhanden[1]	Contra A[1]	Contra B[1]	Pro C[1]	_	_	Hauptteil[6]	2. Data[7]	
2-3	157-162	haben	1. Richtig[1]	1. Angemessen[1]	1. Verständlich[1]	Jahresertrag/Energiedichte Vorhanden[1]	*[1]	*[1]	Preis/Betrieb vorhanden[1]	*[1]	*[1]	Wirkungsgrad vorhanden[1]	Contra A[1]	Contra B[1]	Pro C[1]	_	_	Hauptteil[6]	2. Data[7]	
2-4	163-172	Windräder	1. Richtig[1]	1. Angemessen[1]	1. Verständlich[1]	Jahresertrag/Energiedichte Vorhanden[1]	*[1]	*[1]	Preis/Betrieb vorhanden[1]	*[1]	*[1]	Wirkungsgrad vorhanden[1]	Contra A[1]	Contra B[1]	Pro C[1]	_	_	Hauptteil[6]	2. Data[7]	
2-5	173-176	mit	1. Richtig[1]	1. Angemessen[1]	1. Verständlich[1]	Jahresertrag/Energiedichte Vorhanden[1]	*[1]	*[1]	Preis/Betrieb vorhanden[1]	*[1]	*[1]	Wirkungsgrad vorhanden[1]	Contra A[1]	Contra B[1]	Pro C[1]	_	_	Hauptteil[6]	2. Data[7]	
2-6	177-180	45%	1. Richtig[1]	1. Angemessen[1]	1. Verständlich[1]	Jahresertrag/Energiedichte Vorhanden[1]	*[1]	*[1]	Preis/Betrieb vorhanden[1]	*[1]	*[1]	Wirkungsgrad vorhanden[1]	Contra A[1]	Contra B[1]	Pro C[1]	_	_	Hauptteil[6]	2. Data[7]	
2-7	181-186	einen	1. Richtig[1]	1. Angemessen[1]	1. Verständlich[1]	Jahresertrag/Energiedichte Vorhanden[1]	*[1]	*[1]	Preis/Betrieb vorhanden[1]	*[1]	*[1]	Wirkungsgrad vorhanden[1]	Contra A[1]	Contra B[1]	Pro C[1]	_	_	Hauptteil[6]	2. Data[7]	
2-8	187-194	relativ	1. Richtig[1]	1. Angemessen[1]	1. Verständlich[1]	Jahresertrag/Energiedichte Vorhanden[1]	*[1]	*[1]	Preis/Betrieb vorhanden[1]	*[1]	*[1]	Wirkungsgrad vorhanden[1]	Contra A[1]	Contra B[1]	Pro C[1]	_	_	Hauptteil[6]	2. Data[7]	
2-9	195-200	hohen	1. Richtig[1]	1. Angemessen[1]	1. Verständlich[1]	Jahresertrag/Energiedichte Vorhanden[1]	*[1]	*[1]	Preis/Betrieb vorhanden[1]	*[1]	*[1]	Wirkungsgrad vorhanden[1]	Contra A[1]	Contra B[1]	Pro C[1]	_	_	Hauptteil[6]	2. Data[7]	
2-10	201-213	Wirkungsgrad	1. Richtig[1]	1. Angemessen[1]	1. Verständlich[1]	Jahresertrag/Energiedichte Vorhanden[1]	*[1]	*[1]	Preis/Betrieb vorhanden[1]	*[1]	*[1]	Wirkungsgrad vorhanden[1]	Contra A[1]	Contra B[1]	Pro C[1]	_	_	Hauptteil[6]	2. Data[7]	
2-11	213-214	,	1. Richtig[1]	1. Angemessen[1]	1. Verständlich[1]	Jahresertrag/Energiedichte Vorhanden[1]	*[1]	*[1]	Preis/Betrieb vorhanden[1]	*[1]	*[1]	Wirkungsgrad vorhanden[1]	Contra A[1]	Contra B[1]	Pro C[1]	_	_	Hauptteil[6]	2. Data[7]	
2-12	215-218	der	1. Richtig[1]	1. Angemessen[1]	1. Verständlich[1]	Jahresertrag/Energiedichte Vorhanden[1]	*[1]	*[1]	Preis/Betrieb vorhanden[1]	*[1]	*[1]	Wirkungsgrad vorhanden[1]	Contra A[1]	Contra B[1]	Pro C[1]	_	_	Hauptteil[6]	2. Data[7]	
2-13	219-222	von	1. Richtig[1]	1. Angemessen[1]	1. Verständlich[1]	Jahresertrag/Energiedichte Vorhanden[1]	*[1]	*[1]	Preis/Betrieb vorhanden[1]	*[1]	*[1]	Wirkungsgrad vorhanden[1]	Contra A[1]	Contra B[1]	Pro C[1]	_	_	Hauptteil[6]	2. Data[7]	
2-14	223-235	Solaranlagen	1. Richtig[1]	1. Angemessen[1]	1. Verständlich[1]	Jahresertrag/Energiedichte Vorhanden[1]	*[1]	*[1]	Preis/Betrieb vorhanden[1]	*[1]	*[1]	Wirkungsgrad vorhanden[1]	Contra A[1]	Contra B[1]	Pro C[1]	_	_	Hauptteil[6]	2. Data[7]	
2-15	236-244	hingegen	1. Richtig[1]	1. Angemessen[1]	1. Verständlich[1]	Jahresertrag/Energiedichte Vorhanden[1]	*[1]	*[1]	Preis/Betrieb vorhanden[1]	*[1]	*[1]	Wirkungsgrad vorhanden[1]	Contra A[1]	Contra B[1]	Pro C[1]	_	_	Hauptteil[6]	2. Data[7]	
2-16	245-250	liegt	1. Richtig[1]	1. Angemessen[1]	1. Verständlich[1]	Jahresertrag/Energiedichte Vorhanden[1]	*[1]	*[1]	Preis/Betrieb vorhanden[1]	*[1]	*[1]	Wirkungsgrad vorhanden[1]	Contra A[1]	Contra B[1]	Pro C[1]	_	_	Hauptteil[6]	2. Data[7]	
2-17	251-260	lediglich	1. Richtig[1]	1. Angemessen[1]	1. Verständlich[1]	Jahresertrag/Energiedichte Vorhanden[1]	*[1]	*[1]	Preis/Betrieb vorhanden[1]	*[1]	*[1]	Wirkungsgrad vorhanden[1]	Contra A[1]	Contra B[1]	Pro C[1]	_	_	Hauptteil[6]	2. Data[7]	
2-18	261-264	bei	1. Richtig[1]	1. Angemessen[1]	1. Verständlich[1]	Jahresertrag/Energiedichte Vorhanden[1]	*[1]	*[1]	Preis/Betrieb vorhanden[1]	*[1]	*[1]	Wirkungsgrad vorhanden[1]	Contra A[1]	Contra B[1]	Pro C[1]	_	_	Hauptteil[6]	2. Data[7]	
2-19	265-268	21%	1. Richtig[1]	1. Angemessen[1]	1. Verständlich[1]	Jahresertrag/Energiedichte Vorhanden[1]	*[1]	*[1]	Preis/Betrieb vorhanden[1]	*[1]	*[1]	Wirkungsgrad vorhanden[1]	Contra A[1]	Contra B[1]	Pro C[1]	_	_	Hauptteil[6]	2. Data[7]	
2-20	268-269	.	1. Richtig[1]	1. Angemessen[1]	1. Verständlich[1]	Jahresertrag/Energiedichte Vorhanden[1]	*[1]	*[1]	Preis/Betrieb vorhanden[1]	*[1]	*[1]	Wirkungsgrad vorhanden[1]	Contra A[1]	Contra B[1]	Pro C[1]	_	_	Hauptteil[6]	2. Data[7]	

3-1	271-280	Eindeutig	1. Richtig[1]	1. Angemessen[1]	1. Verständlich[1]	Jahresertrag/Energiedichte Vorhanden[1]	*[1]	*[1]	Preis/Betrieb vorhanden[1]	*[1]	*[1]	Wirkungsgrad vorhanden[1]	Contra A[1]	Contra B[1]	Pro C[1]	_	_	Hauptteil[6]	1. Claim[8]	
3-2	281-292	übertroffen	1. Richtig[1]	1. Angemessen[1]	1. Verständlich[1]	Jahresertrag/Energiedichte Vorhanden[1]	*[1]	*[1]	Preis/Betrieb vorhanden[1]	*[1]	*[1]	Wirkungsgrad vorhanden[1]	Contra A[1]	Contra B[1]	Pro C[1]	_	_	Hauptteil[6]	1. Claim[8]	
3-3	293-299	werden	1. Richtig[1]	1. Angemessen[1]	1. Verständlich[1]	Jahresertrag/Energiedichte Vorhanden[1]	*[1]	*[1]	Preis/Betrieb vorhanden[1]	*[1]	*[1]	Wirkungsgrad vorhanden[1]	Contra A[1]	Contra B[1]	Pro C[1]	_	_	Hauptteil[6]	1. Claim[8]	
3-4	300-306	dies4e	1. Richtig[1]	1. Angemessen[1]	1. Verständlich[1]	Jahresertrag/Energiedichte Vorhanden[1]	*[1]	*[1]	Preis/Betrieb vorhanden[1]	*[1]	*[1]	Wirkungsgrad vorhanden[1]	Contra A[1]	Contra B[1]	Pro C[1]	_	_	Hauptteil[6]	1. Claim[8]	
3-5	307-310	von	1. Richtig[1]	1. Angemessen[1]	1. Verständlich[1]	Jahresertrag/Energiedichte Vorhanden[1]	*[1]	*[1]	Preis/Betrieb vorhanden[1]	*[1]	*[1]	Wirkungsgrad vorhanden[1]	Contra A[1]	Contra B[1]	Pro C[1]	_	_	Hauptteil[6]	1. Claim[8]	
3-6	311-329	Wasserkraftanlagen	1. Richtig[1]	1. Angemessen[1]	1. Verständlich[1]	Jahresertrag/Energiedichte Vorhanden[1]	*[1]	*[1]	Preis/Betrieb vorhanden[1]	*[1]	*[1]	Wirkungsgrad vorhanden[1]	Contra A[1]	Contra B[1]	Pro C[1]	_	_	Hauptteil[6]	1. Claim[8]	
3-7	329-330	,	1. Richtig[1]	1. Angemessen[1]	1. Verständlich[1]	Jahresertrag/Energiedichte Vorhanden[1]	*[1]	*[1]	Preis/Betrieb vorhanden[1]	*[1]	*[1]	Wirkungsgrad vorhanden[1]	Contra A[1]	Contra B[1]	Pro C[1]	_	_	Hauptteil[6]	1. Claim[8]	
3-8	331-336	deren	1. Richtig[1]	1. Angemessen[1]	1. Verständlich[1]	Jahresertrag/Energiedichte Vorhanden[1]	*[1]	*[1]	Preis/Betrieb vorhanden[1]	*[1]	*[1]	Wirkungsgrad vorhanden[1]	Contra A[1]	Contra B[1]	Pro C[1]	_	_	Hauptteil[6]	4. Rebuttal[9]	
3-9	337-340	Bau	1. Richtig[1]	1. Angemessen[1]	1. Verständlich[1]	Jahresertrag/Energiedichte Vorhanden[1]	*[1]	*[1]	Preis/Betrieb vorhanden[1]	*[1]	*[1]	Wirkungsgrad vorhanden[1]	Contra A[1]	Contra B[1]	Pro C[1]	_	_	Hauptteil[6]	4. Rebuttal[9]	
3-10	341-344	und	1. Richtig[1]	1. Angemessen[1]	1. Verständlich[1]	Jahresertrag/Energiedichte Vorhanden[1]	*[1]	*[1]	Preis/Betrieb vorhanden[1]	*[1]	*[1]	Wirkungsgrad vorhanden[1]	Contra A[1]	Contra B[1]	Pro C[1]	_	_	Hauptteil[6]	4. Rebuttal[9]	
3-11	345-352	Betrieb	1. Richtig[1]	1. Angemessen[1]	1. Verständlich[1]	Jahresertrag/Energiedichte Vorhanden[1]	*[1]	*[1]	Preis/Betrieb vorhanden[1]	*[1]	*[1]	Wirkungsgrad vorhanden[1]	Contra A[1]	Contra B[1]	Pro C[1]	_	_	Hauptteil[6]	4. Rebuttal[9]	
3-12	353-356	ist	1. Richtig[1]	1. Angemessen[1]	1. Verständlich[1]	Jahresertrag/Energiedichte Vorhanden[1]	*[1]	*[1]	Preis/Betrieb vorhanden[1]	*[1]	*[1]	Wirkungsgrad vorhanden[1]	Contra A[1]	Contra B[1]	Pro C[1]	_	_	Hauptteil[6]	4. Rebuttal[9]	
3-13	357-361	aber	1. Richtig[1]	1. Angemessen[1]	1. Verständlich[1]	Jahresertrag/Energiedichte Vorhanden[1]	*[1]	*[1]	Preis/Betrieb vorhanden[1]	*[1]	*[1]	Wirkungsgrad vorhanden[1]	Contra A[1]	Contra B[1]	Pro C[1]	_	_	Hauptteil[6]	4. Rebuttal[9]	
3-14	362-366	fast	1. Richtig[1]	1. Angemessen[1]	1. Verständlich[1]	Jahresertrag/Energiedichte Vorhanden[1]	*[1]	*[1]	Preis/Betrieb vorhanden[1]	*[1]	*[1]	Wirkungsgrad vorhanden[1]	Contra A[1]	Contra B[1]	Pro C[1]	_	_	Hauptteil[6]	4. Rebuttal[9]	
3-15	367-374	dreimal	1. Richtig[1]	1. Angemessen[1]	1. Verständlich[1]	Jahresertrag/Energiedichte Vorhanden[1]	*[1]	*[1]	Preis/Betrieb vorhanden[1]	*[1]	*[1]	Wirkungsgrad vorhanden[1]	Contra A[1]	Contra B[1]	Pro C[1]	_	_	Hauptteil[6]	4. Rebuttal[9]	
3-16	375-381	teurer	1. Richtig[1]	1. Angemessen[1]	1. Verständlich[1]	Jahresertrag/Energiedichte Vorhanden[1]	*[1]	*[1]	Preis/Betrieb vorhanden[1]	*[1]	*[1]	Wirkungsgrad vorhanden[1]	Contra A[1]	Contra B[1]	Pro C[1]	_	_	Hauptteil[6]	4. Rebuttal[9]	
3-17	382-385	als	1. Richtig[1]	1. Angemessen[1]	1. Verständlich[1]	Jahresertrag/Energiedichte Vorhanden[1]	*[1]	*[1]	Preis/Betrieb vorhanden[1]	*[1]	*[1]	Wirkungsgrad vorhanden[1]	Contra A[1]	Contra B[1]	Pro C[1]	_	_	Hauptteil[6]	4. Rebuttal[9]	
3-18	386-389	der	1. Richtig[1]	1. Angemessen[1]	1. Verständlich[1]	Jahresertrag/Energiedichte Vorhanden[1]	*[1]	*[1]	Preis/Betrieb vorhanden[1]	*[1]	*[1]	Wirkungsgrad vorhanden[1]	Contra A[1]	Contra B[1]	Pro C[1]	_	_	Hauptteil[6]	4. Rebuttal[9]	
3-19	390-393	der	1. Richtig[1]	1. Angemessen[1]	1. Verständlich[1]	Jahresertrag/Energiedichte Vorhanden[1]	*[1]	*[1]	Preis/Betrieb vorhanden[1]	*[1]	*[1]	Wirkungsgrad vorhanden[1]	Contra A[1]	Contra B[1]	Pro C[1]	_	_	Hauptteil[6]	4. Rebuttal[9]	
3-20	394-410	Windkraftanlagen	1. Richtig[1]	1. Angemessen[1]	1. Verständlich[1]	Jahresertrag/Energiedichte Vorhanden[1]	*[1]	*[1]	Preis/Betrieb vorhanden[1]	*[1]	*[1]	Wirkungsgrad vorhanden[1]	Contra A[1]	Contra B[1]	Pro C[1]	_	_	Hauptteil[6]	4. Rebuttal[9]	
3-21	410-411	,	1. Richtig[1]	1. Angemessen[1]	1. Verständlich[1]	Jahresertrag/Energiedichte Vorhanden[1]	*[1]	*[1]	Preis/Betrieb vorhanden[1]	*[1]	*[1]	Wirkungsgrad vorhanden[1]	Contra A[1]	Contra B[1]	Pro C[1]	_	_	Hauptteil[6]	4. Rebuttal[9]	
3-22	412-415	die	1. Richtig[1]	1. Angemessen[1]	1. Verständlich[1]	Jahresertrag/Energiedichte Vorhanden[1]	*[1]	*[1]	Preis/Betrieb vorhanden[1]	*[1]	*[1]	Wirkungsgrad vorhanden[1]	Contra A[1]	Contra B[1]	Pro C[1]	_	_	Hauptteil[6]	4. Rebuttal[9]	
3-23	416-419	mit	1. Richtig[1]	1. Angemessen[1]	1. Verständlich[1]	Jahresertrag/Energiedichte Vorhanden[1]	*[1]	*[1]	Preis/Betrieb vorhanden[1]	*[1]	*[1]	Wirkungsgrad vorhanden[1]	Contra A[1]	Contra B[1]	Pro C[1]	_	_	Hauptteil[6]	4. Rebuttal[9]	
3-24	420-422	40	1. Richtig[1]	1. Angemessen[1]	1. Verständlich[1]	Jahresertrag/Energiedichte Vorhanden[1]	*[1]	*[1]	Preis/Betrieb vorhanden[1]	*[1]	*[1]	Wirkungsgrad vorhanden[1]	Contra A[1]	Contra B[1]	Pro C[1]	_	_	Hauptteil[6]	4. Rebuttal[9]	
3-25	423-426	GWh	1. Richtig[1]	1. Angemessen[1]	1. Verständlich[1]	Jahresertrag/Energiedichte Vorhanden[1]	*[1]	*[1]	Preis/Betrieb vorhanden[1]	*[1]	*[1]	Wirkungsgrad vorhanden[1]	Contra A[1]	Contra B[1]	Pro C[1]	_	_	Hauptteil[6]	4. Rebuttal[9]	
3-26	427-430	pro	1. Richtig[1]	1. Angemessen[1]	1. Verständlich[1]	Jahresertrag/Energiedichte Vorhanden[1]	*[1]	*[1]	Preis/Betrieb vorhanden[1]	*[1]	*[1]	Wirkungsgrad vorhanden[1]	Contra A[1]	Contra B[1]	Pro C[1]	_	_	Hauptteil[6]	4. Rebuttal[9]	
3-27	431-435	Jahr	1. Richtig[1]	1. Angemessen[1]	1. Verständlich[1]	Jahresertrag/Energiedichte Vorhanden[1]	*[1]	*[1]	Preis/Betrieb vorhanden[1]	*[1]	*[1]	Wirkungsgrad vorhanden[1]	Contra A[1]	Contra B[1]	Pro C[1]	_	_	Hauptteil[6]	4. Rebuttal[9]	
3-28	436-444	trotzdem	1. Richtig[1]	1. Angemessen[1]	1. Verständlich[1]	Jahresertrag/Energiedichte Vorhanden[1]	*[1]	*[1]	Preis/Betrieb vorhanden[1]	*[1]	*[1]	Wirkungsgrad vorhanden[1]	Contra A[1]	Contra B[1]	Pro C[1]	_	_	Hauptteil[6]	4. Rebuttal[9]	
3-29	445-449	noch	1. Richtig[1]	1. Angemessen[1]	1. Verständlich[1]	Jahresertrag/Energiedichte Vorhanden[1]	*[1]	*[1]	Preis/Betrieb vorhanden[1]	*[1]	*[1]	Wirkungsgrad vorhanden[1]	Contra A[1]	Contra B[1]	Pro C[1]	_	_	Hauptteil[6]	4. Rebuttal[9]	
3-30	450-454	mehr	1. Richtig[1]	1. Angemessen[1]	1. Verständlich[1]	Jahresertrag/Energiedichte Vorhanden[1]	*[1]	*[1]	Preis/Betrieb vorhanden[1]	*[1]	*[1]	Wirkungsgrad vorhanden[1]	Contra A[1]	Contra B[1]	Pro C[1]	_	_	Hauptteil[6]	4. Rebuttal[9]	
3-31	455-462	Energie	1. Richtig[1]	1. Angemessen[1]	1. Verständlich[1]	Jahresertrag/Energiedichte Vorhanden[1]	*[1]	*[1]	Preis/Betrieb vorhanden[1]	*[1]	*[1]	Wirkungsgrad vorhanden[1]	Contra A[1]	Contra B[1]	Pro C[1]	_	_	Hauptteil[6]	4. Rebuttal[9]	
3-32	463-471	erzeugen	1. Richtig[1]	1. Angemessen[1]	1. Verständlich[1]	Jahresertrag/Energiedichte Vorhanden[1]	*[1]	*[1]	Preis/Betrieb vorhanden[1]	*[1]	*[1]	Wirkungsgrad vorhanden[1]	Contra A[1]	Contra B[1]	Pro C[1]	_	_	Hauptteil[6]	4. Rebuttal[9]	
3-33	471-472	.	1. Richtig[1]	1. Angemessen[1]	1. Verständlich[1]	Jahresertrag/Energiedichte Vorhanden[1]	*[1]	*[1]	Preis/Betrieb vorhanden[1]	*[1]	*[1]	Wirkungsgrad vorhanden[1]	Contra A[1]	Contra B[1]	Pro C[1]	_	_	Hauptteil[6]	4. Rebuttal[9]	

4-1	474-478	Zwar	1. Richtig[2]	1. Angemessen[2]	1. Verständlich[2]	*[2]	Lebensdauer/Verfügbarkeit vorhanden[2]	*[2]	*[2]	Sonstiges vorhanden[2]	*[2]	*[2]	Unklar A[2]	Contra B[2]	Unklar C[2]	_	_	Hauptteil[6]	2. Data[10]	
4-2	479-482	hat	1. Richtig[2]	1. Angemessen[2]	1. Verständlich[2]	*[2]	Lebensdauer/Verfügbarkeit vorhanden[2]	*[2]	*[2]	Sonstiges vorhanden[2]	*[2]	*[2]	Unklar A[2]	Contra B[2]	Unklar C[2]	_	_	Hauptteil[6]	2. Data[10]	
4-3	483-486	ein	1. Richtig[2]	1. Angemessen[2]	1. Verständlich[2]	*[2]	Lebensdauer/Verfügbarkeit vorhanden[2]	*[2]	*[2]	Sonstiges vorhanden[2]	*[2]	*[2]	Unklar A[2]	Contra B[2]	Unklar C[2]	_	_	Hauptteil[6]	2. Data[10]	
4-4	487-495	Windpark	1. Richtig[2]	1. Angemessen[2]	1. Verständlich[2]	*[2]	Lebensdauer/Verfügbarkeit vorhanden[2]	*[2]	*[2]	Sonstiges vorhanden[2]	*[2]	*[2]	Unklar A[2]	Contra B[2]	Unklar C[2]	_	_	Hauptteil[6]	2. Data[10]	
4-5	496-502	jedoch	1. Richtig[2]	1. Angemessen[2]	1. Verständlich[2]	*[2]	Lebensdauer/Verfügbarkeit vorhanden[2]	*[2]	*[2]	Sonstiges vorhanden[2]	*[2]	*[2]	Unklar A[2]	Contra B[2]	Unklar C[2]	_	_	Hauptteil[6]	2. Data[10]	
4-6	503-507	eine	1. Richtig[2]	1. Angemessen[2]	1. Verständlich[2]	*[2]	Lebensdauer/Verfügbarkeit vorhanden[2]	*[2]	*[2]	Sonstiges vorhanden[2]	*[2]	*[2]	Unklar A[2]	Contra B[2]	Unklar C[2]	_	_	Hauptteil[6]	2. Data[10]	
4-7	508-510	im	1. Richtig[2]	1. Angemessen[2]	1. Verständlich[2]	*[2]	Lebensdauer/Verfügbarkeit vorhanden[2]	*[2]	*[2]	Sonstiges vorhanden[2]	*[2]	*[2]	Unklar A[2]	Contra B[2]	Unklar C[2]	_	_	Hauptteil[6]	2. Data[10]	
4-8	511-523	Durchschnitt	1. Richtig[2]	1. Angemessen[2]	1. Verständlich[2]	*[2]	Lebensdauer/Verfügbarkeit vorhanden[2]	*[2]	*[2]	Sonstiges vorhanden[2]	*[2]	*[2]	Unklar A[2]	Contra B[2]	Unklar C[2]	_	_	Hauptteil[6]	2. Data[10]	
4-9	524-531	viermal	1. Richtig[2]	1. Angemessen[2]	1. Verständlich[2]	*[2]	Lebensdauer/Verfügbarkeit vorhanden[2]	*[2]	*[2]	Sonstiges vorhanden[2]	*[2]	*[2]	Unklar A[2]	Contra B[2]	Unklar C[2]	_	_	Hauptteil[6]	2. Data[10]	
4-10	532-539	kürzere	1. Richtig[2]	1. Angemessen[2]	1. Verständlich[2]	*[2]	Lebensdauer/Verfügbarkeit vorhanden[2]	*[2]	*[2]	Sonstiges vorhanden[2]	*[2]	*[2]	Unklar A[2]	Contra B[2]	Unklar C[2]	_	_	Hauptteil[6]	2. Data[10]	
4-11	540-551	Lebensdauer	1. Richtig[2]	1. Angemessen[2]	1. Verständlich[2]	*[2]	Lebensdauer/Verfügbarkeit vorhanden[2]	*[2]	*[2]	Sonstiges vorhanden[2]	*[2]	*[2]	Unklar A[2]	Contra B[2]	Unklar C[2]	_	_	Hauptteil[6]	2. Data[10]	
4-12	552-555	als	1. Richtig[2]	1. Angemessen[2]	1. Verständlich[2]	*[2]	Lebensdauer/Verfügbarkeit vorhanden[2]	*[2]	*[2]	Sonstiges vorhanden[2]	*[2]	*[2]	Unklar A[2]	Contra B[2]	Unklar C[2]	_	_	Hauptteil[6]	2. Data[10]	
4-13	556-572	Wasserkraftwerke	1. Richtig[2]	1. Angemessen[2]	1. Verständlich[2]	*[2]	Lebensdauer/Verfügbarkeit vorhanden[2]	*[2]	*[2]	Sonstiges vorhanden[2]	*[2]	*[2]	Unklar A[2]	Contra B[2]	Unklar C[2]	_	_	Hauptteil[6]	2. Data[10]	
4-14	572-573	,	1. Richtig[2]	1. Angemessen[2]	1. Verständlich[2]	*[2]	Lebensdauer/Verfügbarkeit vorhanden[2]	*[2]	*[2]	Sonstiges vorhanden[2]	*[2]	*[2]	Unklar A[2]	Contra B[2]	Unklar C[2]	_	_	Hauptteil[6]	2. Data[10]	
4-15	574-583	Windräder	1. Richtig[2]	1. Angemessen[2]	1. Verständlich[2]	*[2]	Lebensdauer/Verfügbarkeit vorhanden[2]	*[2]	*[2]	Sonstiges vorhanden[2]	*[2]	*[2]	Unklar A[2]	Contra B[2]	Unklar C[2]	_	_	Hauptteil[6]	4. Rebuttal[11]	
4-16	584-588	sind	1. Richtig[2]	1. Angemessen[2]	1. Verständlich[2]	*[2]	Lebensdauer/Verfügbarkeit vorhanden[2]	*[2]	*[2]	Sonstiges vorhanden[2]	*[2]	*[2]	Unklar A[2]	Contra B[2]	Unklar C[2]	_	_	Hauptteil[6]	4. Rebuttal[11]	
4-17	589-593	aber	1. Richtig[2]	1. Angemessen[2]	1. Verständlich[2]	*[2]	Lebensdauer/Verfügbarkeit vorhanden[2]	*[2]	*[2]	Sonstiges vorhanden[2]	*[2]	*[2]	Unklar A[2]	Contra B[2]	Unklar C[2]	_	_	Hauptteil[6]	4. Rebuttal[11]	
4-18	594-602	leichter	1. Richtig[2]	1. Angemessen[2]	1. Verständlich[2]	*[2]	Lebensdauer/Verfügbarkeit vorhanden[2]	*[2]	*[2]	Sonstiges vorhanden[2]	*[2]	*[2]	Unklar A[2]	Contra B[2]	Unklar C[2]	_	_	Hauptteil[6]	4. Rebuttal[11]	
4-19	603-605	zu	1. Richtig[2]	1. Angemessen[2]	1. Verständlich[2]	*[2]	Lebensdauer/Verfügbarkeit vorhanden[2]	*[2]	*[2]	Sonstiges vorhanden[2]	*[2]	*[2]	Unklar A[2]	Contra B[2]	Unklar C[2]	_	_	Hauptteil[6]	4. Rebuttal[11]	
4-20	606-612	warten	1. Richtig[2]	1. Angemessen[2]	1. Verständlich[2]	*[2]	Lebensdauer/Verfügbarkeit vorhanden[2]	*[2]	*[2]	Sonstiges vorhanden[2]	*[2]	*[2]	Unklar A[2]	Contra B[2]	Unklar C[2]	_	_	Hauptteil[6]	4. Rebuttal[11]	
4-21	613-616	und	1. Richtig[2]	1. Angemessen[2]	1. Verständlich[2]	*[2]	Lebensdauer/Verfügbarkeit vorhanden[2]	*[2]	*[2]	Sonstiges vorhanden[2]	*[2]	*[2]	Unklar A[2]	Contra B[2]	Unklar C[2]	_	_	Hauptteil[6]	4. Rebuttal[11]	
4-22	617-623	können	1. Richtig[2]	1. Angemessen[2]	1. Verständlich[2]	*[2]	Lebensdauer/Verfügbarkeit vorhanden[2]	*[2]	*[2]	Sonstiges vorhanden[2]	*[2]	*[2]	Unklar A[2]	Contra B[2]	Unklar C[2]	_	_	Hauptteil[6]	4. Rebuttal[11]	
4-23	624-626	in	1. Richtig[2]	1. Angemessen[2]	1. Verständlich[2]	*[2]	Lebensdauer/Verfügbarkeit vorhanden[2]	*[2]	*[2]	Sonstiges vorhanden[2]	*[2]	*[2]	Unklar A[2]	Contra B[2]	Unklar C[2]	_	_	Hauptteil[6]	4. Rebuttal[11]	
4-24	627-633	kurzer	1. Richtig[2]	1. Angemessen[2]	1. Verständlich[2]	*[2]	Lebensdauer/Verfügbarkeit vorhanden[2]	*[2]	*[2]	Sonstiges vorhanden[2]	*[2]	*[2]	Unklar A[2]	Contra B[2]	Unklar C[2]	_	_	Hauptteil[6]	4. Rebuttal[11]	
4-25	634-638	Zeit	1. Richtig[2]	1. Angemessen[2]	1. Verständlich[2]	*[2]	Lebensdauer/Verfügbarkeit vorhanden[2]	*[2]	*[2]	Sonstiges vorhanden[2]	*[2]	*[2]	Unklar A[2]	Contra B[2]	Unklar C[2]	_	_	Hauptteil[6]	4. Rebuttal[11]	
4-26	639-647	erneuert	1. Richtig[2]	1. Angemessen[2]	1. Verständlich[2]	*[2]	Lebensdauer/Verfügbarkeit vorhanden[2]	*[2]	*[2]	Sonstiges vorhanden[2]	*[2]	*[2]	Unklar A[2]	Contra B[2]	Unklar C[2]	_	_	Hauptteil[6]	4. Rebuttal[11]	
4-27	648-654	werden	1. Richtig[2]	1. Angemessen[2]	1. Verständlich[2]	*[2]	Lebensdauer/Verfügbarkeit vorhanden[2]	*[2]	*[2]	Sonstiges vorhanden[2]	*[2]	*[2]	Unklar A[2]	Contra B[2]	Unklar C[2]	_	_	Hauptteil[6]	4. Rebuttal[11]	
4-28	654-655	.	1. Richtig[2]	1. Angemessen[2]	1. Verständlich[2]	*[2]	Lebensdauer/Verfügbarkeit vorhanden[2]	*[2]	*[2]	Sonstiges vorhanden[2]	*[2]	*[2]	Unklar A[2]	Contra B[2]	Unklar C[2]	_	_	Hauptteil[6]	4. Rebuttal[11]	

5-1	657-668	Solarzellen	1. Richtig[2]	1. Angemessen[2]	1. Verständlich[2]	*[2]	Lebensdauer/Verfügbarkeit vorhanden[2]	*[2]	*[2]	Sonstiges vorhanden[2]	*[2]	*[2]	Unklar A[2]	Contra B[2]	Unklar C[2]	_	_	Hauptteil[6]	1. Claim[12]	
5-2	669-673	sind	1. Richtig[2]	1. Angemessen[2]	1. Verständlich[2]	*[2]	Lebensdauer/Verfügbarkeit vorhanden[2]	*[2]	*[2]	Sonstiges vorhanden[2]	*[2]	*[2]	Unklar A[2]	Contra B[2]	Unklar C[2]	_	_	Hauptteil[6]	1. Claim[12]	
5-3	674-682	hingegen	1. Richtig[2]	1. Angemessen[2]	1. Verständlich[2]	*[2]	Lebensdauer/Verfügbarkeit vorhanden[2]	*[2]	*[2]	Sonstiges vorhanden[2]	*[2]	*[2]	Unklar A[2]	Contra B[2]	Unklar C[2]	_	_	Hauptteil[6]	1. Claim[12]	
5-4	683-692	ebenfalls	1. Richtig[2]	1. Angemessen[2]	1. Verständlich[2]	*[2]	Lebensdauer/Verfügbarkeit vorhanden[2]	*[2]	*[2]	Sonstiges vorhanden[2]	*[2]	*[2]	Unklar A[2]	Contra B[2]	Unklar C[2]	_	_	Hauptteil[6]	1. Claim[12]	
5-5	693-704	aufwendiger	1. Richtig[2]	1. Angemessen[2]	1. Verständlich[2]	*[2]	Lebensdauer/Verfügbarkeit vorhanden[2]	*[2]	*[2]	Sonstiges vorhanden[2]	*[2]	*[2]	Unklar A[2]	Contra B[2]	Unklar C[2]	_	_	Hauptteil[6]	1. Claim[12]	
5-6	705-707	zu	1. Richtig[2]	1. Angemessen[2]	1. Verständlich[2]	*[2]	Lebensdauer/Verfügbarkeit vorhanden[2]	*[2]	*[2]	Sonstiges vorhanden[2]	*[2]	*[2]	Unklar A[2]	Contra B[2]	Unklar C[2]	_	_	Hauptteil[6]	1. Claim[12]	
5-7	708-716	erneuern	1. Richtig[2]	1. Angemessen[2]	1. Verständlich[2]	*[2]	Lebensdauer/Verfügbarkeit vorhanden[2]	*[2]	*[2]	Sonstiges vorhanden[2]	*[2]	*[2]	Unklar A[2]	Contra B[2]	Unklar C[2]	_	_	Hauptteil[6]	1. Claim[12]	
5-8	716-717	,	1. Richtig[2]	1. Angemessen[2]	1. Verständlich[2]	*[2]	Lebensdauer/Verfügbarkeit vorhanden[2]	*[2]	*[2]	Sonstiges vorhanden[2]	*[2]	*[2]	Unklar A[2]	Contra B[2]	Unklar C[2]	_	_	Hauptteil[6]	1. Claim[12]	
5-9	718-723	wobei	1. Richtig[2]	1. Angemessen[2]	1. Verständlich[2]	*[2]	Lebensdauer/Verfügbarkeit vorhanden[2]	*[2]	*[2]	Sonstiges vorhanden[2]	*[2]	*[2]	Unklar A[2]	Contra B[2]	Unklar C[2]	_	_	Hauptteil[6]	2. Data[13]	
5-10	724-729	deren	1. Richtig[2]	1. Angemessen[2]	1. Verständlich[2]	*[2]	Lebensdauer/Verfügbarkeit vorhanden[2]	*[2]	*[2]	Sonstiges vorhanden[2]	*[2]	*[2]	Unklar A[2]	Contra B[2]	Unklar C[2]	_	_	Hauptteil[6]	2. Data[13]	
5-11	730-747	durchschnittliche	1. Richtig[2]	1. Angemessen[2]	1. Verständlich[2]	*[2]	Lebensdauer/Verfügbarkeit vorhanden[2]	*[2]	*[2]	Sonstiges vorhanden[2]	*[2]	*[2]	Unklar A[2]	Contra B[2]	Unklar C[2]	_	_	Hauptteil[6]	2. Data[13]	
5-12	748-759	Lebensdauer	1. Richtig[2]	1. Angemessen[2]	1. Verständlich[2]	*[2]	Lebensdauer/Verfügbarkeit vorhanden[2]	*[2]	*[2]	Sonstiges vorhanden[2]	*[2]	*[2]	Unklar A[2]	Contra B[2]	Unklar C[2]	_	_	Hauptteil[6]	2. Data[13]	
5-13	760-763	nur	1. Richtig[2]	1. Angemessen[2]	1. Verständlich[2]	*[2]	Lebensdauer/Verfügbarkeit vorhanden[2]	*[2]	*[2]	Sonstiges vorhanden[2]	*[2]	*[2]	Unklar A[2]	Contra B[2]	Unklar C[2]	_	_	Hauptteil[6]	2. Data[13]	
5-14	764-767	bei	1. Richtig[2]	1. Angemessen[2]	1. Verständlich[2]	*[2]	Lebensdauer/Verfügbarkeit vorhanden[2]	*[2]	*[2]	Sonstiges vorhanden[2]	*[2]	*[2]	Unklar A[2]	Contra B[2]	Unklar C[2]	_	_	Hauptteil[6]	2. Data[13]	
5-15	768-770	30	1. Richtig[2]	1. Angemessen[2]	1. Verständlich[2]	*[2]	Lebensdauer/Verfügbarkeit vorhanden[2]	*[2]	*[2]	Sonstiges vorhanden[2]	*[2]	*[2]	Unklar A[2]	Contra B[2]	Unklar C[2]	_	_	Hauptteil[6]	2. Data[13]	
5-16	771-777	Jahren	1. Richtig[2]	1. Angemessen[2]	1. Verständlich[2]	*[2]	Lebensdauer/Verfügbarkeit vorhanden[2]	*[2]	*[2]	Sonstiges vorhanden[2]	*[2]	*[2]	Unklar A[2]	Contra B[2]	Unklar C[2]	_	_	Hauptteil[6]	2. Data[13]	
5-17	778-783	liegt	1. Richtig[2]	1. Angemessen[2]	1. Verständlich[2]	*[2]	Lebensdauer/Verfügbarkeit vorhanden[2]	*[2]	*[2]	Sonstiges vorhanden[2]	*[2]	*[2]	Unklar A[2]	Contra B[2]	Unklar C[2]	_	_	Hauptteil[6]	2. Data[13]	
5-18	783-784	.	1. Richtig[2]	1. Angemessen[2]	1. Verständlich[2]	*[2]	Lebensdauer/Verfügbarkeit vorhanden[2]	*[2]	*[2]	Sonstiges vorhanden[2]	*[2]	*[2]	Unklar A[2]	Contra B[2]	Unklar C[2]	_	_	Hauptteil[6]	2. Data[13]	

6-1	786-796	Zusätzlich	1. Richtig[3]	1. Angemessen[3]	1. Verständlich[3]	*[3]	*[3]	*[3]	*[3]	*[3]	Treibhausgasemissionen vorhanden[3]	*[3]	Contra A[3]	Contra B[3]	Pro C[3]	_	_	Hauptteil[6]	2. Data[14]	
6-2	797-803	stoßen	1. Richtig[3]	1. Angemessen[3]	1. Verständlich[3]	*[3]	*[3]	*[3]	*[3]	*[3]	Treibhausgasemissionen vorhanden[3]	*[3]	Contra A[3]	Contra B[3]	Pro C[3]	_	_	Hauptteil[6]	2. Data[14]	
6-3	804-813	Windparks	1. Richtig[3]	1. Angemessen[3]	1. Verständlich[3]	*[3]	*[3]	*[3]	*[3]	*[3]	Treibhausgasemissionen vorhanden[3]	*[3]	Contra A[3]	Contra B[3]	Pro C[3]	_	_	Hauptteil[6]	2. Data[14]	
6-4	814-817	mit	1. Richtig[3]	1. Angemessen[3]	1. Verständlich[3]	*[3]	*[3]	*[3]	*[3]	*[3]	Treibhausgasemissionen vorhanden[3]	*[3]	Contra A[3]	Contra B[3]	Pro C[3]	_	_	Hauptteil[6]	2. Data[14]	
6-5	818-822	8800	1. Richtig[3]	1. Angemessen[3]	1. Verständlich[3]	*[3]	*[3]	*[3]	*[3]	*[3]	Treibhausgasemissionen vorhanden[3]	*[3]	Contra A[3]	Contra B[3]	Pro C[3]	_	_	Hauptteil[6]	2. Data[14]	
6-6	823-824	t	1. Richtig[3]	1. Angemessen[3]	1. Verständlich[3]	*[3]	*[3]	*[3]	*[3]	*[3]	Treibhausgasemissionen vorhanden[3]	*[3]	Contra A[3]	Contra B[3]	Pro C[3]	_	_	Hauptteil[6]	2. Data[14]	
6-7	825-828	CO2	1. Richtig[3]	1. Angemessen[3]	1. Verständlich[3]	*[3]	*[3]	*[3]	*[3]	*[3]	Treibhausgasemissionen vorhanden[3]	*[3]	Contra A[3]	Contra B[3]	Pro C[3]	_	_	Hauptteil[6]	2. Data[14]	
6-8	828-829	-	1. Richtig[3]	1. Angemessen[3]	1. Verständlich[3]	*[3]	*[3]	*[3]	*[3]	*[3]	Treibhausgasemissionen vorhanden[3]	*[3]	Contra A[3]	Contra B[3]	Pro C[3]	_	_	Hauptteil[6]	2. Data[14]	
6-9	829-838	Äqivalent	1. Richtig[3]	1. Angemessen[3]	1. Verständlich[3]	*[3]	*[3]	*[3]	*[3]	*[3]	Treibhausgasemissionen vorhanden[3]	*[3]	Contra A[3]	Contra B[3]	Pro C[3]	_	_	Hauptteil[6]	2. Data[14]	
6-10	839-842	die	1. Richtig[3]	1. Angemessen[3]	1. Verständlich[3]	*[3]	*[3]	*[3]	*[3]	*[3]	Treibhausgasemissionen vorhanden[3]	*[3]	Contra A[3]	Contra B[3]	Pro C[3]	_	_	Hauptteil[6]	2. Data[14]	
6-11	843-852	wenigsten	1. Richtig[3]	1. Angemessen[3]	1. Verständlich[3]	*[3]	*[3]	*[3]	*[3]	*[3]	Treibhausgasemissionen vorhanden[3]	*[3]	Contra A[3]	Contra B[3]	Pro C[3]	_	_	Hauptteil[6]	2. Data[14]	
6-12	853-863	Emissionen	1. Richtig[3]	1. Angemessen[3]	1. Verständlich[3]	*[3]	*[3]	*[3]	*[3]	*[3]	Treibhausgasemissionen vorhanden[3]	*[3]	Contra A[3]	Contra B[3]	Pro C[3]	_	_	Hauptteil[6]	2. Data[14]	
6-13	864-867	aus	1. Richtig[3]	1. Angemessen[3]	1. Verständlich[3]	*[3]	*[3]	*[3]	*[3]	*[3]	Treibhausgasemissionen vorhanden[3]	*[3]	Contra A[3]	Contra B[3]	Pro C[3]	_	_	Hauptteil[6]	2. Data[14]	
6-14	867-868	,	1. Richtig[3]	1. Angemessen[3]	1. Verständlich[3]	*[3]	*[3]	*[3]	*[3]	*[3]	Treibhausgasemissionen vorhanden[3]	*[3]	Contra A[3]	Contra B[3]	Pro C[3]	_	_	Hauptteil[6]	2. Data[14]	
6-15	869-874	wobei	1. Richtig[3]	1. Angemessen[3]	1. Verständlich[3]	*[3]	*[3]	*[3]	*[3]	*[3]	Treibhausgasemissionen vorhanden[3]	*[3]	Contra A[3]	Contra B[3]	Pro C[3]	_	_	Hauptteil[6]	2. Data[14]	
6-16	875-886	Solarzellen	1. Richtig[3]	1. Angemessen[3]	1. Verständlich[3]	*[3]	*[3]	*[3]	*[3]	*[3]	Treibhausgasemissionen vorhanden[3]	*[3]	Contra A[3]	Contra B[3]	Pro C[3]	_	_	Hauptteil[6]	2. Data[14]	
6-17	887-890	bei	1. Richtig[3]	1. Angemessen[3]	1. Verständlich[3]	*[3]	*[3]	*[3]	*[3]	*[3]	Treibhausgasemissionen vorhanden[3]	*[3]	Contra A[3]	Contra B[3]	Pro C[3]	_	_	Hauptteil[6]	2. Data[14]	
6-18	891-897	35000t	1. Richtig[3]	1. Angemessen[3]	1. Verständlich[3]	*[3]	*[3]	*[3]	*[3]	*[3]	Treibhausgasemissionen vorhanden[3]	*[3]	Contra A[3]	Contra B[3]	Pro C[3]	_	_	Hauptteil[6]	2. Data[14]	
6-19	898-901	und	1. Richtig[3]	1. Angemessen[3]	1. Verständlich[3]	*[3]	*[3]	*[3]	*[3]	*[3]	Treibhausgasemissionen vorhanden[3]	*[3]	Contra A[3]	Contra B[3]	Pro C[3]	_	_	Hauptteil[6]	2. Data[14]	
6-20	902-917	Wasserkraftwrke	1. Richtig[3]	1. Angemessen[3]	1. Verständlich[3]	*[3]	*[3]	*[3]	*[3]	*[3]	Treibhausgasemissionen vorhanden[3]	*[3]	Contra A[3]	Contra B[3]	Pro C[3]	_	_	Hauptteil[6]	2. Data[14]	
6-21	918-921	bei	1. Richtig[3]	1. Angemessen[3]	1. Verständlich[3]	*[3]	*[3]	*[3]	*[3]	*[3]	Treibhausgasemissionen vorhanden[3]	*[3]	Contra A[3]	Contra B[3]	Pro C[3]	_	_	Hauptteil[6]	2. Data[14]	
6-22	922-928	12000t	1. Richtig[3]	1. Angemessen[3]	1. Verständlich[3]	*[3]	*[3]	*[3]	*[3]	*[3]	Treibhausgasemissionen vorhanden[3]	*[3]	Contra A[3]	Contra B[3]	Pro C[3]	_	_	Hauptteil[6]	2. Data[14]	
6-23	929-935	liegen	1. Richtig[3]	1. Angemessen[3]	1. Verständlich[3]	*[3]	*[3]	*[3]	*[3]	*[3]	Treibhausgasemissionen vorhanden[3]	*[3]	Contra A[3]	Contra B[3]	Pro C[3]	_	_	Hauptteil[6]	2. Data[14]	
6-24	935-936	.	1. Richtig[3]	1. Angemessen[3]	1. Verständlich[3]	*[3]	*[3]	*[3]	*[3]	*[3]	Treibhausgasemissionen vorhanden[3]	*[3]	Contra A[3]	Contra B[3]	Pro C[3]	_	_	Hauptteil[6]	2. Data[14]	
