#FORMAT=WebAnno TSV 3.3
#T_SP=webanno.custom.Argument|Accuracy|Adequacy|Clarity|KriteriumJahresertragEnergiedichte|KriteriumLebensdauerVerfgbarkeit|KriteriumLokaleEmissionenGeruschemissionen|KriteriumPreisBetrieb|KriteriumSonstiges|KriteriumTreibhausgasemissionen|KriteriumWirkungsgrad|OptionA|OptionB|OptionC
#T_SP=webanno.custom.Struktur|Struktur
#T_SP=webanno.custom.StrukturTAP|TAPArgumente


1-1	0-7	Zurzeit	_	_	_	_	_	_	_	_	_	_	_	_	_	Einleitung[5]	_	
1-2	8-12	wird	_	_	_	_	_	_	_	_	_	_	_	_	_	Einleitung[5]	_	
1-3	13-17	über	_	_	_	_	_	_	_	_	_	_	_	_	_	Einleitung[5]	_	
1-4	18-35	Umweltfreundliche	_	_	_	_	_	_	_	_	_	_	_	_	_	Einleitung[5]	_	
1-5	36-49	Energieträger	_	_	_	_	_	_	_	_	_	_	_	_	_	Einleitung[5]	_	
1-6	50-54	viel	_	_	_	_	_	_	_	_	_	_	_	_	_	Einleitung[5]	_	
1-7	55-65	Diskutiert	_	_	_	_	_	_	_	_	_	_	_	_	_	Einleitung[5]	_	
1-8	66-68	ob	_	_	_	_	_	_	_	_	_	_	_	_	_	Einleitung[5]	_	
1-9	69-73	Akku	_	_	_	_	_	_	_	_	_	_	_	_	_	Einleitung[5]	_	
1-10	73-74	,	_	_	_	_	_	_	_	_	_	_	_	_	_	Einleitung[5]	_	
1-11	75-86	Wasserstoff	_	_	_	_	_	_	_	_	_	_	_	_	_	Einleitung[5]	_	
1-12	87-91	oder	_	_	_	_	_	_	_	_	_	_	_	_	_	Einleitung[5]	_	
1-13	92-104	Synthetische	_	_	_	_	_	_	_	_	_	_	_	_	_	Einleitung[5]	_	
1-14	105-116	Kraftstoffe	_	_	_	_	_	_	_	_	_	_	_	_	_	Einleitung[5]	_	
1-15	117-121	doch	_	_	_	_	_	_	_	_	_	_	_	_	_	Einleitung[5]	_	
1-16	122-129	welcher	_	_	_	_	_	_	_	_	_	_	_	_	_	Einleitung[5]	_	
1-17	130-133	von	_	_	_	_	_	_	_	_	_	_	_	_	_	Einleitung[5]	_	
1-18	134-139	ihnen	_	_	_	_	_	_	_	_	_	_	_	_	_	Einleitung[5]	_	
1-19	140-144	wird	_	_	_	_	_	_	_	_	_	_	_	_	_	Einleitung[5]	_	
1-20	145-151	unsere	_	_	_	_	_	_	_	_	_	_	_	_	_	Einleitung[5]	_	
1-21	152-157	Autos	_	_	_	_	_	_	_	_	_	_	_	_	_	Einleitung[5]	_	
1-22	158-161	der	_	_	_	_	_	_	_	_	_	_	_	_	_	Einleitung[5]	_	
1-23	162-168	Zukunf	_	_	_	_	_	_	_	_	_	_	_	_	_	Einleitung[5]	_	
1-24	169-172	mit	_	_	_	_	_	_	_	_	_	_	_	_	_	Einleitung[5]	_	
1-25	173-180	Energie	_	_	_	_	_	_	_	_	_	_	_	_	_	Einleitung[5]	_	
1-26	181-190	versorgen	_	_	_	_	_	_	_	_	_	_	_	_	_	Einleitung[5]	_	
1-27	190-191	?	_	_	_	_	_	_	_	_	_	_	_	_	_	Einleitung[5]	_	

2-1	192-197	Diese	_	_	_	_	_	_	_	_	_	_	_	_	_	Einleitung[5]	_	
2-2	198-203	Frage	_	_	_	_	_	_	_	_	_	_	_	_	_	Einleitung[5]	_	
2-3	204-210	möchte	_	_	_	_	_	_	_	_	_	_	_	_	_	Einleitung[5]	_	
2-4	211-214	ich	_	_	_	_	_	_	_	_	_	_	_	_	_	Einleitung[5]	_	
2-5	215-217	im	_	_	_	_	_	_	_	_	_	_	_	_	_	Einleitung[5]	_	
2-6	218-227	folgendem	_	_	_	_	_	_	_	_	_	_	_	_	_	Einleitung[5]	_	
2-7	228-232	Text	_	_	_	_	_	_	_	_	_	_	_	_	_	Einleitung[5]	_	
2-8	233-242	erläutern	_	_	_	_	_	_	_	_	_	_	_	_	_	Einleitung[5]	_	
2-9	242-243	.	_	_	_	_	_	_	_	_	_	_	_	_	_	Einleitung[5]	_	

3-1	245-248	Bei	3. Nicht zutreffend[1]	3. Nicht zutreffend[1]	1. Verständlich[1]	*[1]	*[1]	*[1]	*[1]	Sonstiges vorhanden[1]	*[1]	*[1]	*[1]	*[1]	Contra C[1]	Hauptteil[6]	2. Data[7]	
3-2	249-262	Akkumulatoren	3. Nicht zutreffend[1]	3. Nicht zutreffend[1]	1. Verständlich[1]	*[1]	*[1]	*[1]	*[1]	Sonstiges vorhanden[1]	*[1]	*[1]	*[1]	*[1]	Contra C[1]	Hauptteil[6]	2. Data[7]	
3-3	263-270	handelt	3. Nicht zutreffend[1]	3. Nicht zutreffend[1]	1. Verständlich[1]	*[1]	*[1]	*[1]	*[1]	Sonstiges vorhanden[1]	*[1]	*[1]	*[1]	*[1]	Contra C[1]	Hauptteil[6]	2. Data[7]	
3-4	271-273	es	3. Nicht zutreffend[1]	3. Nicht zutreffend[1]	1. Verständlich[1]	*[1]	*[1]	*[1]	*[1]	Sonstiges vorhanden[1]	*[1]	*[1]	*[1]	*[1]	Contra C[1]	Hauptteil[6]	2. Data[7]	
3-5	274-278	sich	3. Nicht zutreffend[1]	3. Nicht zutreffend[1]	1. Verständlich[1]	*[1]	*[1]	*[1]	*[1]	Sonstiges vorhanden[1]	*[1]	*[1]	*[1]	*[1]	Contra C[1]	Hauptteil[6]	2. Data[7]	
3-6	279-281	um	3. Nicht zutreffend[1]	3. Nicht zutreffend[1]	1. Verständlich[1]	*[1]	*[1]	*[1]	*[1]	Sonstiges vorhanden[1]	*[1]	*[1]	*[1]	*[1]	Contra C[1]	Hauptteil[6]	2. Data[7]	
3-7	282-286	eine	3. Nicht zutreffend[1]	3. Nicht zutreffend[1]	1. Verständlich[1]	*[1]	*[1]	*[1]	*[1]	Sonstiges vorhanden[1]	*[1]	*[1]	*[1]	*[1]	Contra C[1]	Hauptteil[6]	2. Data[7]	
3-8	287-303	Lithium-Batterie	3. Nicht zutreffend[1]	3. Nicht zutreffend[1]	1. Verständlich[1]	*[1]	*[1]	*[1]	*[1]	Sonstiges vorhanden[1]	*[1]	*[1]	*[1]	*[1]	Contra C[1]	Hauptteil[6]	2. Data[7]	
3-9	304-307	die	3. Nicht zutreffend[1]	3. Nicht zutreffend[1]	1. Verständlich[1]	*[1]	*[1]	*[1]	*[1]	Sonstiges vorhanden[1]	*[1]	*[1]	*[1]	*[1]	Contra C[1]	Hauptteil[6]	2. Data[7]	
3-10	308-311	den	3. Nicht zutreffend[1]	3. Nicht zutreffend[1]	1. Verständlich[1]	*[1]	*[1]	*[1]	*[1]	Sonstiges vorhanden[1]	*[1]	*[1]	*[1]	*[1]	Contra C[1]	Hauptteil[6]	2. Data[7]	
3-11	312-317	Motor	3. Nicht zutreffend[1]	3. Nicht zutreffend[1]	1. Verständlich[1]	*[1]	*[1]	*[1]	*[1]	Sonstiges vorhanden[1]	*[1]	*[1]	*[1]	*[1]	Contra C[1]	Hauptteil[6]	2. Data[7]	
3-12	318-321	mit	3. Nicht zutreffend[1]	3. Nicht zutreffend[1]	1. Verständlich[1]	*[1]	*[1]	*[1]	*[1]	Sonstiges vorhanden[1]	*[1]	*[1]	*[1]	*[1]	Contra C[1]	Hauptteil[6]	2. Data[7]	
3-13	322-327	Strom	3. Nicht zutreffend[1]	3. Nicht zutreffend[1]	1. Verständlich[1]	*[1]	*[1]	*[1]	*[1]	Sonstiges vorhanden[1]	*[1]	*[1]	*[1]	*[1]	Contra C[1]	Hauptteil[6]	2. Data[7]	
3-14	328-336	versorgt	3. Nicht zutreffend[1]	3. Nicht zutreffend[1]	1. Verständlich[1]	*[1]	*[1]	*[1]	*[1]	Sonstiges vorhanden[1]	*[1]	*[1]	*[1]	*[1]	Contra C[1]	Hauptteil[6]	2. Data[7]	
3-15	336-337	.	3. Nicht zutreffend[1]	3. Nicht zutreffend[1]	1. Verständlich[1]	*[1]	*[1]	*[1]	*[1]	Sonstiges vorhanden[1]	*[1]	*[1]	*[1]	*[1]	Contra C[1]	Hauptteil[6]	2. Data[7]	

4-1	339-341	Um	3. Nicht zutreffend[1]	3. Nicht zutreffend[1]	1. Verständlich[1]	*[1]	*[1]	*[1]	*[1]	Sonstiges vorhanden[1]	*[1]	*[1]	*[1]	*[1]	Contra C[1]	Hauptteil[6]	1. Claim[8]	
4-2	342-347	solch	3. Nicht zutreffend[1]	3. Nicht zutreffend[1]	1. Verständlich[1]	*[1]	*[1]	*[1]	*[1]	Sonstiges vorhanden[1]	*[1]	*[1]	*[1]	*[1]	Contra C[1]	Hauptteil[6]	1. Claim[8]	
4-3	348-352	eine	3. Nicht zutreffend[1]	3. Nicht zutreffend[1]	1. Verständlich[1]	*[1]	*[1]	*[1]	*[1]	Sonstiges vorhanden[1]	*[1]	*[1]	*[1]	*[1]	Contra C[1]	Hauptteil[6]	1. Claim[8]	
4-4	353-361	Batterie	3. Nicht zutreffend[1]	3. Nicht zutreffend[1]	1. Verständlich[1]	*[1]	*[1]	*[1]	*[1]	Sonstiges vorhanden[1]	*[1]	*[1]	*[1]	*[1]	Contra C[1]	Hauptteil[6]	1. Claim[8]	
4-5	362-374	herzustellen	3. Nicht zutreffend[1]	3. Nicht zutreffend[1]	1. Verständlich[1]	*[1]	*[1]	*[1]	*[1]	Sonstiges vorhanden[1]	*[1]	*[1]	*[1]	*[1]	Contra C[1]	Hauptteil[6]	1. Claim[8]	
4-6	375-383	benötigt	3. Nicht zutreffend[1]	3. Nicht zutreffend[1]	1. Verständlich[1]	*[1]	*[1]	*[1]	*[1]	Sonstiges vorhanden[1]	*[1]	*[1]	*[1]	*[1]	Contra C[1]	Hauptteil[6]	1. Claim[8]	
4-7	384-386	es	3. Nicht zutreffend[1]	3. Nicht zutreffend[1]	1. Verständlich[1]	*[1]	*[1]	*[1]	*[1]	Sonstiges vorhanden[1]	*[1]	*[1]	*[1]	*[1]	Contra C[1]	Hauptteil[6]	1. Claim[8]	
4-8	387-394	relativ	3. Nicht zutreffend[1]	3. Nicht zutreffend[1]	1. Verständlich[1]	*[1]	*[1]	*[1]	*[1]	Sonstiges vorhanden[1]	*[1]	*[1]	*[1]	*[1]	Contra C[1]	Hauptteil[6]	1. Claim[8]	
4-9	395-399	viel	3. Nicht zutreffend[1]	3. Nicht zutreffend[1]	1. Verständlich[1]	*[1]	*[1]	*[1]	*[1]	Sonstiges vorhanden[1]	*[1]	*[1]	*[1]	*[1]	Contra C[1]	Hauptteil[6]	1. Claim[8]	
4-10	400-406	Auwand	3. Nicht zutreffend[1]	3. Nicht zutreffend[1]	1. Verständlich[1]	*[1]	*[1]	*[1]	*[1]	Sonstiges vorhanden[1]	*[1]	*[1]	*[1]	*[1]	Contra C[1]	Hauptteil[6]	1. Claim[8]	
4-11	407-413	dieser	3. Nicht zutreffend[1]	3. Nicht zutreffend[1]	1. Verständlich[1]	*[1]	*[1]	*[1]	*[1]	Sonstiges vorhanden[1]	*[1]	*[1]	*[1]	*[1]	Contra C[1]	Hauptteil[6]	1. Claim[9]	
4-12	414-421	Prozess	3. Nicht zutreffend[1]	3. Nicht zutreffend[1]	1. Verständlich[1]	*[1]	*[1]	*[1]	*[1]	Sonstiges vorhanden[1]	*[1]	*[1]	*[1]	*[1]	Contra C[1]	Hauptteil[6]	1. Claim[9]	
4-13	422-425	ist	3. Nicht zutreffend[1]	3. Nicht zutreffend[1]	1. Verständlich[1]	*[1]	*[1]	*[1]	*[1]	Sonstiges vorhanden[1]	*[1]	*[1]	*[1]	*[1]	Contra C[1]	Hauptteil[6]	1. Claim[9]	
4-14	426-433	genauso	3. Nicht zutreffend[1]	3. Nicht zutreffend[1]	1. Verständlich[1]	*[1]	*[1]	*[1]	*[1]	Sonstiges vorhanden[1]	*[1]	*[1]	*[1]	*[1]	Contra C[1]	Hauptteil[6]	1. Claim[9]	
4-15	434-449	umweltschädlich	3. Nicht zutreffend[1]	3. Nicht zutreffend[1]	1. Verständlich[1]	*[1]	*[1]	*[1]	*[1]	Sonstiges vorhanden[1]	*[1]	*[1]	*[1]	*[1]	Contra C[1]	Hauptteil[6]	1. Claim[9]	
4-16	450-453	wie	3. Nicht zutreffend[1]	3. Nicht zutreffend[1]	1. Verständlich[1]	*[1]	*[1]	*[1]	*[1]	Sonstiges vorhanden[1]	*[1]	*[1]	*[1]	*[1]	Contra C[1]	Hauptteil[6]	1. Claim[9]	
4-17	454-457	das	3. Nicht zutreffend[1]	3. Nicht zutreffend[1]	1. Verständlich[1]	*[1]	*[1]	*[1]	*[1]	Sonstiges vorhanden[1]	*[1]	*[1]	*[1]	*[1]	Contra C[1]	Hauptteil[6]	1. Claim[9]	
4-18	458-464	fahren	3. Nicht zutreffend[1]	3. Nicht zutreffend[1]	1. Verständlich[1]	*[1]	*[1]	*[1]	*[1]	Sonstiges vorhanden[1]	*[1]	*[1]	*[1]	*[1]	Contra C[1]	Hauptteil[6]	1. Claim[9]	
4-19	465-468	mit	3. Nicht zutreffend[1]	3. Nicht zutreffend[1]	1. Verständlich[1]	*[1]	*[1]	*[1]	*[1]	Sonstiges vorhanden[1]	*[1]	*[1]	*[1]	*[1]	Contra C[1]	Hauptteil[6]	1. Claim[9]	
4-20	469-474	einem	3. Nicht zutreffend[1]	3. Nicht zutreffend[1]	1. Verständlich[1]	*[1]	*[1]	*[1]	*[1]	Sonstiges vorhanden[1]	*[1]	*[1]	*[1]	*[1]	Contra C[1]	Hauptteil[6]	1. Claim[9]	
4-21	475-487	Diesel-Motor	3. Nicht zutreffend[1]	3. Nicht zutreffend[1]	1. Verständlich[1]	*[1]	*[1]	*[1]	*[1]	Sonstiges vorhanden[1]	*[1]	*[1]	*[1]	*[1]	Contra C[1]	Hauptteil[6]	1. Claim[9]	
4-22	487-488	.	3. Nicht zutreffend[1]	3. Nicht zutreffend[1]	1. Verständlich[1]	*[1]	*[1]	*[1]	*[1]	Sonstiges vorhanden[1]	*[1]	*[1]	*[1]	*[1]	Contra C[1]	Hauptteil[6]	1. Claim[9]	

5-1	490-497	Ebfalls	1. Richtig[2]	1. Angemessen[2]	1. Verständlich[2]	*[2]	*[2]	*[2]	Preis/Betrieb vorhanden[2]	*[2]	*[2]	*[2]	*[2]	*[2]	Contra C[2]	Hauptteil[6]	2. Data[10]	
5-2	498-503	nimmt	1. Richtig[2]	1. Angemessen[2]	1. Verständlich[2]	*[2]	*[2]	*[2]	Preis/Betrieb vorhanden[2]	*[2]	*[2]	*[2]	*[2]	*[2]	Contra C[2]	Hauptteil[6]	2. Data[10]	
5-3	504-507	das	1. Richtig[2]	1. Angemessen[2]	1. Verständlich[2]	*[2]	*[2]	*[2]	Preis/Betrieb vorhanden[2]	*[2]	*[2]	*[2]	*[2]	*[2]	Contra C[2]	Hauptteil[6]	2. Data[10]	
5-4	508-513	Laden	1. Richtig[2]	1. Angemessen[2]	1. Verständlich[2]	*[2]	*[2]	*[2]	Preis/Betrieb vorhanden[2]	*[2]	*[2]	*[2]	*[2]	*[2]	Contra C[2]	Hauptteil[6]	2. Data[10]	
5-5	514-517	des	1. Richtig[2]	1. Angemessen[2]	1. Verständlich[2]	*[2]	*[2]	*[2]	Preis/Betrieb vorhanden[2]	*[2]	*[2]	*[2]	*[2]	*[2]	Contra C[2]	Hauptteil[6]	2. Data[10]	
5-6	518-523	Akkus	1. Richtig[2]	1. Angemessen[2]	1. Verständlich[2]	*[2]	*[2]	*[2]	Preis/Betrieb vorhanden[2]	*[2]	*[2]	*[2]	*[2]	*[2]	Contra C[2]	Hauptteil[6]	2. Data[10]	
5-7	524-528	viel	1. Richtig[2]	1. Angemessen[2]	1. Verständlich[2]	*[2]	*[2]	*[2]	Preis/Betrieb vorhanden[2]	*[2]	*[2]	*[2]	*[2]	*[2]	Contra C[2]	Hauptteil[6]	2. Data[10]	
5-8	529-533	zeit	1. Richtig[2]	1. Angemessen[2]	1. Verständlich[2]	*[2]	*[2]	*[2]	Preis/Betrieb vorhanden[2]	*[2]	*[2]	*[2]	*[2]	*[2]	Contra C[2]	Hauptteil[6]	2. Data[10]	
5-9	534-536	in	1. Richtig[2]	1. Angemessen[2]	1. Verständlich[2]	*[2]	*[2]	*[2]	Preis/Betrieb vorhanden[2]	*[2]	*[2]	*[2]	*[2]	*[2]	Contra C[2]	Hauptteil[6]	2. Data[10]	
5-10	537-545	Anspruch	1. Richtig[2]	1. Angemessen[2]	1. Verständlich[2]	*[2]	*[2]	*[2]	Preis/Betrieb vorhanden[2]	*[2]	*[2]	*[2]	*[2]	*[2]	Contra C[2]	Hauptteil[6]	2. Data[10]	
5-11	546-550	dazu	1. Richtig[2]	1. Angemessen[2]	1. Verständlich[2]	*[2]	*[2]	*[2]	Preis/Betrieb vorhanden[2]	*[2]	*[2]	*[2]	*[2]	*[2]	Contra C[2]	Hauptteil[6]	2. Data[10]	
5-12	551-558	beträgt	1. Richtig[2]	1. Angemessen[2]	1. Verständlich[2]	*[2]	*[2]	*[2]	Preis/Betrieb vorhanden[2]	*[2]	*[2]	*[2]	*[2]	*[2]	Contra C[2]	Hauptteil[6]	2. Data[10]	
5-13	559-562	die	1. Richtig[2]	1. Angemessen[2]	1. Verständlich[2]	*[2]	*[2]	*[2]	Preis/Betrieb vorhanden[2]	*[2]	*[2]	*[2]	*[2]	*[2]	Contra C[2]	Hauptteil[6]	2. Data[10]	
5-14	563-573	Reichweite	1. Richtig[2]	1. Angemessen[2]	1. Verständlich[2]	*[2]	*[2]	*[2]	Preis/Betrieb vorhanden[2]	*[2]	*[2]	*[2]	*[2]	*[2]	Contra C[2]	Hauptteil[6]	2. Data[10]	
5-15	574-577	des	1. Richtig[2]	1. Angemessen[2]	1. Verständlich[2]	*[2]	*[2]	*[2]	Preis/Betrieb vorhanden[2]	*[2]	*[2]	*[2]	*[2]	*[2]	Contra C[2]	Hauptteil[6]	2. Data[10]	
5-16	578-583	Akkus	1. Richtig[2]	1. Angemessen[2]	1. Verständlich[2]	*[2]	*[2]	*[2]	Preis/Betrieb vorhanden[2]	*[2]	*[2]	*[2]	*[2]	*[2]	Contra C[2]	Hauptteil[6]	2. Data[10]	
5-17	584-589	unter	1. Richtig[2]	1. Angemessen[2]	1. Verständlich[2]	*[2]	*[2]	*[2]	Preis/Betrieb vorhanden[2]	*[2]	*[2]	*[2]	*[2]	*[2]	Contra C[2]	Hauptteil[6]	2. Data[10]	
5-18	590-593	400	1. Richtig[2]	1. Angemessen[2]	1. Verständlich[2]	*[2]	*[2]	*[2]	Preis/Betrieb vorhanden[2]	*[2]	*[2]	*[2]	*[2]	*[2]	Contra C[2]	Hauptteil[6]	2. Data[10]	
5-19	594-596	Km	1. Richtig[2]	1. Angemessen[2]	1. Verständlich[2]	*[2]	*[2]	*[2]	Preis/Betrieb vorhanden[2]	*[2]	*[2]	*[2]	*[2]	*[2]	Contra C[2]	Hauptteil[6]	2. Data[10]	
5-20	596-597	.	1. Richtig[2]	1. Angemessen[2]	1. Verständlich[2]	*[2]	*[2]	*[2]	Preis/Betrieb vorhanden[2]	*[2]	*[2]	*[2]	*[2]	*[2]	Contra C[2]	Hauptteil[6]	2. Data[10]	

6-1	599-604	Dafür	1. Richtig[3]	1. Angemessen[3]	1. Verständlich[3]	*[3]	*[3]	Emissionen vorhanden[3]	*[3]	*[3]	*[3]	*[3]	*[3]	*[3]	Pro C[3]	Hauptteil[6]	2. Data[11]	
6-2	605-608	ist	1. Richtig[3]	1. Angemessen[3]	1. Verständlich[3]	*[3]	*[3]	Emissionen vorhanden[3]	*[3]	*[3]	*[3]	*[3]	*[3]	*[3]	Pro C[3]	Hauptteil[6]	2. Data[11]	
6-3	609-612	die	1. Richtig[3]	1. Angemessen[3]	1. Verständlich[3]	*[3]	*[3]	Emissionen vorhanden[3]	*[3]	*[3]	*[3]	*[3]	*[3]	*[3]	Pro C[3]	Hauptteil[6]	2. Data[11]	
6-4	613-629	Geräuschemission	1. Richtig[3]	1. Angemessen[3]	1. Verständlich[3]	*[3]	*[3]	Emissionen vorhanden[3]	*[3]	*[3]	*[3]	*[3]	*[3]	*[3]	Pro C[3]	Hauptteil[6]	2. Data[11]	
6-5	630-636	gering	1. Richtig[3]	1. Angemessen[3]	1. Verständlich[3]	*[3]	*[3]	Emissionen vorhanden[3]	*[3]	*[3]	*[3]	*[3]	*[3]	*[3]	Pro C[3]	Hauptteil[6]	2. Data[11]	
6-6	637-640	sie	1. Richtig[3]	1. Angemessen[3]	1. Verständlich[3]	*[3]	*[3]	Emissionen vorhanden[3]	*[3]	*[3]	*[3]	*[3]	*[3]	*[3]	Pro C[3]	Hauptteil[6]	2. Data[11]	
6-7	641-646	liegt	1. Richtig[3]	1. Angemessen[3]	1. Verständlich[3]	*[3]	*[3]	Emissionen vorhanden[3]	*[3]	*[3]	*[3]	*[3]	*[3]	*[3]	Pro C[3]	Hauptteil[6]	2. Data[11]	
6-8	647-650	bei	1. Richtig[3]	1. Angemessen[3]	1. Verständlich[3]	*[3]	*[3]	Emissionen vorhanden[3]	*[3]	*[3]	*[3]	*[3]	*[3]	*[3]	Pro C[3]	Hauptteil[6]	2. Data[11]	
6-9	651-653	ca	1. Richtig[3]	1. Angemessen[3]	1. Verständlich[3]	*[3]	*[3]	Emissionen vorhanden[3]	*[3]	*[3]	*[3]	*[3]	*[3]	*[3]	Pro C[3]	Hauptteil[6]	2. Data[11]	
6-10	653-654	.	1. Richtig[3]	1. Angemessen[3]	1. Verständlich[3]	*[3]	*[3]	Emissionen vorhanden[3]	*[3]	*[3]	*[3]	*[3]	*[3]	*[3]	Pro C[3]	Hauptteil[6]	2. Data[11]	
6-11	656-660	57DB	1. Richtig[3]	1. Angemessen[3]	1. Verständlich[3]	*[3]	*[3]	Emissionen vorhanden[3]	*[3]	*[3]	*[3]	*[3]	*[3]	*[3]	Pro C[3]	Hauptteil[6]	2. Data[11]	
6-12	661-664	bei	1. Richtig[3]	1. Angemessen[3]	1. Verständlich[3]	*[3]	*[3]	Emissionen vorhanden[3]	*[3]	*[3]	*[3]	*[3]	*[3]	*[3]	Pro C[3]	Hauptteil[6]	2. Data[11]	
6-13	665-670	einer	1. Richtig[3]	1. Angemessen[3]	1. Verständlich[3]	*[3]	*[3]	Emissionen vorhanden[3]	*[3]	*[3]	*[3]	*[3]	*[3]	*[3]	Pro C[3]	Hauptteil[6]	2. Data[11]	
6-14	671-686	Geschwindigkeit	1. Richtig[3]	1. Angemessen[3]	1. Verständlich[3]	*[3]	*[3]	Emissionen vorhanden[3]	*[3]	*[3]	*[3]	*[3]	*[3]	*[3]	Pro C[3]	Hauptteil[6]	2. Data[11]	
6-15	687-690	von	1. Richtig[3]	1. Angemessen[3]	1. Verständlich[3]	*[3]	*[3]	Emissionen vorhanden[3]	*[3]	*[3]	*[3]	*[3]	*[3]	*[3]	Pro C[3]	Hauptteil[6]	2. Data[11]	
6-16	691-693	30	1. Richtig[3]	1. Angemessen[3]	1. Verständlich[3]	*[3]	*[3]	Emissionen vorhanden[3]	*[3]	*[3]	*[3]	*[3]	*[3]	*[3]	Pro C[3]	Hauptteil[6]	2. Data[11]	
6-17	694-696	Km	1. Richtig[3]	1. Angemessen[3]	1. Verständlich[3]	*[3]	*[3]	Emissionen vorhanden[3]	*[3]	*[3]	*[3]	*[3]	*[3]	*[3]	Pro C[3]	Hauptteil[6]	2. Data[11]	
6-18	696-697	/	1. Richtig[3]	1. Angemessen[3]	1. Verständlich[3]	*[3]	*[3]	Emissionen vorhanden[3]	*[3]	*[3]	*[3]	*[3]	*[3]	*[3]	Pro C[3]	Hauptteil[6]	2. Data[11]	
6-19	697-698	h	1. Richtig[3]	1. Angemessen[3]	1. Verständlich[3]	*[3]	*[3]	Emissionen vorhanden[3]	*[3]	*[3]	*[3]	*[3]	*[3]	*[3]	Pro C[3]	Hauptteil[6]	2. Data[11]	
6-20	698-699	.	1. Richtig[3]	1. Angemessen[3]	1. Verständlich[3]	*[3]	*[3]	Emissionen vorhanden[3]	*[3]	*[3]	*[3]	*[3]	*[3]	*[3]	Pro C[3]	Hauptteil[6]	2. Data[11]	

7-1	701-704	Bei	3. Nicht zutreffend[4]	3. Nicht zutreffend[4]	3. Unverständlich[4]	*[4]	*[4]	*[4]	*[4]	Sonstiges vorhanden[4]	*[4]	*[4]	Unklar A[4]	*[4]	*[4]	Hauptteil[6]	5. Nicht zutreffend[12]	
7-2	705-708	dem	3. Nicht zutreffend[4]	3. Nicht zutreffend[4]	3. Unverständlich[4]	*[4]	*[4]	*[4]	*[4]	Sonstiges vorhanden[4]	*[4]	*[4]	Unklar A[4]	*[4]	*[4]	Hauptteil[6]	5. Nicht zutreffend[12]	
7-3	709-726	Wasserstoff-Motor	3. Nicht zutreffend[4]	3. Nicht zutreffend[4]	3. Unverständlich[4]	*[4]	*[4]	*[4]	*[4]	Sonstiges vorhanden[4]	*[4]	*[4]	Unklar A[4]	*[4]	*[4]	Hauptteil[6]	5. Nicht zutreffend[12]	
7-4	727-734	handelt	3. Nicht zutreffend[4]	3. Nicht zutreffend[4]	3. Unverständlich[4]	*[4]	*[4]	*[4]	*[4]	Sonstiges vorhanden[4]	*[4]	*[4]	Unklar A[4]	*[4]	*[4]	Hauptteil[6]	5. Nicht zutreffend[12]	
7-5	735-737	es	3. Nicht zutreffend[4]	3. Nicht zutreffend[4]	3. Unverständlich[4]	*[4]	*[4]	*[4]	*[4]	Sonstiges vorhanden[4]	*[4]	*[4]	Unklar A[4]	*[4]	*[4]	Hauptteil[6]	5. Nicht zutreffend[12]	
7-6	738-742	sich	3. Nicht zutreffend[4]	3. Nicht zutreffend[4]	3. Unverständlich[4]	*[4]	*[4]	*[4]	*[4]	Sonstiges vorhanden[4]	*[4]	*[4]	Unklar A[4]	*[4]	*[4]	Hauptteil[6]	5. Nicht zutreffend[12]	
7-7	743-745	um	3. Nicht zutreffend[4]	3. Nicht zutreffend[4]	3. Unverständlich[4]	*[4]	*[4]	*[4]	*[4]	Sonstiges vorhanden[4]	*[4]	*[4]	Unklar A[4]	*[4]	*[4]	Hauptteil[6]	5. Nicht zutreffend[12]	
7-8	746-749	ein	3. Nicht zutreffend[4]	3. Nicht zutreffend[4]	3. Unverständlich[4]	*[4]	*[4]	*[4]	*[4]	Sonstiges vorhanden[4]	*[4]	*[4]	Unklar A[4]	*[4]	*[4]	Hauptteil[6]	5. Nicht zutreffend[12]	
7-9	750-753	Gas	3. Nicht zutreffend[4]	3. Nicht zutreffend[4]	3. Unverständlich[4]	*[4]	*[4]	*[4]	*[4]	Sonstiges vorhanden[4]	*[4]	*[4]	Unklar A[4]	*[4]	*[4]	Hauptteil[6]	5. Nicht zutreffend[12]	
