#FORMAT=WebAnno TSV 3.3
#T_SP=webanno.custom.Argument|Accuracy|Adequacy|Clarity|KriteriumJahresertragEnergiedichte|KriteriumLebensdauerVerfgbarkeit|KriteriumLokaleEmissionenGeruschemissionen|KriteriumPreisBetrieb|KriteriumSonstiges|KriteriumTreibhausgasemissionen|KriteriumWirkungsgrad|OptionA|OptionB|OptionC
#T_SP=webanno.custom.Struktur|Struktur
#T_SP=webanno.custom.StrukturTAP|TAPArgumente


1-1	0-8	Windpark	1. Richtig[1]	1. Angemessen[1]	1. Verständlich[1]	Jahresertrag/Energiedichte Vorhanden[1]	Lebensdauer/Verfügbarkeit vorhanden[1]	*[1]	*[1]	*[1]	*[1]	Wirkungsgrad vorhanden[1]	Pro A[1]	Contra B[1]	Contra C[1]	Hauptteil[4]	2. Data[6]	
1-2	8-9	:	1. Richtig[1]	1. Angemessen[1]	1. Verständlich[1]	Jahresertrag/Energiedichte Vorhanden[1]	Lebensdauer/Verfügbarkeit vorhanden[1]	*[1]	*[1]	*[1]	*[1]	Wirkungsgrad vorhanden[1]	Pro A[1]	Contra B[1]	Contra C[1]	Hauptteil[4]	2. Data[6]	
1-3	10-19	Mittlerer	1. Richtig[1]	1. Angemessen[1]	1. Verständlich[1]	Jahresertrag/Energiedichte Vorhanden[1]	Lebensdauer/Verfügbarkeit vorhanden[1]	*[1]	*[1]	*[1]	*[1]	Wirkungsgrad vorhanden[1]	Pro A[1]	Contra B[1]	Contra C[1]	Hauptteil[4]	2. Data[6]	
1-4	20-31	Wirkngsgrad	1. Richtig[1]	1. Angemessen[1]	1. Verständlich[1]	Jahresertrag/Energiedichte Vorhanden[1]	Lebensdauer/Verfügbarkeit vorhanden[1]	*[1]	*[1]	*[1]	*[1]	Wirkungsgrad vorhanden[1]	Pro A[1]	Contra B[1]	Contra C[1]	Hauptteil[4]	2. Data[6]	
1-5	32-37	Hoher	1. Richtig[1]	1. Angemessen[1]	1. Verständlich[1]	Jahresertrag/Energiedichte Vorhanden[1]	Lebensdauer/Verfügbarkeit vorhanden[1]	*[1]	*[1]	*[1]	*[1]	Wirkungsgrad vorhanden[1]	Pro A[1]	Contra B[1]	Contra C[1]	Hauptteil[4]	2. Data[6]	
1-6	38-44	Ertrag	1. Richtig[1]	1. Angemessen[1]	1. Verständlich[1]	Jahresertrag/Energiedichte Vorhanden[1]	Lebensdauer/Verfügbarkeit vorhanden[1]	*[1]	*[1]	*[1]	*[1]	Wirkungsgrad vorhanden[1]	Pro A[1]	Contra B[1]	Contra C[1]	Hauptteil[4]	2. Data[6]	
1-7	45-52	Geringe	1. Richtig[1]	1. Angemessen[1]	1. Verständlich[1]	Jahresertrag/Energiedichte Vorhanden[1]	Lebensdauer/Verfügbarkeit vorhanden[1]	*[1]	*[1]	*[1]	*[1]	Wirkungsgrad vorhanden[1]	Pro A[1]	Contra B[1]	Contra C[1]	Hauptteil[4]	2. Data[6]	
1-8	53-64	Lebensdauer	1. Richtig[1]	1. Angemessen[1]	1. Verständlich[1]	Jahresertrag/Energiedichte Vorhanden[1]	Lebensdauer/Verfügbarkeit vorhanden[1]	*[1]	*[1]	*[1]	*[1]	Wirkungsgrad vorhanden[1]	Pro A[1]	Contra B[1]	Contra C[1]	Hauptteil[4]	2. Data[6]	
1-9	65-74	Solarpark	1. Richtig[1]	1. Angemessen[1]	1. Verständlich[1]	Jahresertrag/Energiedichte Vorhanden[1]	Lebensdauer/Verfügbarkeit vorhanden[1]	*[1]	*[1]	*[1]	*[1]	Wirkungsgrad vorhanden[1]	Pro A[1]	Contra B[1]	Contra C[1]	Hauptteil[4]	2. Data[7]	
1-10	74-75	:	1. Richtig[1]	1. Angemessen[1]	1. Verständlich[1]	Jahresertrag/Energiedichte Vorhanden[1]	Lebensdauer/Verfügbarkeit vorhanden[1]	*[1]	*[1]	*[1]	*[1]	Wirkungsgrad vorhanden[1]	Pro A[1]	Contra B[1]	Contra C[1]	Hauptteil[4]	2. Data[7]	
1-11	76-84	Geringer	1. Richtig[1]	1. Angemessen[1]	1. Verständlich[1]	Jahresertrag/Energiedichte Vorhanden[1]	Lebensdauer/Verfügbarkeit vorhanden[1]	*[1]	*[1]	*[1]	*[1]	Wirkungsgrad vorhanden[1]	Pro A[1]	Contra B[1]	Contra C[1]	Hauptteil[4]	2. Data[7]	
1-12	85-97	Wirkungsgrad	1. Richtig[1]	1. Angemessen[1]	1. Verständlich[1]	Jahresertrag/Energiedichte Vorhanden[1]	Lebensdauer/Verfügbarkeit vorhanden[1]	*[1]	*[1]	*[1]	*[1]	Wirkungsgrad vorhanden[1]	Pro A[1]	Contra B[1]	Contra C[1]	Hauptteil[4]	2. Data[7]	
1-13	98-106	Geringer	1. Richtig[1]	1. Angemessen[1]	1. Verständlich[1]	Jahresertrag/Energiedichte Vorhanden[1]	Lebensdauer/Verfügbarkeit vorhanden[1]	*[1]	*[1]	*[1]	*[1]	Wirkungsgrad vorhanden[1]	Pro A[1]	Contra B[1]	Contra C[1]	Hauptteil[4]	2. Data[7]	
1-14	107-113	Ertrag	1. Richtig[1]	1. Angemessen[1]	1. Verständlich[1]	Jahresertrag/Energiedichte Vorhanden[1]	Lebensdauer/Verfügbarkeit vorhanden[1]	*[1]	*[1]	*[1]	*[1]	Wirkungsgrad vorhanden[1]	Pro A[1]	Contra B[1]	Contra C[1]	Hauptteil[4]	2. Data[7]	
1-15	114-121	geringe	1. Richtig[1]	1. Angemessen[1]	1. Verständlich[1]	Jahresertrag/Energiedichte Vorhanden[1]	Lebensdauer/Verfügbarkeit vorhanden[1]	*[1]	*[1]	*[1]	*[1]	Wirkungsgrad vorhanden[1]	Pro A[1]	Contra B[1]	Contra C[1]	Hauptteil[4]	2. Data[7]	
1-16	122-133	Lebensdauer	1. Richtig[1]	1. Angemessen[1]	1. Verständlich[1]	Jahresertrag/Energiedichte Vorhanden[1]	Lebensdauer/Verfügbarkeit vorhanden[1]	*[1]	*[1]	*[1]	*[1]	Wirkungsgrad vorhanden[1]	Pro A[1]	Contra B[1]	Contra C[1]	Hauptteil[4]	2. Data[7]	
1-17	134-150	Wasserkraftalage	1. Richtig[1]	1. Angemessen[1]	1. Verständlich[1]	Jahresertrag/Energiedichte Vorhanden[1]	Lebensdauer/Verfügbarkeit vorhanden[1]	*[1]	*[1]	*[1]	*[1]	Wirkungsgrad vorhanden[1]	Pro A[1]	Contra B[1]	Contra C[1]	Hauptteil[4]	2. Data[8]	
1-18	150-151	:	1. Richtig[1]	1. Angemessen[1]	1. Verständlich[1]	Jahresertrag/Energiedichte Vorhanden[1]	Lebensdauer/Verfügbarkeit vorhanden[1]	*[1]	*[1]	*[1]	*[1]	Wirkungsgrad vorhanden[1]	Pro A[1]	Contra B[1]	Contra C[1]	Hauptteil[4]	2. Data[8]	
1-19	152-157	Hoher	1. Richtig[1]	1. Angemessen[1]	1. Verständlich[1]	Jahresertrag/Energiedichte Vorhanden[1]	Lebensdauer/Verfügbarkeit vorhanden[1]	*[1]	*[1]	*[1]	*[1]	Wirkungsgrad vorhanden[1]	Pro A[1]	Contra B[1]	Contra C[1]	Hauptteil[4]	2. Data[8]	
1-20	158-170	Wirkungsgrad	1. Richtig[1]	1. Angemessen[1]	1. Verständlich[1]	Jahresertrag/Energiedichte Vorhanden[1]	Lebensdauer/Verfügbarkeit vorhanden[1]	*[1]	*[1]	*[1]	*[1]	Wirkungsgrad vorhanden[1]	Pro A[1]	Contra B[1]	Contra C[1]	Hauptteil[4]	2. Data[8]	
1-21	171-176	Hoher	1. Richtig[1]	1. Angemessen[1]	1. Verständlich[1]	Jahresertrag/Energiedichte Vorhanden[1]	Lebensdauer/Verfügbarkeit vorhanden[1]	*[1]	*[1]	*[1]	*[1]	Wirkungsgrad vorhanden[1]	Pro A[1]	Contra B[1]	Contra C[1]	Hauptteil[4]	2. Data[8]	
1-22	177-183	Ertrag	1. Richtig[1]	1. Angemessen[1]	1. Verständlich[1]	Jahresertrag/Energiedichte Vorhanden[1]	Lebensdauer/Verfügbarkeit vorhanden[1]	*[1]	*[1]	*[1]	*[1]	Wirkungsgrad vorhanden[1]	Pro A[1]	Contra B[1]	Contra C[1]	Hauptteil[4]	2. Data[8]	
1-23	184-188	Hohe	1. Richtig[1]	1. Angemessen[1]	1. Verständlich[1]	Jahresertrag/Energiedichte Vorhanden[1]	Lebensdauer/Verfügbarkeit vorhanden[1]	*[1]	*[1]	*[1]	*[1]	Wirkungsgrad vorhanden[1]	Pro A[1]	Contra B[1]	Contra C[1]	Hauptteil[4]	2. Data[8]	
1-24	189-200	Lebensdauer	1. Richtig[1]	1. Angemessen[1]	1. Verständlich[1]	Jahresertrag/Energiedichte Vorhanden[1]	Lebensdauer/Verfügbarkeit vorhanden[1]	*[1]	*[1]	*[1]	*[1]	Wirkungsgrad vorhanden[1]	Pro A[1]	Contra B[1]	Contra C[1]	Hauptteil[4]	2. Data[8]	
1-25	201-204	Der	1. Richtig[1]	1. Angemessen[1]	1. Verständlich[1]	Jahresertrag/Energiedichte Vorhanden[1]	Lebensdauer/Verfügbarkeit vorhanden[1]	*[1]	*[1]	*[1]	*[1]	Wirkungsgrad vorhanden[1]	Pro A[1]	Contra B[1]	Contra C[1]	Hauptteil[4]	1. Claim[9]	
1-26	205-217	Wirkungsgrad	1. Richtig[1]	1. Angemessen[1]	1. Verständlich[1]	Jahresertrag/Energiedichte Vorhanden[1]	Lebensdauer/Verfügbarkeit vorhanden[1]	*[1]	*[1]	*[1]	*[1]	Wirkungsgrad vorhanden[1]	Pro A[1]	Contra B[1]	Contra C[1]	Hauptteil[4]	1. Claim[9]	
1-27	217-218	:	1. Richtig[1]	1. Angemessen[1]	1. Verständlich[1]	Jahresertrag/Energiedichte Vorhanden[1]	Lebensdauer/Verfügbarkeit vorhanden[1]	*[1]	*[1]	*[1]	*[1]	Wirkungsgrad vorhanden[1]	Pro A[1]	Contra B[1]	Contra C[1]	Hauptteil[4]	1. Claim[9]	
1-28	219-222	Der	1. Richtig[1]	1. Angemessen[1]	1. Verständlich[1]	Jahresertrag/Energiedichte Vorhanden[1]	Lebensdauer/Verfügbarkeit vorhanden[1]	*[1]	*[1]	*[1]	*[1]	Wirkungsgrad vorhanden[1]	Pro A[1]	Contra B[1]	Contra C[1]	Hauptteil[4]	1. Claim[9]	
1-29	223-235	Wirkungsgrad	1. Richtig[1]	1. Angemessen[1]	1. Verständlich[1]	Jahresertrag/Energiedichte Vorhanden[1]	Lebensdauer/Verfügbarkeit vorhanden[1]	*[1]	*[1]	*[1]	*[1]	Wirkungsgrad vorhanden[1]	Pro A[1]	Contra B[1]	Contra C[1]	Hauptteil[4]	1. Claim[9]	
1-30	236-239	ist	1. Richtig[1]	1. Angemessen[1]	1. Verständlich[1]	Jahresertrag/Energiedichte Vorhanden[1]	Lebensdauer/Verfügbarkeit vorhanden[1]	*[1]	*[1]	*[1]	*[1]	Wirkungsgrad vorhanden[1]	Pro A[1]	Contra B[1]	Contra C[1]	Hauptteil[4]	1. Claim[9]	
1-31	240-244	sehr	1. Richtig[1]	1. Angemessen[1]	1. Verständlich[1]	Jahresertrag/Energiedichte Vorhanden[1]	Lebensdauer/Verfügbarkeit vorhanden[1]	*[1]	*[1]	*[1]	*[1]	Wirkungsgrad vorhanden[1]	Pro A[1]	Contra B[1]	Contra C[1]	Hauptteil[4]	1. Claim[9]	
1-32	245-252	wichtig	1. Richtig[1]	1. Angemessen[1]	1. Verständlich[1]	Jahresertrag/Energiedichte Vorhanden[1]	Lebensdauer/Verfügbarkeit vorhanden[1]	*[1]	*[1]	*[1]	*[1]	Wirkungsgrad vorhanden[1]	Pro A[1]	Contra B[1]	Contra C[1]	Hauptteil[4]	1. Claim[9]	
1-33	253-257	wenn	1. Richtig[1]	1. Angemessen[1]	1. Verständlich[1]	Jahresertrag/Energiedichte Vorhanden[1]	Lebensdauer/Verfügbarkeit vorhanden[1]	*[1]	*[1]	*[1]	*[1]	Wirkungsgrad vorhanden[1]	Pro A[1]	Contra B[1]	Contra C[1]	Hauptteil[4]	1. Claim[9]	
1-34	258-260	es	1. Richtig[1]	1. Angemessen[1]	1. Verständlich[1]	Jahresertrag/Energiedichte Vorhanden[1]	Lebensdauer/Verfügbarkeit vorhanden[1]	*[1]	*[1]	*[1]	*[1]	Wirkungsgrad vorhanden[1]	Pro A[1]	Contra B[1]	Contra C[1]	Hauptteil[4]	1. Claim[9]	
1-35	261-263	um	1. Richtig[1]	1. Angemessen[1]	1. Verständlich[1]	Jahresertrag/Energiedichte Vorhanden[1]	Lebensdauer/Verfügbarkeit vorhanden[1]	*[1]	*[1]	*[1]	*[1]	Wirkungsgrad vorhanden[1]	Pro A[1]	Contra B[1]	Contra C[1]	Hauptteil[4]	1. Claim[9]	
1-36	264-277	Energieträger	1. Richtig[1]	1. Angemessen[1]	1. Verständlich[1]	Jahresertrag/Energiedichte Vorhanden[1]	Lebensdauer/Verfügbarkeit vorhanden[1]	*[1]	*[1]	*[1]	*[1]	Wirkungsgrad vorhanden[1]	Pro A[1]	Contra B[1]	Contra C[1]	Hauptteil[4]	1. Claim[9]	
1-37	278-282	geht	1. Richtig[1]	1. Angemessen[1]	1. Verständlich[1]	Jahresertrag/Energiedichte Vorhanden[1]	Lebensdauer/Verfügbarkeit vorhanden[1]	*[1]	*[1]	*[1]	*[1]	Wirkungsgrad vorhanden[1]	Pro A[1]	Contra B[1]	Contra C[1]	Hauptteil[4]	1. Claim[9]	
1-38	282-283	,	1. Richtig[1]	1. Angemessen[1]	1. Verständlich[1]	Jahresertrag/Energiedichte Vorhanden[1]	Lebensdauer/Verfügbarkeit vorhanden[1]	*[1]	*[1]	*[1]	*[1]	Wirkungsgrad vorhanden[1]	Pro A[1]	Contra B[1]	Contra C[1]	Hauptteil[4]	_	
1-39	284-288	denn	1. Richtig[1]	1. Angemessen[1]	1. Verständlich[1]	Jahresertrag/Energiedichte Vorhanden[1]	Lebensdauer/Verfügbarkeit vorhanden[1]	*[1]	*[1]	*[1]	*[1]	Wirkungsgrad vorhanden[1]	Pro A[1]	Contra B[1]	Contra C[1]	Hauptteil[4]	3. Warrant[10]	
1-40	289-295	dieser	1. Richtig[1]	1. Angemessen[1]	1. Verständlich[1]	Jahresertrag/Energiedichte Vorhanden[1]	Lebensdauer/Verfügbarkeit vorhanden[1]	*[1]	*[1]	*[1]	*[1]	Wirkungsgrad vorhanden[1]	Pro A[1]	Contra B[1]	Contra C[1]	Hauptteil[4]	3. Warrant[10]	
1-41	296-300	gibt	1. Richtig[1]	1. Angemessen[1]	1. Verständlich[1]	Jahresertrag/Energiedichte Vorhanden[1]	Lebensdauer/Verfügbarkeit vorhanden[1]	*[1]	*[1]	*[1]	*[1]	Wirkungsgrad vorhanden[1]	Pro A[1]	Contra B[1]	Contra C[1]	Hauptteil[4]	3. Warrant[10]	
1-42	301-303	an	1. Richtig[1]	1. Angemessen[1]	1. Verständlich[1]	Jahresertrag/Energiedichte Vorhanden[1]	Lebensdauer/Verfügbarkeit vorhanden[1]	*[1]	*[1]	*[1]	*[1]	Wirkungsgrad vorhanden[1]	Pro A[1]	Contra B[1]	Contra C[1]	Hauptteil[4]	3. Warrant[10]	
1-43	303-304	,	1. Richtig[1]	1. Angemessen[1]	1. Verständlich[1]	Jahresertrag/Energiedichte Vorhanden[1]	Lebensdauer/Verfügbarkeit vorhanden[1]	*[1]	*[1]	*[1]	*[1]	Wirkungsgrad vorhanden[1]	Pro A[1]	Contra B[1]	Contra C[1]	Hauptteil[4]	3. Warrant[10]	
1-44	305-308	wie	1. Richtig[1]	1. Angemessen[1]	1. Verständlich[1]	Jahresertrag/Energiedichte Vorhanden[1]	Lebensdauer/Verfügbarkeit vorhanden[1]	*[1]	*[1]	*[1]	*[1]	Wirkungsgrad vorhanden[1]	Pro A[1]	Contra B[1]	Contra C[1]	Hauptteil[4]	3. Warrant[10]	
1-45	309-318	effizient	1. Richtig[1]	1. Angemessen[1]	1. Verständlich[1]	Jahresertrag/Energiedichte Vorhanden[1]	Lebensdauer/Verfügbarkeit vorhanden[1]	*[1]	*[1]	*[1]	*[1]	Wirkungsgrad vorhanden[1]	Pro A[1]	Contra B[1]	Contra C[1]	Hauptteil[4]	3. Warrant[10]	
1-46	319-322	die	1. Richtig[1]	1. Angemessen[1]	1. Verständlich[1]	Jahresertrag/Energiedichte Vorhanden[1]	Lebensdauer/Verfügbarkeit vorhanden[1]	*[1]	*[1]	*[1]	*[1]	Wirkungsgrad vorhanden[1]	Pro A[1]	Contra B[1]	Contra C[1]	Hauptteil[4]	3. Warrant[10]	
1-47	323-330	Energie	1. Richtig[1]	1. Angemessen[1]	1. Verständlich[1]	Jahresertrag/Energiedichte Vorhanden[1]	Lebensdauer/Verfügbarkeit vorhanden[1]	*[1]	*[1]	*[1]	*[1]	Wirkungsgrad vorhanden[1]	Pro A[1]	Contra B[1]	Contra C[1]	Hauptteil[4]	3. Warrant[10]	
1-48	331-339	gewonnen	1. Richtig[1]	1. Angemessen[1]	1. Verständlich[1]	Jahresertrag/Energiedichte Vorhanden[1]	Lebensdauer/Verfügbarkeit vorhanden[1]	*[1]	*[1]	*[1]	*[1]	Wirkungsgrad vorhanden[1]	Pro A[1]	Contra B[1]	Contra C[1]	Hauptteil[4]	3. Warrant[10]	
1-49	340-344	wird	1. Richtig[1]	1. Angemessen[1]	1. Verständlich[1]	Jahresertrag/Energiedichte Vorhanden[1]	Lebensdauer/Verfügbarkeit vorhanden[1]	*[1]	*[1]	*[1]	*[1]	Wirkungsgrad vorhanden[1]	Pro A[1]	Contra B[1]	Contra C[1]	Hauptteil[4]	3. Warrant[10]	
1-50	344-345	.	1. Richtig[1]	1. Angemessen[1]	1. Verständlich[1]	Jahresertrag/Energiedichte Vorhanden[1]	Lebensdauer/Verfügbarkeit vorhanden[1]	*[1]	*[1]	*[1]	*[1]	Wirkungsgrad vorhanden[1]	Pro A[1]	Contra B[1]	Contra C[1]	Hauptteil[4]	3. Warrant[10]	

2-1	347-352	Dabei	1. Richtig[1]	1. Angemessen[1]	1. Verständlich[1]	Jahresertrag/Energiedichte Vorhanden[1]	Lebensdauer/Verfügbarkeit vorhanden[1]	*[1]	*[1]	*[1]	*[1]	Wirkungsgrad vorhanden[1]	Pro A[1]	Contra B[1]	Contra C[1]	Hauptteil[4]	2. Data[11]	
2-2	353-362	schneiden	1. Richtig[1]	1. Angemessen[1]	1. Verständlich[1]	Jahresertrag/Energiedichte Vorhanden[1]	Lebensdauer/Verfügbarkeit vorhanden[1]	*[1]	*[1]	*[1]	*[1]	Wirkungsgrad vorhanden[1]	Pro A[1]	Contra B[1]	Contra C[1]	Hauptteil[4]	2. Data[11]	
2-3	363-366	der	1. Richtig[1]	1. Angemessen[1]	1. Verständlich[1]	Jahresertrag/Energiedichte Vorhanden[1]	Lebensdauer/Verfügbarkeit vorhanden[1]	*[1]	*[1]	*[1]	*[1]	Wirkungsgrad vorhanden[1]	Pro A[1]	Contra B[1]	Contra C[1]	Hauptteil[4]	2. Data[11]	
2-4	367-372	Solar	1. Richtig[1]	1. Angemessen[1]	1. Verständlich[1]	Jahresertrag/Energiedichte Vorhanden[1]	Lebensdauer/Verfügbarkeit vorhanden[1]	*[1]	*[1]	*[1]	*[1]	Wirkungsgrad vorhanden[1]	Pro A[1]	Contra B[1]	Contra C[1]	Hauptteil[4]	2. Data[11]	
2-5	372-373	-	1. Richtig[1]	1. Angemessen[1]	1. Verständlich[1]	Jahresertrag/Energiedichte Vorhanden[1]	Lebensdauer/Verfügbarkeit vorhanden[1]	*[1]	*[1]	*[1]	*[1]	Wirkungsgrad vorhanden[1]	Pro A[1]	Contra B[1]	Contra C[1]	Hauptteil[4]	2. Data[11]	
2-6	374-377	und	1. Richtig[1]	1. Angemessen[1]	1. Verständlich[1]	Jahresertrag/Energiedichte Vorhanden[1]	Lebensdauer/Verfügbarkeit vorhanden[1]	*[1]	*[1]	*[1]	*[1]	Wirkungsgrad vorhanden[1]	Pro A[1]	Contra B[1]	Contra C[1]	Hauptteil[4]	2. Data[11]	
2-7	378-386	Windpark	1. Richtig[1]	1. Angemessen[1]	1. Verständlich[1]	Jahresertrag/Energiedichte Vorhanden[1]	Lebensdauer/Verfügbarkeit vorhanden[1]	*[1]	*[1]	*[1]	*[1]	Wirkungsgrad vorhanden[1]	Pro A[1]	Contra B[1]	Contra C[1]	Hauptteil[4]	2. Data[11]	
2-8	387-390	nur	1. Richtig[1]	1. Angemessen[1]	1. Verständlich[1]	Jahresertrag/Energiedichte Vorhanden[1]	Lebensdauer/Verfügbarkeit vorhanden[1]	*[1]	*[1]	*[1]	*[1]	Wirkungsgrad vorhanden[1]	Pro A[1]	Contra B[1]	Contra C[1]	Hauptteil[4]	2. Data[11]	
2-9	391-398	schwach	1. Richtig[1]	1. Angemessen[1]	1. Verständlich[1]	Jahresertrag/Energiedichte Vorhanden[1]	Lebensdauer/Verfügbarkeit vorhanden[1]	*[1]	*[1]	*[1]	*[1]	Wirkungsgrad vorhanden[1]	Pro A[1]	Contra B[1]	Contra C[1]	Hauptteil[4]	2. Data[11]	
2-10	399-401	ab	1. Richtig[1]	1. Angemessen[1]	1. Verständlich[1]	Jahresertrag/Energiedichte Vorhanden[1]	Lebensdauer/Verfügbarkeit vorhanden[1]	*[1]	*[1]	*[1]	*[1]	Wirkungsgrad vorhanden[1]	Pro A[1]	Contra B[1]	Contra C[1]	Hauptteil[4]	2. Data[11]	
2-11	401-402	.	1. Richtig[1]	1. Angemessen[1]	1. Verständlich[1]	Jahresertrag/Energiedichte Vorhanden[1]	Lebensdauer/Verfügbarkeit vorhanden[1]	*[1]	*[1]	*[1]	*[1]	Wirkungsgrad vorhanden[1]	Pro A[1]	Contra B[1]	Contra C[1]	Hauptteil[4]	2. Data[11]	

3-1	404-412	Hingegen	1. Richtig[1]	1. Angemessen[1]	1. Verständlich[1]	Jahresertrag/Energiedichte Vorhanden[1]	Lebensdauer/Verfügbarkeit vorhanden[1]	*[1]	*[1]	*[1]	*[1]	Wirkungsgrad vorhanden[1]	Pro A[1]	Contra B[1]	Contra C[1]	Hauptteil[4]	2. Data[12]	
3-2	413-423	schneidetr	1. Richtig[1]	1. Angemessen[1]	1. Verständlich[1]	Jahresertrag/Energiedichte Vorhanden[1]	Lebensdauer/Verfügbarkeit vorhanden[1]	*[1]	*[1]	*[1]	*[1]	Wirkungsgrad vorhanden[1]	Pro A[1]	Contra B[1]	Contra C[1]	Hauptteil[4]	2. Data[12]	
3-3	424-427	die	1. Richtig[1]	1. Angemessen[1]	1. Verständlich[1]	Jahresertrag/Energiedichte Vorhanden[1]	Lebensdauer/Verfügbarkeit vorhanden[1]	*[1]	*[1]	*[1]	*[1]	Wirkungsgrad vorhanden[1]	Pro A[1]	Contra B[1]	Contra C[1]	Hauptteil[4]	2. Data[12]	
3-4	428-445	Wasserkraftanlage	1. Richtig[1]	1. Angemessen[1]	1. Verständlich[1]	Jahresertrag/Energiedichte Vorhanden[1]	Lebensdauer/Verfügbarkeit vorhanden[1]	*[1]	*[1]	*[1]	*[1]	Wirkungsgrad vorhanden[1]	Pro A[1]	Contra B[1]	Contra C[1]	Hauptteil[4]	2. Data[12]	
3-5	446-450	sehr	1. Richtig[1]	1. Angemessen[1]	1. Verständlich[1]	Jahresertrag/Energiedichte Vorhanden[1]	Lebensdauer/Verfügbarkeit vorhanden[1]	*[1]	*[1]	*[1]	*[1]	Wirkungsgrad vorhanden[1]	Pro A[1]	Contra B[1]	Contra C[1]	Hauptteil[4]	2. Data[12]	
3-6	451-454	gut	1. Richtig[1]	1. Angemessen[1]	1. Verständlich[1]	Jahresertrag/Energiedichte Vorhanden[1]	Lebensdauer/Verfügbarkeit vorhanden[1]	*[1]	*[1]	*[1]	*[1]	Wirkungsgrad vorhanden[1]	Pro A[1]	Contra B[1]	Contra C[1]	Hauptteil[4]	2. Data[12]	
3-7	455-457	in	1. Richtig[1]	1. Angemessen[1]	1. Verständlich[1]	Jahresertrag/Energiedichte Vorhanden[1]	Lebensdauer/Verfügbarkeit vorhanden[1]	*[1]	*[1]	*[1]	*[1]	Wirkungsgrad vorhanden[1]	Pro A[1]	Contra B[1]	Contra C[1]	Hauptteil[4]	2. Data[12]	
3-8	458-464	diesem	1. Richtig[1]	1. Angemessen[1]	1. Verständlich[1]	Jahresertrag/Energiedichte Vorhanden[1]	Lebensdauer/Verfügbarkeit vorhanden[1]	*[1]	*[1]	*[1]	*[1]	Wirkungsgrad vorhanden[1]	Pro A[1]	Contra B[1]	Contra C[1]	Hauptteil[4]	2. Data[12]	
3-9	465-470	punkt	1. Richtig[1]	1. Angemessen[1]	1. Verständlich[1]	Jahresertrag/Energiedichte Vorhanden[1]	Lebensdauer/Verfügbarkeit vorhanden[1]	*[1]	*[1]	*[1]	*[1]	Wirkungsgrad vorhanden[1]	Pro A[1]	Contra B[1]	Contra C[1]	Hauptteil[4]	2. Data[12]	
3-10	471-473	ab	1. Richtig[1]	1. Angemessen[1]	1. Verständlich[1]	Jahresertrag/Energiedichte Vorhanden[1]	Lebensdauer/Verfügbarkeit vorhanden[1]	*[1]	*[1]	*[1]	*[1]	Wirkungsgrad vorhanden[1]	Pro A[1]	Contra B[1]	Contra C[1]	Hauptteil[4]	2. Data[12]	
3-11	473-474	.	1. Richtig[1]	1. Angemessen[1]	1. Verständlich[1]	Jahresertrag/Energiedichte Vorhanden[1]	Lebensdauer/Verfügbarkeit vorhanden[1]	*[1]	*[1]	*[1]	*[1]	Wirkungsgrad vorhanden[1]	Pro A[1]	Contra B[1]	Contra C[1]	Hauptteil[4]	2. Data[12]	

4-1	476-488	Jahresertrag	1. Richtig[2]	1. Angemessen[2]	1. Verständlich[2]	Jahresertrag/Energiedichte Vorhanden[2]	*[2]	*[2]	*[2]	*[2]	*[2]	*[2]	Pro A[2]	Contra B[2]	Pro C[2]	Hauptteil[4]	2. Data[13]	
4-2	488-489	:	1. Richtig[2]	1. Angemessen[2]	1. Verständlich[2]	Jahresertrag/Energiedichte Vorhanden[2]	*[2]	*[2]	*[2]	*[2]	*[2]	*[2]	Pro A[2]	Contra B[2]	Pro C[2]	Hauptteil[4]	2. Data[13]	
4-3	490-499	Solarpark	1. Richtig[2]	1. Angemessen[2]	1. Verständlich[2]	Jahresertrag/Energiedichte Vorhanden[2]	*[2]	*[2]	*[2]	*[2]	*[2]	*[2]	Pro A[2]	Contra B[2]	Pro C[2]	Hauptteil[4]	2. Data[13]	
4-4	500-509	schneidet	1. Richtig[2]	1. Angemessen[2]	1. Verständlich[2]	Jahresertrag/Energiedichte Vorhanden[2]	*[2]	*[2]	*[2]	*[2]	*[2]	*[2]	Pro A[2]	Contra B[2]	Pro C[2]	Hauptteil[4]	2. Data[13]	
4-5	510-514	auch	1. Richtig[2]	1. Angemessen[2]	1. Verständlich[2]	Jahresertrag/Energiedichte Vorhanden[2]	*[2]	*[2]	*[2]	*[2]	*[2]	*[2]	Pro A[2]	Contra B[2]	Pro C[2]	Hauptteil[4]	2. Data[13]	
4-6	515-519	beim	1. Richtig[2]	1. Angemessen[2]	1. Verständlich[2]	Jahresertrag/Energiedichte Vorhanden[2]	*[2]	*[2]	*[2]	*[2]	*[2]	*[2]	Pro A[2]	Contra B[2]	Pro C[2]	Hauptteil[4]	2. Data[13]	
4-7	520-532	Jahresertrag	1. Richtig[2]	1. Angemessen[2]	1. Verständlich[2]	Jahresertrag/Energiedichte Vorhanden[2]	*[2]	*[2]	*[2]	*[2]	*[2]	*[2]	Pro A[2]	Contra B[2]	Pro C[2]	Hauptteil[4]	2. Data[13]	
4-8	533-536	nur	1. Richtig[2]	1. Angemessen[2]	1. Verständlich[2]	Jahresertrag/Energiedichte Vorhanden[2]	*[2]	*[2]	*[2]	*[2]	*[2]	*[2]	Pro A[2]	Contra B[2]	Pro C[2]	Hauptteil[4]	2. Data[13]	
4-9	537-541	sehr	1. Richtig[2]	1. Angemessen[2]	1. Verständlich[2]	Jahresertrag/Energiedichte Vorhanden[2]	*[2]	*[2]	*[2]	*[2]	*[2]	*[2]	Pro A[2]	Contra B[2]	Pro C[2]	Hauptteil[4]	2. Data[13]	
4-10	542-549	schwach	1. Richtig[2]	1. Angemessen[2]	1. Verständlich[2]	Jahresertrag/Energiedichte Vorhanden[2]	*[2]	*[2]	*[2]	*[2]	*[2]	*[2]	Pro A[2]	Contra B[2]	Pro C[2]	Hauptteil[4]	2. Data[13]	
4-11	550-552	ab	1. Richtig[2]	1. Angemessen[2]	1. Verständlich[2]	Jahresertrag/Energiedichte Vorhanden[2]	*[2]	*[2]	*[2]	*[2]	*[2]	*[2]	Pro A[2]	Contra B[2]	Pro C[2]	Hauptteil[4]	2. Data[13]	
4-12	552-553	.	1. Richtig[2]	1. Angemessen[2]	1. Verständlich[2]	Jahresertrag/Energiedichte Vorhanden[2]	*[2]	*[2]	*[2]	*[2]	*[2]	*[2]	Pro A[2]	Contra B[2]	Pro C[2]	Hauptteil[4]	2. Data[13]	

5-1	555-563	Hingegen	1. Richtig[2]	1. Angemessen[2]	1. Verständlich[2]	Jahresertrag/Energiedichte Vorhanden[2]	*[2]	*[2]	*[2]	*[2]	*[2]	*[2]	Pro A[2]	Contra B[2]	Pro C[2]	Hauptteil[4]	2. Data[14]	
5-2	564-568	sind	1. Richtig[2]	1. Angemessen[2]	1. Verständlich[2]	Jahresertrag/Energiedichte Vorhanden[2]	*[2]	*[2]	*[2]	*[2]	*[2]	*[2]	Pro A[2]	Contra B[2]	Pro C[2]	Hauptteil[4]	2. Data[14]	
5-3	569-572	die	1. Richtig[2]	1. Angemessen[2]	1. Verständlich[2]	Jahresertrag/Energiedichte Vorhanden[2]	*[2]	*[2]	*[2]	*[2]	*[2]	*[2]	Pro A[2]	Contra B[2]	Pro C[2]	Hauptteil[4]	2. Data[14]	
5-4	573-580	anderen	1. Richtig[2]	1. Angemessen[2]	1. Verständlich[2]	Jahresertrag/Energiedichte Vorhanden[2]	*[2]	*[2]	*[2]	*[2]	*[2]	*[2]	Pro A[2]	Contra B[2]	Pro C[2]	Hauptteil[4]	2. Data[14]	
5-5	581-587	beiden	1. Richtig[2]	1. Angemessen[2]	1. Verständlich[2]	Jahresertrag/Energiedichte Vorhanden[2]	*[2]	*[2]	*[2]	*[2]	*[2]	*[2]	Pro A[2]	Contra B[2]	Pro C[2]	Hauptteil[4]	2. Data[14]	
5-6	588-599	Konkurenten	1. Richtig[2]	1. Angemessen[2]	1. Verständlich[2]	Jahresertrag/Energiedichte Vorhanden[2]	*[2]	*[2]	*[2]	*[2]	*[2]	*[2]	Pro A[2]	Contra B[2]	Pro C[2]	Hauptteil[4]	2. Data[14]	
5-7	600-604	fast	1. Richtig[2]	1. Angemessen[2]	1. Verständlich[2]	Jahresertrag/Energiedichte Vorhanden[2]	*[2]	*[2]	*[2]	*[2]	*[2]	*[2]	Pro A[2]	Contra B[2]	Pro C[2]	Hauptteil[4]	2. Data[14]	
5-8	605-612	doppelt	1. Richtig[2]	1. Angemessen[2]	1. Verständlich[2]	Jahresertrag/Energiedichte Vorhanden[2]	*[2]	*[2]	*[2]	*[2]	*[2]	*[2]	Pro A[2]	Contra B[2]	Pro C[2]	Hauptteil[4]	2. Data[14]	
5-9	613-615	so	1. Richtig[2]	1. Angemessen[2]	1. Verständlich[2]	Jahresertrag/Energiedichte Vorhanden[2]	*[2]	*[2]	*[2]	*[2]	*[2]	*[2]	Pro A[2]	Contra B[2]	Pro C[2]	Hauptteil[4]	2. Data[14]	
5-10	616-619	gut	1. Richtig[2]	1. Angemessen[2]	1. Verständlich[2]	Jahresertrag/Energiedichte Vorhanden[2]	*[2]	*[2]	*[2]	*[2]	*[2]	*[2]	Pro A[2]	Contra B[2]	Pro C[2]	Hauptteil[4]	2. Data[14]	
5-11	620-623	und	1. Richtig[2]	1. Angemessen[2]	1. Verständlich[2]	Jahresertrag/Energiedichte Vorhanden[2]	*[2]	*[2]	*[2]	*[2]	*[2]	*[2]	Pro A[2]	Contra B[2]	Pro C[2]	Hauptteil[4]	2. Data[14]	
5-12	624-628	fast	1. Richtig[2]	1. Angemessen[2]	1. Verständlich[2]	Jahresertrag/Energiedichte Vorhanden[2]	*[2]	*[2]	*[2]	*[2]	*[2]	*[2]	Pro A[2]	Contra B[2]	Pro C[2]	Hauptteil[4]	2. Data[14]	
5-13	629-632	auf	1. Richtig[2]	1. Angemessen[2]	1. Verständlich[2]	Jahresertrag/Energiedichte Vorhanden[2]	*[2]	*[2]	*[2]	*[2]	*[2]	*[2]	Pro A[2]	Contra B[2]	Pro C[2]	Hauptteil[4]	2. Data[14]	
5-14	633-638	einem	1. Richtig[2]	1. Angemessen[2]	1. Verständlich[2]	Jahresertrag/Energiedichte Vorhanden[2]	*[2]	*[2]	*[2]	*[2]	*[2]	*[2]	Pro A[2]	Contra B[2]	Pro C[2]	Hauptteil[4]	2. Data[14]	
5-15	639-644	Level	1. Richtig[2]	1. Angemessen[2]	1. Verständlich[2]	Jahresertrag/Energiedichte Vorhanden[2]	*[2]	*[2]	*[2]	*[2]	*[2]	*[2]	Pro A[2]	Contra B[2]	Pro C[2]	Hauptteil[4]	2. Data[14]	
5-16	644-645	.	1. Richtig[2]	1. Angemessen[2]	1. Verständlich[2]	Jahresertrag/Energiedichte Vorhanden[2]	*[2]	*[2]	*[2]	*[2]	*[2]	*[2]	Pro A[2]	Contra B[2]	Pro C[2]	Hauptteil[4]	2. Data[14]	

6-1	647-658	Lebensdauer	1. Richtig[3]	1. Angemessen[3]	1. Verständlich[3]	*[3]	Lebensdauer/Verfügbarkeit vorhanden[3]	*[3]	*[3]	*[3]	*[3]	*[3]	Pro A[3]	Contra B[3]	Contra C[3]	Hauptteil[4]	1. Claim[15]	
6-2	658-659	:	1. Richtig[3]	1. Angemessen[3]	1. Verständlich[3]	*[3]	Lebensdauer/Verfügbarkeit vorhanden[3]	*[3]	*[3]	*[3]	*[3]	*[3]	Pro A[3]	Contra B[3]	Contra C[3]	Hauptteil[4]	1. Claim[15]	
6-3	660-664	Auch	1. Richtig[3]	1. Angemessen[3]	1. Verständlich[3]	*[3]	Lebensdauer/Verfügbarkeit vorhanden[3]	*[3]	*[3]	*[3]	*[3]	*[3]	Pro A[3]	Contra B[3]	Contra C[3]	Hauptteil[4]	1. Claim[15]	
6-4	665-668	die	1. Richtig[3]	1. Angemessen[3]	1. Verständlich[3]	*[3]	Lebensdauer/Verfügbarkeit vorhanden[3]	*[3]	*[3]	*[3]	*[3]	*[3]	Pro A[3]	Contra B[3]	Contra C[3]	Hauptteil[4]	1. Claim[15]	
6-5	669-680	Lebensdauer	1. Richtig[3]	1. Angemessen[3]	1. Verständlich[3]	*[3]	Lebensdauer/Verfügbarkeit vorhanden[3]	*[3]	*[3]	*[3]	*[3]	*[3]	Pro A[3]	Contra B[3]	Contra C[3]	Hauptteil[4]	1. Claim[15]	
6-6	681-687	spielt	1. Richtig[3]	1. Angemessen[3]	1. Verständlich[3]	*[3]	Lebensdauer/Verfügbarkeit vorhanden[3]	*[3]	*[3]	*[3]	*[3]	*[3]	Pro A[3]	Contra B[3]	Contra C[3]	Hauptteil[4]	1. Claim[15]	
6-7	688-692	eine	1. Richtig[3]	1. Angemessen[3]	1. Verständlich[3]	*[3]	Lebensdauer/Verfügbarkeit vorhanden[3]	*[3]	*[3]	*[3]	*[3]	*[3]	Pro A[3]	Contra B[3]	Contra C[3]	Hauptteil[4]	1. Claim[15]	
6-8	693-701	wichtige	1. Richtig[3]	1. Angemessen[3]	1. Verständlich[3]	*[3]	Lebensdauer/Verfügbarkeit vorhanden[3]	*[3]	*[3]	*[3]	*[3]	*[3]	Pro A[3]	Contra B[3]	Contra C[3]	Hauptteil[4]	1. Claim[15]	
6-9	702-707	Rolle	1. Richtig[3]	1. Angemessen[3]	1. Verständlich[3]	*[3]	Lebensdauer/Verfügbarkeit vorhanden[3]	*[3]	*[3]	*[3]	*[3]	*[3]	Pro A[3]	Contra B[3]	Contra C[3]	Hauptteil[4]	1. Claim[15]	
6-10	707-708	,	1. Richtig[3]	1. Angemessen[3]	1. Verständlich[3]	*[3]	Lebensdauer/Verfügbarkeit vorhanden[3]	*[3]	*[3]	*[3]	*[3]	*[3]	Pro A[3]	Contra B[3]	Contra C[3]	Hauptteil[4]	1. Claim[15]	
6-11	709-711	da	1. Richtig[3]	1. Angemessen[3]	1. Verständlich[3]	*[3]	Lebensdauer/Verfügbarkeit vorhanden[3]	*[3]	*[3]	*[3]	*[3]	*[3]	Pro A[3]	Contra B[3]	Contra C[3]	Hauptteil[4]	3. Warrant[16]	
6-12	712-717	diese	1. Richtig[3]	1. Angemessen[3]	1. Verständlich[3]	*[3]	Lebensdauer/Verfügbarkeit vorhanden[3]	*[3]	*[3]	*[3]	*[3]	*[3]	Pro A[3]	Contra B[3]	Contra C[3]	Hauptteil[4]	3. Warrant[16]	
6-13	718-724	angibt	1. Richtig[3]	1. Angemessen[3]	1. Verständlich[3]	*[3]	Lebensdauer/Verfügbarkeit vorhanden[3]	*[3]	*[3]	*[3]	*[3]	*[3]	Pro A[3]	Contra B[3]	Contra C[3]	Hauptteil[4]	3. Warrant[16]	
6-14	724-725	,	1. Richtig[3]	1. Angemessen[3]	1. Verständlich[3]	*[3]	Lebensdauer/Verfügbarkeit vorhanden[3]	*[3]	*[3]	*[3]	*[3]	*[3]	Pro A[3]	Contra B[3]	Contra C[3]	Hauptteil[4]	3. Warrant[16]	
6-15	726-729	wie	1. Richtig[3]	1. Angemessen[3]	1. Verständlich[3]	*[3]	Lebensdauer/Verfügbarkeit vorhanden[3]	*[3]	*[3]	*[3]	*[3]	*[3]	Pro A[3]	Contra B[3]	Contra C[3]	Hauptteil[4]	3. Warrant[16]	
6-16	730-735	lange	1. Richtig[3]	1. Angemessen[3]	1. Verständlich[3]	*[3]	Lebensdauer/Verfügbarkeit vorhanden[3]	*[3]	*[3]	*[3]	*[3]	*[3]	Pro A[3]	Contra B[3]	Contra C[3]	Hauptteil[4]	3. Warrant[16]	
6-17	736-739	man	1. Richtig[3]	1. Angemessen[3]	1. Verständlich[3]	*[3]	Lebensdauer/Verfügbarkeit vorhanden[3]	*[3]	*[3]	*[3]	*[3]	*[3]	Pro A[3]	Contra B[3]	Contra C[3]	Hauptteil[4]	3. Warrant[16]	
6-18	740-743	den	1. Richtig[3]	1. Angemessen[3]	1. Verständlich[3]	*[3]	Lebensdauer/Verfügbarkeit vorhanden[3]	*[3]	*[3]	*[3]	*[3]	*[3]	Pro A[3]	Contra B[3]	Contra C[3]	Hauptteil[4]	3. Warrant[16]	
6-19	744-757	Energieträger	1. Richtig[3]	1. Angemessen[3]	1. Verständlich[3]	*[3]	Lebensdauer/Verfügbarkeit vorhanden[3]	*[3]	*[3]	*[3]	*[3]	*[3]	Pro A[3]	Contra B[3]	Contra C[3]	Hauptteil[4]	3. Warrant[16]	
6-20	758-764	nutzen	1. Richtig[3]	1. Angemessen[3]	1. Verständlich[3]	*[3]	Lebensdauer/Verfügbarkeit vorhanden[3]	*[3]	*[3]	*[3]	*[3]	*[3]	Pro A[3]	Contra B[3]	Contra C[3]	Hauptteil[4]	3. Warrant[16]	
6-21	765-769	kann	1. Richtig[3]	1. Angemessen[3]	1. Verständlich[3]	*[3]	Lebensdauer/Verfügbarkeit vorhanden[3]	*[3]	*[3]	*[3]	*[3]	*[3]	Pro A[3]	Contra B[3]	Contra C[3]	Hauptteil[4]	3. Warrant[16]	
6-22	770-773	und	1. Richtig[3]	1. Angemessen[3]	1. Verständlich[3]	*[3]	Lebensdauer/Verfügbarkeit vorhanden[3]	*[3]	*[3]	*[3]	*[3]	*[3]	Pro A[3]	Contra B[3]	Contra C[3]	Hauptteil[4]	3. Warrant[16]	
6-23	774-778	wann	1. Richtig[3]	1. Angemessen[3]	1. Verständlich[3]	*[3]	Lebensdauer/Verfügbarkeit vorhanden[3]	*[3]	*[3]	*[3]	*[3]	*[3]	Pro A[3]	Contra B[3]	Contra C[3]	Hauptteil[4]	3. Warrant[16]	
6-24	779-782	man	1. Richtig[3]	1. Angemessen[3]	1. Verständlich[3]	*[3]	Lebensdauer/Verfügbarkeit vorhanden[3]	*[3]	*[3]	*[3]	*[3]	*[3]	Pro A[3]	Contra B[3]	Contra C[3]	Hauptteil[4]	3. Warrant[16]	
6-25	783-786	ihn	1. Richtig[3]	1. Angemessen[3]	1. Verständlich[3]	*[3]	Lebensdauer/Verfügbarkeit vorhanden[3]	*[3]	*[3]	*[3]	*[3]	*[3]	Pro A[3]	Contra B[3]	Contra C[3]	Hauptteil[4]	3. Warrant[16]	
6-26	787-793	wieder	1. Richtig[3]	1. Angemessen[3]	1. Verständlich[3]	*[3]	Lebensdauer/Verfügbarkeit vorhanden[3]	*[3]	*[3]	*[3]	*[3]	*[3]	Pro A[3]	Contra B[3]	Contra C[3]	Hauptteil[4]	3. Warrant[16]	
6-27	794-802	ersetzen	1. Richtig[3]	1. Angemessen[3]	1. Verständlich[3]	*[3]	Lebensdauer/Verfügbarkeit vorhanden[3]	*[3]	*[3]	*[3]	*[3]	*[3]	Pro A[3]	Contra B[3]	Contra C[3]	Hauptteil[4]	3. Warrant[16]	
6-28	803-807	muss	1. Richtig[3]	1. Angemessen[3]	1. Verständlich[3]	*[3]	Lebensdauer/Verfügbarkeit vorhanden[3]	*[3]	*[3]	*[3]	*[3]	*[3]	Pro A[3]	Contra B[3]	Contra C[3]	Hauptteil[4]	3. Warrant[16]	
6-29	807-808	.	1. Richtig[3]	1. Angemessen[3]	1. Verständlich[3]	*[3]	Lebensdauer/Verfügbarkeit vorhanden[3]	*[3]	*[3]	*[3]	*[3]	*[3]	Pro A[3]	Contra B[3]	Contra C[3]	Hauptteil[4]	3. Warrant[16]	

7-1	810-814	Hier	1. Richtig[3]	1. Angemessen[3]	1. Verständlich[3]	*[3]	Lebensdauer/Verfügbarkeit vorhanden[3]	*[3]	*[3]	*[3]	*[3]	*[3]	Pro A[3]	Contra B[3]	Contra C[3]	Hauptteil[4]	2. Data[17]	
7-2	815-824	schneiden	1. Richtig[3]	1. Angemessen[3]	1. Verständlich[3]	*[3]	Lebensdauer/Verfügbarkeit vorhanden[3]	*[3]	*[3]	*[3]	*[3]	*[3]	Pro A[3]	Contra B[3]	Contra C[3]	Hauptteil[4]	2. Data[17]	
7-3	825-828	der	1. Richtig[3]	1. Angemessen[3]	1. Verständlich[3]	*[3]	Lebensdauer/Verfügbarkeit vorhanden[3]	*[3]	*[3]	*[3]	*[3]	*[3]	Pro A[3]	Contra B[3]	Contra C[3]	Hauptteil[4]	2. Data[17]	
7-4	829-833	Wind	1. Richtig[3]	1. Angemessen[3]	1. Verständlich[3]	*[3]	Lebensdauer/Verfügbarkeit vorhanden[3]	*[3]	*[3]	*[3]	*[3]	*[3]	Pro A[3]	Contra B[3]	Contra C[3]	Hauptteil[4]	2. Data[17]	
7-5	833-834	-	1. Richtig[3]	1. Angemessen[3]	1. Verständlich[3]	*[3]	Lebensdauer/Verfügbarkeit vorhanden[3]	*[3]	*[3]	*[3]	*[3]	*[3]	Pro A[3]	Contra B[3]	Contra C[3]	Hauptteil[4]	2. Data[17]	
7-6	835-838	und	1. Richtig[3]	1. Angemessen[3]	1. Verständlich[3]	*[3]	Lebensdauer/Verfügbarkeit vorhanden[3]	*[3]	*[3]	*[3]	*[3]	*[3]	Pro A[3]	Contra B[3]	Contra C[3]	Hauptteil[4]	2. Data[17]	
7-7	839-848	Solarpark	1. Richtig[3]	1. Angemessen[3]	1. Verständlich[3]	*[3]	Lebensdauer/Verfügbarkeit vorhanden[3]	*[3]	*[3]	*[3]	*[3]	*[3]	Pro A[3]	Contra B[3]	Contra C[3]	Hauptteil[4]	2. Data[17]	
7-8	849-852	nur	1. Richtig[3]	1. Angemessen[3]	1. Verständlich[3]	*[3]	Lebensdauer/Verfügbarkeit vorhanden[3]	*[3]	*[3]	*[3]	*[3]	*[3]	Pro A[3]	Contra B[3]	Contra C[3]	Hauptteil[4]	2. Data[17]	
7-9	853-857	sehr	1. Richtig[3]	1. Angemessen[3]	1. Verständlich[3]	*[3]	Lebensdauer/Verfügbarkeit vorhanden[3]	*[3]	*[3]	*[3]	*[3]	*[3]	Pro A[3]	Contra B[3]	Contra C[3]	Hauptteil[4]	2. Data[17]	
7-10	858-865	schwach	1. Richtig[3]	1. Angemessen[3]	1. Verständlich[3]	*[3]	Lebensdauer/Verfügbarkeit vorhanden[3]	*[3]	*[3]	*[3]	*[3]	*[3]	Pro A[3]	Contra B[3]	Contra C[3]	Hauptteil[4]	2. Data[17]	
7-11	866-868	ab	1. Richtig[3]	1. Angemessen[3]	1. Verständlich[3]	*[3]	Lebensdauer/Verfügbarkeit vorhanden[3]	*[3]	*[3]	*[3]	*[3]	*[3]	Pro A[3]	Contra B[3]	Contra C[3]	Hauptteil[4]	2. Data[17]	
7-12	868-869	,	1. Richtig[3]	1. Angemessen[3]	1. Verständlich[3]	*[3]	Lebensdauer/Verfügbarkeit vorhanden[3]	*[3]	*[3]	*[3]	*[3]	*[3]	Pro A[3]	Contra B[3]	Contra C[3]	Hauptteil[4]	2. Data[17]	
7-13	870-875	dafür	1. Richtig[3]	1. Angemessen[3]	1. Verständlich[3]	*[3]	Lebensdauer/Verfügbarkeit vorhanden[3]	*[3]	*[3]	*[3]	*[3]	*[3]	Pro A[3]	Contra B[3]	Contra C[3]	Hauptteil[4]	2. Data[17]	
7-14	876-879	ist	1. Richtig[3]	1. Angemessen[3]	1. Verständlich[3]	*[3]	Lebensdauer/Verfügbarkeit vorhanden[3]	*[3]	*[3]	*[3]	*[3]	*[3]	Pro A[3]	Contra B[3]	Contra C[3]	Hauptteil[4]	2. Data[17]	
7-15	880-883	die	1. Richtig[3]	1. Angemessen[3]	1. Verständlich[3]	*[3]	Lebensdauer/Verfügbarkeit vorhanden[3]	*[3]	*[3]	*[3]	*[3]	*[3]	Pro A[3]	Contra B[3]	Contra C[3]	Hauptteil[4]	2. Data[17]	
7-16	884-901	Wasserkraftanlage	1. Richtig[3]	1. Angemessen[3]	1. Verständlich[3]	*[3]	Lebensdauer/Verfügbarkeit vorhanden[3]	*[3]	*[3]	*[3]	*[3]	*[3]	Pro A[3]	Contra B[3]	Contra C[3]	Hauptteil[4]	2. Data[17]	
7-17	902-912	überragend	1. Richtig[3]	1. Angemessen[3]	1. Verständlich[3]	*[3]	Lebensdauer/Verfügbarkeit vorhanden[3]	*[3]	*[3]	*[3]	*[3]	*[3]	Pro A[3]	Contra B[3]	Contra C[3]	Hauptteil[4]	2. Data[17]	
7-18	912-913	.	1. Richtig[3]	1. Angemessen[3]	1. Verständlich[3]	*[3]	Lebensdauer/Verfügbarkeit vorhanden[3]	*[3]	*[3]	*[3]	*[3]	*[3]	Pro A[3]	Contra B[3]	Contra C[3]	Hauptteil[4]	2. Data[17]	

8-1	915-923	Aufgrund	_	_	_	_	_	_	_	_	_	_	_	_	_	Schluss[5]	_	
8-2	924-927	der	_	_	_	_	_	_	_	_	_	_	_	_	_	Schluss[5]	_	
8-3	928-934	vorher	_	_	_	_	_	_	_	_	_	_	_	_	_	Schluss[5]	_	
8-4	935-944	genannten	_	_	_	_	_	_	_	_	_	_	_	_	_	Schluss[5]	_	
8-5	945-954	Argumente	_	_	_	_	_	_	_	_	_	_	_	_	_	Schluss[5]	_	
8-6	954-955	,	_	_	_	_	_	_	_	_	_	_	_	_	_	Schluss[5]	_	
8-7	956-959	ist	_	_	_	_	_	_	_	_	_	_	_	_	_	Schluss[5]	_	
8-8	960-963	der	_	_	_	_	_	_	_	_	_	_	_	_	_	Schluss[5]	_	
